ano,mes,sigla_uf,admitidos_desligados,tipo_estabelecimento,tipo_movimentacao_desagregado,faixa_emprego_inicio_janeiro,quantidade_horas_contratadas,salario_mensal,indicador_aprendiz,indicador_portador_deficiencia,cbo_2002,grau_instrucao,idade,sexo,raca_cor,previsao
2019,3,RO,1,3,2,1,44,1200.0,0,0,6,6,37,1,4.0,1
2019,12,RO,1,1,2,3,44,1400.0,0,0,7,6,38,1,8.0,1
2019,4,RO,0,1,4,1,44,998.0,0,0,7,7,22,1,8.0,0
2018,4,RO,1,1,2,4,44,1010.0,0,0,4,8,20,0,8.0,1
2018,4,RO,1,1,2,3,44,1000.0,0,0,7,7,24,1,9.0,1
2019,9,RO,1,1,2,4,44,1290.0,0,0,7,7,45,1,8.0,1
2018,8,RO,1,1,2,1,44,1086.0,0,0,4,7,19,1,8.0,1
2019,4,RO,1,1,2,3,36,1128.0,0,0,5,7,24,0,9.0,1
2019,8,RO,1,1,2,3,44,1500.0,0,0,4,8,35,0,9.0,1
2019,3,RO,0,1,4,4,44,998.0,0,0,5,7,33,0,8.0,0
2019,5,RO,0,1,4,1,44,1874.0,0,0,1,7,48,0,2.0,0
2019,1,RO,0,1,4,2,44,1140.0,0,0,5,7,40,1,9.0,0
2019,8,RO,0,1,4,4,44,2620.0,0,0,7,6,37,1,9.0,0
2019,8,RO,0,1,4,3,36,1115.0,0,0,5,7,35,1,2.0,0
2018,2,RO,0,1,4,1,44,1085.0,0,0,2,7,24,0,2.0,0
2019,6,RO,0,1,4,5,44,1558.0,0,0,7,5,41,1,2.0,0
2019,8,RO,0,1,4,4,44,3500.0,0,0,1,7,46,1,8.0,0
2019,3,RO,0,1,4,1,44,1128.0,0,0,5,7,36,0,2.0,0
2018,9,RO,1,1,1,7,44,1086.0,0,0,5,4,20,0,8.0,1
2019,3,RO,1,1,1,7,44,1136.0,0,0,5,7,19,0,8.0,1
2018,3,RO,1,1,2,4,31,1085.0,0,0,3,7,26,1,8.0,1
2018,10,RO,1,1,2,3,44,1500.0,0,0,1,7,36,1,2.0,1
2018,4,RO,1,1,2,4,36,1603.0,0,0,3,7,39,0,2.0,1
2018,3,RO,1,1,2,1,44,1120.0,0,0,5,2,39,0,8.0,1
2019,3,RO,0,1,4,1,44,2700.0,0,0,4,9,26,0,2.0,0
2018,5,RO,0,1,4,5,44,1308.0,0,0,5,7,34,1,8.0,0
2019,5,RO,0,1,4,2,36,5724.0,0,0,2,9,59,1,9.0,0
2019,5,RO,0,3,4,1,44,2580.0,0,0,5,7,28,0,9.0,0
2019,6,RO,0,1,4,4,24,0.0,0,0,5,2,32,0,9.0,0
2018,11,RO,0,1,6,1,44,1085.0,0,0,2,7,49,1,8.0,0
2018,10,RO,0,1,11,6,44,1471.0,0,0,7,7,26,1,8.0,0
2019,3,RO,0,1,11,1,36,1077.0,0,0,5,7,25,1,9.0,0
2019,2,RO,1,1,25,5,44,1136.0,0,0,4,6,31,0,8.0,1
2019,8,RO,1,1,2,2,44,1100.0,0,0,9,7,18,1,8.0,1
2018,9,RO,0,1,4,4,44,1085.0,0,0,5,7,31,1,8.0,0
2018,9,RO,0,3,6,4,44,954.0,0,0,6,4,30,1,2.0,0
2019,7,RO,1,1,2,3,44,1190.0,0,0,7,7,45,1,9.0,1
2019,4,RO,1,1,2,3,44,1996.0,0,0,7,2,26,1,8.0,1
2018,6,RO,0,3,4,4,44,477.0,0,0,6,6,67,0,8.0,0
2018,12,RO,0,3,4,1,44,954.0,0,0,7,7,36,1,9.0,0
2018,5,RO,0,1,6,6,44,1086.0,0,0,5,8,21,1,8.0,0
2019,2,RO,1,1,2,3,44,0.0,0,0,5,6,29,1,8.0,1
2019,1,RO,1,1,2,2,44,0.0,0,0,3,7,32,1,9.0,1
2018,6,RO,1,1,2,4,36,1023.0,0,0,5,7,31,1,9.0,1
2018,5,RO,0,1,4,1,44,1085.0,0,0,3,7,30,0,8.0,0
2019,4,RO,0,1,6,8,44,1247.0,0,0,8,7,27,1,8.0,0
2019,6,RO,0,1,11,4,24,550.0,1,0,4,6,17,1,2.0,0
2019,9,RO,1,1,2,4,44,1024.0,0,0,5,6,36,0,8.0,1
2018,7,RO,1,1,2,1,44,1085.0,0,0,5,7,27,1,4.0,1
2019,12,RO,1,1,2,4,44,1137.0,0,0,3,7,38,0,8.0,1
2019,7,RO,1,1,2,4,44,998.0,0,0,4,7,20,1,9.0,1
2018,11,RO,1,1,2,6,44,1625.0,0,0,7,4,41,1,8.0,1
2019,12,RO,1,1,2,3,44,1128.0,0,0,7,8,27,1,8.0,1
2019,8,RO,0,1,4,1,44,2000.0,0,0,7,7,40,1,9.0,0
2019,4,RO,0,1,4,1,44,1128.0,0,0,5,7,20,1,8.0,0
2018,9,RO,0,1,4,1,44,1085.0,0,0,5,6,19,0,9.0,0
2018,8,RO,0,1,4,1,44,2325.0,0,0,7,7,26,1,8.0,0
2019,4,RO,0,1,4,1,44,1128.0,0,0,5,7,19,0,8.0,0
2019,2,RO,0,1,4,2,44,1907.0,0,0,4,7,42,1,8.0,0
2019,2,RO,0,1,4,6,44,1625.0,0,0,7,5,52,1,8.0,0
2019,11,RO,0,1,11,1,44,1128.0,0,0,4,7,18,1,4.0,0
2018,6,RO,1,1,2,3,44,1010.0,0,0,4,7,22,1,8.0,1
2019,4,RO,1,1,2,1,44,998.0,0,0,7,6,30,1,2.0,1
2018,12,RO,1,1,1,2,44,1000.0,0,0,5,8,20,0,2.0,1
2018,3,RO,1,1,2,4,44,1085.0,0,0,5,7,44,0,6.0,1
2018,4,RO,1,1,2,1,44,1500.0,0,0,7,7,52,1,9.0,1
2019,6,RO,1,1,2,3,44,1032.0,0,0,4,8,18,0,8.0,1
2019,1,RO,1,1,2,5,44,1550.0,0,0,5,4,30,1,9.0,1
2018,3,RO,1,1,2,8,44,1548.0,0,0,8,2,36,1,8.0,1
2019,2,RO,0,1,4,5,44,1479.0,0,0,7,4,60,1,8.0,0
2018,10,RO,0,1,4,1,44,1085.0,0,0,3,7,29,0,9.0,0
2019,8,RO,1,1,1,6,44,1067.0,0,0,7,5,19,1,4.0,1
2018,3,RO,1,1,1,6,44,1000.0,0,0,5,7,19,0,9.0,1
2018,1,RO,1,1,2,5,44,2033.0,0,0,2,9,30,0,8.0,1
2018,6,RO,1,1,2,8,44,1318.0,0,0,5,7,30,1,8.0,1
2018,1,RO,1,1,2,3,44,1899.0,0,0,3,7,22,0,4.0,1
2019,6,RO,1,1,2,2,44,1128.0,0,0,5,7,38,0,8.0,1
2018,8,RO,1,1,2,5,44,1094.0,0,0,5,7,36,0,9.0,1
2019,6,RO,1,1,2,3,44,1083.0,0,0,5,7,26,1,9.0,1
2018,1,RO,1,1,2,1,44,1442.0,0,0,7,3,27,1,2.0,1
2018,12,RO,1,1,2,2,44,1094.0,0,0,5,7,22,1,8.0,1
2018,7,RO,1,1,2,1,44,1085.0,0,0,4,7,18,0,8.0,1
2019,8,RO,1,1,2,5,44,998.0,0,0,2,9,30,0,8.0,1
2019,7,RO,1,1,2,7,44,1355.0,0,0,7,7,35,1,8.0,1
2018,11,RO,1,1,2,1,36,1125.0,0,0,5,7,31,1,9.0,1
2018,8,RO,1,1,2,5,44,1094.0,0,0,5,7,36,0,9.0,1
2018,7,RO,1,1,2,1,44,1085.0,0,0,3,7,24,1,9.0,1
2019,5,RO,1,1,2,6,44,1040.0,0,0,7,3,30,1,8.0,1
2018,3,RO,1,1,2,1,44,954.0,0,0,7,4,28,1,9.0,1
2019,2,RO,1,1,2,2,44,1128.0,0,0,4,7,25,0,8.0,1
2019,3,RO,1,1,2,2,44,1128.0,0,0,5,6,22,1,9.0,1
2019,1,RO,1,1,2,1,44,1096.0,0,0,4,7,22,0,8.0,1
2018,8,RO,1,1,2,5,44,1094.0,0,0,5,7,36,0,9.0,1
2018,9,RO,1,1,2,1,44,1177.0,0,0,7,7,29,1,8.0,1
2019,10,RO,0,1,4,5,44,1567.0,0,0,7,6,36,1,9.0,0
2018,10,RO,0,1,4,1,44,1085.0,0,0,5,7,24,1,8.0,0
2018,5,RO,0,1,4,3,36,1026.0,0,0,5,7,23,1,8.0,0
2018,10,RO,0,1,4,1,44,1471.0,0,0,7,5,58,1,8.0,0
2018,4,RO,0,1,4,8,44,2313.0,0,0,5,7,39,1,4.0,0
2019,1,RO,0,1,4,1,44,1123.0,0,0,8,7,42,1,9.0,0
2019,3,RO,0,1,4,2,44,1828.0,0,0,3,7,34,1,9.0,0
2019,6,RO,0,1,4,3,44,1128.0,0,0,5,7,38,1,8.0,0
2019,3,RO,0,1,4,4,44,1673.0,0,0,4,7,32,1,8.0,0
2019,10,RO,0,1,4,3,44,1083.0,0,0,5,7,38,1,4.0,0
2018,9,RO,0,3,6,3,44,1000.0,0,0,3,7,30,0,9.0,0
2018,3,RO,0,1,6,4,44,1215.0,0,0,4,8,25,1,9.0,0
2018,7,RO,0,1,6,3,44,1207.0,0,0,5,9,34,0,2.0,0
2018,2,RO,0,1,6,1,44,1778.0,0,0,7,7,52,1,2.0,0
2019,8,RO,0,1,11,6,22,499.0,1,0,4,6,20,1,2.0,0
2018,1,RO,0,1,11,2,44,1085.0,0,0,3,7,20,0,9.0,0
2018,5,RO,0,1,11,2,44,1085.0,0,0,5,7,27,1,8.0,0
2019,12,RO,0,1,11,5,44,1506.0,0,0,2,9,39,0,8.0,0
2019,3,RO,0,1,11,2,44,1646.0,0,0,3,9,29,0,8.0,0
2018,6,RO,1,1,25,6,44,1185.0,0,0,5,7,44,0,8.0,1
2018,8,RO,1,1,25,6,44,1040.0,0,0,3,4,24,1,8.0,1
2019,4,RO,0,1,33,2,44,1083.0,0,0,5,7,36,0,9.0,0
2018,8,RO,0,1,4,1,40,861.0,0,0,2,9,71,0,2.0,0
2019,1,RO,1,3,2,1,44,998.0,0,0,4,2,53,0,8.0,1
2018,9,RO,1,3,2,1,44,1319.0,0,0,6,3,37,1,8.0,1
2018,6,RO,0,1,4,2,44,542.0,0,0,5,7,24,1,9.0,0
2018,2,RO,1,1,2,1,44,1300.0,0,0,7,7,34,1,2.0,1
2018,11,RO,1,1,2,9,44,1202.0,0,0,7,6,40,1,8.0,1
2018,10,RO,1,1,2,1,44,1085.0,0,0,4,9,25,0,2.0,1
2019,11,RO,1,3,2,2,44,1200.0,0,0,6,3,25,1,9.0,1
2018,3,RO,1,1,2,3,44,1100.0,0,0,4,7,25,0,2.0,1
2018,7,RO,1,1,2,1,44,1142.0,0,0,5,6,23,1,9.0,1
2019,2,RO,0,3,4,3,44,1400.0,0,0,7,5,27,1,2.0,0
2019,4,RO,0,1,4,2,44,1040.0,0,0,5,7,24,0,8.0,0
2018,1,RO,0,1,4,1,44,3279.0,0,0,1,6,49,1,2.0,0
2018,8,RO,0,1,4,1,44,1100.0,0,0,8,6,26,1,8.0,0
2019,4,RO,0,1,4,5,44,2630.0,0,0,3,8,24,1,2.0,0
2019,3,RO,0,1,4,6,44,1128.0,0,0,5,4,19,1,8.0,0
2018,10,RO,0,1,43,2,44,1275.0,0,0,2,5,45,0,2.0,0
2018,4,RO,1,1,2,1,44,1085.0,0,0,5,7,31,0,9.0,1
2019,11,RO,0,1,11,2,44,1128.0,0,0,5,7,24,0,9.0,0
2018,7,RO,0,1,4,1,44,954.0,0,0,4,3,50,0,8.0,0
2019,4,RO,0,1,4,3,44,1038.0,0,0,4,7,27,0,8.0,0
2019,9,RO,0,1,4,4,44,1128.0,0,0,9,7,29,1,9.0,0
2018,9,RO,1,3,2,1,44,1908.0,0,0,7,7,22,1,8.0,1
2018,11,RO,0,1,4,2,36,1085.0,0,0,5,7,27,0,8.0,0
2019,2,RO,1,1,2,5,44,998.0,0,0,3,7,24,0,9.0,1
2019,10,RO,0,1,4,4,44,1703.0,0,0,3,7,29,1,8.0,0
2018,1,RO,0,1,6,2,44,1105.0,0,0,5,7,26,0,8.0,0
2019,11,RO,1,1,2,1,44,1128.0,0,0,4,8,22,0,2.0,1
2019,6,RO,1,1,2,1,44,1136.0,0,0,5,7,22,0,9.0,1
2018,7,RO,0,3,6,1,44,954.0,0,0,6,6,27,1,8.0,0
2018,3,RO,1,1,2,5,44,1500.0,0,0,8,7,35,1,8.0,1
2019,6,AC,0,3,4,4,44,998.0,0,0,7,6,23,1,4.0,0
2018,7,AC,0,1,4,2,44,1030.0,0,0,4,7,28,1,9.0,0
2018,10,AC,1,1,2,1,44,1030.0,0,0,2,9,40,0,2.0,1
2018,3,AC,0,1,4,3,44,1030.0,0,0,5,5,36,0,8.0,0
2019,1,AC,1,1,1,2,44,1047.0,0,0,5,7,24,0,8.0,1
2018,8,AC,1,1,2,2,44,1030.0,0,0,4,7,27,0,8.0,1
2019,6,AC,1,1,2,2,44,1047.0,0,0,4,7,42,1,8.0,1
2019,3,AC,1,1,2,3,44,1600.0,0,0,2,9,24,0,8.0,1
2019,3,AC,1,1,2,3,44,1392.0,0,0,4,7,23,0,9.0,1
2019,1,AC,1,1,2,1,44,1077.0,0,0,7,5,23,1,4.0,1
2018,3,AC,1,1,2,2,44,1030.0,0,0,3,7,56,1,9.0,1
2018,9,AC,1,1,2,6,44,1660.0,0,0,7,7,41,1,8.0,1
2019,4,AC,0,1,4,9,40,1600.0,0,0,1,9,34,0,9.0,0
2019,6,AC,0,3,4,4,44,998.0,0,0,5,5,28,1,2.0,0
2018,12,AC,0,1,4,9,44,1666.0,0,0,4,7,37,0,9.0,0
2018,1,AC,0,1,4,1,44,1620.0,0,0,7,7,37,1,9.0,0
2018,12,AC,0,1,4,4,44,1292.0,0,0,4,7,29,1,9.0,0
2018,9,AC,0,1,4,9,44,966.0,0,0,7,7,28,1,8.0,0
2019,9,AC,0,1,4,4,44,1155.0,0,0,5,7,36,1,9.0,0
2018,5,AC,0,1,4,6,44,1090.0,0,0,5,6,33,1,8.0,0
2019,5,AC,0,1,4,4,44,1030.0,0,0,5,7,25,0,8.0,0
2019,7,AC,0,1,4,7,44,1337.0,0,0,7,7,31,1,8.0,0
2018,2,AC,1,1,25,7,40,1454.0,0,0,7,7,44,1,9.0,1
2019,10,AC,1,1,25,3,44,1200.0,0,0,3,9,23,0,9.0,1
2019,9,AC,0,1,43,1,44,1775.0,0,0,7,5,45,1,8.0,0
2019,8,AC,0,1,43,6,36,1151.0,0,0,5,7,58,1,9.0,0
2018,10,AC,0,1,11,1,44,1032.0,0,0,7,7,19,1,9.0,0
2019,2,AM,1,3,2,1,44,998.0,0,0,6,1,46,1,8.0,1
2018,6,AM,1,1,2,2,44,1035.0,0,0,4,7,19,1,8.0,1
2019,11,AM,0,1,4,1,44,1500.0,0,0,7,3,47,1,2.0,0
2018,12,AM,1,1,2,1,44,1300.0,0,0,9,7,56,1,8.0,1
2018,12,AM,1,3,2,1,44,2000.0,0,0,1,2,44,1,8.0,1
2018,9,AM,1,1,1,6,20,477.0,1,0,4,7,21,0,8.0,1
2019,7,AM,1,1,1,3,44,1090.0,0,0,4,7,18,0,2.0,1
2018,6,AM,1,1,1,8,44,1072.0,0,0,4,9,21,0,8.0,1
2018,7,AM,1,1,1,5,44,1401.0,0,0,7,7,30,1,6.0,1
2019,8,AM,1,1,1,2,44,1200.0,0,0,4,7,24,0,8.0,1
2019,6,AM,1,1,2,1,44,1135.0,0,0,5,7,40,1,8.0,1
2019,3,AM,1,1,2,1,44,1090.0,0,0,5,9,33,0,8.0,1
2019,5,AM,1,1,2,8,44,1426.0,0,0,5,7,35,0,8.0,1
2018,11,AM,1,1,2,7,44,3807.0,0,0,3,7,34,1,8.0,1
2019,7,AM,1,1,2,5,44,1764.0,0,0,7,7,25,1,8.0,1
2019,6,AM,1,1,2,1,44,1506.0,0,0,7,4,45,1,2.0,1
2018,5,AM,1,1,2,6,44,1606.0,0,0,4,7,28,0,9.0,1
2018,1,AM,1,1,2,8,44,1130.0,0,0,7,7,27,0,8.0,1
2018,7,AM,1,1,2,7,44,980.0,0,0,5,7,32,0,8.0,1
2018,7,AM,1,1,2,2,44,1050.0,0,0,5,7,18,1,8.0,1
2018,6,AM,1,1,2,4,44,827.0,0,0,5,7,46,1,9.0,1
2019,7,AM,1,1,2,1,44,1718.0,0,0,5,9,28,1,8.0,1
2018,10,AM,1,1,2,6,44,1050.0,0,0,5,7,41,0,8.0,1
2018,12,AM,1,1,2,7,20,477.0,1,0,9,7,19,1,8.0,1
2018,2,AM,1,1,2,5,36,1050.0,0,0,4,7,20,1,8.0,1
2019,7,AM,1,1,2,8,44,1283.0,0,0,7,7,27,1,8.0,1
2018,3,AM,1,1,2,4,44,1037.0,0,0,5,5,22,1,8.0,1
2018,9,AM,1,1,2,1,44,954.0,0,0,3,7,27,0,8.0,1
2019,3,AM,1,1,2,4,44,3000.0,0,0,4,9,27,0,8.0,1
2019,6,AM,1,1,2,7,44,1081.0,0,0,7,7,20,1,8.0,1
2019,10,AM,1,1,2,8,44,1150.0,0,1,5,2,39,1,8.0,1
2018,2,AM,1,1,2,2,36,1300.0,0,0,5,7,33,1,8.0,1
2018,1,AM,1,1,2,2,36,1206.0,0,0,4,7,29,0,2.0,1
2018,5,AM,1,3,2,1,44,995.0,0,0,7,7,44,0,8.0,1
2018,3,AM,1,1,2,3,36,2000.0,0,0,4,9,20,0,8.0,1
2019,8,AM,1,1,2,3,44,1050.0,0,0,4,7,28,0,2.0,1
2019,9,AM,1,1,2,8,31,1100.0,0,0,5,8,23,0,8.0,1
2019,6,AM,1,1,2,5,30,1017.0,0,0,2,9,28,0,8.0,1
2019,9,AM,1,1,2,6,44,1113.0,0,0,5,7,38,0,8.0,1
2018,6,AM,1,1,2,2,44,1050.0,0,0,4,9,24,0,8.0,1
2019,11,AM,1,1,2,8,44,1020.0,0,0,5,7,26,0,8.0,1
2019,7,AM,1,1,2,4,44,1041.0,0,0,5,7,28,1,8.0,1
2019,2,AM,1,1,2,8,44,1020.0,0,0,5,5,28,1,8.0,1
2019,6,AM,1,1,2,4,44,1497.0,0,0,3,7,32,1,8.0,1
2018,4,AM,1,1,2,5,44,1050.0,0,0,8,5,27,1,8.0,1
2018,8,AM,1,1,2,6,44,2700.0,0,0,4,8,23,0,8.0,1
2018,1,AM,1,1,2,5,44,982.0,0,0,5,7,20,0,9.0,1
2019,2,AM,1,1,2,2,44,1050.0,0,0,5,7,21,0,8.0,1
2019,5,AM,1,1,2,8,44,1277.0,0,0,5,5,45,1,8.0,1
2019,10,AM,1,1,2,6,44,1090.0,0,0,5,7,23,1,8.0,1
2019,10,AM,1,1,2,1,44,1090.0,0,0,5,7,20,0,8.0,1
2018,7,AM,1,1,2,6,44,2005.0,0,0,3,9,38,0,8.0,1
2019,11,AM,1,1,2,1,44,1020.0,0,0,5,8,28,1,8.0,1
2018,10,AM,1,1,2,1,44,954.0,0,0,5,6,34,0,8.0,1
2018,4,AM,1,1,2,1,44,990.0,0,0,5,7,29,0,8.0,1
2019,10,AM,1,1,2,9,44,1020.0,0,0,5,7,43,0,2.0,1
2019,9,AM,1,1,2,7,44,1324.0,0,0,7,7,37,1,8.0,1
2019,2,AM,1,1,2,6,44,1020.0,0,0,5,5,46,1,2.0,1
2018,11,AM,1,1,2,4,44,1050.0,0,0,5,7,26,1,9.0,1
2018,10,AM,1,1,2,1,44,1050.0,0,0,4,7,32,0,8.0,1
2019,6,AM,1,1,2,6,44,1020.0,0,0,5,6,39,1,8.0,1
2019,4,AM,1,1,2,5,44,1241.0,0,0,5,7,32,0,8.0,1
2019,9,AM,1,1,2,3,44,998.0,0,0,8,5,43,1,8.0,1
2018,3,AM,1,1,2,3,44,1822.0,0,0,4,8,40,0,8.0,1
2018,4,AM,1,1,2,8,44,980.0,0,0,5,7,42,1,8.0,1
2019,6,AM,1,1,2,3,44,998.0,0,0,5,7,29,1,2.0,1
2019,7,AM,1,1,2,8,44,7145.0,0,0,2,9,25,1,8.0,1
2019,9,AM,1,1,2,4,31,1571.0,0,0,5,7,26,1,8.0,1
2018,11,AM,0,1,4,8,44,1427.0,0,0,7,7,45,1,8.0,0
2018,3,AM,0,1,4,6,44,1319.0,0,0,4,7,34,1,9.0,0
2018,8,AM,0,1,4,4,44,1047.0,0,0,5,6,25,1,8.0,0
2019,2,AM,0,1,4,5,44,998.0,0,0,7,7,31,1,8.0,0
2019,6,AM,0,1,4,7,44,1580.0,0,0,4,7,33,0,8.0,0
2018,8,AM,0,1,4,7,44,1300.0,0,0,7,7,27,1,8.0,0
2019,5,AM,0,1,4,3,44,1077.0,0,0,5,7,52,0,8.0,0
2019,9,AM,0,1,4,3,42,7914.0,0,0,2,9,50,0,8.0,0
2018,6,AM,0,1,4,4,44,1116.0,0,0,5,7,24,1,8.0,0
2018,4,AM,0,1,4,4,44,1383.0,0,0,7,5,51,1,8.0,0
2019,10,AM,0,1,4,3,44,1130.0,0,0,5,7,24,1,8.0,0
2018,6,AM,0,1,4,5,44,1918.0,0,0,8,7,37,1,8.0,0
2019,2,AM,0,1,4,1,44,0.0,0,0,7,7,52,1,8.0,0
2018,10,AM,0,1,4,4,44,1912.0,0,0,7,7,41,1,9.0,0
2018,7,AM,0,1,4,7,44,1434.0,0,0,7,7,24,1,4.0,0
2019,12,AM,0,1,4,7,44,1421.0,0,0,5,8,33,1,8.0,0
2019,8,AM,0,1,4,2,44,1000.0,0,0,5,7,19,1,9.0,0
2018,8,AM,0,1,4,9,44,1190.0,0,0,5,6,37,1,8.0,0
2019,3,AM,0,1,4,9,30,11093.0,0,0,2,9,57,1,8.0,0
2018,8,AM,0,1,4,5,44,1600.0,0,0,2,7,27,1,8.0,0
2018,8,AM,0,1,4,2,44,2022.0,0,0,4,7,42,0,8.0,0
2018,10,AM,0,1,4,8,44,1309.0,0,0,7,7,25,1,8.0,0
2019,2,AM,0,1,4,6,44,1373.0,0,0,7,7,33,1,9.0,0
2019,12,AM,0,1,4,7,44,1493.0,0,0,4,7,23,1,8.0,0
2019,9,AM,0,1,4,6,44,1210.0,0,0,7,3,29,1,8.0,0
2018,7,AM,0,1,4,5,44,1050.0,0,0,5,4,38,0,8.0,0
2018,7,AM,0,1,4,5,44,1295.0,0,0,5,2,30,1,8.0,0
2018,8,AM,0,1,4,8,44,1280.0,0,0,7,7,46,1,8.0,0
2019,3,AM,0,1,4,5,44,4238.0,0,0,3,7,56,1,8.0,0
2018,10,AM,0,1,4,5,44,1311.0,0,0,5,7,35,1,8.0,0
2018,10,AM,0,1,4,4,44,980.0,0,0,9,7,41,0,8.0,0
2019,3,AM,0,1,4,4,44,1050.0,0,0,4,7,28,0,8.0,0
2019,3,AM,0,1,4,3,44,1090.0,0,0,5,8,20,0,2.0,0
2019,6,AM,0,1,4,2,44,1050.0,0,0,5,7,37,1,8.0,0
2018,1,AM,0,1,4,8,44,974.0,0,0,7,7,23,1,1.0,0
2019,9,AM,0,1,4,1,44,1062.0,0,0,5,7,22,1,8.0,0
2019,1,AM,0,1,4,8,44,1337.0,0,0,7,7,19,0,8.0,0
2018,3,AM,0,1,4,7,44,1112.0,0,0,7,7,41,0,8.0,0
2018,9,AM,0,1,4,8,44,1399.0,0,1,7,7,40,0,8.0,0
2019,3,AM,0,1,4,1,44,1057.0,0,0,7,4,36,1,8.0,0
2018,10,AM,0,1,4,3,44,1309.0,0,0,7,7,40,1,4.0,0
2018,4,AM,0,1,4,6,44,1964.0,0,0,5,7,39,0,8.0,0
2018,7,AM,0,1,4,7,44,1300.0,0,0,7,7,34,1,8.0,0
2019,8,AM,0,1,4,4,44,2642.0,0,0,5,8,59,1,8.0,0
2018,12,AM,0,1,5,8,44,1090.0,0,0,5,4,24,1,8.0,0
2019,9,AM,0,1,6,4,44,1090.0,0,0,5,7,28,0,8.0,0
2019,5,AM,0,1,6,9,44,1246.0,0,0,5,7,33,1,2.0,0
2018,5,AM,0,1,6,8,44,970.0,0,0,5,9,32,1,8.0,0
2018,12,AM,0,1,6,9,44,1272.0,0,0,7,7,22,0,8.0,0
2019,9,AM,0,1,6,6,44,1081.0,0,0,5,7,42,1,2.0,0
2018,1,AM,0,1,6,8,44,952.0,0,0,7,7,53,1,8.0,0
2018,10,AM,0,1,6,5,44,1478.0,0,0,7,7,31,1,8.0,0
2018,8,AM,0,1,6,1,44,1350.0,0,0,4,7,42,1,9.0,0
2019,6,AM,0,1,6,2,44,3797.0,0,0,3,7,22,0,8.0,0
2019,7,AM,0,1,11,7,44,1353.0,0,0,7,7,19,1,4.0,0
2018,5,AM,0,1,11,1,44,1050.0,0,0,5,7,24,1,9.0,0
2019,11,AM,0,1,11,5,44,1676.0,0,0,4,7,30,1,8.0,0
2019,10,AM,0,1,11,2,36,1092.0,0,1,5,7,33,1,8.0,0
2018,4,AM,0,1,11,9,44,2732.0,0,0,3,9,40,1,9.0,0
2018,5,AM,0,1,11,2,44,980.0,0,0,5,7,53,0,8.0,0
2018,2,AM,0,1,11,4,36,1033.0,0,0,5,7,21,1,8.0,0
2019,10,AM,0,1,11,1,44,3242.0,0,0,2,9,28,0,8.0,0
2018,7,AM,0,3,11,1,44,995.0,0,0,7,7,33,1,8.0,0
2018,7,AM,0,1,11,2,44,954.0,0,0,2,9,21,1,8.0,0
2019,2,AM,0,1,11,4,44,998.0,0,0,7,7,35,1,9.0,0
2018,5,AM,1,1,25,8,44,4186.0,0,0,9,8,47,1,8.0,1
2018,7,AM,1,1,25,8,44,1130.0,0,0,7,7,21,0,8.0,1
2019,9,AM,1,1,25,7,24,499.0,1,0,4,7,23,0,8.0,1
2019,2,AM,1,1,25,8,44,1245.0,0,0,5,5,41,1,8.0,1
2019,2,AM,1,1,25,4,44,1090.0,0,0,5,7,44,1,8.0,1
2019,1,AM,1,1,25,6,40,4209.0,0,0,4,9,40,0,8.0,1
2019,7,AM,1,1,25,6,44,1090.0,0,0,5,7,25,1,8.0,1
2018,9,AM,0,1,43,6,44,970.0,0,0,8,7,20,1,8.0,0
2019,7,AM,0,1,43,5,20,499.0,1,0,4,6,19,1,8.0,0
2019,11,AM,0,1,43,6,44,1313.0,0,0,7,7,25,1,8.0,0
2019,8,AM,0,1,33,1,44,1090.0,0,0,5,7,37,0,8.0,0
2019,5,AM,1,1,2,5,44,998.0,0,0,5,7,22,1,8.0,1
2019,2,AM,0,1,6,9,20,494.0,1,0,4,6,17,1,8.0,0
2019,1,AM,0,1,11,9,44,1001.0,0,0,6,7,35,1,8.0,0
2019,9,AM,0,1,4,1,44,998.0,0,0,8,7,32,1,8.0,0
2019,12,RR,1,1,1,4,44,1059.0,0,0,5,7,21,0,8.0,1
2019,1,RR,1,1,2,1,44,998.0,0,0,5,7,60,0,4.0,1
2019,4,RR,1,1,2,5,44,1025.0,0,0,2,9,23,1,8.0,1
2019,5,RR,1,1,2,6,44,1022.0,0,0,5,7,45,1,9.0,1
2018,5,RR,1,1,2,6,20,560.0,1,0,4,7,20,1,8.0,1
2018,2,RR,1,1,2,4,44,988.0,0,0,4,8,23,1,8.0,1
2019,8,RR,1,1,2,4,44,1025.0,0,0,5,7,21,0,9.0,1
2019,11,RR,1,1,2,1,44,1821.0,0,0,7,6,35,1,8.0,1
2019,9,RR,1,1,2,8,20,499.0,1,0,4,6,15,0,8.0,1
2018,4,RR,1,1,2,4,44,1650.0,0,0,7,6,40,1,2.0,1
2018,6,RR,1,1,2,6,44,1049.0,0,0,4,9,25,1,2.0,1
2018,10,RR,1,1,2,3,44,1000.0,0,0,9,7,29,1,9.0,1
2018,2,RR,0,1,4,5,44,1598.0,0,0,1,7,25,1,8.0,0
2019,1,RR,0,1,4,6,44,1026.0,0,0,5,7,20,1,8.0,0
2018,4,RR,0,1,4,3,36,954.0,0,0,4,7,38,1,8.0,0
2019,3,RR,0,1,4,8,44,1200.0,0,0,5,5,43,0,8.0,0
2019,4,RR,0,1,4,2,44,1200.0,0,0,5,7,28,0,9.0,0
2019,9,RR,0,1,6,4,44,998.0,0,0,5,7,37,0,8.0,0
2019,4,RR,0,1,6,1,44,998.0,0,0,5,7,35,1,9.0,0
2019,6,RR,0,1,11,7,44,1103.0,0,0,5,8,30,1,8.0,0
2018,2,RR,0,1,11,1,44,986.0,0,0,5,7,33,1,9.0,0
2019,11,RR,0,1,11,1,36,998.0,0,0,5,7,24,1,8.0,0
2018,6,RR,0,1,11,5,20,521.0,1,0,4,8,22,0,8.0,0
2019,10,RR,0,1,43,1,44,2026.0,0,0,7,7,39,1,8.0,0
2018,6,RR,0,1,4,2,44,986.0,0,0,5,6,19,1,8.0,0
2018,9,RR,0,1,4,6,44,954.0,0,0,6,7,42,1,8.0,0
2018,1,PA,1,1,1,1,44,2000.0,0,0,1,7,42,1,8.0,1
2019,8,PA,0,1,6,8,44,1990.0,0,0,7,7,32,1,8.0,0
2019,2,PA,1,3,2,1,44,998.0,0,0,6,4,23,1,9.0,1
2019,8,PA,1,1,2,4,44,3199.0,0,0,1,9,28,1,8.0,1
2018,7,PA,1,1,2,4,44,2232.0,0,0,7,7,31,1,8.0,1
2018,8,PA,1,1,2,4,44,3067.0,0,0,7,7,30,1,8.0,1
2019,1,PA,1,3,2,1,44,3992.0,0,0,4,7,36,0,8.0,1
2019,2,PA,1,1,2,9,44,1669.0,0,0,7,2,45,1,2.0,1
2019,6,PA,1,1,2,9,44,1887.0,0,0,7,4,42,1,8.0,1
2019,6,PA,0,1,4,9,44,1788.0,0,0,7,4,44,1,8.0,0
2019,3,PA,0,1,4,9,44,4026.0,0,0,7,4,34,1,8.0,0
2018,1,PA,0,1,4,1,44,1510.0,0,0,4,7,40,0,8.0,0
2019,6,PA,0,1,4,9,44,1788.0,0,0,7,4,44,1,8.0,0
2019,6,PA,0,1,4,9,44,1788.0,0,0,7,4,44,1,8.0,0
2018,7,PA,1,1,25,1,44,1298.0,0,0,4,7,29,1,8.0,1
2019,8,PA,1,1,1,6,44,1475.0,0,0,7,4,38,1,8.0,1
2019,6,PA,1,1,1,1,44,1021.0,0,0,4,7,37,0,9.0,1
2019,2,PA,1,1,1,7,44,998.0,0,0,7,7,24,1,2.0,1
2018,7,PA,1,1,1,9,22,477.0,1,0,4,6,18,0,8.0,1
2019,9,PA,1,1,2,7,44,998.0,0,0,7,7,24,1,8.0,1
2019,4,PA,1,1,2,4,44,998.0,0,0,4,7,24,0,8.0,1
2018,11,PA,1,1,2,8,36,1147.0,0,0,5,7,36,1,8.0,1
2018,9,PA,1,1,2,6,44,1067.0,0,0,7,4,42,1,9.0,1
2018,5,PA,1,1,2,3,44,1500.0,0,0,7,7,29,1,8.0,1
2018,6,PA,1,1,2,7,44,0.0,0,0,5,7,37,1,8.0,1
2019,1,PA,1,1,2,1,44,1134.0,0,0,7,7,58,1,2.0,1
2019,7,PA,1,1,2,4,44,1011.0,0,0,3,7,37,1,8.0,1
2018,12,PA,1,1,2,1,44,2500.0,0,0,4,8,57,1,8.0,1
2018,3,PA,1,1,2,4,44,1124.0,0,0,4,7,22,1,8.0,1
2018,8,PA,1,1,2,1,44,957.0,0,0,5,7,30,0,2.0,1
2018,8,PA,1,3,2,1,44,618.0,0,0,2,9,26,0,8.0,1
2018,1,PA,1,1,2,2,44,1200.0,0,0,4,7,39,1,8.0,1
2018,8,PA,1,1,2,8,44,1057.0,0,0,5,5,23,1,8.0,1
2019,12,PA,1,1,2,1,44,1020.0,0,0,5,9,40,1,8.0,1
2019,12,PA,0,1,4,1,44,788.0,0,0,5,7,55,1,8.0,0
2019,8,PA,0,1,4,1,44,1130.0,0,0,4,7,44,0,8.0,0
2019,12,PA,0,1,4,4,44,1397.0,0,0,4,7,24,1,8.0,0
2019,5,PA,0,1,4,8,26,1600.0,0,0,5,6,27,1,8.0,0
2019,5,PA,0,1,4,6,44,1400.0,0,0,5,7,50,0,8.0,0
2019,9,PA,0,1,4,4,44,1477.0,0,1,7,3,42,1,8.0,0
2018,5,PA,0,1,4,9,44,954.0,0,0,7,4,33,1,8.0,0
2019,4,PA,0,1,4,5,44,998.0,0,0,5,4,26,1,8.0,0
2019,12,PA,0,1,6,2,44,1193.0,0,0,5,7,24,1,2.0,0
2019,5,PA,0,1,8,3,44,1130.0,0,0,5,7,31,1,8.0,0
2019,10,PA,1,1,25,9,44,998.0,0,0,7,7,24,1,8.0,1
2019,10,PA,1,1,25,9,44,998.0,0,0,7,7,24,1,8.0,1
2019,5,PA,0,1,11,1,44,1300.0,0,0,7,5,25,1,8.0,0
2019,4,PA,1,3,25,1,44,1611.0,0,0,7,4,51,1,8.0,1
2018,12,PA,1,1,1,3,44,1520.0,0,0,5,7,25,1,8.0,1
2018,4,PA,1,1,2,8,44,1031.0,0,0,7,7,18,1,8.0,1
2019,2,PA,1,1,2,1,44,1409.0,0,0,4,4,32,1,8.0,1
2018,10,PA,1,1,2,9,44,1030.0,0,0,7,5,37,1,8.0,1
2018,9,PA,1,1,2,9,44,1945.0,0,0,7,7,51,1,8.0,1
2019,9,PA,1,1,2,5,44,1749.0,0,0,7,7,55,1,8.0,1
2018,2,PA,1,1,2,6,44,2917.0,0,0,3,9,56,1,8.0,1
2018,8,PA,1,1,2,9,44,1030.0,0,0,7,5,28,1,8.0,1
2018,11,PA,0,1,4,9,44,1599.0,0,0,7,3,52,1,8.0,0
2019,1,PA,0,1,4,5,44,3500.0,0,0,3,7,45,0,8.0,0
2019,7,PA,0,1,11,1,44,1500.0,0,0,7,7,50,1,9.0,0
2018,3,PA,1,1,1,8,44,954.0,0,0,8,7,20,1,8.0,1
2019,8,PA,1,1,1,9,36,1100.0,0,0,5,7,37,0,8.0,1
2019,9,PA,1,1,1,4,44,1229.0,0,0,5,3,24,1,8.0,1
2019,9,PA,1,1,1,4,44,1229.0,0,0,5,3,24,1,8.0,1
2018,10,PA,1,1,2,7,44,1038.0,0,0,7,5,24,1,8.0,1
2018,12,PA,1,3,2,1,44,1200.0,0,0,5,4,38,0,8.0,1
2018,6,PA,1,1,2,9,44,1724.0,0,0,9,7,36,1,4.0,1
2018,2,PA,1,1,2,4,44,1000.0,0,0,5,5,47,1,8.0,1
2018,1,PA,1,1,2,3,44,1000.0,0,0,5,7,37,1,8.0,1
2018,10,PA,1,1,2,7,44,1038.0,0,0,7,5,24,1,8.0,1
2019,8,PA,1,1,2,9,44,5294.0,0,0,5,9,40,1,2.0,1
2019,7,PA,1,1,2,4,44,1474.0,0,0,7,2,36,1,8.0,1
2019,11,PA,1,1,2,5,44,1352.0,0,0,5,7,29,1,8.0,1
2018,9,PA,1,1,2,5,44,1800.0,0,0,2,9,28,1,8.0,1
2019,6,PA,1,1,2,6,44,1239.0,0,0,5,7,36,0,8.0,1
2018,8,PA,1,1,2,4,44,954.0,0,0,3,7,41,1,6.0,1
2019,9,PA,1,1,2,1,44,1120.0,0,0,4,9,34,0,9.0,1
2018,11,PA,1,1,2,1,44,1148.0,0,0,5,7,19,0,2.0,1
2019,9,PA,1,1,2,8,44,998.0,0,0,4,7,26,0,8.0,1
2018,4,PA,1,1,2,4,44,1314.0,0,0,3,7,36,1,8.0,1
2018,11,PA,1,1,2,2,44,1155.0,0,0,5,7,23,0,8.0,1
2019,2,PA,1,1,2,8,27,3395.0,0,0,2,9,33,0,8.0,1
2018,5,PA,1,1,2,1,44,1423.0,0,0,7,4,46,1,8.0,1
2019,9,PA,1,1,2,7,44,1228.0,0,0,5,7,33,1,8.0,1
2019,12,PA,1,1,2,8,44,1099.0,0,0,5,7,42,0,9.0,1
2018,5,PA,1,3,2,1,44,1030.0,0,0,7,6,31,1,8.0,1
2019,2,PA,1,1,2,9,44,1393.0,0,0,9,6,26,1,2.0,1
2018,12,PA,1,1,2,1,44,1078.0,0,0,5,7,29,1,2.0,1
2019,3,PA,1,1,2,4,44,1357.0,0,0,7,5,38,1,8.0,1
2019,3,PA,1,1,2,9,44,1099.0,0,0,5,7,27,0,8.0,1
2018,8,PA,1,1,2,9,44,1896.0,0,0,5,7,29,1,8.0,1
2019,4,PA,1,1,2,3,44,1020.0,0,0,5,5,37,1,8.0,1
2018,2,PA,1,1,2,2,44,1000.0,0,0,5,7,19,1,8.0,1
2018,6,PA,1,1,2,8,44,1500.0,0,0,7,3,49,1,8.0,1
2018,10,PA,1,1,2,4,44,1115.0,0,0,5,7,38,1,8.0,1
2018,11,PA,1,1,2,5,44,1378.0,0,1,4,7,49,1,8.0,1
2019,8,PA,1,1,2,1,44,1232.0,0,0,5,7,38,0,8.0,1
2018,1,PA,1,1,2,4,44,1423.0,0,0,7,4,49,1,8.0,1
2019,4,PA,1,1,2,4,36,842.0,0,0,5,7,34,0,2.0,1
2019,5,PA,1,1,2,3,44,1192.0,0,0,5,7,32,0,8.0,1
2019,8,PA,1,1,2,9,44,1288.0,0,0,7,7,32,1,8.0,1
2019,8,PA,1,1,2,1,44,1000.0,0,0,4,5,19,0,8.0,1
2019,6,PA,1,1,2,9,44,1355.0,0,0,5,6,41,1,8.0,1
2018,3,PA,1,1,2,3,44,1400.0,0,0,8,7,41,0,8.0,1
2018,5,PA,1,1,2,5,44,1051.0,0,0,5,7,36,1,8.0,1
2019,3,PA,1,1,2,5,44,998.0,0,0,4,7,24,1,8.0,1
2019,10,PA,1,1,2,5,44,1191.0,0,0,5,7,49,1,2.0,1
2018,6,PA,1,1,2,3,44,1300.0,0,0,1,9,23,1,2.0,1
2019,8,PA,1,1,2,9,44,1288.0,0,0,7,7,32,1,8.0,1
2019,6,PA,1,1,2,5,44,1772.0,0,0,6,4,45,1,8.0,1
2019,9,PA,1,1,2,2,44,998.0,0,0,5,7,36,1,8.0,1
2018,3,PA,1,1,2,6,44,2032.0,0,0,5,9,28,0,8.0,1
2018,12,PA,0,1,4,4,44,1474.0,0,0,7,7,28,1,2.0,0
2018,7,PA,0,1,4,9,44,1057.0,0,0,5,7,37,0,8.0,0
2018,7,PA,0,1,4,9,44,954.0,0,0,4,7,21,0,8.0,0
2019,5,PA,0,1,4,6,44,1277.0,0,0,8,7,36,1,8.0,0
2019,5,PA,0,1,4,8,44,1169.0,0,0,5,7,39,1,8.0,0
2018,10,PA,0,1,4,4,44,967.0,0,0,7,5,27,1,8.0,0
2019,2,PA,0,1,4,9,44,1014.0,0,0,5,7,47,1,8.0,0
2019,12,PA,0,1,4,2,44,2263.0,0,0,2,9,33,0,2.0,0
2018,7,PA,0,1,4,1,44,954.0,0,0,4,9,33,1,2.0,0
2018,6,PA,0,1,4,8,42,1227.0,0,0,5,7,22,1,8.0,0
2018,2,PA,0,1,4,3,44,1100.0,0,0,5,7,19,0,2.0,0
2018,6,PA,0,1,4,8,44,1916.0,0,0,9,8,38,1,8.0,0
2019,2,PA,0,1,4,9,44,1059.0,0,1,4,7,48,1,8.0,0
2018,4,PA,0,1,4,4,44,1075.0,0,0,4,7,24,1,8.0,0
2019,11,PA,0,1,4,9,44,2209.0,0,0,2,9,36,1,8.0,0
2019,3,PA,0,1,4,2,44,1712.0,0,0,4,5,34,0,8.0,0
2018,7,PA,0,1,4,9,44,1057.0,0,0,5,7,37,0,8.0,0
2019,6,PA,0,1,4,2,44,1302.0,0,0,1,7,30,1,8.0,0
2019,2,PA,0,1,4,6,44,8461.0,0,0,3,7,61,1,8.0,0
2018,3,PA,0,1,4,4,20,900.0,0,0,5,7,25,0,8.0,0
2018,4,PA,0,1,4,7,44,1700.0,0,0,7,7,36,1,8.0,0
2019,12,PA,0,1,4,6,44,3524.0,0,0,9,7,55,1,8.0,0
2018,9,PA,0,1,4,6,44,1185.0,0,0,5,7,27,0,8.0,0
2019,8,PA,0,1,4,9,44,2978.0,0,0,8,7,45,1,8.0,0
2018,2,PA,0,1,4,7,44,1026.0,0,0,5,7,53,0,8.0,0
2018,11,PA,0,1,5,6,44,1960.0,0,0,7,7,37,1,8.0,0
2019,5,PA,0,1,6,7,36,1941.0,0,0,9,7,28,1,2.0,0
2019,7,PA,0,1,6,9,24,739.0,0,0,5,7,43,0,8.0,0
2018,10,PA,0,1,6,3,44,1512.0,0,0,4,9,28,0,8.0,0
2019,8,PA,0,1,6,5,44,6240.0,0,0,3,9,32,0,2.0,0
2019,6,PA,0,1,6,4,44,1065.0,0,0,5,5,25,1,2.0,0
2018,10,PA,0,1,6,3,44,1147.0,0,0,4,7,26,1,9.0,0
2019,12,PA,0,1,6,4,44,2000.0,0,0,1,7,28,1,2.0,0
2018,3,PA,0,1,11,1,20,586.0,0,0,4,8,18,0,8.0,0
2018,7,PA,0,1,11,7,21,537.0,1,0,5,4,15,0,2.0,0
2019,9,PA,0,1,11,2,44,1500.0,0,0,7,7,43,1,2.0,0
2018,9,PA,0,1,11,1,44,1030.0,0,0,7,7,58,1,8.0,0
2018,9,PA,0,1,11,1,44,1474.0,0,0,7,5,46,1,2.0,0
2019,3,PA,0,1,11,1,44,998.0,0,0,4,7,58,0,2.0,0
2019,5,PA,0,1,11,2,44,998.0,0,0,6,4,51,0,8.0,0
2019,9,PA,0,1,43,6,20,520.0,1,0,4,6,19,0,8.0,0
2018,11,PA,0,1,33,1,44,1155.0,0,0,5,7,36,0,8.0,0
2019,5,PA,0,1,33,3,44,1263.0,0,0,5,6,30,1,8.0,0
2018,11,PA,0,1,33,6,44,3190.0,0,0,3,7,50,1,9.0,0
2018,5,PA,0,1,4,7,44,1625.0,0,0,7,7,34,1,8.0,0
2019,5,PA,0,1,4,5,44,1246.0,0,0,5,5,48,1,8.0,0
2019,4,PA,1,3,2,3,44,2450.0,0,0,3,7,36,1,8.0,1
2019,2,PA,0,1,4,4,44,1841.0,0,0,3,2,42,1,8.0,0
2018,11,PA,1,1,2,3,44,1015.0,0,0,7,7,19,1,8.0,1
2018,2,PA,1,1,2,3,44,1908.0,0,0,2,9,31,1,8.0,1
2019,5,PA,1,1,2,7,36,1358.0,0,0,3,8,30,0,8.0,1
2019,5,PA,1,1,2,3,44,1326.0,0,0,3,7,26,1,2.0,1
2018,10,PA,0,1,6,3,44,1549.0,0,0,7,7,31,1,8.0,0
2019,6,PA,1,3,2,1,44,1474.0,0,0,7,6,52,1,8.0,1
2019,7,PA,1,1,2,2,44,1200.0,0,0,4,7,26,0,8.0,1
2018,3,PA,0,1,4,2,44,1120.0,0,0,5,9,35,0,2.0,0
2018,1,PA,0,1,4,2,44,954.0,0,0,4,7,26,0,8.0,0
2018,10,PA,0,1,6,5,25,1125.0,0,0,4,8,23,0,2.0,0
2018,12,PA,0,1,11,6,24,537.0,1,0,5,6,18,1,8.0,0
2019,7,PA,1,1,2,6,24,550.0,0,0,7,9,24,0,8.0,1
2018,9,PA,1,1,2,6,44,972.0,0,0,7,5,43,1,9.0,1
2019,11,PA,1,1,2,4,44,998.0,0,0,5,8,27,1,8.0,1
2018,11,PA,1,1,2,1,44,1067.0,0,0,7,2,37,1,9.0,1
2018,4,PA,0,1,4,6,44,1498.0,0,0,4,7,22,0,8.0,0
2018,7,PA,0,1,4,3,44,1429.0,0,0,7,7,30,1,8.0,0
2019,4,PA,0,1,4,7,44,1494.0,0,0,7,7,29,1,9.0,0
2018,4,PA,1,1,2,4,44,954.0,0,0,5,7,25,0,8.0,1
2019,10,PA,0,1,6,1,44,998.0,0,0,5,7,24,0,2.0,0
2019,1,PA,1,3,2,6,44,998.0,0,0,6,2,41,1,8.0,1
2019,10,PA,0,1,4,4,44,1300.0,0,0,6,5,23,1,8.0,0
2018,11,PA,0,1,6,1,44,1020.0,0,0,5,4,39,0,8.0,0
2018,5,PA,1,1,2,7,44,1280.0,0,0,6,4,51,1,8.0,1
2018,7,PA,1,1,2,2,44,1908.0,0,0,6,2,37,1,8.0,1
2018,1,PA,1,3,2,1,44,993.0,0,0,7,2,29,1,8.0,1
2018,4,PA,1,1,2,5,44,1202.0,0,0,8,6,20,1,8.0,1
2018,7,PA,1,1,2,3,44,1067.0,0,0,6,5,33,1,8.0,1
2018,7,PA,0,1,4,4,44,1476.0,0,0,7,7,25,1,9.0,0
2018,1,PA,0,1,4,4,44,1523.0,0,0,4,3,57,1,8.0,0
2019,11,PA,0,1,11,3,44,1290.0,0,0,6,6,21,1,8.0,0
2018,9,PA,0,1,11,3,44,1212.0,0,0,5,7,34,0,8.0,0
2019,8,PA,1,1,2,6,44,1589.0,0,0,7,4,38,1,2.0,1
2019,7,PA,1,1,2,1,44,1100.0,0,0,7,5,21,1,2.0,1
2019,10,PA,0,1,4,2,44,1746.0,0,0,1,7,29,1,9.0,0
2018,4,PA,0,3,5,3,44,1423.0,0,0,7,2,56,1,8.0,0
2018,12,PA,0,3,4,2,44,1600.0,0,0,6,2,44,1,8.0,0
2019,10,PA,1,1,2,1,36,998.0,0,0,5,7,43,0,8.0,1
2019,2,PA,1,1,1,2,24,795.0,0,0,4,7,28,0,8.0,1
2018,11,PA,1,1,1,3,44,1131.0,0,0,5,7,18,1,8.0,1
2018,7,PA,1,1,2,3,43,985.0,0,0,5,7,20,0,8.0,1
2018,5,PA,1,1,2,1,44,1122.0,0,0,4,7,19,1,8.0,1
2019,10,PA,1,1,2,6,44,1177.0,0,0,5,4,29,1,8.0,1
2018,5,PA,1,1,2,4,36,955.0,0,0,5,7,20,0,8.0,1
2019,8,PA,1,1,2,5,44,1778.0,0,0,7,7,29,1,8.0,1
2019,7,PA,1,1,2,2,44,998.0,0,0,4,7,22,1,8.0,1
2018,9,PA,0,1,4,6,44,1130.0,0,0,5,7,21,1,8.0,0
2019,8,PA,0,1,4,7,44,2097.0,0,0,7,7,30,1,8.0,0
2019,5,PA,0,1,6,3,44,1700.0,0,0,4,7,27,0,8.0,0
2018,9,PA,0,1,6,3,44,1135.0,0,0,8,7,37,0,9.0,0
2019,11,PA,0,1,6,4,44,5000.0,0,0,3,9,30,1,9.0,0
2018,10,PA,0,3,11,1,44,1067.0,0,0,7,4,24,1,8.0,0
2018,2,PA,1,1,1,1,24,538.0,1,0,4,6,20,0,8.0,1
2019,9,PA,1,1,2,6,44,1199.0,0,0,5,7,29,1,2.0,1
2018,5,PA,0,1,4,7,44,8520.0,0,0,2,9,40,1,2.0,0
2019,8,PA,0,1,4,6,44,1130.0,0,0,7,5,49,1,8.0,0
2018,10,PA,0,1,4,2,44,954.0,0,0,5,7,35,0,8.0,0
2019,7,PA,1,1,2,5,44,1234.0,0,0,6,2,49,1,8.0,1
2018,3,PA,1,1,2,4,44,1580.0,0,0,1,2,55,1,9.0,1
2019,3,PA,0,1,4,2,44,1339.0,0,0,7,7,35,1,9.0,0
2018,8,PA,0,1,4,8,44,0.0,0,0,6,4,26,1,9.0,0
2019,12,PA,0,3,4,6,44,998.0,0,0,6,4,37,1,8.0,0
2018,8,PA,1,1,25,1,44,1423.0,0,0,7,5,27,1,8.0,1
2019,2,PA,1,1,2,4,44,1895.0,0,0,7,7,25,1,9.0,1
2018,11,PA,0,1,4,3,44,2370.0,0,0,1,7,34,1,9.0,0
2019,1,PA,0,3,4,1,44,998.0,0,0,3,7,27,0,2.0,0
2018,10,PA,0,1,6,3,44,1399.0,0,0,9,5,29,1,8.0,0
2018,3,PA,0,1,4,6,44,2568.0,0,0,9,7,35,1,4.0,0
2018,10,PA,0,1,6,4,44,1033.0,0,0,5,7,22,1,9.0,0
2018,9,PA,1,1,2,8,44,1624.0,0,0,7,5,30,1,8.0,1
2019,12,PA,0,1,4,9,44,1113.0,0,0,7,5,21,1,8.0,0
2019,3,PA,0,1,4,9,44,1069.0,0,0,7,5,21,1,8.0,0
2019,12,PA,0,1,4,9,44,1113.0,0,0,7,5,21,1,8.0,0
2018,6,PA,1,1,2,1,44,954.0,0,0,2,7,22,1,8.0,1
2018,5,PA,1,1,2,5,44,1640.0,0,0,9,7,38,1,8.0,1
2019,6,PA,1,1,2,1,44,1067.0,0,0,7,4,31,1,9.0,1
2019,2,PA,1,1,2,1,44,2438.0,0,0,4,7,22,1,1.0,1
2019,4,PA,1,1,2,4,44,2000.0,0,0,4,9,45,0,2.0,1
2019,1,PA,1,1,2,7,44,2873.0,0,0,3,7,34,0,8.0,1
2018,10,PA,0,1,4,1,44,1163.0,0,0,6,4,39,1,8.0,0
2018,7,PA,0,1,4,4,44,1120.0,0,0,9,3,30,1,2.0,0
2018,12,PA,0,1,4,4,44,1020.0,0,0,5,7,45,1,8.0,0
2018,6,PA,0,3,4,1,44,1540.0,0,0,7,2,39,1,8.0,0
2019,3,PA,0,1,4,3,44,1085.0,0,0,5,5,33,1,8.0,0
2018,11,PA,0,1,4,3,44,1100.0,0,0,5,3,48,0,2.0,0
2018,2,PA,0,1,4,3,44,954.0,0,0,5,7,41,1,9.0,0
2018,4,PA,0,1,11,4,44,954.0,0,0,6,6,20,1,8.0,0
2018,5,PA,0,3,43,2,44,1000.0,0,0,6,7,43,1,9.0,0
2018,9,PA,1,1,2,1,44,1066.0,0,0,7,2,24,1,9.0,1
2019,3,PA,1,1,2,2,44,1185.0,0,0,9,7,24,1,8.0,1
2018,7,PA,1,1,2,7,44,1470.0,0,0,7,7,36,1,8.0,1
2019,9,PA,1,1,2,6,44,1053.0,0,0,6,4,22,1,8.0,1
2019,9,PA,1,1,2,1,44,1185.0,0,0,4,7,29,1,2.0,1
2019,5,PA,1,1,2,7,44,1185.0,0,0,8,7,32,1,8.0,1
2019,3,PA,1,1,2,2,44,1185.0,0,0,5,7,22,1,8.0,1
2019,3,PA,1,1,2,7,44,2277.0,0,0,7,7,28,1,8.0,1
2019,1,PA,1,1,2,4,44,1873.0,0,0,7,6,26,1,8.0,1
2018,4,PA,1,1,2,1,44,1057.0,0,0,5,5,40,0,8.0,1
2018,4,PA,1,1,2,1,44,1057.0,0,0,5,5,40,0,8.0,1
2018,8,PA,1,1,2,7,44,993.0,0,0,7,7,37,1,8.0,1
2018,4,PA,1,1,2,1,44,1057.0,0,0,5,5,40,0,8.0,1
2019,4,PA,1,1,2,5,44,1105.0,0,0,5,2,25,1,8.0,1
2018,9,PA,1,1,2,1,44,1185.0,0,0,5,7,32,0,8.0,1
2019,6,PA,0,1,4,7,44,1390.0,0,0,7,5,23,1,8.0,0
2019,7,PA,0,1,4,2,44,1056.0,0,0,5,7,22,1,8.0,0
2018,3,PA,0,1,4,6,44,1038.0,0,0,7,7,25,1,8.0,0
2018,4,PA,0,1,4,6,44,1115.0,0,1,7,7,22,1,8.0,0
2019,4,PA,0,1,4,6,44,1185.0,0,0,4,6,19,0,8.0,0
2018,11,PA,0,1,4,5,44,1308.0,0,0,5,7,37,1,8.0,0
2018,7,PA,0,1,4,8,44,1323.0,0,0,7,7,27,1,8.0,0
2018,6,PA,0,1,4,5,44,954.0,0,0,4,7,31,0,8.0,0
2018,1,PA,0,1,4,1,44,1150.0,0,0,5,7,27,1,8.0,0
2018,11,PA,0,1,4,5,44,1308.0,0,0,5,7,37,1,8.0,0
2018,2,PA,0,1,4,5,44,1963.0,0,0,7,7,45,0,8.0,0
2019,10,PA,0,1,6,2,44,1041.0,0,0,5,7,32,0,8.0,0
2018,5,PA,0,1,11,4,44,1090.0,0,0,7,5,31,1,8.0,0
2019,7,PA,1,1,25,9,44,1067.0,0,0,7,7,35,1,8.0,1
2018,1,PA,1,1,25,7,44,2032.0,0,0,7,6,41,1,8.0,1
2019,7,PA,1,1,25,9,44,1067.0,0,0,7,7,35,1,8.0,1
2019,9,PA,1,1,25,9,44,1518.0,0,0,7,7,32,1,8.0,1
2019,3,PA,0,1,4,6,44,10531.0,0,0,3,7,29,1,8.0,0
2018,1,PA,1,3,2,3,44,954.0,0,0,6,2,39,1,8.0,1
2019,6,PA,1,1,2,1,44,998.0,0,0,1,4,30,1,2.0,1
2019,9,PA,1,1,2,4,44,1125.0,0,0,5,9,24,0,2.0,1
2019,7,PA,1,1,2,3,44,1497.0,0,0,7,7,42,1,8.0,1
2019,7,PA,0,1,4,1,44,998.0,0,0,2,7,27,0,8.0,0
2018,2,PA,0,1,4,4,44,2000.0,0,0,3,8,30,1,9.0,0
2019,6,PA,0,1,4,4,44,2646.0,0,0,4,7,39,0,8.0,0
2018,9,PA,0,1,6,6,44,1328.0,0,0,4,7,20,1,9.0,0
2018,10,PA,0,1,11,1,44,1423.0,0,0,7,4,26,1,4.0,0
2018,1,PA,1,3,2,3,44,1055.0,0,0,6,7,28,1,8.0,1
2019,3,PA,0,1,4,4,44,1320.0,0,0,7,7,26,1,4.0,0
2018,6,PA,0,1,6,3,44,1431.0,0,0,4,7,21,0,8.0,0
2019,11,PA,1,1,2,1,44,1160.0,0,0,4,7,38,1,8.0,1
2018,8,PA,0,3,4,7,44,1423.0,0,0,7,5,33,1,8.0,0
2019,8,PA,1,1,2,4,44,1030.0,0,0,7,7,31,1,8.0,1
2019,6,PA,1,1,2,5,44,1500.0,0,0,7,7,34,1,4.0,1
2018,10,PA,1,1,2,6,44,954.0,0,0,6,3,43,1,8.0,1
2019,1,PA,1,1,2,6,24,544.0,1,0,7,7,21,1,8.0,1
2018,11,PA,1,1,2,1,44,1200.0,0,0,5,7,46,0,8.0,1
2018,1,PA,0,1,4,4,44,954.0,0,0,6,5,59,1,8.0,0
2019,1,PA,0,1,6,4,44,1155.0,0,0,5,7,22,0,8.0,0
2019,7,PA,0,3,4,1,44,998.0,0,0,5,2,42,0,9.0,0
2019,5,PA,1,1,25,3,44,998.0,0,0,3,7,25,1,8.0,1
2019,12,PA,0,1,43,4,44,998.0,0,0,4,7,18,0,8.0,0
2018,11,PA,1,1,1,3,44,954.0,0,0,4,6,29,0,8.0,1
2019,3,PA,1,1,2,5,44,1650.0,0,0,7,7,32,1,8.0,1
2018,6,PA,1,1,2,1,44,954.0,0,0,4,7,29,0,8.0,1
2018,3,PA,1,1,2,3,44,2000.0,0,0,3,7,35,1,9.0,1
2018,7,PA,0,3,4,3,44,954.0,0,0,6,4,29,1,8.0,0
2018,1,PA,1,1,1,6,44,997.0,0,0,5,7,20,1,8.0,1
2018,2,PA,1,1,1,1,44,1092.0,0,0,7,7,22,1,8.0,1
2018,7,PA,1,1,2,3,44,1483.0,0,0,7,7,29,1,9.0,1
2019,6,PA,1,1,2,5,44,1218.0,0,0,4,9,34,0,9.0,1
2018,5,PA,1,1,2,5,44,1572.0,0,0,5,5,27,0,8.0,1
2019,10,PA,1,1,2,6,44,1289.0,0,0,4,7,24,0,8.0,1
2018,10,PA,1,1,2,3,44,1163.0,0,0,5,7,24,0,9.0,1
2019,6,PA,1,1,2,2,44,1400.0,0,0,1,9,32,0,2.0,1
2019,11,PA,1,1,2,1,44,1295.0,0,0,4,7,28,1,9.0,1
2019,12,PA,0,3,4,1,44,2422.0,0,0,7,4,24,1,2.0,0
2018,6,PA,0,1,4,4,44,1306.0,0,0,4,7,27,0,8.0,0
2019,11,PA,0,1,11,3,44,6491.0,0,0,2,7,53,1,9.0,0
2019,2,PA,0,1,11,6,44,1052.0,0,0,6,6,19,1,8.0,0
2019,8,PA,1,3,2,3,44,998.0,0,0,6,2,29,1,8.0,1
2019,7,PA,1,3,2,2,44,1497.0,0,0,6,3,36,1,8.0,1
2018,5,PA,0,3,4,1,44,954.0,0,0,6,3,36,1,8.0,0
2019,7,PA,0,3,11,3,44,1200.0,0,0,4,6,19,1,4.0,0
2018,10,PA,1,1,2,2,44,954.0,0,0,5,7,32,0,8.0,1
2019,9,PA,1,1,2,4,44,998.0,0,0,5,5,49,1,8.0,1
2018,11,PA,0,1,4,4,44,1125.0,0,0,5,7,31,1,2.0,0
2018,5,PA,1,3,2,5,44,954.0,0,0,6,2,26,1,8.0,1
2019,11,PA,0,3,6,6,44,998.0,0,0,6,5,24,1,8.0,0
2019,12,PA,1,1,1,3,44,1185.0,0,0,5,7,18,0,8.0,1
2018,9,PA,1,1,2,8,44,957.0,0,0,6,5,40,1,8.0,1
2019,6,PA,1,1,2,2,44,1185.0,0,0,4,7,31,1,8.0,1
2019,8,PA,0,1,6,6,43,1379.0,0,0,6,4,49,1,4.0,0
2019,4,PA,1,1,2,4,32,1236.0,0,0,7,5,28,1,8.0,1
2019,6,PA,1,1,2,2,44,1129.0,0,0,4,7,24,1,8.0,1
2019,2,PA,1,1,1,6,44,998.0,0,0,7,7,22,1,8.0,1
2018,1,PA,1,1,2,3,44,1800.0,0,0,7,4,38,1,8.0,1
2018,3,PA,1,1,2,5,44,1110.0,0,0,5,7,26,1,8.0,1
2018,5,PA,1,1,2,8,44,1692.0,0,0,6,7,35,1,8.0,1
2019,3,PA,0,3,4,5,44,1171.0,0,0,6,5,25,1,8.0,0
2018,4,PA,0,1,6,2,44,954.0,0,0,7,4,24,1,8.0,0
2018,7,PA,1,1,25,7,44,1001.0,0,0,8,5,40,0,8.0,1
2018,8,PA,1,1,2,1,44,2422.0,0,0,9,7,31,1,2.0,1
2019,10,PA,1,1,1,8,44,1015.0,0,0,8,6,19,0,8.0,1
2019,3,PA,1,1,2,1,44,998.0,0,0,4,7,22,0,9.0,1
2019,8,PA,1,3,2,6,44,998.0,0,0,7,2,34,1,2.0,1
2019,4,AP,0,1,11,1,44,998.0,0,0,7,4,29,1,8.0,0
2019,7,AP,1,1,1,7,22,499.0,1,0,2,6,16,1,9.0,1
2019,2,AP,1,1,1,8,44,1156.0,0,0,3,7,21,1,8.0,1
2019,10,AP,1,1,1,4,44,1061.0,0,0,5,7,18,0,8.0,1
2019,7,AP,1,1,1,7,22,499.0,1,0,2,6,16,1,9.0,1
2019,7,AP,1,1,1,6,22,499.0,1,0,5,6,16,1,8.0,1
2018,6,AP,1,1,2,4,44,1298.0,0,0,4,7,34,0,2.0,1
2019,3,AP,1,1,2,6,44,1304.0,0,0,4,7,27,1,8.0,1
2018,10,AP,1,1,2,2,44,954.0,0,0,4,7,24,1,9.0,1
2018,5,AP,1,1,2,6,40,1268.0,0,0,4,9,44,0,9.0,1
2018,9,AP,1,1,2,1,44,1005.0,0,0,5,7,21,0,8.0,1
2018,5,AP,1,1,2,4,44,954.0,0,0,3,7,33,0,8.0,1
2018,1,AP,1,1,2,6,44,3363.0,0,0,7,7,44,1,8.0,1
2018,10,AP,0,1,4,4,36,789.0,0,1,4,8,22,0,8.0,0
2019,5,AP,0,1,4,4,44,1499.0,0,0,3,7,36,1,8.0,0
2019,2,AP,0,1,4,8,44,1324.0,0,0,3,7,34,1,8.0,0
2018,6,AP,0,1,4,2,36,1168.0,0,0,5,7,25,1,8.0,0
2019,12,AP,0,1,4,6,44,998.0,0,0,5,7,20,1,8.0,0
2018,12,AP,0,1,4,3,44,980.0,0,0,4,7,22,1,8.0,0
2018,3,AP,0,1,4,1,44,1000.0,0,0,4,7,22,0,8.0,0
2019,3,AP,0,1,6,3,44,1083.0,0,0,3,9,30,0,9.0,0
2019,1,AP,0,1,11,6,44,1247.0,0,0,5,7,25,0,8.0,0
2019,11,AP,1,1,25,5,44,1500.0,0,0,4,9,38,0,8.0,1
2019,6,AP,1,1,25,2,44,998.0,0,0,5,7,40,1,8.0,1
2019,12,AP,1,1,25,4,44,1000.0,0,0,5,7,27,1,8.0,1
2019,9,AP,0,1,43,6,44,998.0,0,0,5,7,19,1,8.0,0
2018,6,AP,1,1,2,1,44,954.0,0,0,5,5,23,0,2.0,1
2018,1,AP,0,1,4,6,44,990.0,0,0,7,7,38,1,8.0,0
2018,6,AP,1,1,2,2,44,2191.0,0,0,7,7,32,1,8.0,1
2019,11,AP,0,1,43,1,44,2344.0,0,0,7,7,29,1,8.0,0
2018,6,TO,1,3,1,1,44,954.0,0,0,6,7,22,1,8.0,1
2019,12,TO,1,1,1,2,40,1420.0,0,0,4,9,31,1,8.0,1
2019,7,TO,1,1,2,1,44,1216.0,0,0,4,7,45,1,8.0,1
2018,8,TO,1,1,2,8,44,1218.0,0,0,8,7,38,0,8.0,1
2019,2,TO,1,1,2,2,44,1019.0,0,0,3,7,24,1,8.0,1
2018,8,TO,1,1,2,4,44,1019.0,0,0,4,7,32,0,8.0,1
2019,1,TO,0,1,4,4,44,1075.0,0,0,5,7,21,1,6.0,0
2018,6,TO,0,1,4,4,44,2549.0,0,0,7,5,27,1,9.0,0
2018,5,TO,0,1,4,4,44,1207.0,0,0,7,7,25,1,8.0,0
2018,5,TO,0,3,11,1,44,1387.0,0,0,7,7,28,1,8.0,0
2018,3,TO,0,1,11,3,44,1052.0,0,0,8,7,31,1,8.0,0
2018,11,TO,1,1,25,5,44,998.0,0,0,7,6,40,1,8.0,1
2019,1,TO,1,3,2,1,44,1996.0,0,0,6,2,33,1,8.0,1
2019,10,TO,1,1,2,9,44,1857.0,0,0,7,4,43,1,8.0,1
2018,5,TO,0,1,4,7,40,1456.0,0,0,7,7,21,1,8.0,0
2018,3,TO,0,1,4,7,44,1324.0,0,0,7,3,22,1,8.0,0
2018,1,TO,0,1,4,1,44,1072.0,0,0,4,7,30,0,8.0,0
2018,4,TO,1,3,2,1,44,1431.0,0,0,6,2,30,1,2.0,1
2018,8,TO,1,1,2,5,44,1001.0,0,0,8,3,32,1,8.0,1
2019,12,TO,0,1,43,3,44,1591.0,0,0,5,7,24,0,8.0,0
2019,1,TO,1,1,2,2,44,1130.0,0,0,5,1,52,1,4.0,1
2018,12,TO,0,1,4,6,44,1015.0,0,0,5,7,25,1,9.0,0
2019,9,TO,1,1,2,2,44,1497.0,0,0,7,7,34,0,4.0,1
2019,3,TO,1,1,2,1,44,1019.0,0,0,4,7,27,0,8.0,1
2019,2,TO,1,1,2,3,44,1039.0,0,0,7,7,21,1,8.0,1
2019,12,TO,0,1,4,3,44,1118.0,0,0,9,7,41,1,8.0,0
2019,8,TO,0,1,4,3,44,1060.0,0,0,5,7,31,0,9.0,0
2019,2,TO,1,1,25,3,30,703.0,1,0,4,6,18,1,8.0,1
2019,7,TO,0,1,6,1,44,1359.0,0,0,7,7,31,1,8.0,0
2019,10,TO,0,3,4,1,44,1001.0,0,0,6,7,21,1,9.0,0
2018,2,TO,0,3,6,3,44,954.0,0,0,6,1,45,1,2.0,0
2019,7,TO,0,1,4,3,44,998.0,0,0,7,7,41,1,8.0,0
2018,7,TO,1,1,1,2,44,988.0,0,0,5,7,42,0,8.0,1
2019,12,TO,1,1,2,2,44,1087.0,0,0,4,7,25,0,9.0,1
2018,6,TO,1,1,2,1,42,967.0,0,0,5,7,18,1,9.0,1
2018,11,TO,0,1,11,5,22,477.0,1,0,4,6,16,1,8.0,0
2019,12,TO,0,3,4,1,44,2000.0,0,0,6,7,34,1,9.0,0
2018,6,TO,0,1,4,1,44,954.0,0,0,5,7,32,1,2.0,0
2018,2,TO,0,1,4,6,44,993.0,0,0,7,7,24,0,2.0,0
2019,4,TO,1,3,2,1,44,1200.0,0,0,6,7,24,1,8.0,1
2018,9,TO,1,1,2,2,44,1019.0,0,0,5,7,31,1,8.0,1
2019,7,TO,0,1,4,2,44,1569.0,0,0,7,5,31,1,8.0,0
2018,4,TO,0,3,6,1,44,1230.0,0,0,6,4,27,1,8.0,0
2019,5,TO,0,3,4,2,44,1300.0,0,0,7,5,33,1,8.0,0
2018,1,TO,1,1,25,7,44,954.0,0,0,6,2,36,1,4.0,1
2019,12,TO,1,1,1,9,20,499.0,0,0,4,6,29,1,8.0,1
2019,12,TO,1,1,1,9,20,499.0,0,0,4,6,29,1,8.0,1
2018,5,TO,1,1,2,3,44,981.0,0,0,7,7,19,1,8.0,1
2019,5,TO,1,1,2,2,44,1027.0,0,0,5,7,33,0,9.0,1
2018,3,TO,1,1,2,5,40,1253.0,0,0,4,9,30,0,8.0,1
2018,1,TO,1,1,2,3,44,1494.0,0,0,1,7,18,1,2.0,1
2018,8,TO,1,1,2,4,27,3034.0,0,0,2,9,34,0,8.0,1
2019,1,TO,1,1,2,6,44,1770.0,0,0,4,7,40,0,9.0,1
2019,5,TO,1,1,2,1,36,998.0,0,0,4,7,20,0,8.0,1
2018,5,TO,1,1,2,4,44,2700.0,0,0,3,9,28,1,2.0,1
2019,11,TO,1,1,2,6,44,1010.0,0,0,4,7,24,1,4.0,1
2019,6,TO,1,1,2,4,44,1500.0,0,0,4,8,31,1,8.0,1
2019,5,TO,1,3,2,1,44,1623.0,0,0,7,7,24,1,8.0,1
2019,6,TO,0,1,4,1,44,1060.0,0,0,5,7,29,0,4.0,0
2019,2,TO,0,1,4,2,44,998.0,0,0,5,6,19,0,8.0,0
2018,11,TO,0,1,6,2,44,3476.0,0,0,2,9,35,1,8.0,0
2019,6,TO,0,1,6,4,44,1108.0,0,0,3,7,19,0,8.0,0
2019,12,TO,0,1,6,3,44,1292.0,0,0,5,7,28,1,8.0,0
2019,6,TO,0,1,6,3,44,1060.0,0,1,4,7,21,1,9.0,0
2019,8,TO,0,1,6,6,44,1060.0,0,0,5,5,28,1,8.0,0
2019,3,TO,0,3,8,4,44,998.0,0,0,7,4,37,1,8.0,0
2019,5,TO,0,1,11,3,44,1020.0,0,0,5,7,40,0,9.0,0
2018,12,TO,0,1,11,4,44,1019.0,0,0,4,7,18,1,8.0,0
2019,8,TO,0,1,11,2,44,1123.0,0,0,5,7,20,1,9.0,0
2018,12,MA,1,1,2,1,44,1500.0,0,0,9,7,40,1,2.0,1
2019,12,MA,1,1,2,6,40,1900.0,0,0,9,7,27,1,8.0,1
2019,2,MA,1,1,2,5,44,998.0,0,0,4,7,20,0,8.0,1
2019,6,MA,0,1,4,8,36,1233.0,0,0,8,7,40,1,8.0,0
2018,11,MA,0,1,4,7,44,982.0,0,0,6,7,28,1,9.0,0
2019,9,MA,0,1,11,6,24,594.0,1,0,4,6,18,1,8.0,0
2018,4,MA,1,1,25,5,44,954.0,0,0,7,3,35,1,8.0,1
2018,10,MA,1,3,2,5,44,1160.0,0,0,6,6,37,1,2.0,1
2018,10,MA,1,1,25,4,44,1100.0,0,0,6,3,19,1,8.0,1
2019,10,MA,1,1,2,5,44,1055.0,0,0,4,7,24,1,9.0,1
2019,10,MA,1,1,2,7,44,1143.0,0,0,5,7,25,1,8.0,1
2018,6,MA,0,1,4,4,44,1010.0,0,0,5,5,27,1,8.0,0
2019,5,MA,0,1,4,4,40,978.0,0,0,2,7,30,1,8.0,0
2019,7,MA,1,1,1,3,44,1600.0,0,0,8,7,31,1,8.0,1
2019,8,MA,1,1,2,3,44,1300.0,0,0,4,9,27,1,8.0,1
2019,4,MA,1,1,2,2,44,998.0,0,0,4,7,23,0,8.0,1
2019,2,MA,1,1,2,3,44,2098.0,0,0,7,7,42,1,8.0,1
2019,12,MA,0,3,4,1,44,1500.0,0,0,6,4,33,1,8.0,0
2019,6,MA,0,3,4,1,44,1300.0,0,0,6,7,38,1,8.0,0
2018,9,MA,0,1,4,5,44,1844.0,0,0,9,6,29,1,6.0,0
2018,9,MA,0,1,11,1,44,1015.0,0,0,5,7,35,0,8.0,0
2019,5,MA,1,1,1,1,44,1300.0,0,0,1,7,21,0,2.0,1
2018,5,MA,1,1,2,1,44,1510.0,0,0,3,7,32,0,2.0,1
2018,7,MA,1,1,2,1,44,954.0,0,0,5,4,28,1,2.0,1
2019,10,MA,1,1,2,5,40,1569.0,0,0,6,7,29,1,8.0,1
2019,10,MA,1,1,2,5,40,1569.0,0,0,6,7,29,1,8.0,1
2018,7,MA,0,3,4,4,44,954.0,0,0,6,2,31,1,9.0,0
2018,9,MA,0,1,4,6,44,3023.0,0,0,2,9,41,1,8.0,0
2018,3,MA,0,1,4,6,44,1112.0,0,0,3,7,29,0,9.0,0
2018,4,MA,0,1,4,3,44,1000.0,0,0,3,7,33,1,8.0,0
2018,11,MA,0,1,6,4,44,1064.0,0,0,5,5,24,0,8.0,0
2018,11,MA,0,1,4,2,40,954.0,0,0,4,7,35,0,8.0,0
2019,6,MA,1,1,2,8,44,1611.0,0,0,7,7,31,1,8.0,1
2018,1,MA,0,1,11,8,44,1001.0,0,0,6,2,51,1,8.0,0
2019,11,MA,0,1,4,6,44,1497.0,0,0,7,7,47,1,8.0,0
2018,8,MA,0,1,4,1,44,1051.0,0,0,9,7,29,1,8.0,0
2018,3,MA,0,3,4,3,44,3270.0,0,0,1,7,61,1,8.0,0
2019,9,MA,1,1,2,3,44,1624.0,0,0,7,5,43,1,8.0,1
2018,9,MA,0,1,4,6,44,1400.0,0,0,7,7,30,1,8.0,0
2018,2,MA,0,1,4,1,44,1000.0,0,0,1,7,26,1,2.0,0
2019,4,MA,1,1,2,1,44,1537.0,0,0,7,7,33,1,8.0,1
2018,11,MA,0,1,6,5,44,976.0,0,0,6,3,20,1,8.0,0
2018,3,MA,1,1,1,1,44,1431.0,0,0,3,8,23,1,8.0,1
2018,4,MA,1,1,2,1,44,1012.0,0,0,4,7,28,1,4.0,1
2019,4,MA,1,1,2,1,44,3633.0,0,0,9,7,26,1,2.0,1
2018,10,MA,1,1,2,7,44,1676.0,0,0,7,4,32,1,8.0,1
2019,3,MA,1,1,2,6,44,1518.0,0,0,7,4,47,1,8.0,1
2018,5,MA,1,1,2,4,44,954.0,0,0,4,7,31,1,8.0,1
2018,11,MA,1,1,2,1,44,1881.0,0,0,4,8,43,1,8.0,1
2018,2,MA,1,1,2,4,44,963.0,0,0,5,4,53,1,8.0,1
2018,9,MA,1,1,2,6,44,954.0,0,0,5,7,28,1,4.0,1
2018,10,MA,0,1,4,4,44,1684.0,0,0,5,8,23,0,8.0,0
2019,4,MA,0,1,4,2,44,1047.0,0,0,9,7,35,1,8.0,0
2019,9,MA,0,1,4,5,44,1077.0,0,0,7,5,57,1,2.0,0
2019,7,MA,0,1,4,4,44,1517.0,0,0,3,7,50,1,8.0,0
2018,11,MA,0,1,4,4,44,1001.0,0,0,5,7,18,1,2.0,0
2018,1,MA,0,1,4,3,44,1003.0,0,0,7,4,21,1,8.0,0
2018,9,MA,0,1,4,4,44,2416.0,0,0,4,5,40,0,2.0,0
2018,11,MA,0,1,6,4,36,954.0,0,0,9,9,41,1,8.0,0
2018,10,MA,0,1,11,1,44,1530.0,0,0,7,7,51,1,2.0,0
2019,7,MA,0,1,11,1,44,1018.0,0,0,5,7,27,0,4.0,0
2019,7,MA,0,1,4,4,44,1013.0,0,0,8,1,47,1,8.0,0
2018,1,MA,0,1,4,4,44,978.0,0,0,7,5,21,1,8.0,0
2018,11,MA,1,1,1,7,44,1330.0,0,0,6,4,29,0,2.0,1
2019,3,MA,1,1,2,4,44,1094.0,0,0,3,7,35,1,2.0,1
2018,12,MA,0,1,4,2,44,1000.0,0,0,5,7,35,0,8.0,0
2018,2,MA,0,1,43,4,44,1011.0,0,0,5,7,21,1,8.0,0
2018,3,MA,1,1,2,1,44,1051.0,0,0,5,7,29,1,9.0,1
2018,11,MA,0,1,4,1,44,981.0,0,0,4,7,32,0,8.0,0
2019,12,MA,1,1,2,1,44,1088.0,0,0,5,7,21,0,8.0,1
2018,2,MA,1,1,2,3,44,1043.0,0,0,5,7,35,0,8.0,1
2018,1,MA,0,1,4,3,44,990.0,0,0,3,7,26,0,8.0,0
2019,10,MA,1,1,2,8,44,998.0,0,0,9,7,27,1,8.0,1
2019,1,MA,1,1,2,1,44,1108.0,0,0,7,5,25,1,8.0,1
2018,8,MA,1,1,2,8,44,1500.0,0,0,3,7,45,1,8.0,1
2018,7,MA,1,1,25,6,44,1202.0,0,0,9,7,34,1,8.0,1
2018,6,MA,0,1,43,3,36,1094.0,0,0,5,7,26,1,8.0,0
2018,4,MA,1,1,1,3,44,1153.0,0,0,4,7,27,1,8.0,1
2018,1,MA,1,1,1,9,24,578.0,0,0,4,8,22,1,8.0,1
2018,1,MA,1,1,2,8,44,1600.0,0,0,4,9,30,1,2.0,1
2018,9,MA,1,1,2,4,44,1018.0,0,0,4,8,23,0,8.0,1
2018,8,MA,1,1,2,9,36,1000.0,0,0,3,7,35,1,8.0,1
2018,4,MA,1,1,2,8,44,954.0,0,0,3,7,35,0,8.0,1
2018,4,MA,1,1,2,8,44,954.0,0,0,3,7,35,0,8.0,1
2018,2,MA,1,1,2,1,44,1157.0,0,0,3,7,28,1,8.0,1
2018,10,MA,1,1,2,5,44,1094.0,0,0,4,7,25,1,8.0,1
2019,9,MA,1,1,2,3,44,2500.0,0,0,3,9,32,0,8.0,1
2018,8,MA,1,3,2,1,44,1530.0,0,0,7,7,39,1,9.0,1
2018,10,MA,1,1,2,6,44,1848.0,0,0,9,7,51,1,8.0,1
2018,4,MA,1,1,2,8,44,954.0,0,0,3,7,35,0,8.0,1
2018,7,MA,1,3,2,4,44,1029.0,0,0,7,3,26,1,4.0,1
2018,1,MA,1,1,2,8,44,1136.0,0,0,4,7,35,0,9.0,1
2019,7,MA,1,1,2,4,44,499.0,0,0,3,7,33,0,8.0,1
2019,9,MA,1,1,2,3,44,1513.0,0,0,7,7,28,1,8.0,1
2018,8,MA,1,1,2,6,44,3960.0,0,0,1,9,42,0,2.0,1
2018,8,MA,1,1,2,1,44,1006.0,0,0,5,7,44,1,8.0,1
2018,1,MA,1,1,2,8,44,1136.0,0,0,4,7,35,0,9.0,1
2018,5,MA,1,1,2,7,44,1109.0,0,0,5,7,51,1,2.0,1
2018,4,MA,1,1,2,6,44,1094.0,0,0,3,7,19,0,2.0,1
2018,1,MA,1,1,2,8,44,1136.0,0,0,4,7,35,0,9.0,1
2018,4,MA,1,1,2,8,44,954.0,0,0,3,7,35,0,8.0,1
2018,1,MA,1,1,2,8,44,1136.0,0,0,4,7,35,0,9.0,1
2019,9,MA,1,1,2,4,44,1118.0,0,0,7,7,19,1,8.0,1
2019,7,MA,1,1,2,7,30,3000.0,0,0,4,9,36,0,8.0,1
2018,7,MA,1,1,2,7,44,1085.0,0,0,7,7,32,1,9.0,1
2018,4,MA,1,1,2,8,44,954.0,0,0,3,7,35,0,8.0,1
2019,10,MA,1,1,2,2,44,1200.0,0,0,3,8,21,0,8.0,1
2018,4,MA,1,1,2,8,44,954.0,0,0,3,7,35,0,8.0,1
2019,7,MA,1,1,2,4,44,1513.0,0,0,7,5,38,1,4.0,1
2019,7,MA,1,1,2,4,44,499.0,0,0,3,7,33,0,8.0,1
2018,4,MA,1,1,2,8,44,954.0,0,0,3,7,35,0,8.0,1
2019,8,MA,1,1,2,4,44,1519.0,0,0,5,7,37,1,8.0,1
2018,7,MA,1,1,2,4,44,1850.0,0,0,7,7,33,1,8.0,1
2019,7,MA,1,1,2,3,36,1148.0,0,0,5,7,33,0,9.0,1
2018,4,MA,1,1,2,6,44,1094.0,0,0,3,7,19,0,2.0,1
2019,8,MA,1,1,2,4,44,1519.0,0,0,5,7,37,1,8.0,1
2018,4,MA,1,1,2,8,44,954.0,0,0,3,7,35,0,8.0,1
2018,1,MA,1,1,2,2,44,1650.0,0,0,2,9,44,0,8.0,1
2018,7,MA,1,1,2,1,44,1006.0,0,0,5,7,28,1,8.0,1
2018,4,MA,1,1,2,8,44,954.0,0,0,3,7,35,0,8.0,1
2018,11,MA,1,1,2,9,44,1000.0,0,0,5,7,25,0,8.0,1
2018,2,MA,1,1,2,6,44,3579.0,0,0,4,7,49,1,8.0,1
2019,1,MA,0,1,4,7,44,986.0,0,0,5,7,49,0,8.0,0
2019,6,MA,0,1,4,2,44,0.0,0,0,3,9,36,1,8.0,0
2019,9,MA,0,1,4,5,44,2385.0,0,0,1,8,45,1,4.0,0
2018,2,MA,0,1,4,3,44,1412.0,0,0,7,7,29,1,2.0,0
2018,5,MA,0,1,4,9,44,1847.0,0,0,4,7,25,0,8.0,0
2018,3,MA,0,1,4,6,44,1425.0,0,0,7,5,40,1,8.0,0
2018,3,MA,0,1,4,2,44,992.0,0,0,7,5,35,1,2.0,0
2018,9,MA,0,1,4,7,44,1463.0,0,0,4,7,24,1,8.0,0
2018,8,MA,0,1,4,8,44,1727.0,0,0,7,7,53,1,8.0,0
2019,8,MA,0,1,4,1,44,1419.0,0,0,3,7,63,0,8.0,0
2018,1,MA,0,1,4,7,44,1617.0,0,0,9,7,33,1,8.0,0
2018,6,MA,0,1,4,3,44,954.0,0,0,4,7,27,1,2.0,0
2019,1,MA,0,1,4,6,44,1029.0,0,0,7,4,26,1,8.0,0
2019,8,MA,0,1,4,2,44,1148.0,0,0,5,7,25,1,8.0,0
2018,6,MA,0,1,4,7,44,1876.0,0,0,7,7,38,1,8.0,0
2018,4,MA,0,1,4,9,44,954.0,0,0,5,4,50,1,8.0,0
2019,3,MA,0,1,4,3,44,1528.0,0,0,4,7,30,0,8.0,0
2019,11,MA,0,1,4,4,44,1518.0,0,0,7,6,54,1,8.0,0
2019,2,MA,0,1,4,4,44,1022.0,0,0,5,7,30,0,8.0,0
2018,11,MA,0,1,4,1,44,1094.0,0,0,5,7,30,0,8.0,0
2019,1,MA,0,1,6,7,44,1015.0,0,0,5,7,40,1,8.0,0
2018,2,MA,0,1,6,6,44,1026.0,0,0,5,7,31,1,8.0,0
2019,1,MA,0,1,6,6,44,998.0,0,0,5,7,37,1,8.0,0
2018,9,MA,0,1,6,3,44,1094.0,0,0,4,7,38,1,4.0,0
2019,3,MA,0,1,6,6,44,2000.0,0,0,2,9,44,0,8.0,0
2019,9,MA,0,1,11,2,36,1148.0,0,0,5,7,20,0,2.0,0
2019,3,MA,0,1,11,4,44,1518.0,0,0,7,7,45,1,8.0,0
2019,12,MA,0,1,11,3,44,1148.0,0,0,5,7,29,1,8.0,0
2018,6,MA,0,1,11,8,36,1128.0,0,0,5,7,25,0,8.0,0
2018,11,MA,0,1,43,9,40,1740.0,0,0,4,7,39,1,8.0,0
2019,6,MA,1,1,2,1,44,1500.0,0,0,3,9,29,1,2.0,1
2018,1,MA,0,1,4,8,44,1586.0,0,0,6,5,29,1,8.0,0
2018,10,MA,1,3,2,2,44,1100.0,0,0,4,4,24,1,8.0,1
2018,10,MA,1,3,2,1,44,1320.0,0,0,6,2,46,1,1.0,1
2018,12,MA,1,1,2,1,44,1000.0,0,0,7,7,28,1,9.0,1
2018,6,MA,0,1,4,2,36,1431.0,0,0,1,7,44,1,8.0,0
2019,2,MA,0,1,4,6,44,2405.0,0,0,5,8,33,1,8.0,0
2019,11,MA,1,1,2,4,44,998.0,0,0,4,7,22,0,9.0,1
2019,10,MA,0,1,4,2,44,380.0,0,0,4,7,40,1,8.0,0
2019,9,MA,1,1,2,3,44,1130.0,0,0,7,7,24,0,8.0,1
2019,4,MA,1,1,1,1,44,998.0,0,0,5,5,23,1,9.0,1
2019,10,PI,1,3,2,5,44,1115.0,0,0,6,2,35,1,2.0,1
2018,5,PI,0,3,4,6,44,1092.0,0,0,9,4,33,1,2.0,0
2019,12,PI,1,1,2,2,44,998.0,0,0,6,2,26,1,8.0,1
2019,5,PI,0,1,6,3,44,3258.0,0,0,4,7,63,0,8.0,0
2019,10,PI,1,3,2,1,44,1468.0,0,0,7,5,63,1,8.0,1
2018,4,PI,1,1,2,4,44,954.0,0,1,8,6,27,1,2.0,1
2018,8,PI,1,1,2,1,44,1018.0,0,0,5,7,22,0,8.0,1
2018,5,PI,0,1,4,5,44,1330.0,0,0,7,5,27,1,8.0,0
2018,7,PI,0,3,4,1,44,1838.0,0,0,9,3,27,1,8.0,0
2019,9,PI,0,1,4,5,44,1013.0,0,0,7,2,50,1,8.0,0
2018,10,PI,1,1,2,5,44,1013.0,0,0,5,7,24,1,2.0,1
2019,11,PI,1,1,2,3,44,1054.0,0,0,5,8,32,1,8.0,1
2019,8,PI,0,3,4,6,44,1438.0,0,0,7,6,43,1,8.0,0
2019,12,PI,0,1,4,1,44,998.0,0,0,5,7,21,0,2.0,0
2018,7,PI,0,1,5,1,40,954.0,0,0,5,7,32,0,2.0,0
2019,11,PI,0,3,11,1,44,1434.0,0,0,6,4,31,1,8.0,0
2018,7,PI,1,3,2,1,44,1394.0,0,0,6,4,59,1,4.0,1
2018,3,PI,1,1,1,1,40,1020.0,0,0,5,9,36,0,2.0,1
2018,3,PI,1,1,2,1,44,954.0,0,0,5,7,26,1,8.0,1
2018,4,PI,1,1,2,1,44,1281.0,0,0,5,4,21,1,9.0,1
2019,10,PI,1,1,2,1,44,1055.0,0,0,5,6,28,0,8.0,1
2019,8,PI,0,1,6,1,44,1055.0,0,0,1,9,26,1,9.0,0
2018,4,PI,0,1,4,3,44,985.0,0,0,5,4,37,0,8.0,0
2019,9,PI,1,1,2,1,44,998.0,0,0,7,7,34,0,8.0,1
2019,1,PI,0,1,4,3,36,1015.0,0,0,4,7,23,0,2.0,0
2018,9,PI,0,1,6,3,44,1475.0,0,0,5,7,65,1,8.0,0
2019,11,PI,0,1,43,6,44,998.0,0,0,5,3,37,1,2.0,0
2019,9,PI,1,1,2,2,44,998.0,0,0,7,7,43,1,2.0,1
2018,6,PI,0,1,4,4,44,1136.0,0,0,4,7,28,1,8.0,0
2018,12,PI,1,1,1,1,44,954.0,0,0,5,7,19,1,8.0,1
2019,3,PI,1,3,2,1,44,1397.0,0,0,7,7,41,1,8.0,1
2019,8,PI,0,1,4,1,44,1040.0,0,0,5,6,29,0,2.0,0
2019,1,PI,0,1,11,6,44,1300.0,0,0,6,5,24,1,8.0,0
2018,12,PI,0,3,43,2,44,1700.0,0,0,3,7,31,1,8.0,0
2019,9,PI,1,1,2,3,44,998.0,0,0,4,7,30,0,8.0,1
2018,9,PI,1,1,2,2,44,954.0,0,0,5,7,23,1,9.0,1
2018,5,PI,1,1,1,2,35,2766.0,0,0,2,9,22,0,8.0,1
2019,5,PI,1,1,1,6,22,468.0,1,0,4,6,16,0,8.0,1
2018,2,PI,1,1,1,7,44,1046.0,0,0,4,7,32,0,8.0,1
2018,10,PI,1,1,2,1,44,1383.0,0,0,7,7,38,1,8.0,1
2018,4,PI,1,1,2,4,44,1007.0,0,0,5,7,37,0,9.0,1
2019,12,PI,1,1,2,4,30,0.0,0,0,5,5,43,1,8.0,1
2018,2,PI,1,1,2,8,44,1146.0,0,0,7,5,34,1,4.0,1
2019,7,PI,1,1,2,3,44,1044.0,0,0,4,8,28,0,8.0,1
2018,3,PI,1,1,2,5,44,1107.0,0,0,4,7,33,1,8.0,1
2019,1,PI,1,1,2,1,44,1081.0,0,0,5,7,42,0,8.0,1
2019,8,PI,1,1,2,5,44,1185.0,0,0,8,5,27,1,8.0,1
2018,8,PI,1,1,2,4,44,1005.0,0,0,5,3,52,1,2.0,1
2019,10,PI,1,1,2,6,44,1156.0,0,0,4,5,23,1,8.0,1
2019,12,PI,1,1,2,2,44,1841.0,0,0,7,7,28,0,8.0,1
2019,6,PI,1,1,2,9,30,795.0,0,0,4,7,29,1,8.0,1
2018,7,PI,1,1,2,3,44,1408.0,0,0,8,7,36,1,9.0,1
2019,12,PI,1,1,2,6,44,1116.0,0,0,5,7,32,0,8.0,1
2019,3,PI,1,1,2,1,44,998.0,0,0,9,6,19,1,4.0,1
2019,5,PI,1,1,2,1,44,1438.0,0,0,7,7,25,1,8.0,1
2019,6,PI,1,1,2,9,30,795.0,0,0,4,7,29,1,8.0,1
2018,2,PI,1,1,2,1,44,1800.0,0,0,6,5,36,1,8.0,1
2019,5,PI,1,1,2,3,44,1087.0,0,0,5,7,27,0,8.0,1
2019,10,PI,1,1,2,3,44,1025.0,0,0,4,7,31,0,8.0,1
2019,4,PI,1,1,2,7,44,1162.0,0,0,3,7,39,0,8.0,1
2019,4,PI,1,1,2,9,44,1099.0,0,0,5,3,54,1,4.0,1
2018,8,PI,1,1,2,8,44,1359.0,0,0,4,8,21,0,9.0,1
2018,8,PI,1,1,2,1,44,1415.0,0,0,4,7,54,0,8.0,1
2019,8,PI,1,1,2,2,36,1098.0,0,0,5,7,21,1,9.0,1
2019,6,PI,1,1,2,3,44,2174.0,0,0,4,9,38,0,8.0,1
2018,4,PI,1,1,2,9,44,1276.0,0,0,4,7,38,1,8.0,1
2018,7,PI,0,1,4,3,44,1873.0,0,0,4,6,25,1,8.0,0
2019,5,PI,0,1,4,6,44,1021.0,0,0,5,7,32,0,9.0,0
2019,11,PI,0,1,4,9,44,1786.0,0,0,4,7,30,0,8.0,0
2018,4,PI,0,1,4,6,44,1383.0,0,0,7,7,34,1,4.0,0
2019,8,PI,0,1,4,6,44,1125.0,0,0,6,7,46,1,8.0,0
2018,5,PI,0,1,4,8,44,964.0,0,0,7,6,22,1,8.0,0
2018,6,PI,0,1,4,3,44,1669.0,0,0,4,9,32,1,8.0,0
2018,6,PI,0,1,4,9,44,1022.0,0,0,5,7,60,1,8.0,0
2018,11,PI,0,1,4,6,44,1577.0,0,0,4,5,28,1,9.0,0
2018,1,PI,0,1,4,3,36,1021.0,0,0,5,7,22,0,8.0,0
2019,7,PI,0,1,4,9,36,972.0,0,0,4,7,21,1,4.0,0
2019,3,PI,0,1,4,4,44,1067.0,0,0,4,7,31,1,2.0,0
2019,3,PI,0,1,4,8,44,1008.0,0,0,7,4,24,1,8.0,0
2018,7,PI,0,1,4,4,44,1005.0,0,0,5,7,34,1,9.0,0
2019,3,PI,0,1,4,5,44,2126.0,0,0,5,7,37,1,8.0,0
2018,2,PI,0,1,4,3,44,1005.0,0,0,7,7,48,1,2.0,0
2018,2,PI,0,1,4,4,24,0.0,0,0,4,6,29,0,8.0,0
2019,8,PI,0,1,4,9,44,998.0,0,0,5,7,34,1,8.0,0
2019,11,PI,0,1,4,8,44,1107.0,0,0,3,7,34,1,8.0,0
2018,11,PI,0,1,4,4,44,1033.0,0,0,4,7,33,0,8.0,0
2019,7,PI,0,1,4,5,44,1096.0,0,0,5,7,22,0,8.0,0
2019,2,PI,0,1,6,4,44,1021.0,0,0,7,3,36,1,8.0,0
2018,1,PI,0,1,6,4,44,1005.0,0,0,5,5,20,1,8.0,0
2018,5,PI,0,1,6,6,44,982.0,0,0,7,2,47,1,8.0,0
2019,6,PI,0,1,6,1,44,1028.0,0,0,5,5,40,0,8.0,0
2018,2,PI,0,1,6,5,36,2226.0,0,0,2,9,31,1,8.0,0
2019,7,PI,0,1,6,9,36,954.0,0,0,4,7,25,0,8.0,0
2018,10,PI,0,1,6,6,44,1400.0,0,0,7,7,43,1,8.0,0
2018,9,PI,0,1,11,5,44,1052.0,0,0,4,7,27,0,8.0,0
2018,2,PI,0,1,11,4,42,1027.0,0,0,5,7,30,0,8.0,0
2018,2,PI,0,1,11,6,20,434.0,1,0,7,6,19,1,8.0,0
2018,5,PI,1,1,25,7,40,992.0,0,0,5,9,30,0,8.0,1
2018,5,PI,1,1,25,7,40,992.0,0,0,5,9,30,0,8.0,1
2019,6,PI,0,1,43,2,44,1438.0,0,0,7,3,37,1,8.0,0
2019,5,PI,0,1,43,3,44,998.0,0,0,7,2,32,1,8.0,0
2019,4,PI,0,1,43,4,44,1125.0,0,0,3,7,32,1,8.0,0
2019,2,PI,0,1,43,1,44,1021.0,0,0,7,5,22,1,8.0,0
2018,12,PI,0,1,11,9,44,990.0,0,0,6,3,36,1,8.0,0
2018,3,CE,1,1,1,5,44,954.0,0,0,8,7,26,1,8.0,1
2018,5,CE,0,1,4,6,44,1276.0,0,0,3,7,28,1,8.0,0
2019,10,CE,1,1,1,7,44,998.0,0,0,7,7,24,0,2.0,1
2019,11,CE,1,1,2,4,44,8000.0,0,0,5,9,32,1,8.0,1
2019,12,CE,1,1,2,6,44,1178.0,0,0,5,8,20,1,2.0,1
2019,4,CE,0,1,4,9,44,1028.0,0,1,5,7,45,0,8.0,0
2018,6,CE,0,1,4,5,28,600.0,1,0,5,7,22,1,8.0,0
2018,9,CE,0,1,11,1,44,954.0,0,0,3,7,40,1,8.0,0
2019,6,CE,0,1,43,4,28,635.0,1,0,4,6,18,1,8.0,0
2018,4,CE,1,1,2,7,44,970.0,0,0,8,7,53,1,8.0,1
2018,8,CE,1,3,2,1,44,957.0,0,0,7,6,38,1,8.0,1
2018,3,CE,1,1,2,3,44,966.0,0,0,6,2,22,1,8.0,1
2019,1,CE,1,1,2,4,44,1026.0,0,0,8,6,34,1,8.0,1
2018,8,CE,0,1,33,5,44,954.0,0,0,4,7,25,1,8.0,0
2019,6,CE,0,3,6,7,20,478.0,1,0,7,6,19,1,8.0,0
2019,9,CE,1,1,2,1,44,998.0,0,0,5,5,33,0,2.0,1
2019,10,CE,0,1,4,1,44,998.0,0,0,3,7,33,0,8.0,0
2019,4,CE,0,1,8,2,44,1013.0,0,0,1,8,62,1,8.0,0
2019,3,CE,0,3,43,6,44,1453.0,0,0,7,4,37,1,2.0,0
2019,8,CE,1,1,2,5,44,1015.0,0,0,7,5,39,0,8.0,1
2019,6,CE,1,1,2,1,44,998.0,0,0,5,7,21,1,8.0,1
2018,2,CE,0,1,4,4,40,6256.0,0,0,3,7,60,1,2.0,0
2019,8,CE,0,1,6,5,20,2364.0,0,0,2,7,33,0,8.0,0
2018,8,CE,1,1,2,1,22,477.0,0,0,3,7,44,0,8.0,1
2018,8,CE,1,1,2,6,44,954.0,0,0,8,4,42,0,8.0,1
2019,4,CE,0,1,4,4,44,1101.0,0,0,5,8,32,0,8.0,0
2019,7,CE,0,1,6,3,44,1165.0,0,0,5,7,21,1,8.0,0
2019,12,CE,0,3,4,1,44,1538.0,0,0,7,7,40,1,8.0,0
2018,3,CE,1,3,2,3,44,1309.0,0,0,3,6,18,0,8.0,1
2018,9,CE,1,3,2,2,44,1453.0,0,0,7,7,45,1,8.0,1
2019,3,CE,1,1,2,9,44,1411.0,0,0,8,7,41,1,8.0,1
2019,3,CE,1,1,2,3,44,1224.0,0,0,7,7,30,1,9.0,1
2018,10,CE,1,1,2,7,44,1170.0,0,0,5,7,39,0,8.0,1
2019,12,CE,1,1,2,3,36,1059.0,0,0,4,7,30,0,8.0,1
2018,8,CE,1,1,2,1,44,1000.0,0,0,4,6,29,1,8.0,1
2019,4,CE,1,1,2,2,44,999.0,0,0,5,7,53,1,8.0,1
2018,5,CE,0,1,4,7,44,2262.0,0,0,2,9,31,0,2.0,0
2018,2,CE,0,1,4,3,44,1040.0,0,0,5,7,43,1,8.0,0
2018,4,CE,0,1,4,2,44,2737.0,0,0,1,7,32,1,8.0,0
2018,9,CE,0,1,4,2,44,1019.0,0,0,7,5,27,1,8.0,0
2019,1,CE,0,1,6,1,44,1200.0,0,0,7,6,24,1,4.0,0
2019,6,CE,0,1,43,1,44,1117.0,0,0,5,7,27,1,8.0,0
2019,10,CE,1,1,2,4,44,998.0,0,0,7,5,31,1,8.0,1
2019,9,CE,1,1,2,3,44,1110.0,0,0,5,7,35,0,9.0,1
2018,9,CE,1,1,2,1,44,954.0,0,0,4,7,27,1,8.0,1
2019,7,CE,1,1,2,3,44,1251.0,0,0,7,7,44,1,9.0,1
2019,6,CE,1,3,2,1,44,1300.0,0,0,1,7,23,1,8.0,1
2019,6,CE,1,1,2,1,44,1040.0,0,0,5,7,25,0,8.0,1
2018,12,CE,0,1,4,2,20,1204.0,0,0,2,9,43,0,8.0,0
2018,3,CE,0,1,4,2,44,954.0,0,0,5,7,53,1,2.0,0
2019,8,CE,1,1,25,6,28,656.0,1,0,4,7,19,1,8.0,1
2018,8,CE,1,1,1,9,20,448.0,1,0,7,6,22,1,8.0,1
2018,7,CE,1,1,2,9,44,1242.0,0,0,5,5,27,1,8.0,1
2019,8,CE,1,1,2,9,44,1885.0,0,0,8,7,56,1,8.0,1
2018,8,CE,1,1,2,3,44,1524.0,0,0,7,7,33,1,8.0,1
2018,2,CE,1,1,2,1,44,1128.0,0,0,4,7,28,0,8.0,1
2019,9,CE,1,1,2,9,44,6000.0,0,0,3,9,43,0,8.0,1
2018,7,CE,1,1,2,9,44,1242.0,0,0,5,5,27,1,8.0,1
2018,6,CE,0,3,4,4,44,1079.0,0,0,5,6,49,1,8.0,0
2018,1,CE,0,3,4,1,44,957.0,0,0,7,4,32,1,8.0,0
2018,4,CE,0,3,4,3,44,1453.0,0,0,7,6,39,1,8.0,0
2018,11,CE,0,1,6,4,44,954.0,0,0,7,7,23,1,8.0,0
2019,4,CE,0,1,43,3,44,998.0,0,0,5,7,42,1,9.0,0
2018,5,CE,0,1,43,7,22,0.0,1,0,3,6,18,1,8.0,0
2019,4,CE,1,1,1,9,44,1020.0,0,0,5,7,24,0,8.0,1
2019,1,CE,1,1,1,4,44,1111.0,0,0,3,7,20,0,8.0,1
2019,7,CE,1,1,1,1,22,529.0,0,0,5,7,29,0,8.0,1
2018,8,CE,1,1,1,9,30,696.0,0,0,7,4,28,0,8.0,1
2019,5,CE,1,1,1,4,20,470.0,1,0,5,6,15,0,8.0,1
2018,10,CE,1,3,1,1,44,951.0,0,0,7,4,32,1,8.0,1
2018,6,CE,1,1,1,6,22,746.0,1,0,7,7,18,1,8.0,1
2019,2,CE,1,1,1,9,44,1094.0,0,0,5,7,19,0,8.0,1
2018,11,CE,1,1,2,4,44,1697.0,0,0,7,7,40,1,8.0,1
2018,10,CE,1,1,2,6,44,1082.0,0,0,4,7,21,1,4.0,1
2018,5,CE,1,1,2,1,44,1200.0,0,0,5,7,46,1,8.0,1
2019,6,CE,1,1,2,5,44,3000.0,0,0,5,7,52,1,8.0,1
2018,8,CE,1,1,2,2,44,1014.0,0,0,5,4,19,1,8.0,1
2018,10,CE,1,1,2,1,44,1453.0,0,0,7,2,35,1,8.0,1
2018,9,CE,1,3,2,1,44,1139.0,0,0,7,4,52,1,8.0,1
2018,3,CE,1,1,2,3,44,954.0,0,0,5,7,18,1,2.0,1
2018,7,CE,1,1,2,3,44,1132.0,0,0,3,7,40,1,8.0,1
2018,8,CE,1,1,2,4,44,987.0,0,0,5,7,19,1,8.0,1
2019,11,CE,1,1,2,4,44,1727.0,0,0,4,8,28,0,8.0,1
2018,2,CE,1,1,2,1,44,977.0,0,0,5,7,21,0,9.0,1
2019,11,CE,1,1,2,9,44,1049.0,0,0,5,9,31,1,8.0,1
2018,5,CE,1,1,2,8,44,3032.0,0,0,4,7,34,1,8.0,1
2019,8,CE,1,1,2,9,36,998.0,0,0,4,7,22,1,8.0,1
2018,4,CE,1,1,2,9,44,1014.0,0,0,5,4,32,0,8.0,1
2019,7,CE,1,1,2,4,36,1172.0,0,0,5,7,26,1,2.0,1
2018,7,CE,1,1,2,5,44,1124.0,0,0,3,7,23,0,9.0,1
2019,4,CE,1,1,2,5,24,606.0,0,0,5,7,22,1,8.0,1
2018,3,CE,1,1,2,4,44,2158.0,0,0,5,7,36,1,8.0,1
2018,5,CE,1,1,2,3,44,964.0,0,0,7,7,22,1,8.0,1
2019,11,CE,1,1,2,3,44,1111.0,0,0,5,7,29,0,8.0,1
2018,12,CE,1,1,2,3,44,966.0,0,0,3,7,24,1,9.0,1
2019,2,CE,1,1,2,1,44,1255.0,0,0,4,7,30,1,9.0,1
2018,8,CE,1,1,2,3,44,990.0,0,0,4,7,40,1,9.0,1
2019,1,CE,1,1,2,4,44,1082.0,0,0,5,7,29,1,8.0,1
2019,9,CE,1,1,2,1,44,1079.0,0,0,7,7,39,1,9.0,1
2018,2,CE,1,1,2,5,44,1453.0,0,0,7,7,34,1,8.0,1
2018,12,CE,1,1,2,3,44,2500.0,0,0,3,8,18,1,8.0,1
2019,12,CE,1,1,2,1,44,1097.0,0,0,4,9,35,1,2.0,1
2018,1,CE,1,1,2,2,44,1200.0,0,0,5,7,45,0,8.0,1
2019,11,CE,1,1,2,5,44,1032.0,0,0,5,7,25,1,8.0,1
2019,9,CE,1,1,2,3,44,1112.0,0,1,5,7,33,1,8.0,1
2019,11,CE,1,1,2,1,44,1164.0,0,0,4,7,31,1,8.0,1
2018,5,CE,1,1,2,9,24,616.0,0,0,5,7,36,0,8.0,1
2018,4,CE,1,1,2,2,44,1128.0,0,0,7,2,47,0,2.0,1
2019,4,CE,1,1,2,5,22,1131.0,0,0,4,7,26,0,8.0,1
2018,4,CE,1,1,2,3,44,954.0,0,0,7,7,40,1,8.0,1
2018,1,CE,1,1,2,5,44,987.0,0,0,8,7,21,0,8.0,1
2018,8,CE,1,1,2,1,44,1908.0,0,0,4,7,23,0,8.0,1
2019,8,CE,1,1,2,4,44,1700.0,0,0,2,7,26,1,8.0,1
2019,4,CE,1,1,2,6,44,1063.0,0,0,7,6,27,0,9.0,1
2018,8,CE,1,3,2,1,44,1453.0,0,0,7,7,33,1,6.0,1
2018,3,CE,1,1,2,1,44,977.0,0,0,5,7,33,1,8.0,1
2019,11,CE,1,1,2,3,44,0.0,0,0,2,9,34,0,8.0,1
2018,10,CE,1,1,2,1,44,954.0,0,0,4,7,35,0,9.0,1
2019,4,CE,1,1,2,3,44,1391.0,0,0,4,7,25,0,8.0,1
2019,2,CE,1,1,2,9,44,2500.0,0,0,4,9,32,0,8.0,1
2018,2,CE,1,1,2,6,44,1058.0,0,0,5,7,28,1,8.0,1
2019,2,CE,1,1,2,8,44,1075.0,0,0,3,7,23,1,8.0,1
2019,12,CE,1,1,2,1,44,1059.0,0,0,5,7,32,1,8.0,1
2018,12,CE,1,1,2,1,44,1500.0,0,0,2,9,43,1,8.0,1
2019,1,CE,1,1,2,5,44,1040.0,0,0,7,5,50,0,2.0,1
2018,7,CE,1,1,2,2,44,992.0,0,0,5,7,32,1,8.0,1
2019,11,CE,1,1,2,8,44,2322.0,0,0,3,7,48,1,9.0,1
2018,1,CE,1,1,2,7,44,1007.0,0,0,7,7,26,1,4.0,1
2019,12,CE,1,1,2,4,44,1105.0,0,0,3,7,23,0,8.0,1
2018,1,CE,1,3,2,4,44,1453.0,0,0,7,4,39,1,2.0,1
2018,6,CE,1,1,2,1,44,1570.0,0,0,7,7,33,1,8.0,1
2018,11,CE,1,1,2,6,44,987.0,0,0,5,7,32,1,8.0,1
2018,1,CE,1,1,2,8,44,954.0,0,0,9,4,42,1,8.0,1
2019,9,CE,1,1,2,8,24,544.0,0,0,7,2,55,0,8.0,1
2019,11,CE,1,1,2,7,44,1411.0,0,0,4,7,25,0,2.0,1
2018,11,CE,1,1,2,4,44,1128.0,0,0,7,6,33,1,8.0,1
2018,4,CE,1,1,2,6,44,3033.0,0,0,5,9,50,1,8.0,1
2019,5,CE,1,1,2,5,44,0.0,0,0,5,6,42,1,8.0,1
2018,10,CE,1,1,2,6,44,1453.0,0,0,7,7,29,1,8.0,1
2018,9,CE,1,1,2,9,44,990.0,0,0,7,7,26,1,8.0,1
2019,6,CE,1,1,2,4,44,2200.0,0,0,4,7,29,0,4.0,1
2018,4,CE,1,1,2,1,44,954.0,0,0,7,7,20,1,4.0,1
2018,4,CE,1,1,2,3,44,1336.0,0,0,3,7,28,1,8.0,1
2018,4,CE,1,1,2,3,44,1500.0,0,0,1,7,41,1,8.0,1
2019,3,CE,1,1,2,2,22,532.0,0,0,3,7,19,0,8.0,1
2018,12,CE,1,1,2,7,24,1085.0,0,0,3,9,36,1,8.0,1
2019,2,CE,1,1,2,3,44,1111.0,0,0,5,7,44,0,2.0,1
2019,7,CE,1,1,2,5,44,1118.0,0,0,5,7,31,0,4.0,1
2018,4,CE,1,1,2,5,44,1082.0,0,0,8,7,38,1,8.0,1
2018,5,CE,1,1,2,1,44,980.0,0,0,4,7,38,0,8.0,1
2019,11,CE,1,1,2,2,44,1022.0,0,0,5,7,27,1,2.0,1
2019,3,CE,1,1,2,7,44,1285.0,0,0,5,6,29,1,8.0,1
2018,5,CE,1,1,2,5,44,1453.0,0,0,9,4,56,1,8.0,1
2018,12,CE,1,1,2,2,44,954.0,0,0,5,7,19,0,8.0,1
2019,8,CE,1,1,2,2,44,1500.0,0,0,7,7,32,1,8.0,1
2019,4,CE,1,1,2,5,44,4000.0,0,0,3,7,27,0,8.0,1
2018,4,CE,1,1,2,2,44,987.0,0,0,5,2,28,0,8.0,1
2019,1,CE,1,1,2,2,44,998.0,0,0,7,7,51,1,8.0,1
2018,9,CE,1,1,2,1,44,1070.0,0,0,4,7,27,1,8.0,1
2019,1,CE,1,1,2,1,44,1059.0,0,0,5,7,21,0,8.0,1
2019,11,CE,1,1,2,3,44,1022.0,0,0,5,7,21,1,8.0,1
2019,1,CE,1,1,2,8,44,1082.0,0,0,8,7,35,1,8.0,1
2019,8,CE,1,1,2,1,44,998.0,0,0,4,7,21,0,2.0,1
2019,3,CE,1,1,2,3,44,998.0,0,0,5,1,42,1,9.0,1
2019,10,CE,1,1,2,7,44,1468.0,0,0,7,7,49,1,8.0,1
2018,3,CE,1,1,2,5,44,1100.0,0,0,5,7,43,1,8.0,1
2018,9,CE,1,1,2,5,44,1030.0,0,0,7,5,30,1,8.0,1
2019,6,CE,1,1,2,1,44,1111.0,0,0,7,7,23,1,8.0,1
2019,9,CE,1,1,2,4,44,1642.0,0,0,7,7,28,1,2.0,1
2019,11,CE,1,1,2,8,44,2410.0,0,0,4,8,24,1,8.0,1
2019,4,CE,1,1,2,4,44,1500.0,0,0,5,8,24,0,8.0,1
2018,10,CE,1,1,2,1,44,1128.0,0,0,4,7,24,0,8.0,1
2018,7,CE,1,1,2,1,44,1100.0,0,0,3,8,18,1,2.0,1
2018,1,CE,1,1,2,1,44,984.0,0,0,5,7,21,0,2.0,1
2019,7,CE,1,1,2,5,44,1081.0,0,0,4,7,24,0,8.0,1
2018,11,CE,1,1,2,1,44,1082.0,0,0,4,9,43,0,9.0,1
2018,9,CE,1,1,2,6,36,1019.0,0,0,4,7,38,1,8.0,1
2019,9,CE,1,1,2,3,44,998.0,0,0,7,7,35,1,8.0,1
2019,12,CE,1,1,2,1,44,1059.0,0,0,4,7,31,0,9.0,1
2018,4,CE,1,1,2,1,44,977.0,0,0,5,7,35,1,2.0,1
2019,8,CE,1,1,2,3,44,1022.0,0,0,4,7,22,0,8.0,1
2019,6,CE,1,1,2,9,44,1568.0,0,0,7,2,61,1,8.0,1
2018,10,CE,1,1,2,1,44,987.0,0,0,5,7,23,1,8.0,1
2018,1,CE,1,3,2,5,44,1453.0,0,0,7,5,56,1,8.0,1
2019,7,CE,1,1,2,1,22,999.0,0,0,5,7,49,1,4.0,1
2018,7,CE,1,1,2,5,44,954.0,0,0,7,7,27,1,9.0,1
2018,7,CE,1,1,2,2,44,3618.0,0,0,4,7,47,1,8.0,1
2018,10,CE,1,1,2,1,44,1210.0,0,0,4,7,20,1,2.0,1
2019,12,CE,1,1,2,1,44,1111.0,0,0,5,7,27,1,8.0,1
2019,1,CE,1,1,2,4,22,499.0,0,0,2,9,21,0,8.0,1
2018,8,CE,1,1,2,2,44,954.0,0,0,5,7,31,1,8.0,1
2019,12,CE,1,3,2,1,20,1250.0,0,0,3,7,31,1,6.0,1
2019,4,CE,1,1,2,3,44,1020.0,0,0,7,7,44,1,8.0,1
2018,11,CE,1,1,2,4,44,986.0,0,0,1,7,20,0,8.0,1
2019,5,CE,1,1,2,7,44,1119.0,0,0,5,7,25,1,8.0,1
2019,6,CE,1,1,2,6,44,1119.0,0,0,5,7,21,1,4.0,1
2018,3,CE,1,1,2,5,44,1100.0,0,0,5,7,43,1,8.0,1
2019,6,CE,1,1,2,8,44,1136.0,0,0,7,7,33,1,8.0,1
2019,7,CE,1,1,2,4,36,1172.0,0,0,5,4,27,1,4.0,1
2018,7,CE,0,1,4,2,44,1018.0,0,0,9,4,22,1,8.0,0
2018,11,CE,0,1,4,1,44,1453.0,0,0,7,4,29,1,9.0,0
2019,11,CE,0,3,4,4,44,1674.0,0,0,7,4,62,1,8.0,0
2018,9,CE,0,3,4,4,44,1453.0,0,0,7,4,52,1,8.0,0
2018,10,CE,0,1,4,2,44,1020.0,0,0,7,6,31,1,8.0,0
2018,4,CE,0,1,4,4,44,1069.0,0,0,5,7,39,1,8.0,0
2019,10,CE,0,1,4,1,44,1111.0,0,0,5,7,29,1,8.0,0
2018,11,CE,0,1,4,1,44,957.0,0,0,7,5,24,1,1.0,0
2018,12,CE,0,1,4,5,44,1687.0,0,0,3,9,29,0,2.0,0
2018,10,CE,0,3,4,5,44,1453.0,0,0,7,3,31,1,8.0,0
2018,1,CE,0,3,4,6,44,1079.0,0,0,7,7,50,1,8.0,0
2019,8,CE,0,1,4,6,36,1100.0,0,0,5,2,57,1,8.0,0
2019,4,CE,0,1,4,3,44,1032.0,0,0,5,7,32,1,8.0,0
2018,10,CE,0,1,4,8,44,1500.0,0,0,4,7,33,1,8.0,0
2018,7,CE,0,1,4,2,44,960.0,0,0,5,5,23,0,4.0,0
2019,4,CE,0,1,4,5,44,1168.0,0,0,7,7,42,1,8.0,0
2018,10,CE,0,1,4,1,44,964.0,0,0,7,5,36,1,1.0,0
2018,9,CE,0,1,4,7,44,2076.0,0,0,7,6,35,1,8.0,0
2019,8,CE,0,1,4,2,44,998.0,0,0,5,7,26,1,8.0,0
2019,10,CE,0,1,4,2,44,1100.0,0,0,4,7,25,0,8.0,0
2019,6,CE,0,1,4,3,44,998.0,0,0,4,7,23,1,8.0,0
2019,5,CE,0,1,4,3,44,5753.0,0,0,7,7,37,1,2.0,0
2019,2,CE,0,1,4,2,44,1022.0,0,0,5,7,27,1,9.0,0
2018,12,CE,0,3,4,4,44,1111.0,0,0,7,6,32,1,9.0,0
2019,1,CE,0,1,4,4,44,1111.0,0,0,4,7,21,1,6.0,0
2018,1,CE,0,1,4,6,44,958.0,0,0,5,7,31,1,2.0,0
2018,11,CE,0,1,4,7,44,1133.0,0,0,4,7,40,0,8.0,0
2018,1,CE,0,1,4,3,44,2771.0,0,0,4,8,35,0,8.0,0
2019,10,CE,0,1,4,6,44,1111.0,0,0,7,7,38,1,8.0,0
2018,8,CE,0,1,4,5,44,1230.0,0,0,5,7,54,1,8.0,0
2018,2,CE,0,1,4,3,44,1174.0,0,0,5,7,51,1,2.0,0
2018,5,CE,0,1,4,8,44,957.0,0,0,7,2,32,1,8.0,0
2018,4,CE,0,1,4,4,44,1079.0,0,0,4,7,24,0,8.0,0
2018,7,CE,0,1,4,9,44,1290.0,0,0,9,6,59,1,2.0,0
2019,1,CE,0,1,4,5,44,3123.0,0,0,1,9,27,1,8.0,0
2018,7,CE,0,1,4,2,44,1019.0,0,0,5,7,24,0,9.0,0
2018,11,CE,0,1,4,4,44,1406.0,0,0,7,4,25,1,8.0,0
2019,3,CE,0,1,4,1,44,998.0,0,0,7,7,40,1,8.0,0
2019,4,CE,0,1,4,5,44,1231.0,0,1,4,7,42,0,8.0,0
2018,11,CE,0,1,4,1,44,1128.0,0,0,4,8,30,0,8.0,0
2019,4,CE,0,1,4,4,44,1500.0,0,0,4,9,24,0,8.0,0
2018,3,CE,0,1,4,3,44,977.0,0,0,5,7,20,1,8.0,0
2018,2,CE,0,1,4,7,44,1100.0,0,0,4,7,43,1,8.0,0
2018,12,CE,0,1,4,7,44,1674.0,0,0,7,3,44,1,8.0,0
2018,8,CE,0,1,4,5,44,1082.0,0,0,4,7,25,0,8.0,0
2018,6,CE,0,1,4,4,44,1011.0,0,0,5,2,43,0,8.0,0
2018,9,CE,0,1,4,9,44,1059.0,0,0,5,7,31,1,8.0,0
2018,6,CE,0,1,4,4,44,1207.0,0,0,4,7,21,1,8.0,0
2019,7,CE,0,1,4,7,44,2187.0,0,0,7,5,39,1,8.0,0
2018,8,CE,0,1,4,3,44,1453.0,0,0,7,7,25,1,8.0,0
2019,7,CE,0,1,4,3,44,1500.0,0,0,1,7,25,0,4.0,0
2018,8,CE,0,1,4,3,44,1545.0,0,0,1,7,26,0,8.0,0
2019,12,CE,0,1,4,3,44,2010.0,0,0,3,7,21,1,8.0,0
2018,1,CE,0,1,4,5,44,957.0,0,0,5,6,20,0,8.0,0
2018,3,CE,0,1,4,2,44,987.0,0,0,4,7,22,0,8.0,0
2018,9,CE,0,1,4,8,44,1290.0,0,0,7,7,44,1,8.0,0
2019,10,CE,0,1,4,2,44,1014.0,0,0,7,4,21,1,2.0,0
2019,12,CE,0,1,4,3,44,1056.0,0,0,2,7,61,0,8.0,0
2019,10,CE,0,1,4,8,44,1551.0,0,0,5,7,36,1,8.0,0
2018,9,CE,0,1,4,9,44,964.0,0,0,7,6,23,0,8.0,0
2018,9,CE,0,1,4,3,44,987.0,0,0,5,7,29,1,8.0,0
2019,9,CE,0,3,4,6,44,1538.0,0,0,7,4,41,1,8.0,0
2019,2,CE,0,1,4,5,44,998.0,0,0,7,7,21,0,8.0,0
2018,2,CE,0,1,4,2,36,992.0,0,0,4,7,28,0,8.0,0
2019,4,CE,0,1,4,3,44,998.0,0,0,5,7,27,1,9.0,0
2019,9,CE,0,1,4,8,44,2847.0,0,0,8,8,38,1,8.0,0
2019,8,CE,0,1,4,2,44,1104.0,0,0,5,7,63,0,8.0,0
2019,6,CE,0,1,4,6,44,1103.0,0,0,7,5,44,1,8.0,0
2019,5,CE,0,1,4,2,44,1387.0,0,0,3,6,42,1,1.0,0
2018,11,CE,0,1,4,7,44,1163.0,0,0,5,4,37,1,8.0,0
2018,7,CE,0,1,4,3,44,1585.0,0,0,5,7,30,1,8.0,0
2019,1,CE,0,1,4,4,44,1884.0,0,0,2,9,37,0,8.0,0
2019,8,CE,0,1,4,5,44,1093.0,0,0,7,7,31,0,6.0,0
2019,12,CE,0,1,4,7,44,42798.0,0,0,1,9,44,0,8.0,0
2018,10,CE,0,1,4,5,44,987.0,0,0,7,7,24,1,8.0,0
2018,2,CE,0,1,4,2,44,1040.0,0,0,5,7,30,1,8.0,0
2018,3,CE,0,1,4,3,44,1707.0,0,0,7,5,40,1,2.0,0
2019,7,CE,0,1,4,3,44,1032.0,0,0,5,7,24,1,8.0,0
2018,3,CE,0,1,4,6,44,2517.0,0,0,7,7,48,1,8.0,0
2019,1,CE,0,1,4,6,44,1082.0,0,0,4,4,33,1,8.0,0
2019,3,CE,0,1,4,5,44,1019.0,0,0,7,4,24,1,8.0,0
2018,4,CE,0,1,4,8,44,1809.0,0,0,9,7,48,1,2.0,0
2018,4,CE,0,1,4,1,44,1100.0,0,0,7,3,23,1,8.0,0
2018,10,CE,0,1,4,7,44,1480.0,0,0,7,2,43,1,8.0,0
2018,10,CE,0,1,4,9,38,964.0,0,0,7,6,33,1,8.0,0
2019,9,CE,0,1,4,3,44,3985.0,0,0,2,9,27,0,9.0,0
2018,2,CE,0,1,4,4,44,954.0,0,0,5,7,25,1,8.0,0
2018,6,CE,0,1,4,5,44,1453.0,0,0,7,7,36,1,8.0,0
2018,12,CE,0,1,4,1,44,3132.0,0,0,2,7,57,0,2.0,0
2019,5,CE,0,1,4,9,40,1189.0,0,0,4,7,32,0,8.0,0
2019,9,CE,0,1,4,9,36,998.0,0,0,4,7,22,0,8.0,0
2018,11,CE,0,1,5,6,44,1321.0,0,1,4,4,42,1,8.0,0
2018,3,CE,0,1,6,2,44,1477.0,0,0,4,7,22,1,8.0,0
2018,3,CE,0,1,6,2,36,974.0,0,0,5,7,43,1,8.0,0
2019,3,CE,0,1,6,7,22,499.0,1,0,4,8,22,0,8.0,0
2019,5,CE,0,1,6,6,44,1500.0,0,0,4,7,37,0,9.0,0
2018,12,CE,0,1,6,4,44,987.0,0,0,5,7,26,1,8.0,0
2018,5,CE,0,1,6,4,44,1082.0,0,0,4,7,21,1,8.0,0
2018,8,CE,0,1,6,1,44,1200.0,0,0,5,7,35,1,8.0,0
2019,9,CE,0,1,6,9,36,998.0,0,0,4,7,22,1,8.0,0
2018,8,CE,0,1,6,5,44,1000.0,0,0,5,7,29,0,2.0,0
2018,7,CE,0,1,6,7,44,1145.0,0,0,4,7,22,1,8.0,0
2019,1,CE,0,1,6,2,44,1034.0,0,0,3,7,42,0,8.0,0
2019,5,CE,0,1,6,8,44,1049.0,0,0,5,7,31,0,8.0,0
2018,5,CE,0,1,6,1,30,651.0,1,0,4,7,18,0,8.0,0
2018,3,CE,0,1,6,8,36,2331.0,0,0,2,9,39,0,8.0,0
2018,8,CE,0,1,6,4,44,1235.0,0,0,5,7,20,0,2.0,0
2019,10,CE,0,1,6,1,44,1000.0,0,0,5,7,57,1,8.0,0
2018,4,CE,0,3,6,1,44,980.0,0,0,3,7,37,0,8.0,0
2019,1,CE,0,1,6,4,44,1165.0,0,0,4,7,21,1,8.0,0
2018,3,CE,0,1,6,6,44,1058.0,0,0,4,7,20,0,2.0,0
2019,10,CE,0,1,6,4,44,1081.0,0,0,4,8,31,0,2.0,0
2019,8,CE,0,1,6,9,44,1640.0,0,0,7,7,48,1,2.0,0
2018,10,CE,0,1,6,5,44,0.0,0,0,5,7,18,0,8.0,0
2019,9,CE,0,1,6,1,36,1312.0,0,0,5,6,35,0,8.0,0
2019,3,CE,0,1,6,6,25,636.0,1,0,7,7,20,0,8.0,0
2019,9,CE,0,1,6,3,44,1148.0,0,0,5,9,29,0,8.0,0
2018,5,CE,0,1,11,7,36,1008.0,0,0,5,7,31,0,8.0,0
2019,5,CE,0,1,11,9,24,544.0,1,0,4,7,21,0,8.0,0
2019,8,CE,0,1,11,5,44,1198.0,0,0,5,7,43,1,2.0,0
2018,8,CE,0,1,11,5,20,434.0,1,0,4,6,18,1,8.0,0
2018,8,CE,0,1,11,1,44,1030.0,0,0,5,7,26,1,8.0,0
2018,5,CE,1,3,25,6,44,957.0,0,0,7,5,48,1,8.0,1
2018,10,CE,1,1,25,7,30,1107.0,0,0,2,9,27,1,8.0,1
2018,4,CE,1,1,25,3,44,977.0,0,0,5,7,37,0,2.0,1
2019,12,CE,1,1,25,6,20,468.0,1,0,4,8,18,1,9.0,1
2019,8,CE,0,1,43,7,26,0.0,1,0,4,8,20,1,8.0,0
2018,1,CE,0,1,43,6,44,987.0,0,0,5,7,25,1,9.0,0
2018,4,CE,0,1,43,5,44,1082.0,0,0,5,6,32,1,8.0,0
2018,11,CE,0,1,43,3,44,1082.0,0,0,4,7,22,1,8.0,0
2019,3,CE,0,1,43,6,44,998.0,0,0,5,7,30,1,8.0,0
2018,5,CE,0,1,43,4,44,0.0,0,0,5,7,20,0,8.0,0
2019,10,CE,0,1,43,5,44,998.0,0,0,5,7,21,0,8.0,0
2018,5,CE,0,1,33,6,44,3309.0,0,0,1,8,41,1,8.0,0
2018,3,CE,1,1,2,6,21,954.0,0,0,5,4,53,1,8.0,1
2019,10,CE,0,3,43,1,44,998.0,0,0,6,4,54,1,2.0,0
2018,2,CE,1,1,2,7,44,1452.0,0,0,9,7,35,1,8.0,1
2019,2,CE,1,3,2,5,44,998.0,0,0,7,5,24,1,8.0,1
2019,2,CE,1,3,2,5,44,998.0,0,0,7,5,47,1,8.0,1
2018,10,CE,0,1,11,9,34,954.0,1,0,7,7,19,0,2.0,0
2018,7,CE,1,1,1,1,44,1431.0,0,0,1,7,23,1,8.0,1
2019,4,CE,0,3,4,3,44,1771.0,0,0,7,7,30,1,8.0,0
2018,2,CE,0,1,4,9,44,1069.0,0,0,6,7,20,1,8.0,0
2019,6,CE,0,3,11,1,44,1674.0,0,0,7,7,39,1,8.0,0
2019,8,CE,1,1,2,6,22,0.0,0,0,2,9,46,1,8.0,1
2019,7,CE,1,1,2,1,44,1045.0,0,0,5,6,20,1,8.0,1
2018,7,CE,1,1,2,4,44,980.0,0,0,7,4,41,1,8.0,1
2019,1,CE,0,1,4,4,44,996.0,0,0,5,3,43,0,8.0,0
2019,6,CE,0,1,6,5,44,998.0,0,0,7,6,23,1,8.0,0
2018,4,CE,0,1,43,6,44,1005.0,0,0,7,3,39,1,8.0,0
2018,4,CE,1,1,2,4,44,1453.0,0,0,7,7,46,1,8.0,1
2019,10,CE,1,1,2,1,44,2041.0,0,0,7,4,55,1,8.0,1
2019,7,CE,0,1,4,4,44,0.0,0,0,7,7,26,0,8.0,0
2018,9,CE,1,3,2,1,44,954.0,0,0,7,7,35,1,8.0,1
2019,9,CE,0,3,4,6,44,1300.0,0,0,7,7,31,1,8.0,0
2019,12,CE,0,1,4,1,44,1018.0,0,0,5,7,22,0,2.0,0
2018,2,CE,1,1,2,3,44,954.0,0,0,4,7,24,0,8.0,1
2019,1,CE,1,1,2,1,44,998.0,0,0,7,7,23,1,8.0,1
2019,8,CE,0,1,4,3,44,1480.0,0,0,7,5,28,1,8.0,0
2019,10,CE,1,1,2,4,44,1050.0,0,0,7,7,40,0,8.0,1
2019,5,CE,1,3,2,1,44,998.0,0,0,7,7,38,1,8.0,1
2019,6,CE,1,1,2,4,44,998.0,0,0,7,5,40,1,2.0,1
2018,2,CE,1,1,2,5,44,1010.0,0,0,3,7,21,0,8.0,1
2019,10,CE,1,1,2,1,44,1037.0,0,0,7,7,36,1,8.0,1
2018,3,CE,1,1,2,3,44,980.0,0,0,5,7,28,1,8.0,1
2019,11,CE,0,1,4,4,44,1050.0,0,0,5,7,42,1,8.0,0
2018,1,CE,0,1,4,6,44,972.0,0,0,7,7,27,1,2.0,0
2019,11,CE,0,1,4,4,44,1037.0,0,0,7,7,32,1,8.0,0
2018,9,CE,0,1,4,4,44,954.0,0,0,5,7,28,0,8.0,0
2018,6,CE,0,1,6,3,44,969.0,0,0,5,7,23,1,2.0,0
2019,8,CE,1,1,2,2,40,1100.0,0,0,2,9,34,0,2.0,1
2018,1,CE,1,1,2,2,44,2291.0,0,0,7,4,32,1,8.0,1
2019,8,CE,1,1,2,1,44,998.0,0,0,5,7,37,0,9.0,1
2019,11,CE,0,1,11,7,44,1011.0,0,0,6,4,35,1,8.0,0
2018,8,CE,1,1,2,1,44,1200.0,0,0,5,7,26,1,8.0,1
2019,6,CE,1,1,2,7,44,8500.0,0,0,2,9,31,1,8.0,1
2019,12,CE,1,1,2,1,44,1000.0,0,0,7,7,23,1,2.0,1
2018,4,CE,1,1,2,1,44,1360.0,0,0,7,6,21,1,8.0,1
2018,11,CE,1,1,2,2,44,1000.0,0,0,7,4,26,1,9.0,1
2018,1,CE,1,1,2,7,44,955.0,0,0,5,4,49,1,8.0,1
2018,8,CE,1,1,2,8,44,2200.0,0,0,2,9,28,0,8.0,1
2018,1,CE,1,3,2,1,44,957.0,0,0,7,7,36,1,8.0,1
2019,1,CE,1,1,2,1,44,998.0,0,0,4,7,37,0,2.0,1
2019,2,CE,0,1,4,4,44,1163.0,0,0,7,7,31,1,8.0,0
2018,6,CE,0,1,4,9,44,1423.0,0,0,7,5,61,1,8.0,0
2018,5,CE,0,1,4,5,44,1005.0,0,0,7,5,40,0,8.0,0
2019,4,CE,0,1,4,8,44,1060.0,0,0,7,7,24,0,8.0,0
2019,8,CE,0,1,4,7,44,1363.0,0,0,5,7,44,1,8.0,0
2019,8,CE,0,1,4,9,44,1019.0,0,0,7,7,34,1,8.0,0
2018,11,CE,0,1,6,8,44,965.0,0,0,7,7,41,1,2.0,0
2019,3,CE,0,1,6,8,44,1060.0,0,0,7,6,21,0,8.0,0
2019,8,CE,0,1,6,9,44,1075.0,0,0,7,5,44,0,8.0,0
2018,6,CE,0,1,11,6,36,1122.0,0,0,3,7,25,1,8.0,0
2018,8,CE,0,1,43,6,44,3110.0,0,0,9,2,33,1,8.0,0
2019,10,CE,1,1,1,4,44,998.0,0,0,5,7,18,0,8.0,1
2019,3,CE,1,1,2,1,44,3500.0,0,0,7,9,38,1,8.0,1
2018,4,CE,1,1,2,7,44,1039.0,0,0,8,7,21,1,2.0,1
2019,10,CE,0,1,6,9,40,908.0,1,0,7,7,21,0,8.0,0
2018,10,CE,0,1,43,1,44,954.0,0,0,5,7,32,0,8.0,0
2019,7,CE,0,1,4,3,44,998.0,0,0,7,5,36,1,2.0,0
2018,6,CE,1,1,2,6,44,1132.0,0,0,7,7,33,1,8.0,1
2018,5,CE,1,1,1,3,44,954.0,0,0,9,7,23,1,8.0,1
2018,8,CE,0,1,6,3,44,955.0,0,0,5,6,20,1,2.0,0
2018,1,CE,0,1,6,2,44,975.0,0,0,7,2,43,1,9.0,0
2018,2,CE,0,1,4,4,44,954.0,0,0,7,2,58,1,2.0,0
2018,4,CE,1,1,1,8,44,954.0,0,0,7,6,29,0,8.0,1
2018,2,CE,0,1,4,9,44,974.0,0,0,7,7,23,1,8.0,0
2018,12,CE,1,1,2,1,44,954.0,0,0,4,7,28,1,8.0,1
2019,6,CE,0,1,4,2,44,998.0,0,0,5,7,28,0,8.0,0
2019,1,CE,0,1,4,9,44,2093.0,0,0,7,5,56,1,8.0,0
2019,7,CE,1,1,1,9,44,998.0,0,0,5,6,23,1,8.0,1
2019,4,CE,1,1,2,7,44,998.0,0,0,7,7,34,1,8.0,1
2018,10,CE,0,3,43,1,44,1453.0,0,0,7,4,39,1,2.0,0
2019,7,CE,0,1,4,2,22,518.0,0,0,4,7,25,0,8.0,0
2019,7,CE,0,1,4,4,44,998.0,0,0,7,2,38,1,4.0,0
2018,1,CE,1,1,2,1,44,954.0,0,0,7,5,23,1,8.0,1
2018,1,CE,1,1,2,1,44,954.0,0,0,7,5,23,1,8.0,1
2019,2,CE,1,1,2,1,44,998.0,0,0,5,7,40,1,8.0,1
2019,9,CE,1,1,1,1,44,3879.0,0,0,2,9,33,1,2.0,1
2018,3,CE,1,1,1,2,44,983.0,0,0,4,8,20,0,8.0,1
2018,3,CE,1,1,2,1,44,954.0,0,0,5,5,34,1,2.0,1
2019,8,CE,1,1,1,6,44,1280.0,0,0,7,8,33,1,8.0,1
2019,2,CE,1,1,2,3,44,1117.0,0,0,4,7,18,0,8.0,1
2019,6,CE,1,3,2,1,44,1480.0,0,0,7,1,48,1,6.0,1
2019,2,CE,0,3,4,3,44,1111.0,0,0,7,5,25,1,8.0,0
2018,6,CE,0,3,6,1,44,1856.0,0,0,7,5,34,1,8.0,0
2018,10,CE,0,1,11,3,44,1069.0,0,0,7,7,29,1,9.0,0
2019,1,CE,0,3,4,1,44,998.0,0,0,6,6,22,1,2.0,0
2018,1,CE,1,1,1,4,44,983.0,0,0,7,7,27,1,8.0,1
2018,1,CE,1,1,2,3,44,1019.0,0,0,9,5,19,1,8.0,1
2019,10,CE,1,1,2,4,44,1280.0,0,0,7,2,63,1,8.0,1
2019,2,CE,1,1,2,2,24,429.0,0,0,4,7,18,0,8.0,1
2019,7,CE,0,1,4,1,44,1070.0,0,0,8,5,53,1,8.0,0
2018,12,CE,0,1,4,8,44,1380.0,0,0,7,5,53,1,8.0,0
2018,6,CE,0,1,4,6,44,965.0,0,0,5,7,35,0,8.0,0
2019,12,CE,0,1,43,1,44,998.0,0,0,5,7,21,0,9.0,0
2018,5,CE,0,1,43,6,44,1400.0,0,0,4,7,24,1,8.0,0
2018,8,CE,0,1,4,4,44,1989.0,0,0,7,7,37,1,4.0,0
2018,2,CE,0,1,4,4,44,1013.0,0,0,7,7,30,1,8.0,0
2019,7,CE,1,3,2,1,44,1800.0,0,0,2,9,33,1,8.0,1
2018,6,CE,1,3,2,1,44,1427.0,0,0,8,7,40,1,8.0,1
2018,5,CE,0,1,6,6,44,954.0,0,0,7,6,40,1,2.0,0
2018,12,CE,0,1,4,4,44,1489.0,0,0,3,6,27,1,9.0,0
2019,8,CE,0,1,4,4,44,1489.0,0,0,3,5,30,1,8.0,0
2018,1,CE,0,1,11,9,20,1149.0,0,0,3,9,30,1,9.0,0
2018,7,CE,0,1,11,9,20,0.0,0,0,5,7,38,0,9.0,0
2018,7,CE,0,1,11,9,20,0.0,0,0,5,7,38,0,9.0,0
2018,11,RN,0,1,4,4,44,1005.0,0,0,5,7,23,1,2.0,0
2018,9,RN,0,1,6,5,44,1005.0,0,0,5,7,24,1,8.0,0
2019,2,RN,1,1,2,1,44,1020.0,0,0,7,7,43,1,2.0,1
2019,2,RN,0,1,4,6,44,1160.0,0,0,6,2,35,1,9.0,0
2018,8,RN,1,1,25,7,44,966.0,0,0,6,2,37,1,9.0,1
2018,8,RN,1,1,1,1,44,973.0,0,0,8,7,22,0,8.0,1
2018,10,RN,1,1,2,4,44,979.0,0,0,5,7,40,1,9.0,1
2019,6,RN,1,1,2,1,44,1003.0,0,0,7,7,30,0,9.0,1
2018,11,RN,1,1,2,5,44,986.0,0,0,4,7,37,0,2.0,1
2019,3,RN,0,1,4,1,44,998.0,0,0,4,7,20,0,2.0,0
2018,1,RN,0,3,4,1,44,1089.0,0,0,7,4,24,1,2.0,0
2018,1,RN,0,1,6,3,44,961.0,0,0,3,7,24,1,2.0,0
2019,12,RN,0,1,6,4,44,2347.0,0,0,2,7,26,0,8.0,0
2018,5,RN,1,1,1,8,44,2000.0,0,0,3,8,22,1,8.0,1
2018,3,RN,1,1,1,1,44,961.0,0,0,4,7,20,0,8.0,1
2018,3,RN,0,1,43,7,44,964.0,0,0,6,1,52,1,9.0,0
2018,12,RN,0,1,4,2,44,986.0,0,0,5,7,39,0,8.0,0
2019,1,RN,0,1,11,7,44,1113.0,0,0,6,2,37,1,2.0,0
2018,4,RN,1,1,2,6,44,976.0,0,0,7,7,31,1,9.0,1
2018,12,RN,1,1,2,6,44,1005.0,0,0,5,7,20,1,2.0,1
2019,11,RN,1,1,1,9,36,998.0,0,0,4,7,20,1,8.0,1
2019,2,RN,1,1,2,6,20,338.0,1,0,7,7,19,1,8.0,1
2018,9,RN,1,1,2,1,44,1044.0,0,0,7,5,28,1,2.0,1
2018,5,RN,1,1,2,9,44,1713.0,0,0,7,9,33,1,2.0,1
2018,12,RN,1,1,2,1,36,797.0,0,0,5,7,22,0,2.0,1
2018,2,RN,1,1,2,1,44,961.0,0,0,5,7,27,1,2.0,1
2018,3,RN,0,1,4,6,44,1755.0,0,0,4,7,38,0,8.0,0
2018,3,RN,0,1,4,1,44,1361.0,0,0,2,9,25,1,9.0,0
2019,2,RN,0,1,4,1,44,998.0,0,0,7,7,31,0,2.0,0
2019,6,RN,0,1,4,2,44,1245.0,0,0,7,7,35,1,9.0,0
2019,12,RN,0,1,6,7,44,1208.0,0,0,5,7,39,1,9.0,0
2018,10,RN,0,1,6,1,22,486.0,0,0,5,7,21,0,8.0,0
2018,12,RN,0,1,6,9,36,954.0,0,0,4,7,39,0,2.0,0
2018,1,RN,0,1,6,1,44,961.0,0,0,4,7,19,0,9.0,0
2018,3,RN,0,1,6,9,36,937.0,0,0,4,7,23,1,2.0,0
2018,4,RN,0,1,4,1,44,993.0,0,0,7,7,28,1,4.0,0
2019,1,RN,0,1,43,4,44,998.0,0,0,5,7,25,1,2.0,0
2018,8,RN,0,1,4,5,44,2556.0,0,0,7,6,32,1,8.0,0
2018,8,RN,1,1,2,6,44,966.0,0,0,6,3,20,1,8.0,1
2019,4,RN,0,1,4,7,44,1010.0,0,0,6,7,39,1,4.0,0
2018,4,RN,0,1,4,7,44,1200.0,0,0,5,7,69,1,8.0,0
2019,6,RN,0,1,4,2,44,998.0,0,0,3,7,25,1,2.0,0
2019,10,RN,0,1,6,5,44,1035.0,0,1,7,7,25,1,6.0,0
2019,12,RN,0,1,11,8,44,1069.0,0,0,7,6,25,1,8.0,0
2019,10,RN,0,1,6,2,44,1196.0,0,0,4,7,34,0,2.0,0
2019,9,RN,0,1,4,2,44,998.0,0,0,5,7,39,1,9.0,0
2019,6,RN,1,1,1,2,44,1700.0,0,0,4,8,19,0,2.0,1
2019,8,RN,1,1,2,8,44,1111.0,0,0,7,2,48,1,8.0,1
2018,7,RN,1,1,2,4,44,985.0,0,0,5,7,39,0,8.0,1
2019,1,RN,1,1,2,9,36,954.0,0,0,4,7,20,1,8.0,1
2019,9,RN,1,1,2,5,44,1930.0,0,0,7,7,33,1,2.0,1
2018,1,RN,1,1,2,3,44,961.0,0,0,7,4,35,1,2.0,1
2018,8,RN,1,1,2,8,44,966.0,0,0,6,6,25,0,2.0,1
2019,1,RN,1,1,2,9,36,954.0,0,0,4,7,20,1,8.0,1
2018,8,RN,1,1,2,8,44,966.0,0,0,6,6,25,0,2.0,1
2019,4,RN,1,1,2,9,36,998.0,0,0,4,7,19,0,2.0,1
2019,11,RN,1,1,2,1,44,1375.0,0,0,5,7,33,0,9.0,1
2019,1,RN,1,1,2,9,36,954.0,0,0,4,7,20,1,8.0,1
2019,5,RN,1,1,2,5,44,998.0,0,0,6,7,31,1,8.0,1
2019,7,RN,1,1,2,4,44,1047.0,0,0,5,7,32,1,8.0,1
2019,4,RN,1,1,2,9,36,998.0,0,0,4,7,19,0,2.0,1
2019,1,RN,1,1,2,9,36,954.0,0,0,4,7,20,1,8.0,1
2018,6,RN,1,1,2,1,44,991.0,0,0,5,7,39,0,8.0,1
2018,12,RN,1,1,2,4,44,954.0,0,0,8,2,37,1,8.0,1
2019,1,RN,1,1,2,9,36,954.0,0,0,4,7,20,1,8.0,1
2019,9,RN,0,3,4,6,44,1045.0,0,0,7,5,29,1,8.0,0
2019,3,RN,0,1,4,4,44,1358.0,0,0,7,6,32,1,4.0,0
2018,2,RN,0,1,4,1,44,1377.0,0,0,2,9,27,0,2.0,0
2018,9,RN,0,3,4,1,44,1868.0,0,0,4,8,35,0,8.0,0
2018,12,RN,0,1,4,8,33,1771.0,0,0,3,7,39,1,8.0,0
2018,2,RN,0,1,4,5,44,954.0,0,0,4,7,35,1,8.0,0
2018,5,RN,0,1,4,9,44,966.0,0,0,6,4,24,1,8.0,0
2019,5,RN,0,3,4,1,44,1045.0,0,0,7,6,39,1,4.0,0
2019,5,RN,0,1,4,1,44,998.0,0,0,5,7,31,0,2.0,0
2018,2,RN,0,1,6,7,20,477.0,1,0,6,6,18,1,8.0,0
2019,10,RN,0,1,6,9,36,998.0,0,0,4,7,20,0,8.0,0
2019,1,RN,0,1,11,5,44,1150.0,0,0,3,7,25,1,2.0,0
2019,6,RN,0,1,11,6,20,499.0,1,0,4,6,17,0,2.0,0
2019,3,RN,1,1,25,4,44,1045.0,0,0,7,6,23,1,2.0,1
2019,12,RN,0,3,43,4,44,998.0,0,0,6,7,24,1,8.0,0
2019,11,RN,1,1,1,5,44,1093.0,0,0,5,7,19,0,8.0,1
2019,10,RN,1,1,1,7,24,562.0,0,0,4,6,20,1,2.0,1
2019,12,RN,1,1,2,3,44,1011.0,0,0,8,7,26,0,9.0,1
2019,8,RN,1,1,2,7,44,1400.0,0,0,7,7,36,1,8.0,1
2019,2,RN,1,1,2,9,44,998.0,0,0,5,7,41,1,8.0,1
2019,7,RN,1,1,2,7,44,2605.0,0,0,3,8,38,1,8.0,1
2019,5,RN,1,1,2,7,44,1377.0,0,0,5,7,37,1,2.0,1
2018,11,RN,1,1,2,1,44,2000.0,0,0,7,7,29,1,9.0,1
2019,10,RN,1,1,2,1,44,1035.0,0,0,5,6,18,1,9.0,1
2019,9,RN,1,1,2,2,44,1016.0,0,0,5,7,29,0,8.0,1
2019,5,RN,1,1,2,4,44,1005.0,0,0,5,7,36,0,8.0,1
2018,2,RN,1,1,2,7,44,1155.0,0,0,4,9,60,1,8.0,1
2019,4,RN,1,1,2,4,44,998.0,0,0,2,7,24,1,8.0,1
2018,7,RN,1,1,2,3,44,1031.0,0,0,7,2,31,1,8.0,1
2019,9,RN,1,1,2,4,44,1035.0,0,0,5,4,36,0,9.0,1
2018,12,RN,1,1,2,1,44,1800.0,0,0,4,7,36,1,8.0,1
2019,9,RN,1,1,2,4,44,1483.0,0,0,2,3,49,1,8.0,1
2018,6,RN,1,1,2,9,44,988.0,0,0,5,7,48,1,8.0,1
2019,11,RN,1,1,2,1,44,1700.0,0,0,4,7,26,0,8.0,1
2018,2,RN,1,1,2,5,44,965.0,0,0,5,4,35,1,8.0,1
2018,12,RN,1,1,2,1,44,954.0,0,0,7,7,19,1,9.0,1
2018,4,RN,1,1,2,7,44,1025.0,0,0,5,7,33,1,8.0,1
2018,6,RN,1,1,2,1,44,1005.0,0,0,4,8,21,0,8.0,1
2019,9,RN,1,1,2,7,44,1040.0,0,0,5,7,33,1,8.0,1
2019,9,RN,1,1,2,2,44,1016.0,0,0,5,7,29,0,8.0,1
2018,11,RN,1,1,2,6,44,1460.0,0,0,5,7,20,1,8.0,1
2018,3,RN,1,1,2,9,44,960.0,0,0,5,2,43,0,8.0,1
2019,1,RN,1,1,2,6,44,1520.0,0,0,5,7,48,1,8.0,1
2019,2,RN,1,1,2,1,44,1050.0,0,0,5,7,40,0,8.0,1
2018,3,RN,1,1,2,2,36,961.0,0,0,4,9,38,0,2.0,1
2018,5,RN,1,1,2,3,44,3577.0,0,0,1,9,52,0,9.0,1
2018,7,RN,1,1,2,7,30,904.0,0,0,4,7,21,0,8.0,1
2019,5,RN,1,1,2,2,44,998.0,0,0,7,5,43,1,9.0,1
2019,7,RN,1,1,2,4,40,2156.0,0,0,4,9,38,0,9.0,1
2019,5,RN,1,1,2,3,44,998.0,0,0,4,7,22,0,8.0,1
2019,2,RN,1,1,2,7,44,1632.0,0,0,3,9,24,0,8.0,1
2018,11,RN,1,1,2,6,44,1728.0,0,0,7,7,36,1,8.0,1
2019,3,RN,1,1,2,5,44,1035.0,0,0,5,7,27,1,8.0,1
2018,10,RN,1,1,2,3,44,1299.0,0,0,7,5,53,1,8.0,1
2019,6,RN,1,1,2,9,44,1094.0,0,0,5,7,39,1,8.0,1
2018,4,RN,0,1,4,1,44,970.0,0,0,5,7,25,1,8.0,0
2018,12,RN,0,1,4,1,44,1299.0,0,0,7,7,54,1,2.0,0
2019,7,RN,0,1,4,6,44,1359.0,0,0,7,4,38,1,8.0,0
2018,4,RN,0,1,4,6,44,961.0,0,0,8,4,39,1,9.0,0
2018,8,RN,0,1,4,2,44,1016.0,0,0,5,7,20,1,8.0,0
2018,7,RN,0,1,4,4,44,993.0,0,0,7,4,31,1,8.0,0
2019,4,RN,0,1,4,4,44,1005.0,0,0,5,7,25,1,8.0,0
2018,4,RN,0,1,4,6,44,1299.0,0,0,7,7,27,1,8.0,0
2019,1,RN,0,1,4,4,44,1446.0,0,0,5,7,35,1,8.0,0
2018,9,RN,0,1,4,1,44,993.0,0,0,7,7,33,1,2.0,0
2019,3,RN,0,1,4,7,44,1359.0,0,0,7,5,44,1,9.0,0
2019,8,RN,0,1,4,6,44,2154.0,0,0,3,7,46,1,2.0,0
2019,6,RN,0,1,4,6,44,998.0,0,0,3,7,39,0,8.0,0
2018,4,RN,0,1,4,6,44,1169.0,0,0,4,7,24,1,8.0,0
2019,1,RN,0,1,4,2,44,5531.0,0,0,1,9,42,0,2.0,0
2019,3,RN,0,3,4,4,44,1039.0,0,0,7,5,34,1,8.0,0
2019,5,RN,0,1,4,9,42,1005.0,0,0,4,7,30,0,8.0,0
2019,7,RN,0,3,4,4,44,1359.0,0,0,7,5,51,1,8.0,0
2018,12,RN,0,1,4,6,44,1324.0,0,0,5,7,36,1,2.0,0
2018,7,RN,0,1,4,4,44,986.0,0,0,4,7,33,0,8.0,0
2019,2,RN,0,1,4,3,44,998.0,0,0,3,7,26,1,8.0,0
2019,6,RN,0,1,4,6,44,1023.0,0,0,7,2,33,1,8.0,0
2018,10,RN,0,1,4,7,44,1492.0,0,0,3,7,31,1,8.0,0
2018,6,RN,0,3,4,4,44,993.0,0,0,7,5,27,1,8.0,0
2018,1,RN,0,1,4,5,44,1913.0,0,0,7,7,34,1,8.0,0
2018,9,RN,0,1,4,2,44,1275.0,0,0,4,7,29,0,2.0,0
2018,7,RN,0,1,4,8,40,6183.0,0,0,2,9,70,1,2.0,0
2019,9,RN,0,1,5,9,44,1049.0,0,0,5,3,29,0,8.0,0
2019,1,RN,0,1,6,6,44,1326.0,0,0,5,7,22,1,8.0,0
2018,2,RN,0,1,6,3,44,1366.0,0,0,4,9,38,0,2.0,0
2018,4,RN,0,1,6,1,44,961.0,0,0,3,7,29,1,2.0,0
2018,11,RN,0,1,6,1,44,1072.0,0,0,5,7,28,0,2.0,0
2018,3,RN,0,1,6,5,35,3343.0,0,0,2,9,31,0,2.0,0
2018,5,RN,0,1,6,1,44,1677.0,0,0,7,7,39,1,8.0,0
2018,6,RN,0,1,6,4,20,448.0,1,0,4,7,23,0,8.0,0
2018,5,RN,0,1,6,7,44,961.0,0,0,5,7,28,0,8.0,0
2018,5,RN,0,1,6,1,44,1539.0,0,0,1,8,43,0,2.0,0
2018,6,RN,0,1,6,3,44,1832.0,0,0,5,9,24,1,2.0,0
2018,5,RN,0,1,8,4,44,1069.0,0,0,7,5,39,1,8.0,0
2019,2,RN,0,1,11,6,44,1326.0,0,1,5,7,57,1,8.0,0
2018,2,RN,0,1,11,5,44,1299.0,0,0,7,3,41,1,2.0,0
2019,12,RN,0,1,11,2,22,1452.0,0,0,2,9,34,1,9.0,0
2019,7,RN,0,1,11,6,44,1359.0,0,0,7,4,48,1,8.0,0
2018,8,RN,1,1,25,3,44,1299.0,0,0,7,5,23,1,2.0,1
2018,9,RN,1,1,25,3,44,966.0,0,0,5,5,25,0,8.0,1
2018,3,RN,0,1,43,5,44,961.0,0,0,5,7,25,1,8.0,0
2019,9,RN,0,1,43,4,44,1566.0,0,0,4,7,46,1,9.0,0
2018,8,RN,0,1,43,9,36,1008.0,0,0,5,4,29,1,8.0,0
2019,1,RN,0,1,43,7,44,1607.0,0,0,7,4,26,1,8.0,0
2018,6,RN,0,1,33,4,44,1332.0,0,0,9,7,33,0,2.0,0
2019,6,RN,0,3,4,1,44,1020.0,0,0,7,5,38,1,2.0,0
2018,11,RN,0,1,43,3,44,1005.0,0,0,5,7,42,1,2.0,0
2019,6,RN,1,1,2,3,44,998.0,0,0,8,7,24,1,9.0,1
2019,8,RN,1,1,2,5,44,1015.0,0,0,7,7,30,1,2.0,1
2019,10,RN,1,1,2,1,44,1035.0,0,0,8,7,23,1,2.0,1
2018,2,RN,0,1,4,3,44,1035.0,0,0,7,3,31,1,8.0,0
2018,8,RN,0,1,4,4,44,1120.0,0,0,7,7,41,1,8.0,0
2019,7,RN,1,1,2,4,44,1500.0,0,0,7,7,44,1,9.0,1
2018,11,RN,0,1,4,7,44,1374.0,0,0,4,7,20,1,8.0,0
2018,2,RN,0,1,4,2,44,1289.0,0,0,1,7,36,1,2.0,0
2019,11,RN,1,3,2,1,44,998.0,0,0,8,7,19,0,8.0,1
2018,4,RN,0,1,4,6,44,961.0,0,0,4,7,31,1,8.0,0
2019,8,RN,0,1,6,3,24,526.0,1,0,5,7,21,1,9.0,0
2019,8,RN,0,3,11,1,44,1020.0,0,0,7,7,22,1,8.0,0
2019,8,RN,0,3,11,1,44,1020.0,0,0,7,7,22,1,8.0,0
2019,2,RN,1,1,2,1,44,998.0,0,0,6,7,25,1,9.0,1
2018,11,RN,0,1,6,3,44,998.0,0,0,5,7,39,0,8.0,0
2019,3,RN,1,1,2,3,44,1055.0,0,0,2,9,63,1,9.0,1
2019,8,PB,0,1,4,1,44,1163.0,0,0,5,3,31,1,8.0,0
2019,8,PB,0,1,4,1,44,1007.0,0,0,5,7,36,0,2.0,0
2019,1,PB,0,1,4,4,22,627.0,0,0,7,7,29,1,9.0,0
2018,1,PB,1,1,2,1,44,1067.0,0,0,5,7,25,0,8.0,1
2018,5,PB,1,1,2,1,44,1025.0,0,0,5,7,29,1,8.0,1
2019,11,PB,1,1,2,8,44,998.0,0,0,7,6,20,0,9.0,1
2019,8,PB,0,1,43,2,44,3284.0,0,0,4,7,52,0,8.0,0
2018,7,PB,1,1,2,9,44,1128.0,0,0,6,7,30,1,8.0,1
2019,1,PB,0,1,11,9,44,1010.0,0,0,6,1,50,1,8.0,0
2018,4,PB,1,1,2,1,44,954.0,0,0,5,7,46,0,2.0,1
2019,3,PB,0,1,4,3,44,1000.0,0,0,5,3,55,1,8.0,0
2019,12,PB,0,1,11,5,30,703.0,1,0,7,7,17,1,8.0,0
2018,12,PB,1,1,2,3,44,1039.0,0,0,5,8,26,1,2.0,1
2019,5,PB,1,1,1,9,36,998.0,0,0,4,7,18,0,2.0,1
2019,5,PB,1,1,1,9,36,998.0,0,0,4,7,18,0,2.0,1
2019,5,PB,1,1,1,9,36,998.0,0,0,4,7,18,0,2.0,1
2019,5,PB,1,1,1,9,36,998.0,0,0,4,7,18,0,2.0,1
2019,5,PB,1,1,1,9,36,998.0,0,0,4,7,18,0,2.0,1
2018,4,PB,1,1,2,4,44,1000.0,0,0,9,6,34,1,8.0,1
2019,4,PB,1,1,2,4,44,1296.0,0,0,7,7,29,1,9.0,1
2018,9,PB,1,1,2,1,44,1046.0,0,0,5,7,22,0,6.0,1
2019,9,PB,1,3,2,1,44,998.0,0,0,7,6,38,1,9.0,1
2019,5,PB,1,1,2,4,44,1159.0,0,0,5,8,32,1,8.0,1
2018,12,PB,1,1,2,2,44,1046.0,0,0,5,7,23,0,9.0,1
2019,8,PB,1,1,2,4,44,1110.0,0,0,5,9,35,1,8.0,1
2018,9,PB,1,1,2,2,44,1399.0,0,0,7,7,35,1,2.0,1
2019,4,PB,1,1,2,3,24,657.0,1,0,5,6,16,1,8.0,1
2018,3,PB,1,1,2,2,44,1389.0,0,0,7,7,40,1,8.0,1
2019,1,PB,1,1,2,9,44,1007.0,0,0,5,7,31,1,8.0,1
2018,4,PB,1,1,2,4,44,1172.0,0,0,4,9,35,0,2.0,1
2019,10,PB,0,1,4,6,44,1692.0,0,0,5,4,54,0,2.0,0
2018,12,PB,0,1,4,9,44,994.0,0,0,7,7,27,1,8.0,0
2018,11,PB,0,1,4,2,44,1327.0,0,0,5,5,36,1,8.0,0
2019,8,PB,0,1,4,2,44,1694.0,0,0,4,9,25,0,8.0,0
2019,9,PB,0,1,4,6,22,504.0,0,0,5,7,53,0,8.0,0
2018,4,PB,0,1,4,9,36,954.0,0,0,4,8,22,1,2.0,0
2018,12,PB,0,1,4,9,44,994.0,0,0,7,7,27,1,8.0,0
2018,5,PB,0,1,4,6,33,1167.0,0,0,4,7,26,0,9.0,0
2019,7,PB,0,1,4,4,44,998.0,0,0,7,7,34,1,9.0,0
2018,12,PB,0,1,4,7,44,1007.0,0,0,5,7,57,1,9.0,0
2019,7,PB,0,1,4,9,40,1003.0,0,0,7,6,48,1,8.0,0
2018,6,PB,0,1,5,2,44,954.0,0,0,4,7,26,0,8.0,0
2019,3,PB,0,1,6,9,44,1036.0,0,0,7,7,22,1,8.0,0
2019,12,PB,0,1,6,6,36,2541.0,0,0,2,9,30,0,8.0,0
2019,8,PB,1,1,10,9,44,1411.0,0,0,3,7,38,0,8.0,1
2018,4,PB,0,1,11,5,44,1370.0,0,0,7,6,34,1,8.0,0
2019,12,PB,0,1,11,3,44,1090.0,0,0,5,7,18,0,8.0,0
2018,1,PB,0,1,11,2,44,998.0,0,0,5,7,22,0,2.0,0
2018,7,PB,1,1,25,7,44,1046.0,0,0,4,8,22,1,9.0,1
2019,8,PB,0,1,11,4,44,1020.0,0,0,7,7,46,1,8.0,0
2019,6,PB,1,1,2,2,44,998.0,0,0,5,7,31,1,8.0,1
2019,2,PB,0,1,4,3,44,1007.0,0,0,5,7,23,1,8.0,0
2018,6,PB,1,1,2,2,44,2000.0,0,0,1,7,40,0,8.0,1
2018,10,PB,1,1,1,9,40,868.0,1,0,7,7,20,0,2.0,1
2018,7,PB,1,1,1,4,44,1094.0,0,0,5,5,19,1,8.0,1
2018,10,PB,1,1,1,1,44,1031.0,0,0,7,7,18,1,4.0,1
2019,4,PB,1,1,1,1,44,998.0,0,0,5,6,19,1,9.0,1
2018,2,PB,1,1,1,2,30,572.0,1,0,5,7,19,1,8.0,1
2018,12,PB,1,1,2,7,44,12001.0,0,0,1,9,31,1,8.0,1
2018,6,PB,1,1,2,6,44,1067.0,0,0,5,7,22,1,8.0,1
2019,5,PB,1,1,2,1,44,1300.0,0,0,2,9,25,0,9.0,1
2018,5,PB,1,3,2,1,44,1908.0,0,0,3,9,35,1,8.0,1
2019,3,PB,1,1,2,1,44,1110.0,0,0,5,7,37,1,2.0,1
2019,5,PB,1,1,2,1,44,1110.0,0,0,4,7,27,1,2.0,1
2019,3,PB,1,1,2,1,44,1200.0,0,0,7,7,24,1,9.0,1
2019,6,PB,1,1,2,4,44,1110.0,0,0,4,7,19,0,8.0,1
2019,10,PB,1,1,2,7,44,1122.0,0,0,7,7,29,1,9.0,1
2018,5,PB,1,1,2,3,44,1389.0,0,0,7,2,47,1,8.0,1
2018,10,PB,1,1,2,9,40,954.0,0,0,3,7,27,1,2.0,1
2019,11,PB,1,1,2,1,44,1000.0,0,0,5,7,23,0,9.0,1
2019,5,PB,1,1,2,7,44,1110.0,0,0,4,7,27,0,9.0,1
2018,8,PB,1,1,2,1,20,2233.0,0,0,2,9,29,1,2.0,1
2018,10,PB,1,1,2,3,44,2197.0,0,0,1,7,37,1,9.0,1
2019,11,PB,1,1,2,4,44,1155.0,0,0,5,7,19,1,8.0,1
2019,10,PB,1,1,2,8,44,1125.0,0,0,3,7,26,0,8.0,1
2018,5,PB,1,1,2,1,44,1067.0,0,0,5,7,25,0,9.0,1
2019,1,PB,1,1,2,1,36,1005.0,0,0,5,7,21,1,9.0,1
2019,5,PB,1,1,2,8,44,1552.0,0,0,7,7,31,1,8.0,1
2018,3,PB,1,1,2,6,44,1786.0,0,0,4,9,36,0,9.0,1
2018,10,PB,1,1,2,4,44,1136.0,0,0,5,4,37,1,8.0,1
2018,5,PB,1,1,2,2,44,1200.0,0,0,4,7,31,1,8.0,1
2019,6,PB,1,1,2,5,44,1110.0,0,0,3,7,25,0,2.0,1
2019,3,PB,1,1,2,4,44,1082.0,0,0,5,7,50,0,8.0,1
2019,11,PB,1,1,2,1,44,1024.0,0,0,7,4,32,1,2.0,1
2018,1,PB,1,1,2,3,44,1067.0,0,0,4,7,21,1,8.0,1
2019,9,PB,1,1,2,5,24,1214.0,0,0,2,9,31,0,8.0,1
2018,2,PB,1,1,2,7,44,1081.0,0,0,7,4,20,1,8.0,1
2019,9,PB,0,1,4,2,44,1110.0,0,0,7,5,50,1,4.0,0
2019,11,PB,0,1,4,1,44,1051.0,0,0,7,7,48,1,8.0,0
2019,1,PB,0,1,4,2,44,1389.0,0,0,7,5,37,1,9.0,0
2019,9,PB,0,3,4,1,44,1088.0,0,0,7,2,39,1,8.0,0
2018,1,PB,0,1,4,8,44,985.0,0,0,5,7,45,1,8.0,0
2019,7,PB,0,1,4,7,44,2200.0,0,0,7,4,41,1,2.0,0
2019,8,PB,0,1,4,4,44,1466.0,0,0,7,7,35,1,8.0,0
2019,3,PB,0,1,4,2,44,1000.0,0,0,5,5,56,0,8.0,0
2018,3,PB,0,1,4,5,44,1067.0,0,0,3,7,31,0,2.0,0
2018,5,PB,0,3,4,1,44,1389.0,0,0,7,2,37,1,8.0,0
2018,2,PB,0,1,4,1,44,1067.0,0,0,4,7,45,0,2.0,0
2018,11,PB,0,1,4,6,44,4203.0,0,0,2,9,37,1,2.0,0
2018,10,PB,0,1,4,3,44,1942.0,0,0,2,9,57,1,2.0,0
2018,8,PB,0,1,4,1,44,5290.0,0,0,1,7,47,0,2.0,0
2019,8,PB,0,1,4,5,44,1000.0,0,0,3,6,19,1,8.0,0
2019,8,PB,0,1,4,4,44,1110.0,0,0,5,7,25,0,2.0,0
2018,1,PB,0,1,4,2,44,957.0,0,0,5,2,41,1,8.0,0
2019,1,PB,0,1,4,9,44,998.0,0,0,7,4,20,1,8.0,0
2019,1,PB,0,1,6,4,24,1517.0,0,0,2,9,39,0,2.0,0
2019,5,PB,0,1,11,6,20,998.0,1,0,4,4,18,0,2.0,0
2018,12,PB,0,1,11,5,30,672.0,1,0,4,6,22,0,9.0,0
2019,5,PB,0,1,11,3,44,1000.0,0,0,5,7,20,1,2.0,0
2019,12,PB,0,1,11,1,36,998.0,0,0,5,7,34,0,2.0,0
2019,8,PB,0,1,11,1,44,1024.0,0,0,5,7,43,1,8.0,0
2018,9,PB,0,1,11,8,30,651.0,1,0,7,7,19,1,8.0,0
2019,3,PB,0,1,11,4,44,1127.0,0,0,5,7,36,1,9.0,0
2018,4,PB,1,1,25,1,36,995.0,0,0,4,7,29,1,8.0,1
2019,11,PB,1,1,25,6,44,1588.0,0,0,4,9,29,0,8.0,1
2019,8,PB,0,1,43,4,36,1022.0,0,0,5,7,27,1,8.0,0
2018,1,PB,0,1,43,5,44,1067.0,0,0,3,7,20,1,8.0,0
2018,10,PB,1,1,2,1,44,1027.0,0,0,3,6,32,1,8.0,1
2019,5,PB,1,1,2,8,44,1148.0,0,0,5,7,22,1,2.0,1
2018,2,PB,0,1,4,9,44,954.0,0,0,7,5,26,1,8.0,0
2019,1,PB,0,3,4,4,44,1020.0,0,0,6,5,23,1,8.0,0
2019,12,PB,0,1,4,7,30,1546.0,0,0,2,9,54,1,2.0,0
2019,11,PB,0,3,4,1,44,1016.0,0,0,7,7,32,1,9.0,0
2019,6,PB,1,1,1,1,44,1071.0,0,0,5,7,22,1,8.0,1
2018,6,PB,1,1,1,1,44,1025.0,0,0,4,7,24,0,8.0,1
2018,11,PB,1,1,2,3,44,1110.0,0,0,4,7,41,1,8.0,1
2018,6,PB,0,1,4,1,44,1050.0,0,0,5,8,22,0,9.0,0
2019,2,PB,0,1,6,4,24,4000.0,0,0,2,9,35,1,2.0,0
2018,2,PB,0,1,11,9,44,966.0,0,0,6,4,25,1,8.0,0
2018,4,PB,0,1,4,2,44,1020.0,0,0,5,8,34,1,8.0,0
2019,7,PB,0,1,4,3,44,998.0,0,0,3,2,26,1,9.0,0
2019,5,PB,0,1,6,2,44,1050.0,0,0,7,7,25,1,8.0,0
2018,6,PB,0,1,4,9,44,960.0,0,0,6,2,24,1,2.0,0
2018,1,PB,0,1,4,7,44,954.0,0,0,8,4,30,1,8.0,0
2018,10,PB,1,1,2,3,44,1027.0,0,0,4,7,19,1,8.0,1
2018,8,PB,1,3,2,1,44,960.0,0,0,6,6,53,1,2.0,1
2018,8,PB,1,3,2,4,44,960.0,0,0,6,2,29,1,8.0,1
2019,2,PB,1,1,2,4,30,635.0,1,0,5,7,20,1,9.0,1
2019,3,PB,1,1,2,4,44,998.0,0,0,9,4,46,1,8.0,1
2018,11,PB,1,1,2,6,44,2009.0,0,0,3,8,35,1,8.0,1
2019,3,PB,1,1,2,8,44,1448.0,0,0,9,7,48,1,8.0,1
2018,2,PB,0,3,4,9,44,954.0,0,0,6,1,34,1,8.0,0
2018,8,PB,0,1,4,6,44,972.0,0,0,7,7,24,1,8.0,0
2019,2,PB,0,1,4,6,44,1063.0,0,0,7,7,22,1,8.0,0
2019,8,PB,0,1,4,4,44,1160.0,0,0,5,7,30,1,8.0,0
2018,10,PB,1,1,2,1,44,954.0,0,0,5,7,31,1,8.0,1
2018,3,PB,1,1,2,4,44,959.0,0,0,7,5,42,0,2.0,1
2018,9,PB,1,1,2,6,44,998.0,0,0,7,7,38,0,8.0,1
2019,1,PB,0,1,6,4,44,1063.0,0,0,5,7,19,1,9.0,0
2018,2,PB,1,1,1,1,44,1000.0,0,0,9,7,18,1,8.0,1
2019,2,PB,1,1,2,5,44,998.0,0,0,7,4,28,1,8.0,1
2018,3,PB,0,1,6,1,44,1000.0,0,0,3,7,33,0,8.0,0
2018,12,PE,0,1,11,1,44,1400.0,0,0,7,7,47,1,8.0,0
2019,10,PE,1,1,2,2,44,998.0,0,0,5,6,31,0,8.0,1
2018,11,PE,1,1,2,2,30,2302.0,0,0,4,9,27,1,2.0,1
2019,7,PE,0,1,4,1,44,954.0,0,0,5,7,28,1,9.0,0
2019,4,PE,1,1,2,4,44,998.0,0,0,4,7,39,1,8.0,1
2018,3,PE,1,1,2,5,44,1405.0,0,0,7,7,42,1,8.0,1
2019,9,PE,0,1,4,3,44,1050.0,0,0,7,7,22,1,2.0,0
2019,7,PE,0,1,4,1,44,998.0,0,0,1,9,36,1,8.0,0
2019,7,PE,1,1,1,1,44,998.0,0,0,7,7,22,1,8.0,1
2019,11,PE,1,1,2,9,44,1014.0,0,0,7,2,31,1,8.0,1
2018,5,PE,0,1,4,9,44,970.0,0,0,7,5,24,1,8.0,0
2018,4,PE,1,1,2,3,44,954.0,0,0,4,9,48,1,8.0,1
2019,11,PE,0,1,4,9,44,1020.0,0,0,5,7,39,1,8.0,0
2018,7,PE,0,1,4,9,44,975.0,0,0,8,4,55,0,8.0,0
2018,12,PE,1,1,1,5,44,954.0,0,0,7,7,33,0,2.0,1
2018,11,PE,1,1,25,6,44,2860.0,0,0,7,7,27,1,4.0,1
2018,4,PE,1,1,2,5,44,1089.0,0,0,9,5,18,1,9.0,1
2018,5,PE,1,1,2,8,44,1000.0,0,1,4,4,28,1,8.0,1
2018,6,PE,1,3,2,5,44,970.0,0,0,6,2,53,1,8.0,1
2018,4,PE,1,1,2,6,44,1110.0,0,0,7,7,42,1,2.0,1
2018,1,PE,1,1,2,5,44,1109.0,0,0,5,7,41,1,8.0,1
2019,2,PE,1,1,2,6,44,1035.0,0,0,7,8,22,1,2.0,1
2018,3,PE,0,3,4,5,44,970.0,0,0,6,4,24,1,8.0,0
2019,11,PE,0,3,4,1,44,1163.0,0,0,7,4,32,1,8.0,0
2019,2,PE,0,1,6,8,32,1632.0,0,0,2,9,35,0,2.0,0
2018,1,PE,0,3,11,5,44,2424.0,0,0,7,4,38,1,8.0,0
2018,7,PE,0,1,11,7,44,1351.0,0,0,3,7,36,1,8.0,0
2019,6,PE,0,1,11,6,20,530.0,1,0,9,7,22,1,4.0,0
2018,8,PE,1,1,25,9,44,970.0,0,0,6,3,28,1,8.0,1
2018,8,PE,1,1,25,9,44,970.0,0,0,6,3,28,1,8.0,1
2018,8,PE,1,1,25,9,44,970.0,0,0,6,3,28,1,8.0,1
2018,5,PE,0,1,43,7,44,1580.0,0,0,7,7,38,1,8.0,0
2019,9,PE,0,1,43,7,44,1020.0,0,0,7,7,23,1,8.0,0
2019,10,PE,1,1,2,1,28,998.0,0,0,5,7,22,0,8.0,1
2018,8,PE,1,1,2,1,44,1053.0,0,0,4,7,28,0,2.0,1
2018,1,PE,1,1,2,3,44,1869.0,0,0,7,7,48,1,2.0,1
2019,9,PE,0,3,4,2,44,2311.0,0,0,7,6,62,1,9.0,0
2019,2,PE,0,1,6,5,44,1367.0,0,0,4,9,36,0,2.0,0
2019,3,PE,1,1,2,9,44,1016.0,0,0,6,3,30,1,8.0,1
2019,1,PE,1,1,2,1,44,2032.0,0,0,7,7,44,1,9.0,1
2019,7,PE,0,1,4,1,44,998.0,0,0,5,7,20,0,2.0,0
2018,3,PE,1,1,1,7,44,954.0,0,0,7,7,19,0,6.0,1
2018,6,PE,1,1,1,4,44,992.0,0,0,5,4,38,0,8.0,1
2019,2,PE,1,1,2,1,44,988.0,0,0,4,8,23,0,9.0,1
2018,10,PE,1,1,2,3,44,1092.0,0,0,7,7,28,0,9.0,1
2018,3,PE,1,1,2,7,34,8801.0,0,0,2,9,28,1,2.0,1
2018,1,PE,1,1,2,1,44,1024.0,0,0,4,7,52,0,8.0,1
2019,4,PE,1,1,2,2,36,981.0,0,0,4,9,26,1,9.0,1
2018,4,PE,1,1,2,2,44,1189.0,0,0,5,7,59,1,2.0,1
2018,1,PE,1,1,2,1,44,1024.0,0,0,5,7,21,1,2.0,1
2018,11,PE,1,1,2,4,30,1858.0,0,0,2,9,43,0,8.0,1
2018,8,PE,1,1,2,1,44,1050.0,0,0,3,6,21,1,2.0,1
2018,10,PE,1,1,2,1,44,1050.0,0,0,5,7,21,0,2.0,1
2018,9,PE,0,1,4,8,44,2800.0,0,0,5,9,52,1,8.0,0
2018,5,PE,0,1,4,2,44,1050.0,0,0,5,7,23,0,8.0,0
2019,2,PE,0,1,4,4,44,1275.0,0,0,7,7,25,1,8.0,0
2018,5,PE,0,1,4,2,44,1508.0,0,0,5,4,38,1,2.0,0
2018,5,PE,0,1,4,4,44,1265.0,0,0,4,9,37,0,2.0,0
2019,12,PE,0,1,4,3,44,1090.0,0,1,5,7,50,1,8.0,0
2018,5,PE,0,1,6,1,44,477.0,0,0,3,7,34,1,9.0,0
2019,10,PE,0,1,6,5,36,1381.0,0,0,3,7,33,1,2.0,0
2018,7,PE,0,1,6,2,44,1033.0,0,0,5,7,33,1,2.0,0
2019,5,PE,0,1,6,4,44,1135.0,0,0,7,7,34,0,9.0,0
2018,6,PE,0,1,11,5,30,476.0,1,1,4,5,18,1,2.0,0
2018,7,PE,0,1,11,4,44,1322.0,0,0,4,7,39,1,2.0,0
2019,2,PE,0,1,33,3,44,1252.0,0,0,4,7,28,0,9.0,0
2018,9,PE,1,1,2,1,44,2032.0,0,0,7,7,39,1,8.0,1
2018,1,PE,0,3,11,5,44,970.0,0,0,6,2,45,1,2.0,0
2018,6,PE,0,1,4,8,44,970.0,0,0,6,1,57,1,8.0,0
2019,10,PE,1,1,2,1,44,1291.0,0,0,8,2,33,1,4.0,1
2019,6,PE,1,1,2,1,44,1109.0,0,0,5,7,30,1,9.0,1
2018,3,PE,1,1,1,9,44,1001.0,0,0,7,6,21,1,8.0,1
2018,3,PE,0,1,4,7,44,970.0,0,0,6,2,46,1,8.0,0
2019,1,PE,0,1,4,7,44,1016.0,0,0,6,2,34,1,8.0,0
2019,7,PE,1,1,2,1,44,1037.0,0,0,5,7,32,1,2.0,1
2018,9,PE,1,1,2,1,44,1500.0,0,0,5,7,42,1,2.0,1
2018,1,PE,0,1,11,1,44,1010.0,0,0,5,7,21,1,8.0,0
2019,1,PE,1,1,2,5,44,1030.0,0,0,5,7,37,1,2.0,1
2019,5,PE,1,1,2,6,44,1123.0,0,0,7,7,28,1,8.0,1
2018,4,PE,0,1,4,3,44,1056.0,0,0,5,7,25,0,8.0,0
2019,12,PE,0,1,4,6,44,1300.0,0,0,5,7,29,1,9.0,0
2019,4,PE,0,1,4,4,44,1082.0,0,0,5,7,37,1,2.0,0
2019,12,PE,0,1,4,6,44,1087.0,0,0,3,7,26,0,8.0,0
2018,2,PE,0,1,43,1,44,1100.0,0,0,5,8,33,1,8.0,0
2018,5,PE,1,1,2,5,44,381.0,0,0,7,5,19,1,9.0,1
2019,12,PE,1,1,2,9,44,1557.0,0,1,7,9,39,1,2.0,1
2019,11,PE,0,1,4,2,44,1705.0,0,0,7,7,42,1,9.0,0
2018,3,PE,0,1,4,9,44,969.0,0,0,6,2,30,1,2.0,0
2019,8,PE,0,1,4,9,36,1022.0,0,0,7,7,31,1,2.0,0
2018,4,PE,0,1,6,9,44,0.0,0,0,7,9,30,1,2.0,0
2019,1,PE,0,1,11,8,44,1016.0,0,0,6,2,58,1,8.0,0
2018,7,PE,0,1,4,4,44,980.0,0,0,4,7,23,0,2.0,0
2019,3,PE,0,1,4,1,44,1100.0,0,0,5,7,36,0,8.0,0
2019,8,PE,1,1,2,4,44,1800.0,0,0,7,7,46,1,8.0,1
2019,10,PE,0,1,4,7,44,1050.0,0,0,7,7,21,0,2.0,0
2018,2,PE,0,1,4,5,44,1037.0,0,0,8,7,31,1,8.0,0
2018,10,PE,0,1,5,9,44,970.0,0,0,6,2,38,1,4.0,0
2018,1,PE,0,1,43,9,44,1380.0,0,0,7,7,36,1,2.0,0
2018,1,PE,0,1,43,9,44,1380.0,0,0,7,7,36,1,2.0,0
2018,1,PE,0,1,43,9,44,1150.0,0,0,6,2,46,1,2.0,0
2019,4,PE,1,1,2,8,44,1375.0,0,0,7,7,31,0,2.0,1
2019,7,PE,1,1,2,5,44,2163.0,0,0,9,7,33,1,8.0,1
2019,10,PE,1,1,2,7,44,1554.0,0,0,7,7,24,1,8.0,1
2019,9,PE,1,1,2,7,44,1016.0,0,0,6,2,49,0,2.0,1
2018,6,PE,0,1,4,1,44,1209.0,0,0,7,7,29,1,4.0,0
2018,3,PE,0,1,4,1,44,1236.0,0,0,5,4,36,1,8.0,0
2018,9,PE,0,1,4,9,44,2573.0,0,0,7,7,32,1,8.0,0
2018,11,PE,0,1,4,6,44,1716.0,0,0,7,7,26,1,8.0,0
2019,9,PE,1,1,25,9,44,1016.0,0,0,6,2,24,1,8.0,1
2019,9,PE,1,1,25,9,44,1016.0,0,0,6,2,24,1,8.0,1
2019,9,PE,1,1,25,9,44,1016.0,0,0,6,2,24,1,8.0,1
2019,9,PE,1,1,25,9,44,1016.0,0,0,6,2,24,1,8.0,1
2019,9,PE,1,1,25,9,44,1016.0,0,0,6,2,24,1,8.0,1
2019,9,PE,1,1,25,9,44,1016.0,0,0,6,2,24,1,8.0,1
2019,9,PE,1,1,25,9,44,1016.0,0,0,6,2,24,1,8.0,1
2019,9,PE,1,1,25,9,44,1016.0,0,0,6,2,24,1,8.0,1
2019,9,PE,1,1,25,9,44,1016.0,0,0,6,2,24,1,8.0,1
2019,9,PE,1,1,25,9,44,1016.0,0,0,6,2,24,1,8.0,1
2019,9,PE,1,1,25,9,44,1016.0,0,0,6,2,24,1,8.0,1
2019,9,PE,1,1,25,9,44,1016.0,0,0,6,2,24,1,8.0,1
2019,9,PE,1,1,25,9,44,1016.0,0,0,6,2,24,1,8.0,1
2019,9,PE,1,1,25,9,44,1016.0,0,0,6,2,24,1,8.0,1
2019,9,PE,1,1,25,9,44,1016.0,0,0,6,2,24,1,8.0,1
2019,9,PE,1,1,25,9,44,1016.0,0,0,6,2,24,1,8.0,1
2019,9,PE,1,1,25,9,44,1016.0,0,0,6,2,24,1,8.0,1
2019,9,PE,1,1,25,9,44,1016.0,0,0,6,2,24,1,8.0,1
2019,9,PE,1,1,25,9,44,1016.0,0,0,6,2,24,1,8.0,1
2019,9,PE,1,1,25,9,44,1016.0,0,0,6,2,24,1,8.0,1
2019,10,PE,0,1,4,6,44,1146.0,0,0,5,7,32,1,9.0,0
2018,7,PE,0,1,4,7,44,1035.0,0,0,8,7,22,1,8.0,0
2018,10,PE,1,1,2,1,44,1200.0,0,0,8,7,29,1,9.0,1
2018,1,PE,1,1,2,3,44,954.0,0,0,5,7,36,0,8.0,1
2019,12,PE,1,1,2,1,44,1090.0,0,0,5,7,53,0,8.0,1
2019,2,PE,1,1,2,1,44,1200.0,0,0,4,7,44,1,9.0,1
2019,8,PE,1,1,2,4,44,1179.0,0,0,7,7,28,1,8.0,1
2018,8,PE,1,1,2,9,36,955.0,0,0,4,7,20,0,8.0,1
2019,5,PE,1,1,2,9,36,955.0,0,0,4,7,26,1,9.0,1
2019,8,PE,1,1,2,4,44,1179.0,0,0,7,7,28,1,8.0,1
2018,8,PE,1,1,2,6,44,2420.0,0,0,7,7,26,1,8.0,1
2019,10,PE,1,1,2,1,44,1540.0,0,0,7,7,40,1,2.0,1
2018,8,PE,1,1,2,6,44,1037.0,0,0,5,7,26,1,4.0,1
2018,8,PE,1,1,2,7,44,1260.0,0,0,2,9,47,1,8.0,1
2019,4,PE,1,1,2,1,44,1037.0,0,0,5,5,21,0,8.0,1
2019,1,PE,0,1,4,8,43,1013.0,0,0,7,7,22,1,8.0,0
2018,3,PE,0,1,4,2,44,1008.0,0,0,5,7,29,1,2.0,0
2018,12,PE,0,1,4,7,44,999.0,0,0,5,6,29,0,8.0,0
2018,11,PE,0,3,4,5,44,1493.0,0,0,7,4,29,1,8.0,0
2018,6,PE,0,1,4,1,44,1202.0,0,0,5,7,38,1,9.0,0
2018,9,PE,0,1,4,1,44,1493.0,0,0,7,7,30,1,8.0,0
2018,2,PE,0,1,4,6,44,1061.0,0,0,4,7,22,1,4.0,0
2019,5,PE,0,1,4,4,44,1810.0,0,0,9,5,31,1,8.0,0
2019,11,PE,0,1,4,4,44,1000.0,0,0,7,7,44,1,9.0,0
2018,12,PE,0,1,4,2,44,974.0,0,0,5,5,45,1,8.0,0
2019,3,PE,0,1,4,9,44,1058.0,0,1,7,7,30,1,8.0,0
2018,2,PE,0,1,4,3,44,1392.0,0,0,4,7,45,0,8.0,0
2019,12,PE,0,1,4,1,44,998.0,0,0,6,7,30,1,8.0,0
2018,2,PE,0,1,4,7,44,1568.0,0,0,7,7,43,1,8.0,0
2018,5,PE,0,1,4,6,44,1288.0,0,0,3,7,21,1,2.0,0
2019,2,PE,0,1,4,1,44,1037.0,0,0,5,7,32,0,2.0,0
2019,9,PE,0,1,4,9,44,1309.0,0,0,7,7,23,0,8.0,0
2019,8,PE,0,1,4,8,44,998.0,0,0,3,7,37,0,8.0,0
2018,11,PE,0,1,4,4,44,10292.0,0,0,1,9,50,1,2.0,0
2018,7,PE,0,1,4,9,36,954.0,0,0,4,7,20,1,8.0,0
2018,12,PE,0,1,6,2,44,1385.0,0,0,5,7,20,0,8.0,0
2019,9,PE,0,1,6,8,44,1040.0,0,0,5,7,31,1,2.0,0
2019,7,PE,0,1,6,9,44,1011.0,0,0,5,4,28,1,8.0,0
2018,1,PE,0,1,6,1,44,1010.0,0,0,5,7,34,1,2.0,0
2018,12,PE,0,1,11,6,44,1486.0,0,0,5,7,39,1,8.0,0
2018,1,PE,1,1,1,2,44,1052.0,0,0,5,7,19,1,8.0,1
2018,3,PE,0,1,4,9,44,970.0,0,0,6,2,56,1,2.0,0
2019,2,PE,0,1,11,9,44,1016.0,0,0,6,4,20,1,2.0,0
2018,7,PE,0,3,4,4,44,966.0,0,0,6,4,26,1,2.0,0
2018,3,PE,0,1,4,2,44,954.0,0,0,4,7,28,0,8.0,0
2018,3,PE,1,1,2,8,44,1064.0,0,0,5,7,42,1,8.0,1
2018,6,PE,0,1,4,5,44,954.0,0,0,5,5,41,1,8.0,0
2018,7,PE,0,1,11,4,44,999.0,0,0,7,7,36,1,2.0,0
2019,3,PE,0,1,43,7,44,1016.0,0,0,6,3,21,1,8.0,0
2019,7,PE,0,1,4,4,44,1030.0,0,0,8,6,44,1,8.0,0
2019,7,PE,0,3,43,3,44,1016.0,0,0,6,5,47,1,8.0,0
2018,10,PE,1,1,1,9,44,975.0,0,0,5,7,32,1,9.0,1
2018,3,PE,1,1,1,9,25,662.0,0,0,4,7,22,0,2.0,1
2019,6,PE,1,1,1,7,44,1046.0,0,0,4,8,21,0,2.0,1
2018,6,PE,1,1,1,1,44,1100.0,0,0,3,7,18,0,8.0,1
2018,11,PE,1,1,2,9,44,987.0,0,0,4,7,42,1,9.0,1
2018,11,PE,1,1,2,9,44,987.0,0,0,4,7,42,1,9.0,1
2018,4,PE,1,1,2,9,44,981.0,0,0,5,4,40,0,9.0,1
2018,8,PE,1,1,2,1,44,1471.0,0,0,7,7,68,1,8.0,1
2019,3,PE,1,1,2,1,44,3520.0,0,0,9,7,35,1,2.0,1
2018,5,PE,1,1,2,9,44,1046.0,0,1,5,4,48,1,9.0,1
2018,7,PE,1,1,2,8,44,975.0,0,1,5,7,40,1,2.0,1
2018,12,PE,1,1,2,9,44,998.0,0,0,5,7,40,0,8.0,1
2018,1,PE,1,1,2,6,36,1027.0,0,0,5,5,54,1,8.0,1
2018,3,PE,0,1,4,8,44,1109.0,0,0,5,7,44,1,8.0,0
2018,1,PE,0,1,4,9,44,958.0,0,0,5,4,26,1,4.0,0
2018,3,PE,0,1,4,8,44,1109.0,0,0,5,7,39,1,2.0,0
2018,8,PE,0,1,4,9,44,1043.0,0,0,4,5,48,0,9.0,0
2018,1,PE,0,1,4,5,44,1100.0,0,0,7,8,30,1,2.0,0
2019,6,PE,0,1,4,9,44,1014.0,0,0,5,5,43,0,8.0,0
2019,1,PE,0,1,4,7,36,977.0,0,0,3,7,44,0,2.0,0
2018,7,PE,0,1,4,5,44,1691.0,0,0,7,6,26,1,8.0,0
2018,3,PE,0,1,5,9,44,975.0,0,0,5,4,37,0,8.0,0
2018,8,PE,0,1,8,8,44,954.0,0,0,5,2,38,1,8.0,0
2019,2,PE,0,1,11,3,40,4635.0,0,0,2,9,29,0,2.0,0
2019,10,PE,1,1,25,9,20,454.0,1,0,4,7,22,0,4.0,1
2019,7,PE,0,1,43,5,44,0.0,0,0,7,6,24,1,8.0,0
2019,2,PE,1,3,2,6,44,998.0,0,0,6,7,27,1,9.0,1
2018,9,PE,1,1,2,3,44,954.0,0,0,3,7,20,1,8.0,1
2019,8,PE,1,1,2,1,44,1623.0,0,0,7,7,24,1,8.0,1
2019,8,PE,0,1,4,8,36,998.0,0,0,3,7,47,1,8.0,0
2018,4,PE,1,1,2,1,44,1106.0,0,0,7,7,39,1,8.0,1
2018,11,PE,1,1,2,7,44,1087.0,0,0,4,7,24,0,9.0,1
2018,2,PE,1,1,2,2,44,1070.0,0,0,7,6,29,1,4.0,1
2019,4,PE,1,1,2,4,44,1020.0,0,0,5,7,45,1,9.0,1
2018,7,PE,1,1,2,4,44,982.0,0,0,7,7,28,0,8.0,1
2019,6,PE,1,1,2,1,44,1150.0,0,0,7,7,21,1,8.0,1
2019,8,PE,0,1,4,7,44,1011.0,0,0,5,7,30,1,8.0,0
2019,8,PE,0,1,4,7,44,1011.0,0,0,5,4,51,1,8.0,0
2018,4,PE,0,1,4,4,44,1844.0,0,0,1,9,42,1,8.0,0
2019,8,PE,0,1,4,2,44,1150.0,0,0,7,7,24,1,8.0,0
2018,6,PE,0,1,4,9,44,1975.0,0,0,7,7,29,1,9.0,0
2018,7,PE,0,1,6,7,44,9537.0,0,0,1,9,42,0,8.0,0
2018,10,PE,0,1,11,6,44,1095.0,0,0,7,7,21,1,8.0,0
2018,9,PE,1,1,1,1,44,954.0,0,0,4,7,22,1,2.0,1
2018,2,PE,0,1,4,2,44,977.0,0,0,5,7,26,1,8.0,0
2018,10,PE,0,1,4,1,44,977.0,0,0,5,7,35,0,8.0,0
2018,2,PE,1,1,2,1,44,1585.0,0,0,7,7,29,1,8.0,1
2018,12,PE,1,1,1,4,44,1046.0,0,0,4,7,19,0,8.0,1
2018,10,PE,1,1,1,4,44,1057.0,0,0,5,7,19,0,2.0,1
2019,2,PE,1,1,2,7,36,1036.0,0,0,3,7,52,0,8.0,1
2018,6,PE,1,3,2,1,44,1493.0,0,0,7,7,26,1,2.0,1
2018,7,PE,1,1,2,3,44,1009.0,0,0,5,7,31,1,2.0,1
2019,7,PE,1,1,2,1,44,1103.0,0,0,5,9,28,0,2.0,1
2018,9,PE,1,1,2,3,44,1009.0,0,0,5,7,31,0,9.0,1
2018,10,PE,1,3,2,5,44,997.0,0,0,6,4,41,1,2.0,1
2018,10,PE,1,1,2,1,40,954.0,0,0,5,7,32,0,8.0,1
2018,6,PE,1,1,2,2,44,1024.0,0,0,7,2,60,1,8.0,1
2018,3,PE,1,1,2,1,44,2800.0,0,0,1,9,38,1,8.0,1
2019,10,PE,0,1,4,2,44,1041.0,0,0,6,3,32,1,4.0,0
2019,11,PE,0,1,4,2,44,1041.0,0,0,6,4,33,1,8.0,0
2019,10,PE,0,1,4,1,44,1071.0,0,0,5,6,41,0,2.0,0
2018,9,PE,0,1,4,1,44,1500.0,0,0,3,7,26,1,9.0,0
2019,3,PE,0,1,4,3,44,1196.0,0,0,5,7,30,1,8.0,0
2019,7,PE,0,1,4,2,44,1194.0,0,0,7,7,44,1,8.0,0
2019,5,PE,0,1,4,6,44,1123.0,0,0,7,4,24,1,8.0,0
2018,6,PE,0,1,4,9,44,997.0,0,0,6,4,36,0,4.0,0
2018,3,PE,0,1,4,5,36,3101.0,0,0,2,9,45,0,2.0,0
2018,4,PE,0,1,4,8,44,997.0,0,0,6,6,34,1,4.0,0
2019,11,PE,0,3,4,3,44,1041.0,0,0,6,7,22,1,8.0,0
2018,7,PE,0,1,4,1,44,1014.0,0,0,4,7,30,0,9.0,0
2018,1,PE,0,1,4,1,44,1014.0,0,0,4,7,29,0,8.0,0
2018,5,PE,0,1,4,7,44,987.0,0,0,7,6,24,1,8.0,0
2019,2,PE,0,1,4,3,44,1037.0,0,0,5,7,24,1,8.0,0
2019,11,PE,0,1,4,6,44,1569.0,0,0,7,7,46,1,8.0,0
2019,9,PE,0,3,4,2,44,1041.0,0,0,6,5,36,0,8.0,0
2018,6,PE,0,1,4,4,44,1009.0,0,0,5,7,24,0,8.0,0
2018,5,PE,0,1,4,4,44,1140.0,0,0,5,5,27,1,4.0,0
2018,11,PE,0,1,6,1,44,1055.0,0,0,5,6,20,1,8.0,0
2019,12,PE,0,3,6,5,44,1041.0,0,0,6,5,35,0,8.0,0
2018,5,PE,0,1,11,8,44,997.0,0,0,6,6,18,1,8.0,0
2018,5,PE,0,1,11,5,44,1024.0,0,0,5,7,32,1,2.0,0
2018,6,PE,0,1,11,4,44,997.0,0,0,6,7,20,1,8.0,0
2018,1,PE,0,3,11,2,44,973.0,0,0,6,4,25,1,8.0,0
2018,1,PE,0,1,11,4,44,973.0,0,0,6,7,21,1,2.0,0
2019,10,PE,1,1,25,9,44,1041.0,0,0,6,6,47,0,8.0,1
2018,8,PE,1,1,25,9,44,997.0,0,0,6,3,31,1,8.0,1
2019,6,PE,1,1,25,7,44,1041.0,0,0,6,4,19,0,2.0,1
2018,1,PE,1,1,25,9,44,973.0,0,0,6,7,42,0,8.0,1
2019,7,PE,1,1,25,9,44,1041.0,0,0,6,4,59,0,8.0,1
2018,7,PE,1,1,25,6,44,997.0,0,0,6,4,42,1,8.0,1
2019,10,PE,0,3,43,3,44,1041.0,0,0,6,7,30,0,8.0,0
2018,9,PE,0,3,43,4,44,997.0,0,0,6,6,24,1,8.0,0
2018,4,PE,0,1,43,5,44,997.0,0,0,6,6,23,0,8.0,0
2018,10,PE,1,1,2,4,44,1092.0,0,0,8,7,24,1,8.0,1
2019,12,PE,1,1,2,1,44,1476.0,0,0,7,7,27,1,2.0,1
2019,5,PE,1,3,2,3,44,1123.0,0,0,7,2,35,1,8.0,1
2019,1,PE,0,1,4,3,44,1037.0,0,0,5,7,31,0,9.0,0
2019,5,PE,0,1,4,1,44,1016.0,0,0,6,7,23,1,8.0,0
2019,9,PE,0,1,6,1,44,1016.0,0,0,6,2,40,1,8.0,0
2019,9,PE,1,1,25,1,44,1478.0,0,0,7,4,46,1,8.0,1
2019,11,PE,1,1,1,1,44,1105.0,0,0,3,7,19,0,2.0,1
2018,10,PE,1,1,1,8,44,975.0,0,0,5,4,19,1,8.0,1
2018,9,PE,1,1,1,1,44,1180.0,0,0,5,7,23,0,2.0,1
2019,7,PE,1,1,1,2,44,1430.0,0,0,5,6,32,1,8.0,1
2018,1,PE,1,1,1,2,44,1100.0,0,0,5,8,21,0,8.0,1
2019,8,PE,1,1,1,3,20,469.0,1,0,4,7,19,1,8.0,1
2018,4,PE,1,1,2,1,44,1643.0,0,0,7,7,39,1,9.0,1
2019,12,PE,1,1,2,1,44,1054.0,0,0,5,7,21,0,9.0,1
2018,11,PE,1,1,2,9,40,8028.0,0,0,2,9,31,1,2.0,1
2018,2,PE,1,1,2,3,44,1450.0,0,0,3,7,48,0,2.0,1
2019,11,PE,1,1,2,1,44,1100.0,0,0,5,7,30,0,2.0,1
2018,12,PE,1,1,2,9,44,978.0,0,0,5,6,33,1,8.0,1
2019,2,PE,1,1,2,2,44,1041.0,0,0,5,5,48,0,8.0,1
2018,3,PE,1,1,2,1,31,1959.0,0,0,2,9,23,1,2.0,1
2019,12,PE,1,1,2,1,44,1054.0,0,0,5,7,21,0,9.0,1
2019,1,PE,1,1,2,4,30,2648.0,0,0,3,8,21,1,2.0,1
2019,2,PE,1,1,2,1,44,1177.0,0,0,5,7,21,0,2.0,1
2019,9,PE,1,1,2,9,44,1020.0,0,0,4,7,27,0,2.0,1
2019,10,PE,1,1,2,6,44,1181.0,0,0,7,2,38,1,2.0,1
2018,1,PE,1,1,2,9,44,958.0,0,0,6,7,30,1,8.0,1
2018,2,PE,1,1,2,6,44,1100.0,0,0,5,7,20,1,8.0,1
2019,1,PE,1,1,2,9,40,1020.0,0,0,5,7,37,1,8.0,1
2019,11,PE,1,1,2,4,44,1204.0,0,0,5,9,25,0,8.0,1
2018,1,PE,1,1,2,4,44,1047.0,0,0,4,9,26,0,2.0,1
2019,7,PE,1,1,2,7,44,998.0,0,0,7,6,25,1,8.0,1
2019,3,PE,1,1,2,1,44,999.0,0,0,5,3,39,0,2.0,1
2019,1,PE,1,1,2,9,40,1020.0,0,0,5,7,37,1,8.0,1
2019,6,PE,1,1,2,5,44,1542.0,0,0,3,7,35,1,8.0,1
2019,2,PE,1,1,2,4,44,998.0,0,0,7,3,39,1,2.0,1
2018,3,PE,1,1,2,6,44,1089.0,0,0,7,4,21,1,9.0,1
2018,1,PE,1,1,2,9,44,958.0,0,0,5,7,41,0,8.0,1
2019,9,PE,1,1,2,5,40,5467.0,0,0,2,9,41,0,1.0,1
2019,10,PE,1,1,2,5,44,1094.0,0,0,5,7,35,1,8.0,1
2019,12,PE,1,1,2,9,44,1020.0,0,0,5,1,50,1,8.0,1
2018,10,PE,1,1,2,6,44,1117.0,0,0,4,7,33,0,8.0,1
2018,8,PE,1,1,2,3,44,1032.0,0,0,5,7,41,0,4.0,1
2018,3,PE,1,1,2,3,44,1115.0,0,0,3,7,28,1,2.0,1
2018,12,PE,1,1,2,1,36,1000.0,0,0,4,7,31,0,8.0,1
2018,11,PE,1,1,2,3,44,1150.0,0,0,5,7,27,0,8.0,1
2019,9,PE,1,1,2,1,44,1187.0,0,0,2,9,42,1,9.0,1
2019,10,PE,1,1,2,1,44,1205.0,0,0,5,7,26,0,2.0,1
2018,8,PE,1,1,2,6,44,1150.0,0,0,5,7,39,1,8.0,1
2018,7,PE,1,1,2,2,44,954.0,0,0,4,7,35,0,8.0,1
2019,5,PE,1,1,2,4,44,1036.0,0,0,4,7,33,0,1.0,1
2018,3,PE,1,1,2,5,44,1112.0,0,0,5,7,30,0,2.0,1
2019,2,PE,1,1,2,5,44,1076.0,0,0,4,5,28,1,9.0,1
2018,12,PE,1,1,2,5,44,1150.0,0,0,5,6,43,0,8.0,1
2018,5,PE,1,1,2,6,44,1123.0,0,0,7,4,50,1,8.0,1
2019,1,PE,1,1,2,9,36,954.0,0,0,4,7,26,0,8.0,1
2018,10,PE,1,1,2,6,44,1149.0,0,0,5,7,38,1,8.0,1
2019,7,PE,1,1,2,9,44,6023.0,0,0,3,9,44,0,8.0,1
2019,12,PE,1,1,2,1,44,1000.0,0,0,4,9,36,0,9.0,1
2019,3,PE,1,1,2,1,30,1501.0,0,0,2,9,22,1,9.0,1
2018,6,PE,1,1,2,6,44,1061.0,0,0,5,7,34,1,8.0,1
2019,10,PE,1,1,2,9,44,1250.0,0,0,4,7,35,0,8.0,1
2018,9,PE,1,1,2,2,44,1107.0,0,0,3,7,22,1,2.0,1
2019,11,PE,1,1,2,6,44,3000.0,0,0,2,9,34,0,9.0,1
2018,11,PE,1,1,2,4,44,1050.0,0,0,5,7,32,1,8.0,1
2019,1,PE,1,1,2,4,44,1051.0,0,0,7,4,46,1,8.0,1
2018,1,PE,1,1,2,9,44,958.0,0,0,6,7,30,1,8.0,1
2019,10,PE,1,1,2,9,44,1002.0,0,0,5,7,39,0,8.0,1
2019,11,PE,1,1,2,1,44,1100.0,0,0,5,7,30,0,8.0,1
2019,1,PE,1,1,2,9,40,1020.0,0,0,5,7,37,1,8.0,1
2019,6,PE,1,1,2,7,44,1073.0,0,0,7,6,21,1,4.0,1
2018,6,PE,1,1,2,6,44,1046.0,0,0,5,7,28,1,8.0,1
2018,12,PE,1,1,2,1,44,1098.0,0,0,5,5,37,1,8.0,1
2018,9,PE,1,1,2,1,44,1005.0,0,0,4,7,30,1,9.0,1
2018,2,PE,1,1,2,1,36,1000.0,0,0,4,7,34,0,2.0,1
2018,6,PE,1,1,2,6,44,1046.0,0,0,5,7,28,1,8.0,1
2018,4,PE,1,1,2,1,44,1153.0,0,0,9,7,28,1,9.0,1
2019,1,PE,1,1,2,9,40,1020.0,0,0,5,7,37,1,8.0,1
2019,1,PE,1,1,2,9,40,1020.0,0,0,5,7,37,1,8.0,1
2019,1,PE,1,1,2,9,40,1020.0,0,0,5,7,37,1,8.0,1
2018,10,PE,1,1,2,6,44,1020.0,0,0,7,7,34,1,8.0,1
2019,4,PE,1,1,2,7,44,1150.0,0,0,3,8,22,0,8.0,1
2019,1,PE,1,1,2,2,44,1032.0,0,0,5,7,45,1,8.0,1
2018,4,PE,1,1,2,3,44,1600.0,0,0,3,7,29,1,2.0,1
2019,10,PE,1,1,2,1,44,1100.0,0,0,5,5,25,0,8.0,1
2019,11,PE,1,1,2,4,44,1181.0,0,0,7,7,27,1,9.0,1
2019,12,PE,1,1,2,6,36,998.0,0,0,4,7,49,0,8.0,1
2018,8,PE,1,3,2,1,44,1123.0,0,0,7,7,39,1,8.0,1
2019,10,PE,1,1,2,2,36,1008.0,0,0,4,7,23,1,9.0,1
2019,11,PE,1,1,2,8,44,1041.0,0,0,6,2,30,0,8.0,1
2019,9,PE,1,1,2,1,44,1100.0,0,0,5,7,34,0,9.0,1
2018,12,PE,1,1,2,1,44,1008.0,0,0,4,9,23,0,4.0,1
2018,12,PE,1,1,2,7,44,1903.0,0,0,7,2,33,1,8.0,1
2019,9,PE,1,1,2,7,44,1468.0,0,0,4,9,26,1,8.0,1
2019,3,PE,1,1,2,7,44,1087.0,0,0,5,7,29,0,2.0,1
2018,5,PE,1,1,2,1,44,1637.0,0,0,5,7,32,1,9.0,1
2018,9,PE,1,1,2,4,44,1116.0,0,0,4,7,47,0,8.0,1
2018,9,PE,1,3,2,2,44,1500.0,0,0,4,9,52,1,4.0,1
2019,5,PE,1,1,2,4,44,998.0,0,0,5,7,35,1,8.0,1
2018,6,PE,1,1,2,8,36,1463.0,0,0,7,7,24,1,8.0,1
2018,11,PE,1,1,2,5,44,1800.0,0,0,1,9,38,1,9.0,1
2019,11,PE,1,1,2,1,44,1568.0,0,0,7,6,48,1,8.0,1
2019,4,PE,1,1,2,4,44,1037.0,0,0,8,7,37,1,2.0,1
2019,1,PE,1,1,2,9,36,954.0,0,0,4,7,26,0,8.0,1
2019,9,PE,0,1,4,5,36,1172.0,0,0,5,7,26,1,9.0,0
2019,5,PE,0,1,4,2,44,1020.0,0,0,5,7,45,1,8.0,0
2019,10,PE,0,1,4,4,38,1179.0,0,0,7,4,50,1,8.0,0
2019,7,PE,0,1,4,3,44,1205.0,0,0,5,7,20,0,2.0,0
2019,9,PE,0,1,4,8,44,1036.0,0,0,5,7,40,1,9.0,0
2018,11,PE,0,1,4,1,44,1800.0,0,0,4,7,32,0,2.0,0
2019,1,PE,0,1,4,2,44,1032.0,0,0,5,3,40,1,8.0,0
2019,7,PE,0,1,4,4,44,1150.0,0,0,4,7,22,0,2.0,0
2019,1,PE,0,1,4,4,44,1050.0,0,0,5,7,25,0,8.0,0
2018,10,PE,0,1,4,2,44,1094.0,0,0,9,7,21,1,8.0,0
2018,7,PE,0,1,4,6,44,1168.0,0,0,7,7,30,1,9.0,0
2019,12,PE,0,1,4,4,44,1315.0,0,0,4,5,43,0,2.0,0
2019,1,PE,0,1,4,9,44,2965.0,0,0,5,3,41,0,8.0,0
2019,4,PE,0,1,4,8,44,1750.0,0,0,7,6,48,1,8.0,0
2018,7,PE,0,1,4,8,36,1566.0,0,0,5,9,31,0,8.0,0
2018,11,PE,0,1,4,1,44,1500.0,0,0,4,8,34,0,9.0,0
2019,8,PE,0,1,4,1,25,1552.0,0,0,2,7,44,1,8.0,0
2018,10,PE,0,1,4,9,44,975.0,0,0,4,7,42,1,8.0,0
2018,4,PE,0,1,4,8,44,1471.0,0,0,7,2,47,1,8.0,0
2018,5,PE,0,1,4,1,44,1100.0,0,0,9,7,31,1,8.0,0
2018,12,PE,0,1,4,7,44,1195.0,0,0,5,7,22,0,8.0,0
2019,7,PE,0,1,4,3,44,1602.0,0,0,2,9,27,1,9.0,0
2018,6,PE,0,1,4,5,44,1471.0,0,0,7,7,33,1,9.0,0
2018,6,PE,0,1,4,4,44,1100.0,0,0,5,5,71,1,8.0,0
2019,8,PE,0,1,4,9,44,1183.0,0,0,4,7,48,0,8.0,0
2018,8,PE,0,1,4,5,44,1319.0,0,0,4,9,29,0,8.0,0
2018,10,PE,0,1,4,4,44,1150.0,0,0,3,7,24,1,8.0,0
2019,2,PE,0,1,4,6,44,1092.0,0,0,4,7,27,0,8.0,0
2018,10,PE,0,1,4,9,44,975.0,0,0,4,7,34,1,2.0,0
2018,9,PE,0,1,4,9,44,2090.0,0,0,7,7,41,1,9.0,0
2018,12,PE,0,1,4,1,36,1078.0,0,1,4,7,52,0,8.0,0
2018,9,PE,0,1,4,6,44,1771.0,0,0,9,7,32,1,8.0,0
2019,7,PE,0,1,4,1,44,1150.0,0,0,4,7,28,1,8.0,0
2019,1,PE,0,1,4,4,44,1050.0,0,0,5,7,25,0,8.0,0
2018,2,PE,0,1,4,5,44,1100.0,0,0,5,7,28,1,8.0,0
2019,1,PE,0,1,4,3,40,1370.0,0,0,4,7,28,0,8.0,0
2019,1,PE,0,1,4,3,36,1006.0,0,0,4,7,25,0,8.0,0
2018,8,PE,0,1,4,6,44,1112.0,0,0,9,7,27,1,8.0,0
2019,9,PE,0,1,4,4,44,1674.0,0,0,7,4,36,1,8.0,0
2018,4,PE,0,1,4,7,44,1263.0,0,0,9,7,47,1,8.0,0
2019,8,PE,0,1,4,3,44,1071.0,0,0,5,5,32,1,2.0,0
2018,4,PE,0,1,4,8,44,975.0,0,0,4,7,55,0,8.0,0
2019,5,PE,0,1,4,2,44,1173.0,0,0,4,9,25,0,2.0,0
2019,1,PE,0,1,4,4,44,1100.0,0,0,4,7,24,0,8.0,0
2018,10,PE,0,1,4,9,44,1175.0,0,0,4,6,46,0,8.0,0
2019,8,PE,0,1,4,2,44,1036.0,0,0,5,5,32,1,2.0,0
2019,3,PE,0,1,4,4,44,1123.0,0,0,7,7,28,1,9.0,0
2019,9,PE,0,1,4,7,44,5078.0,0,0,3,9,36,0,8.0,0
2019,3,PE,0,1,4,4,44,1493.0,0,0,7,3,37,1,8.0,0
2019,4,PE,0,1,4,4,36,1134.0,0,0,5,7,38,1,9.0,0
2019,2,PE,0,1,4,6,44,1150.0,0,0,5,6,34,0,8.0,0
2018,5,PE,0,1,4,8,44,1434.0,0,0,4,7,33,1,8.0,0
2019,1,PE,0,1,4,5,44,1041.0,0,0,5,7,23,1,2.0,0
2018,12,PE,0,1,4,8,44,2264.0,0,0,3,8,26,1,2.0,0
2018,12,PE,0,1,4,6,44,975.0,0,0,5,7,33,0,8.0,0
2019,2,PE,0,1,4,3,44,0.0,0,0,1,8,28,1,8.0,0
2018,11,PE,0,1,4,4,44,1115.0,0,0,2,9,30,0,2.0,0
2019,9,PE,0,1,4,9,36,1006.0,0,0,4,7,33,0,8.0,0
2018,7,PE,0,1,4,9,44,5813.0,0,0,2,9,37,1,2.0,0
2019,5,PE,0,1,5,8,44,1040.0,0,0,5,7,32,1,2.0,0
2018,9,PE,0,1,5,7,44,1075.0,0,0,3,7,24,1,2.0,0
2018,4,PE,0,1,6,2,44,1473.0,0,0,9,7,44,1,8.0,0
2018,1,PE,0,1,6,8,44,996.0,0,0,5,7,32,1,9.0,0
2019,4,PE,0,1,6,3,44,1408.0,0,0,3,7,26,1,8.0,0
2018,8,PE,0,1,6,4,44,1033.0,0,0,4,7,35,0,8.0,0
2019,11,PE,0,1,6,3,44,1106.0,0,0,4,7,31,0,8.0,0
2019,7,PE,0,1,6,3,44,1205.0,0,0,5,7,19,0,2.0,0
2019,11,PE,0,1,6,1,44,1000.0,0,0,9,5,30,1,8.0,0
2019,8,PE,0,1,6,7,44,4088.0,0,0,2,9,41,0,2.0,0
2018,3,PE,0,1,6,3,30,1204.0,0,0,4,8,19,0,2.0,0
2019,4,PE,0,1,6,4,44,1053.0,0,0,5,7,29,1,8.0,0
2018,3,PE,0,1,6,6,44,954.0,0,0,5,5,47,1,8.0,0
2018,9,PE,0,1,6,2,44,1150.0,0,0,5,5,20,0,2.0,0
2018,6,PE,0,1,6,8,40,4209.0,0,0,4,9,57,0,2.0,0
2019,11,PE,0,1,8,9,44,2503.0,0,0,5,2,60,1,8.0,0
2019,10,PE,0,1,11,1,44,1100.0,0,0,5,6,45,0,8.0,0
2018,10,PE,0,1,11,8,44,975.0,0,0,5,7,35,1,2.0,0
2018,9,PE,0,1,11,7,44,1150.0,0,0,5,7,36,0,8.0,0
2019,10,PE,0,1,11,6,20,499.0,1,0,4,7,19,0,9.0,0
2018,9,PE,0,1,11,7,44,1150.0,0,0,5,7,36,0,8.0,0
2019,3,PE,0,1,11,7,44,999.0,0,0,5,4,44,0,8.0,0
2018,11,PE,0,1,11,9,44,2702.0,0,0,4,7,40,0,8.0,0
2019,8,PE,0,3,11,1,44,1179.0,0,0,7,7,29,1,8.0,0
2018,7,PE,0,1,11,6,20,477.0,1,0,4,7,22,1,8.0,0
2019,12,PE,0,1,11,9,20,499.0,1,0,4,6,19,0,2.0,0
2019,5,PE,0,1,11,4,44,1168.0,0,0,5,8,37,1,9.0,0
2018,3,PE,0,1,11,5,44,1471.0,0,0,7,7,51,1,8.0,0
2018,12,PE,1,1,25,5,44,1150.0,0,0,3,7,26,0,8.0,1
2019,8,PE,1,1,25,8,20,3295.0,0,0,2,9,30,0,4.0,1
2019,5,PE,1,1,25,6,44,1111.0,0,0,7,7,34,1,8.0,1
2019,8,PE,1,1,25,1,44,1179.0,0,0,7,7,22,1,8.0,1
2019,6,PE,1,1,25,8,44,1020.0,0,0,5,6,22,1,8.0,1
2019,1,PE,0,1,43,4,44,1123.0,0,0,7,4,27,1,8.0,0
2018,12,PE,0,1,43,2,44,974.0,0,0,5,7,20,1,8.0,0
2019,12,PE,0,1,43,2,44,1100.0,0,0,3,7,23,0,9.0,0
2018,8,PE,0,1,43,5,42,990.0,0,0,7,7,36,1,2.0,0
2019,3,PE,0,1,43,1,44,1676.0,0,0,1,8,41,1,8.0,0
2019,2,PE,0,1,43,8,36,1877.0,0,0,5,7,36,0,9.0,0
2018,11,PE,0,1,33,9,44,1944.0,0,0,2,9,34,0,9.0,0
2019,7,PE,0,1,33,6,44,1988.0,0,0,7,7,31,1,8.0,0
2018,10,PE,1,1,2,9,44,970.0,0,0,6,2,27,1,8.0,1
2018,10,PE,1,1,2,9,44,970.0,0,0,6,2,27,1,8.0,1
2018,10,PE,1,1,2,9,44,970.0,0,0,6,2,27,1,8.0,1
2018,3,PE,0,1,4,9,44,970.0,0,0,6,2,45,1,8.0,0
2018,3,PE,0,1,4,9,44,970.0,0,0,6,2,45,1,8.0,0
2018,3,PE,0,1,4,9,44,970.0,0,0,6,2,45,1,8.0,0
2018,3,PE,0,1,4,9,44,970.0,0,0,6,2,45,1,8.0,0
2018,3,PE,0,1,4,9,44,970.0,0,0,6,2,45,1,8.0,0
2018,3,PE,0,1,4,9,44,970.0,0,0,6,2,45,1,8.0,0
2018,3,PE,0,1,4,9,44,970.0,0,0,6,2,45,1,8.0,0
2018,3,PE,0,1,4,9,44,970.0,0,0,6,2,45,1,8.0,0
2018,8,PE,1,1,2,3,44,1015.0,0,0,5,7,20,0,9.0,1
2019,12,PE,1,1,2,3,44,1100.0,0,0,4,7,44,1,9.0,1
2019,9,PE,0,1,4,6,44,1146.0,0,0,7,1,39,1,8.0,0
2019,7,PE,0,1,4,1,44,507.0,0,0,5,7,24,0,8.0,0
2018,1,PE,0,1,4,2,44,954.0,0,0,4,7,43,1,8.0,0
2018,11,PE,0,1,4,3,44,1015.0,0,0,5,7,29,1,8.0,0
2019,5,PE,0,1,4,1,44,1015.0,0,0,4,7,24,0,8.0,0
2018,10,PE,0,1,4,8,44,954.0,0,0,6,3,44,1,8.0,0
2018,5,PE,0,1,11,1,44,981.0,0,0,7,7,33,0,2.0,0
2019,9,PE,1,1,2,6,44,1800.0,0,0,5,7,52,1,8.0,1
2019,8,PE,0,1,4,3,44,1179.0,0,0,7,7,22,1,8.0,0
2018,9,PE,1,1,2,9,44,1036.0,0,0,5,5,47,1,9.0,1
2019,6,PE,0,1,11,3,44,1136.0,0,0,7,3,28,1,8.0,0
2019,5,PE,1,1,1,1,44,1087.0,0,0,5,7,19,0,9.0,1
2019,2,PE,1,1,2,4,44,1493.0,0,0,7,5,27,1,9.0,1
2019,8,PE,0,1,6,4,44,998.0,0,0,3,7,36,1,8.0,0
2019,7,PE,1,1,2,9,44,1147.0,0,0,7,4,43,1,8.0,1
2019,7,PE,1,1,2,9,44,1147.0,0,0,7,4,43,1,8.0,1
2018,3,PE,1,1,1,9,20,477.0,1,0,4,7,22,1,8.0,1
2019,9,PE,1,1,2,9,44,1016.0,0,0,6,1,23,1,8.0,1
2019,9,PE,1,1,2,9,44,1016.0,0,0,6,1,23,1,8.0,1
2018,9,PE,1,1,2,9,44,1012.0,0,0,8,7,23,1,2.0,1
2018,6,PE,0,1,11,1,44,1471.0,0,0,7,7,28,0,8.0,0
2019,2,PE,0,1,11,9,44,1421.0,0,0,7,6,25,1,2.0,0
2018,11,PE,1,1,2,1,44,1053.0,0,0,4,7,27,0,2.0,1
2019,4,PE,1,1,2,7,44,1236.0,0,0,7,7,32,1,8.0,1
2018,8,PE,1,1,2,6,44,970.0,0,0,6,1,21,1,8.0,1
2018,8,PE,1,1,2,6,44,970.0,0,0,6,4,56,1,8.0,1
2018,8,PE,1,1,2,6,44,970.0,0,0,6,4,56,1,8.0,1
2018,3,PE,1,1,1,2,44,972.0,0,0,7,7,24,0,8.0,1
2018,1,PE,1,1,2,1,44,1300.0,0,0,2,9,22,0,2.0,1
2018,8,PE,1,1,2,3,44,1015.0,0,0,5,7,20,1,8.0,1
2019,7,PE,0,1,4,2,44,1037.0,0,0,5,7,23,1,8.0,0
2018,10,PE,0,3,11,3,44,954.0,0,0,6,2,34,1,8.0,0
2018,12,PE,0,1,11,8,44,1061.0,0,0,8,2,62,1,2.0,0
2019,8,PE,1,1,25,8,44,1016.0,0,0,6,5,59,1,4.0,1
2018,9,PE,1,1,1,9,44,970.0,0,0,6,2,26,1,4.0,1
2019,8,PE,1,1,2,7,44,1227.0,0,0,7,7,21,1,8.0,1
2019,5,PE,1,1,2,2,44,1047.0,0,0,4,7,24,0,8.0,1
2018,1,PE,0,3,4,1,44,1106.0,0,0,7,4,43,1,8.0,0
2018,4,PE,0,1,11,9,44,970.0,0,0,6,2,35,1,8.0,0
2019,6,AL,1,1,1,5,44,1020.0,0,0,5,7,24,1,8.0,1
2019,3,AL,1,1,2,2,44,4000.0,0,0,4,7,34,1,2.0,1
2019,5,AL,1,1,2,3,44,998.0,0,0,5,5,50,1,2.0,1
2019,4,AL,1,1,2,3,44,998.0,0,0,4,7,35,1,9.0,1
2019,9,AL,1,1,2,8,44,2093.0,0,0,9,7,33,1,9.0,1
2018,3,AL,1,1,2,1,44,974.0,0,0,5,7,22,1,9.0,1
2019,9,AL,1,1,2,1,44,1060.0,0,0,4,7,28,0,2.0,1
2018,2,AL,1,1,2,7,44,954.0,0,0,5,5,21,1,9.0,1
2019,8,AL,1,1,2,1,44,1098.0,0,0,4,8,23,1,8.0,1
2018,3,AL,1,1,2,4,44,954.0,0,0,5,7,41,0,8.0,1
2019,6,AL,0,1,4,5,44,1688.0,0,0,3,7,50,1,9.0,0
2019,8,AL,0,1,5,3,44,998.0,0,0,4,7,28,0,8.0,0
2019,12,AL,0,1,6,1,44,1326.0,0,0,5,7,36,1,2.0,0
2019,2,AL,0,1,11,9,44,1029.0,0,0,6,1,39,1,8.0,0
2019,2,AL,0,1,11,9,44,1029.0,0,0,6,1,39,1,8.0,0
2019,2,AL,0,1,11,9,44,1029.0,0,0,6,1,39,1,8.0,0
2019,2,AL,0,1,11,9,44,1029.0,0,0,6,1,39,1,8.0,0
2019,2,AL,0,1,11,9,44,1029.0,0,0,6,1,39,1,8.0,0
2019,2,AL,0,1,11,9,44,1029.0,0,0,6,1,39,1,8.0,0
2019,2,AL,0,1,11,9,44,1029.0,0,0,6,1,39,1,8.0,0
2019,2,AL,0,1,11,9,44,1029.0,0,0,6,1,39,1,8.0,0
2019,5,AL,0,1,4,1,44,998.0,0,0,4,7,22,1,9.0,0
2018,4,AL,0,1,4,7,44,990.0,0,0,6,3,45,1,8.0,0
2018,10,AL,1,1,1,9,44,990.0,0,0,6,4,22,1,8.0,1
2019,12,AL,1,1,2,2,44,1217.0,0,0,7,6,36,1,2.0,1
2018,9,AL,1,1,2,9,44,3120.0,0,0,6,1,49,1,8.0,1
2019,8,AL,1,1,2,9,44,1097.0,0,0,9,5,48,1,8.0,1
2019,8,AL,1,1,2,9,44,1029.0,0,0,6,4,28,1,4.0,1
2019,9,AL,1,1,2,9,44,1015.0,0,0,6,3,21,1,8.0,1
2019,4,AL,0,1,11,9,44,1649.0,0,0,6,3,26,1,8.0,0
2019,8,AL,1,1,2,1,44,1440.0,0,0,7,2,30,1,8.0,1
2018,2,AL,1,1,2,2,44,954.0,0,0,7,7,23,1,4.0,1
2019,9,AL,1,1,2,4,44,1050.0,0,0,6,7,29,1,9.0,1
2019,2,AL,1,1,2,7,44,998.0,0,1,7,7,23,0,8.0,1
2019,8,AL,1,1,1,7,22,499.0,1,0,4,7,18,0,8.0,1
2019,6,AL,1,1,1,6,44,1030.0,0,0,3,7,21,0,2.0,1
2019,12,AL,1,1,2,3,44,1056.0,0,0,4,7,22,0,8.0,1
2018,5,AL,1,1,2,1,44,1589.0,0,0,5,7,42,1,2.0,1
2019,5,AL,1,1,2,4,44,1373.0,0,0,7,2,46,1,9.0,1
2018,4,AL,1,1,2,7,44,1458.0,0,0,7,7,42,1,8.0,1
2018,5,AL,1,1,2,3,40,3062.0,0,0,4,7,36,0,9.0,1
2018,4,AL,1,1,2,5,44,962.0,0,0,5,4,27,0,8.0,1
2019,8,AL,1,1,2,2,44,998.0,0,0,5,7,28,0,8.0,1
2018,6,AL,1,1,2,7,44,1345.0,0,0,7,7,41,1,8.0,1
2019,4,AL,1,1,2,1,44,998.0,0,0,7,3,26,1,8.0,1
2019,10,AL,1,1,2,7,44,1062.0,0,0,5,7,25,1,9.0,1
2019,10,AL,1,1,2,1,36,1037.0,0,0,5,3,50,0,9.0,1
2019,1,AL,1,1,2,4,44,998.0,0,0,7,1,24,1,9.0,1
2018,1,AL,1,1,2,7,44,1489.0,0,0,7,7,22,1,8.0,1
2019,8,AL,1,1,2,3,44,1060.0,0,0,7,7,39,1,8.0,1
2018,7,AL,1,1,2,1,44,990.0,0,0,4,7,19,0,8.0,1
2018,4,AL,1,1,2,1,44,960.0,0,0,7,7,27,1,8.0,1
2019,12,AL,1,1,2,8,44,1140.0,0,0,4,6,18,1,2.0,1
2018,8,AL,1,1,2,3,44,990.0,0,0,4,6,18,1,9.0,1
2019,3,AL,1,1,2,7,44,1030.0,0,0,5,7,26,0,8.0,1
2018,8,AL,1,1,2,9,24,2000.0,0,0,2,9,43,1,8.0,1
2019,2,AL,1,1,2,5,44,1030.0,0,0,3,7,20,1,9.0,1
2018,11,AL,1,1,2,3,44,1215.0,0,0,5,7,26,0,8.0,1
2018,5,AL,1,1,2,1,44,1897.0,0,0,7,5,41,1,8.0,1
2019,10,AL,1,1,2,1,36,1030.0,0,0,5,7,26,0,8.0,1
2019,8,AL,1,1,2,4,44,1030.0,0,0,5,7,30,1,8.0,1
2019,6,AL,1,1,2,1,44,1030.0,0,0,5,7,23,1,9.0,1
2018,7,AL,1,1,2,3,44,990.0,0,0,5,7,36,0,8.0,1
2018,10,AL,0,1,4,3,44,982.0,0,0,4,7,25,1,8.0,0
2018,9,AL,0,1,4,2,44,990.0,0,0,4,7,31,0,8.0,0
2019,6,AL,0,1,4,1,44,998.0,0,0,5,7,35,1,8.0,0
2018,6,AL,0,1,4,1,44,1145.0,0,0,5,7,42,0,2.0,0
2018,11,AL,0,3,4,1,44,990.0,0,0,5,7,46,1,8.0,0
2019,2,AL,0,1,4,5,44,1320.0,0,0,3,7,38,0,8.0,0
2019,5,AL,0,3,4,5,44,998.0,0,0,7,3,22,1,9.0,0
2018,11,AL,0,1,4,4,44,954.0,0,0,7,7,29,1,9.0,0
2018,2,AL,0,1,4,1,44,969.0,0,0,5,7,31,0,2.0,0
2019,1,AL,0,1,4,2,44,1030.0,0,0,5,7,33,0,8.0,0
2018,11,AL,0,1,4,1,44,1200.0,0,0,6,7,39,1,9.0,0
2019,1,AL,0,1,4,4,44,1345.0,0,0,7,7,38,1,8.0,0
2018,8,AL,0,1,4,1,44,954.0,0,0,4,7,26,0,8.0,0
2018,3,AL,0,1,4,4,44,937.0,0,0,7,7,19,1,9.0,0
2018,7,AL,0,3,4,5,44,1030.0,0,0,7,2,43,1,9.0,0
2018,9,AL,0,1,4,4,44,993.0,0,0,5,7,30,0,8.0,0
2019,7,AL,0,1,4,3,44,1027.0,0,0,5,6,20,1,8.0,0
2019,6,AL,0,1,4,7,44,1489.0,0,0,7,7,42,1,9.0,0
2019,4,AL,0,1,4,3,44,1162.0,0,0,3,5,45,1,8.0,0
2019,9,AL,0,1,4,7,44,1121.0,0,0,5,7,26,0,9.0,0
2018,7,AL,0,1,4,2,44,1219.0,0,0,5,7,28,0,8.0,0
2018,8,AL,0,1,4,9,36,954.0,0,0,3,7,47,0,8.0,0
2019,1,AL,0,1,4,1,44,998.0,0,0,5,7,47,0,8.0,0
2019,4,AL,0,1,4,3,44,0.0,0,0,1,7,38,0,8.0,0
2018,1,AL,0,1,4,4,44,964.0,0,0,7,7,22,1,8.0,0
2019,6,AL,0,1,4,6,44,1129.0,0,0,7,7,51,0,9.0,0
2018,8,AL,0,1,4,7,44,987.0,0,0,7,7,30,1,8.0,0
2018,1,AL,0,1,4,3,44,1150.0,0,0,5,7,46,1,8.0,0
2019,3,AL,0,1,4,4,44,1073.0,0,0,5,5,52,1,9.0,0
2019,12,AL,0,1,4,6,44,1465.0,0,0,7,2,54,1,8.0,0
2019,10,AL,0,1,4,6,44,2019.0,0,0,4,7,32,0,8.0,0
2019,1,AL,0,1,4,3,44,1092.0,0,0,2,7,33,1,8.0,0
2018,5,AL,0,1,4,5,44,985.0,0,0,4,7,34,0,8.0,0
2019,5,AL,0,1,4,6,44,1178.0,0,0,4,7,23,0,8.0,0
2018,12,AL,0,1,4,8,44,1831.0,0,0,4,5,46,1,8.0,0
2018,6,AL,0,1,4,1,44,960.0,0,0,7,2,35,1,8.0,0
2019,10,AL,0,1,5,9,36,2046.0,0,0,4,7,21,1,8.0,0
2019,9,AL,0,1,5,1,44,3627.0,0,0,4,9,51,0,8.0,0
2019,12,AL,0,1,6,9,36,976.0,0,0,4,7,25,1,8.0,0
2018,1,AL,0,1,6,9,36,952.0,0,0,4,7,22,1,8.0,0
2019,3,AL,0,1,6,4,44,998.0,0,0,4,7,21,1,8.0,0
2018,1,AL,0,1,6,9,36,1055.0,0,0,4,7,23,0,8.0,0
2019,3,AL,0,1,6,4,44,1200.0,0,0,4,9,26,1,8.0,0
2018,7,AL,0,1,6,4,20,2029.0,0,0,2,9,46,0,8.0,0
2018,1,AL,0,1,11,6,44,1294.0,0,0,5,7,36,1,2.0,0
2019,11,AL,0,1,11,1,44,1030.0,0,0,3,7,39,0,8.0,0
2018,10,AL,0,1,11,4,44,477.0,0,0,5,7,39,0,8.0,0
2018,12,AL,0,1,11,7,44,972.0,0,0,7,6,23,1,2.0,0
2018,4,AL,0,3,11,4,44,987.0,0,0,7,4,26,1,9.0,0
2019,10,AL,1,1,25,6,44,1027.0,0,0,7,7,27,1,9.0,1
2018,7,AL,1,1,25,6,44,1772.0,0,0,9,8,24,1,8.0,1
2019,1,AL,0,1,43,6,44,1030.0,0,0,4,7,29,0,4.0,0
2018,4,AL,0,1,43,6,20,484.0,1,0,5,7,19,1,8.0,0
2018,4,AL,0,1,43,6,24,541.0,1,0,5,6,19,0,2.0,0
2019,10,AL,1,1,2,1,44,3578.0,0,0,2,7,29,0,8.0,1
2019,9,AL,1,1,2,9,44,1029.0,0,0,6,1,19,1,8.0,1
2019,9,AL,1,1,2,9,44,1029.0,0,0,6,1,19,1,8.0,1
2019,9,AL,1,1,2,9,44,1029.0,0,0,6,1,19,1,8.0,1
2019,7,AL,1,1,2,7,44,0.0,0,0,7,7,25,1,8.0,1
2019,3,AL,0,1,4,6,44,998.0,0,0,7,7,20,1,8.0,0
2018,4,AL,0,1,11,9,44,990.0,0,0,6,2,18,1,8.0,0
2019,8,AL,0,1,11,2,44,1037.0,0,0,5,7,47,1,8.0,0
2018,12,AL,0,3,11,1,44,979.0,0,0,7,3,30,1,8.0,0
2018,4,AL,0,1,11,9,44,990.0,0,0,6,2,18,1,8.0,0
2019,7,AL,1,1,2,1,44,1217.0,0,0,7,7,35,1,8.0,1
2019,2,AL,0,1,4,8,44,1029.0,0,0,6,1,42,1,6.0,0
2019,7,AL,0,1,4,1,44,1020.0,0,0,5,7,21,1,9.0,0
2018,9,AL,1,1,2,9,44,990.0,0,0,6,2,53,1,8.0,1
2018,8,AL,1,1,2,9,44,990.0,0,0,6,1,35,1,8.0,1
2018,9,AL,1,1,2,9,44,990.0,0,0,6,2,53,1,8.0,1
2018,8,AL,1,1,2,9,44,990.0,0,0,6,1,35,1,8.0,1
2018,9,AL,1,1,2,9,44,990.0,0,0,6,2,53,1,8.0,1
2018,9,AL,1,1,2,9,44,990.0,0,0,6,2,53,1,8.0,1
2018,8,AL,1,1,2,9,44,990.0,0,0,6,1,35,1,8.0,1
2018,9,AL,1,1,2,9,44,990.0,0,0,6,2,53,1,8.0,1
2019,9,AL,1,1,2,9,44,1097.0,0,0,5,4,37,1,8.0,1
2018,8,AL,1,1,2,9,44,990.0,0,0,6,1,35,1,8.0,1
2018,9,AL,1,1,2,9,44,990.0,0,0,6,2,53,1,8.0,1
2018,9,AL,1,1,2,9,44,990.0,0,0,6,2,53,1,8.0,1
2018,8,AL,1,1,2,9,44,990.0,0,0,6,1,35,1,8.0,1
2018,8,AL,1,1,2,9,44,990.0,0,0,6,1,35,1,8.0,1
2018,9,AL,1,1,2,9,44,990.0,0,0,6,2,53,1,8.0,1
2018,9,AL,1,1,2,9,44,990.0,0,0,6,2,53,1,8.0,1
2018,9,AL,1,1,2,9,44,990.0,0,0,6,2,53,1,8.0,1
2018,8,AL,1,1,2,9,44,990.0,0,0,6,1,35,1,8.0,1
2018,1,AL,0,1,4,4,44,1442.0,0,0,4,7,26,0,8.0,0
2019,7,AL,0,1,4,1,44,998.0,0,0,5,7,55,1,9.0,0
2019,1,AL,0,1,11,9,44,1029.0,0,0,6,5,33,1,8.0,0
2018,2,AL,0,1,11,9,44,1133.0,0,0,3,4,30,1,8.0,0
2018,2,AL,0,1,11,9,44,1133.0,0,0,3,4,30,1,8.0,0
2019,3,AL,0,1,11,9,44,1029.0,0,0,6,2,25,1,8.0,0
2019,3,AL,0,1,11,9,44,1029.0,0,0,6,2,25,1,8.0,0
2018,8,AL,0,1,4,7,44,3563.0,0,0,7,7,50,1,8.0,0
2019,11,AL,1,1,1,6,20,453.0,1,0,5,7,19,0,8.0,1
2019,11,AL,1,1,1,6,20,453.0,1,0,5,7,19,0,8.0,1
2019,11,AL,1,1,1,6,20,453.0,1,0,5,7,19,0,8.0,1
2019,11,AL,1,1,1,6,20,453.0,1,0,5,7,19,0,8.0,1
2019,11,AL,1,1,1,6,20,453.0,1,0,5,7,19,0,8.0,1
2018,5,AL,1,1,2,2,44,954.0,0,0,5,7,23,1,9.0,1
2019,11,AL,0,1,6,9,44,1060.0,0,0,6,2,39,1,8.0,0
2018,4,AL,0,1,6,3,44,1400.0,0,0,2,9,33,0,2.0,0
2019,10,AL,1,1,25,9,44,1029.0,0,0,6,1,55,1,8.0,1
2019,4,AL,1,1,2,3,44,998.0,0,0,9,5,49,1,2.0,1
2018,12,AL,0,3,6,4,44,990.0,0,0,6,3,41,1,8.0,0
2018,10,SE,0,1,4,2,44,954.0,0,0,5,7,20,0,9.0,0
2018,3,SE,1,1,1,9,36,937.0,0,0,4,7,22,1,8.0,1
2018,3,SE,1,1,1,9,36,937.0,0,0,4,7,22,1,8.0,1
2018,2,SE,1,1,1,4,44,1005.0,0,0,5,5,23,1,8.0,1
2018,4,SE,1,1,1,6,20,448.0,1,0,4,7,18,0,8.0,1
2018,3,SE,1,1,1,9,36,937.0,0,0,4,7,22,1,8.0,1
2019,8,SE,1,1,1,3,44,1093.0,0,0,3,7,20,0,4.0,1
2019,1,SE,1,1,1,1,44,998.0,0,0,6,7,24,0,9.0,1
2019,8,SE,1,1,2,1,44,998.0,0,0,5,7,28,1,9.0,1
2018,1,SE,1,1,2,1,44,1600.0,0,0,4,7,43,0,8.0,1
2019,9,SE,1,1,2,9,36,1972.0,0,0,2,9,31,0,8.0,1
2018,4,SE,1,1,2,4,44,986.0,0,0,4,9,30,0,8.0,1
2019,11,SE,1,1,2,9,36,998.0,0,0,4,7,23,0,2.0,1
2019,5,SE,1,1,2,2,44,1410.0,0,0,7,7,21,1,2.0,1
2019,5,SE,1,1,2,4,44,1410.0,0,0,7,2,38,1,2.0,1
2018,7,SE,1,1,2,4,44,2500.0,0,0,4,8,36,1,8.0,1
2018,6,SE,1,1,2,1,44,990.0,0,0,5,7,21,0,8.0,1
2019,5,SE,1,1,2,9,36,1014.0,0,0,5,4,21,1,2.0,1
2018,7,SE,1,1,2,4,44,990.0,0,0,4,6,18,1,8.0,1
2018,3,SE,1,1,2,6,44,954.0,0,0,7,7,33,1,8.0,1
2019,11,SE,1,1,2,3,36,1093.0,0,0,5,7,24,0,8.0,1
2018,9,SE,1,1,2,1,44,1410.0,0,0,7,5,39,1,8.0,1
2019,8,SE,1,1,2,1,44,1093.0,0,0,5,7,26,0,2.0,1
2018,4,SE,1,1,2,2,44,971.0,0,0,3,7,23,0,2.0,1
2018,6,SE,1,1,2,1,44,954.0,0,0,9,7,48,1,9.0,1
2019,1,SE,1,1,2,4,44,1031.0,0,0,5,7,18,1,2.0,1
2019,4,SE,1,1,2,7,44,1055.0,0,0,4,7,34,1,8.0,1
2019,8,SE,1,1,2,5,44,998.0,0,0,5,3,40,1,8.0,1
2019,6,SE,1,1,2,1,42,1055.0,0,0,5,7,41,1,8.0,1
2019,8,SE,0,1,4,5,44,998.0,0,0,7,7,25,0,8.0,0
2019,5,SE,0,1,4,8,44,12997.0,0,0,2,9,44,1,2.0,0
2019,8,SE,0,1,4,6,44,1600.0,0,0,7,7,33,1,2.0,0
2018,10,SE,0,1,4,4,36,1079.0,0,0,4,7,36,0,2.0,0
2018,2,SE,0,1,4,6,44,1020.0,0,0,4,5,26,1,8.0,0
2018,2,SE,0,1,4,3,44,990.0,0,0,8,6,28,1,8.0,0
2018,10,SE,0,1,4,9,44,954.0,0,0,5,7,58,0,8.0,0
2019,7,SE,0,1,4,9,40,1014.0,0,0,4,7,23,0,8.0,0
2019,12,SE,0,1,4,4,44,998.0,0,0,3,7,21,0,2.0,0
2019,2,SE,0,1,4,3,44,1670.0,0,0,5,7,30,0,8.0,0
2018,3,SE,0,1,4,5,44,990.0,0,0,3,7,20,0,8.0,0
2019,4,SE,0,1,4,4,36,1249.0,0,0,3,7,36,1,8.0,0
2019,12,SE,0,1,4,1,44,1030.0,0,0,5,6,37,0,8.0,0
2018,12,SE,0,1,4,4,44,980.0,0,0,5,7,20,1,2.0,0
2018,3,SE,0,1,4,3,44,1040.0,0,0,4,7,40,1,9.0,0
2018,5,SE,0,1,4,2,44,1448.0,0,0,7,3,35,1,8.0,0
2018,1,SE,0,1,4,2,44,1374.0,0,0,7,7,36,1,8.0,0
2019,8,SE,0,1,5,8,44,1732.0,0,0,7,7,31,1,8.0,0
2018,2,SE,0,1,6,9,36,952.0,0,0,4,7,25,0,8.0,0
2019,12,SE,0,1,6,9,36,1102.0,0,0,4,7,20,1,8.0,0
2018,6,SE,0,1,6,9,36,5668.0,0,0,4,7,22,0,8.0,0
2019,5,SE,0,1,11,4,20,499.0,1,0,4,7,18,1,9.0,0
2018,10,SE,0,1,11,3,44,984.0,0,0,5,5,45,1,8.0,0
2018,11,SE,0,1,11,2,36,985.0,0,0,5,7,20,1,2.0,0
2018,6,SE,0,1,11,8,44,954.0,0,0,5,7,45,1,4.0,0
2018,11,SE,0,1,11,2,44,1025.0,0,0,5,5,53,0,8.0,0
2018,5,SE,0,1,11,3,44,0.0,0,0,5,6,29,0,8.0,0
2018,3,SE,0,1,11,8,44,1122.0,0,0,4,5,53,1,8.0,0
2019,2,SE,1,1,25,6,40,1140.0,0,0,3,9,25,0,8.0,1
2019,5,SE,0,1,43,1,44,998.0,0,0,9,6,22,1,8.0,0
2019,6,SE,0,1,33,3,36,1014.0,0,0,5,7,38,0,9.0,0
2018,10,SE,1,1,2,6,44,980.0,0,0,5,7,36,1,8.0,1
2018,8,SE,1,1,2,6,44,1500.0,0,0,7,7,52,1,2.0,1
2019,8,SE,0,1,4,4,44,2352.0,0,0,4,9,30,0,8.0,0
2019,11,SE,0,1,6,7,44,2319.0,0,0,4,7,34,0,9.0,0
2018,11,SE,0,3,6,7,44,954.0,0,0,6,2,35,1,8.0,0
2019,2,SE,0,1,11,9,44,998.0,0,0,6,4,50,1,8.0,0
2018,11,SE,1,1,2,1,44,954.0,0,0,9,6,29,1,2.0,1
2018,4,SE,1,1,2,8,44,4134.0,0,0,3,7,34,1,2.0,1
2018,4,SE,1,1,2,8,44,4134.0,0,0,3,7,34,1,2.0,1
2019,8,SE,0,1,4,5,44,1856.0,0,0,7,7,34,1,8.0,0
2019,3,SE,1,1,1,6,20,469.0,1,0,4,7,21,0,4.0,1
2018,2,SE,1,1,2,5,44,954.0,0,0,7,7,30,1,2.0,1
2019,1,SE,1,1,2,4,44,1081.0,0,0,7,7,34,1,9.0,1
2018,1,SE,1,1,2,6,20,579.0,1,0,4,7,20,0,9.0,1
2018,1,SE,1,1,2,6,20,579.0,1,0,4,7,20,0,9.0,1
2019,1,SE,0,1,4,6,44,1040.0,0,0,4,8,28,0,8.0,0
2019,12,SE,0,1,4,1,44,1093.0,0,0,5,7,29,1,8.0,0
2019,7,SE,0,1,4,2,44,1600.0,0,0,2,6,51,0,8.0,0
2019,3,SE,1,1,1,1,44,1025.0,0,0,4,7,48,0,2.0,1
2019,4,SE,1,1,2,2,44,1025.0,0,0,4,9,28,0,2.0,1
2019,9,SE,0,1,4,1,36,1093.0,0,0,5,7,38,0,8.0,0
2018,11,SE,1,3,2,3,44,954.0,0,0,6,2,25,1,9.0,1
2018,3,SE,1,1,2,7,44,989.0,0,0,7,7,35,0,8.0,1
2019,11,SE,1,1,2,6,44,998.0,0,0,6,5,23,1,8.0,1
2018,7,SE,1,1,1,5,40,1534.0,0,0,8,9,36,1,9.0,1
2019,6,SE,1,1,2,4,44,998.0,0,0,2,9,22,0,2.0,1
2018,12,SE,0,1,11,6,44,976.0,0,0,7,7,18,1,2.0,0
2018,3,SE,0,1,4,9,44,1168.0,0,0,4,7,23,0,8.0,0
2018,1,SE,0,1,8,9,44,954.0,0,0,6,2,41,1,4.0,0
2019,11,SE,1,1,25,9,44,1488.0,0,0,9,7,24,1,8.0,1
2018,3,SE,1,1,2,1,44,954.0,0,0,8,2,36,1,8.0,1
2019,5,SE,1,1,2,6,44,998.0,0,0,5,6,21,0,8.0,1
2019,5,SE,0,1,6,3,44,998.0,0,0,5,7,20,1,9.0,0
2019,7,SE,0,1,4,2,44,1435.0,0,0,7,7,25,1,2.0,0
2018,10,SE,1,1,25,9,44,968.0,0,0,6,2,21,1,8.0,1
2018,10,SE,1,1,25,9,44,968.0,0,0,6,2,21,1,8.0,1
2018,10,SE,1,1,25,9,44,968.0,0,0,6,2,21,1,8.0,1
2018,10,SE,1,1,25,9,44,968.0,0,0,6,2,21,1,8.0,1
2018,10,SE,1,1,25,9,44,968.0,0,0,6,2,21,1,8.0,1
2018,10,SE,1,1,25,9,44,968.0,0,0,6,2,21,1,8.0,1
2018,10,SE,1,1,25,9,44,968.0,0,0,6,2,21,1,8.0,1
2018,10,SE,1,3,2,4,44,1410.0,0,0,7,2,48,1,8.0,1
2018,12,SE,1,3,2,4,44,971.0,0,0,7,6,28,1,8.0,1
2019,2,SE,1,1,2,4,44,1760.0,0,0,2,9,28,0,8.0,1
2018,10,SE,1,3,2,4,44,971.0,0,0,7,2,22,1,4.0,1
2019,2,SE,0,1,4,4,44,1988.0,0,0,7,2,33,1,9.0,0
2018,1,SE,0,1,6,3,44,970.0,0,0,7,4,50,1,9.0,0
2018,11,SE,0,1,6,1,44,1184.0,0,0,5,7,24,0,2.0,0
2019,4,SE,0,1,11,4,24,520.0,1,0,4,6,19,0,8.0,0
2019,2,SE,0,1,4,5,44,2006.0,0,0,7,7,39,1,8.0,0
2018,1,SE,1,1,1,7,22,477.0,1,0,4,6,21,1,8.0,1
2019,7,SE,1,1,2,1,44,1093.0,0,0,8,7,24,1,2.0,1
2019,5,SE,0,1,4,9,44,1835.0,0,0,5,5,44,1,2.0,0
2018,11,SE,1,1,2,4,22,506.0,0,0,5,6,32,1,8.0,1
2018,6,SE,1,1,2,4,44,954.0,0,0,7,7,31,1,2.0,1
2018,9,SE,0,3,4,4,44,1090.0,0,0,5,4,38,1,8.0,0
2019,4,BA,1,1,2,8,44,1620.0,0,0,8,7,37,1,9.0,1
2018,7,BA,1,1,2,3,44,954.0,0,0,5,7,20,0,9.0,1
2019,3,BA,1,1,2,7,44,1500.0,0,0,7,7,45,1,9.0,1
2018,5,BA,1,1,2,1,44,954.0,0,0,7,7,24,0,9.0,1
2019,2,BA,1,1,2,7,44,1024.0,0,0,6,7,31,1,8.0,1
2019,12,BA,1,1,2,7,44,1074.0,0,0,3,7,22,1,8.0,1
2019,12,BA,1,1,2,3,44,998.0,0,0,5,7,30,1,9.0,1
2018,10,BA,1,1,2,1,44,997.0,0,0,5,7,28,1,9.0,1
2019,4,BA,0,3,4,1,44,998.0,0,0,6,7,48,1,8.0,0
2018,5,BA,0,1,4,4,44,1058.0,0,0,5,7,30,0,9.0,0
2018,4,BA,0,1,4,3,44,970.0,0,0,7,7,26,1,9.0,0
2019,1,BA,0,1,4,7,44,1200.0,0,0,5,7,44,1,8.0,0
2018,3,BA,0,1,11,2,44,1048.0,0,0,5,7,37,0,8.0,0
2018,10,BA,1,1,2,1,44,1380.0,0,0,7,4,55,1,4.0,1
2018,5,BA,1,1,2,1,44,2408.0,0,0,7,7,39,1,8.0,1
2018,5,BA,1,1,2,4,44,1400.0,0,0,9,7,23,1,9.0,1
2018,1,BA,1,1,1,1,44,954.0,0,0,5,7,20,0,8.0,1
2018,12,BA,0,1,4,1,44,954.0,0,0,5,7,28,0,8.0,0
2018,6,BA,1,1,2,5,44,1062.0,0,0,7,5,26,1,2.0,1
2019,1,BA,1,1,2,7,44,2216.0,0,0,7,2,52,1,8.0,1
2019,7,BA,1,1,2,2,30,683.0,0,0,5,7,25,0,8.0,1
2019,3,BA,1,1,2,7,44,2055.0,0,0,3,5,21,1,2.0,1
2018,9,BA,1,1,2,1,44,1071.0,0,0,6,7,22,1,9.0,1
2018,5,BA,1,1,2,4,44,954.0,0,0,7,7,32,0,8.0,1
2018,5,BA,1,1,2,1,44,1063.0,0,0,7,7,35,1,8.0,1
2019,11,BA,0,1,4,7,44,1126.0,0,0,7,4,26,1,4.0,0
2019,4,BA,0,1,4,8,36,1102.0,0,0,3,7,30,0,2.0,0
2018,11,BA,0,1,4,5,44,1428.0,0,0,3,9,57,0,9.0,0
2019,7,BA,0,1,4,5,44,1040.0,0,0,4,7,46,1,2.0,0
2019,8,BA,0,1,6,5,44,1241.0,0,0,6,6,35,1,2.0,0
2019,10,BA,0,1,11,4,44,1000.0,0,0,5,7,38,0,8.0,0
2018,10,BA,0,1,11,3,44,1676.0,0,0,7,7,50,1,9.0,0
2019,4,BA,1,1,25,7,44,1071.0,0,0,6,5,26,1,8.0,1
2018,2,BA,1,1,1,1,44,498.0,0,0,5,7,21,1,8.0,1
2018,6,BA,0,1,4,3,44,1071.0,0,0,6,7,33,1,4.0,0
2019,12,BA,0,1,4,2,32,1497.0,0,0,3,9,24,0,2.0,0
2019,10,BA,0,1,4,1,44,2000.0,0,0,7,7,37,1,9.0,0
2018,7,BA,0,3,4,1,44,1771.0,0,0,7,5,25,1,8.0,0
2018,1,BA,0,1,4,4,44,1668.0,0,0,8,7,33,1,9.0,0
2019,1,BA,1,1,1,6,44,1000.0,0,0,7,6,22,0,9.0,1
2019,1,BA,1,1,1,6,44,1000.0,0,0,7,6,22,0,9.0,1
2018,6,BA,1,1,2,1,44,954.0,0,0,5,7,23,0,9.0,1
2019,5,BA,1,1,2,3,44,1734.0,0,0,7,4,26,1,8.0,1
2018,12,BA,0,1,4,1,36,780.0,0,0,5,7,25,0,2.0,0
2019,8,BA,1,1,2,4,44,1272.0,0,0,4,7,35,0,9.0,1
2019,11,BA,0,1,8,4,44,1614.0,0,0,5,7,47,0,8.0,0
2018,4,BA,1,1,1,6,36,3927.0,0,0,8,8,22,1,9.0,1
2018,4,BA,1,1,1,6,44,1350.0,0,0,7,7,18,1,9.0,1
2019,3,BA,1,1,2,1,44,2150.0,0,0,7,7,37,1,9.0,1
2019,5,BA,1,1,2,1,44,998.0,0,0,5,7,23,0,8.0,1
2018,5,BA,1,1,2,2,44,1007.0,0,0,5,5,53,0,8.0,1
2019,7,BA,1,1,2,9,44,2157.0,0,0,7,7,53,1,8.0,1
2019,12,BA,1,1,2,4,44,1406.0,0,0,5,7,23,1,8.0,1
2019,11,BA,1,1,2,5,44,1695.0,0,0,5,7,45,1,9.0,1
2018,9,BA,1,1,2,1,44,992.0,0,0,9,7,26,1,9.0,1
2018,6,BA,1,1,2,7,44,2234.0,0,0,3,9,28,0,8.0,1
2018,2,BA,1,1,2,6,44,1083.0,0,0,7,7,37,1,2.0,1
2019,10,BA,1,1,2,1,44,2263.0,0,0,7,7,37,1,2.0,1
2018,2,BA,1,1,2,5,44,1153.0,0,0,7,7,26,1,8.0,1
2019,8,BA,1,1,2,1,44,998.0,0,0,5,7,18,1,9.0,1
2018,9,BA,1,1,2,6,44,1130.0,0,0,5,9,46,1,8.0,1
2018,1,BA,1,1,2,9,44,1474.0,0,0,7,7,29,1,2.0,1
2018,2,BA,1,1,2,5,44,12500.0,0,0,1,9,34,1,4.0,1
2018,12,BA,1,1,2,3,44,998.0,0,0,5,7,36,0,8.0,1
2019,8,BA,1,1,2,6,44,1629.0,0,0,8,9,30,1,4.0,1
2019,1,BA,1,1,2,9,20,454.0,1,0,7,6,21,1,4.0,1
2019,9,BA,0,1,4,9,44,3075.0,0,0,3,7,62,1,4.0,0
2019,12,BA,0,1,4,4,44,1409.0,0,0,4,7,34,0,9.0,0
2018,6,BA,0,1,4,5,44,2417.0,0,0,4,7,58,0,9.0,0
2019,11,BA,0,1,4,4,44,1208.0,0,0,4,7,32,0,8.0,0
2019,8,BA,0,1,4,1,44,998.0,0,0,5,7,39,1,9.0,0
2018,3,BA,0,1,4,9,43,5557.0,0,0,3,4,53,1,8.0,0
2018,6,BA,0,1,4,1,44,1076.0,0,0,8,7,19,0,9.0,0
2018,2,BA,0,1,11,7,44,1139.0,0,0,3,7,30,0,8.0,0
2018,12,BA,0,1,11,7,44,1900.0,0,0,7,7,45,0,8.0,0
2019,10,BA,0,1,43,1,44,1300.0,0,0,9,7,24,1,4.0,0
2019,10,BA,0,1,43,1,44,1300.0,0,0,9,7,24,1,4.0,0
2018,7,BA,1,1,2,6,44,2686.0,0,0,7,5,41,1,4.0,1
2019,1,BA,1,1,2,1,44,1080.0,0,0,4,7,31,0,9.0,1
2019,7,BA,1,1,2,1,44,1066.0,0,0,5,7,34,0,8.0,1
2019,6,BA,0,1,4,6,44,1983.0,0,0,4,7,24,1,8.0,0
2019,6,BA,0,1,4,4,44,1009.0,0,0,5,7,37,1,9.0,0
2019,10,BA,0,1,4,1,44,1052.0,0,0,7,7,25,1,8.0,0
2019,8,BA,0,1,11,3,44,998.0,0,0,5,7,24,0,2.0,0
2018,6,BA,0,1,11,2,44,1080.0,0,0,7,4,34,1,8.0,0
2019,3,BA,0,1,4,3,44,998.0,0,0,3,7,23,0,8.0,0
2018,8,BA,1,1,2,7,44,997.0,0,0,6,6,29,1,8.0,1
2018,8,BA,1,1,2,8,44,997.0,0,1,6,3,28,1,8.0,1
2018,8,BA,1,1,2,7,44,997.0,0,0,6,6,29,1,8.0,1
2019,7,BA,1,1,2,4,44,1123.0,0,0,5,7,23,0,9.0,1
2018,8,BA,1,1,2,7,44,997.0,0,0,6,6,29,1,8.0,1
2019,8,BA,1,1,2,1,44,1041.0,0,0,6,2,42,1,8.0,1
2018,8,BA,1,1,2,7,44,997.0,0,0,6,6,29,1,8.0,1
2018,6,BA,0,1,11,6,44,997.0,0,0,6,6,27,0,8.0,0
2019,3,BA,1,1,25,8,44,1041.0,0,0,6,2,31,1,8.0,1
2018,3,BA,0,3,43,6,20,499.0,1,0,6,7,19,0,4.0,0
2018,1,BA,0,1,43,4,44,954.0,0,0,3,7,21,0,2.0,0
2019,9,BA,1,1,2,5,44,2200.0,0,0,3,7,54,1,9.0,1
2018,1,BA,1,1,2,3,44,1010.0,0,0,5,7,26,1,8.0,1
2018,3,BA,1,1,2,7,36,2100.0,0,0,7,7,37,1,8.0,1
2018,12,BA,0,1,4,1,44,954.0,0,0,8,7,32,1,8.0,0
2018,8,BA,0,1,11,3,44,1302.0,0,0,6,7,33,1,8.0,0
2018,8,BA,0,1,11,3,44,1302.0,0,0,6,7,33,1,8.0,0
2018,5,BA,1,1,2,8,44,1071.0,0,0,3,4,24,1,8.0,1
2018,11,BA,1,3,2,6,44,1708.0,0,0,9,7,28,1,8.0,1
2018,6,BA,1,1,2,6,44,1071.0,0,0,6,2,43,1,4.0,1
2019,1,BA,1,1,2,1,44,1025.0,0,0,7,7,33,0,4.0,1
2019,1,BA,1,1,2,1,44,1025.0,0,0,7,7,33,0,4.0,1
2019,1,BA,1,1,2,1,44,1025.0,0,0,7,7,33,0,4.0,1
2019,1,BA,1,1,2,1,44,1025.0,0,0,7,7,33,0,4.0,1
2018,1,BA,1,1,2,1,44,954.0,0,0,5,7,37,0,2.0,1
2018,4,BA,0,1,4,4,44,1298.0,0,0,8,5,32,1,8.0,0
2019,6,BA,1,1,2,4,44,1030.0,0,0,5,7,31,1,8.0,1
2019,2,BA,0,1,4,5,44,998.0,0,0,7,7,41,1,9.0,0
2018,5,BA,0,1,4,6,44,1031.0,0,0,7,4,47,0,9.0,0
2019,11,BA,1,1,1,1,44,1130.0,0,0,6,4,49,1,8.0,1
2018,10,BA,1,1,2,5,44,1492.0,0,0,6,6,25,1,8.0,1
2018,7,BA,1,1,2,3,44,1678.0,0,0,6,7,30,1,8.0,1
2019,9,BA,1,3,2,3,44,1336.0,0,0,5,7,49,0,9.0,1
2019,2,BA,0,1,11,6,44,1000.0,0,0,8,2,56,1,4.0,0
2018,10,BA,0,1,11,6,44,954.0,0,0,6,4,38,1,4.0,0
2018,7,BA,1,1,25,5,44,960.0,0,1,9,5,34,1,8.0,1
2018,11,BA,1,3,2,1,44,990.0,0,0,7,2,28,1,8.0,1
2019,10,BA,1,1,2,1,44,1983.0,0,0,7,7,40,1,4.0,1
2019,12,BA,1,1,2,1,44,1179.0,0,0,7,7,33,1,2.0,1
2018,9,BA,1,1,2,8,44,2389.0,0,0,7,7,51,1,8.0,1
2019,7,BA,1,1,2,3,44,1152.0,0,0,5,7,25,0,8.0,1
2019,3,BA,0,1,4,6,44,2840.0,0,0,7,7,37,1,9.0,0
2019,11,BA,0,1,4,5,44,1151.0,0,0,4,7,27,0,8.0,0
2019,12,BA,0,1,4,6,44,2570.0,0,0,7,7,49,1,8.0,0
2019,3,BA,0,1,4,6,44,2233.0,0,0,7,7,32,1,9.0,0
2018,6,BA,0,1,11,6,44,1955.0,0,0,7,7,36,1,8.0,0
2018,6,BA,0,1,11,6,44,1955.0,0,0,7,7,36,1,8.0,0
2019,6,BA,1,1,25,5,44,1720.0,0,0,7,7,38,1,9.0,1
2019,7,BA,1,1,25,6,44,1828.0,0,0,7,7,44,1,8.0,1
2018,3,BA,1,3,1,1,44,954.0,0,0,3,7,25,0,2.0,1
2018,7,BA,1,1,25,1,44,954.0,0,0,6,2,47,1,9.0,1
2018,10,BA,0,3,4,7,44,954.0,0,0,6,2,36,1,4.0,0
2018,8,BA,1,1,2,1,44,1676.0,0,0,7,5,49,1,9.0,1
2018,12,BA,0,1,4,7,44,1097.0,0,0,5,4,28,1,2.0,0
2018,7,BA,1,3,1,4,44,954.0,0,0,6,2,41,0,8.0,1
2018,5,BA,1,3,2,4,44,0.0,0,0,6,2,21,1,9.0,1
2018,5,BA,1,3,2,4,44,0.0,0,0,6,2,21,1,9.0,1
2019,4,BA,1,3,2,4,44,1014.0,0,0,6,2,30,1,8.0,1
2018,5,BA,0,1,4,4,44,1431.0,0,0,4,7,31,0,9.0,0
2018,8,BA,0,1,4,7,44,1250.0,0,0,6,5,28,1,8.0,0
2018,10,BA,0,1,4,1,44,1126.0,0,0,5,7,21,1,8.0,0
2018,6,BA,0,3,4,5,44,954.0,0,0,6,4,51,0,8.0,0
2019,5,BA,0,3,6,5,44,0.0,0,0,6,7,38,1,9.0,0
2019,4,BA,0,3,11,4,44,998.0,0,0,6,4,36,0,8.0,0
2019,8,BA,0,3,11,1,44,998.0,0,0,6,1,53,0,9.0,0
2018,9,BA,0,3,11,5,44,954.0,0,0,6,4,33,1,9.0,0
2019,9,BA,0,1,11,1,22,532.0,0,0,4,8,55,0,8.0,0
2018,5,BA,1,1,1,4,44,450.0,0,0,4,7,19,1,2.0,1
2019,11,BA,1,1,1,2,44,1150.0,0,0,5,7,18,1,8.0,1
2019,12,BA,1,1,1,8,20,550.0,1,0,5,4,19,0,9.0,1
2019,12,BA,1,1,2,7,44,1009.0,0,0,7,7,26,1,8.0,1
2018,5,BA,1,1,2,1,44,1022.0,0,0,7,7,24,1,8.0,1
2018,10,BA,1,1,2,6,44,1066.0,0,0,4,5,26,1,4.0,1
2019,1,BA,1,1,2,3,44,1150.0,0,0,7,7,21,1,9.0,1
2018,2,BA,1,1,2,4,36,1224.0,0,0,8,7,55,1,8.0,1
2018,8,BA,1,1,2,3,44,1000.0,0,1,5,7,30,1,8.0,1
2018,6,BA,1,1,2,1,44,1090.0,0,0,4,7,34,1,4.0,1
2019,9,BA,1,1,2,5,22,646.0,0,0,5,7,19,0,8.0,1
2019,7,BA,1,1,2,9,36,1031.0,0,0,5,7,26,0,8.0,1
2018,10,BA,1,1,2,1,44,1133.0,0,0,3,7,25,1,9.0,1
2018,8,BA,1,1,2,7,44,1109.0,0,0,5,7,22,1,9.0,1
2019,5,BA,1,1,2,2,44,1150.0,0,0,8,6,27,1,9.0,1
2018,3,BA,1,1,2,2,44,1080.0,0,0,4,7,21,0,8.0,1
2019,1,BA,1,1,2,3,44,1150.0,0,0,7,7,21,1,9.0,1
2018,7,BA,1,1,2,3,44,1057.0,0,0,4,7,21,0,8.0,1
2018,7,BA,1,3,2,3,44,1806.0,0,0,3,8,24,0,8.0,1
2019,5,BA,1,1,2,6,44,1233.0,0,0,4,7,32,0,8.0,1
2018,4,BA,1,1,2,1,44,1090.0,0,0,5,7,39,0,8.0,1
2018,4,BA,1,1,2,9,36,2094.0,0,0,2,9,35,0,8.0,1
2018,7,BA,1,1,2,3,44,1057.0,0,0,4,7,21,0,8.0,1
2019,11,BA,1,1,2,6,44,1063.0,0,0,7,7,27,1,8.0,1
2019,4,BA,1,1,2,3,44,1734.0,0,0,7,7,36,1,9.0,1
2019,4,BA,1,1,2,5,44,1100.0,0,0,4,7,38,1,4.0,1
2019,8,BA,1,1,2,1,44,1308.0,0,0,5,7,42,1,2.0,1
2018,5,BA,1,1,2,6,44,1050.0,0,0,4,6,23,1,4.0,1
2018,8,BA,0,1,4,4,44,1016.0,0,0,5,7,30,0,8.0,0
2019,1,BA,0,1,4,2,44,1049.0,0,0,5,7,38,1,4.0,0
2018,1,BA,0,1,4,2,44,1090.0,0,0,4,7,33,1,8.0,0
2018,4,BA,0,1,4,1,44,1090.0,0,0,5,7,22,0,4.0,0
2018,9,BA,0,1,4,1,44,1676.0,0,0,7,7,40,1,8.0,0
2018,11,BA,0,1,4,1,44,1090.0,0,0,5,7,23,1,4.0,0
2018,5,BA,0,1,4,4,44,1090.0,0,0,5,7,36,0,8.0,0
2019,6,BA,0,1,4,2,44,1028.0,0,0,8,7,21,1,2.0,0
2018,8,BA,0,1,4,2,22,1250.0,0,0,2,9,31,0,8.0,0
2019,5,BA,0,1,4,3,44,1024.0,0,0,7,7,22,1,9.0,0
2018,7,BA,0,1,4,8,44,1280.0,0,1,8,7,36,1,8.0,0
2018,9,BA,0,1,4,1,44,980.0,0,0,4,7,32,0,9.0,0
2018,8,BA,0,1,4,2,44,980.0,0,0,5,7,22,1,2.0,0
2019,2,BA,0,1,4,5,44,1431.0,0,0,4,7,24,1,9.0,0
2018,12,BA,0,1,4,4,22,952.0,0,0,3,9,40,0,8.0,0
2018,12,BA,0,1,6,9,36,954.0,0,0,4,8,27,0,4.0,0
2019,1,BA,0,1,11,7,44,1322.0,0,0,4,7,25,1,6.0,0
2019,2,BA,0,1,11,1,44,1150.0,0,0,5,7,47,1,9.0,0
2018,1,BA,1,1,25,4,40,1440.0,0,0,4,9,24,0,4.0,1
2019,2,BA,1,1,25,4,42,1401.0,0,0,5,7,24,1,8.0,1
2019,1,BA,0,1,43,9,20,499.0,1,0,4,8,22,1,8.0,0
2019,7,BA,0,1,43,2,44,1100.0,0,0,7,7,26,1,8.0,0
2019,11,BA,1,1,2,1,44,1040.0,0,0,2,7,24,1,9.0,1
2018,1,BA,1,1,2,1,44,954.0,0,0,4,7,23,1,8.0,1
2018,12,BA,0,1,11,1,44,1071.0,0,0,6,7,38,1,9.0,0
2018,4,BA,0,1,4,4,44,973.0,0,0,7,7,27,1,4.0,0
2019,5,BA,1,1,1,3,44,1250.0,0,0,5,7,36,1,9.0,1
2018,11,BA,1,1,2,8,44,954.0,0,0,6,6,50,0,8.0,1
2019,9,BA,1,1,2,1,44,2041.0,0,0,7,7,34,1,8.0,1
2019,9,BA,1,1,2,1,44,2041.0,0,0,7,7,34,1,8.0,1
2018,9,BA,1,1,2,7,44,1632.0,0,0,7,2,52,1,8.0,1
2018,9,BA,0,1,4,1,44,954.0,0,0,7,7,43,0,2.0,0
2018,8,BA,0,1,11,1,44,954.0,0,0,7,7,24,1,8.0,0
2019,1,BA,1,1,2,1,44,998.0,0,0,5,9,30,0,2.0,1
2019,5,BA,0,1,4,1,44,998.0,0,0,5,7,31,0,8.0,0
2018,2,BA,0,3,4,6,44,1580.0,0,0,6,2,31,1,4.0,0
2018,8,BA,0,1,4,1,44,954.0,0,0,7,7,29,1,4.0,0
2019,4,BA,1,1,1,6,44,998.0,0,0,6,5,21,1,4.0,1
2019,3,BA,1,3,2,1,44,998.0,0,0,6,5,28,1,8.0,1
2019,9,BA,0,1,6,2,44,1051.0,0,0,5,7,31,1,9.0,0
2019,3,BA,1,1,1,1,44,998.0,0,0,5,3,19,0,8.0,1
2019,11,BA,1,1,2,1,44,1739.0,0,0,7,5,32,1,8.0,1
2019,12,BA,1,1,2,1,44,1113.0,0,0,5,5,22,1,8.0,1
2018,7,BA,0,1,4,5,44,1495.0,0,0,5,3,41,1,8.0,0
2019,1,BA,1,1,2,1,44,1005.0,0,0,5,7,22,0,8.0,1
2018,11,BA,1,1,2,5,44,1123.0,0,0,7,7,34,1,2.0,1
2019,5,BA,0,1,4,2,44,998.0,0,1,5,7,34,0,8.0,0
2019,4,BA,1,1,2,2,44,4000.0,0,0,4,9,29,0,2.0,1
2019,10,BA,1,1,2,3,44,1600.0,0,0,7,7,42,1,8.0,1
2019,11,BA,1,1,2,1,44,998.0,0,0,5,7,32,1,9.0,1
2018,11,BA,1,1,2,1,44,954.0,0,0,5,4,39,0,8.0,1
2019,8,BA,0,1,4,5,44,1070.0,0,0,5,7,19,0,8.0,0
2019,8,BA,1,1,1,2,30,2832.0,0,1,4,8,41,1,2.0,1
2019,8,BA,0,1,11,3,44,1718.0,0,0,7,4,23,1,9.0,0
2019,9,BA,0,1,6,2,44,1300.0,0,0,4,9,42,0,8.0,0
2019,12,BA,1,1,2,6,44,1058.0,0,0,7,6,23,1,4.0,1
2018,6,BA,1,1,2,6,40,1982.0,0,0,4,7,36,1,8.0,1
2018,4,BA,1,1,2,1,20,954.0,0,0,3,8,33,1,8.0,1
2019,3,BA,1,1,2,4,44,1104.0,0,0,5,7,26,0,9.0,1
2018,5,BA,1,1,2,2,44,1040.0,0,0,5,7,34,0,9.0,1
2018,5,BA,0,1,4,1,44,1050.0,0,0,5,7,41,1,9.0,0
2018,7,BA,0,1,4,8,44,1021.0,0,0,7,6,21,1,9.0,0
2019,5,BA,0,1,8,3,44,4080.0,0,0,1,7,50,1,2.0,0
2018,10,BA,1,1,2,1,44,975.0,0,0,5,7,36,1,8.0,1
2018,9,BA,0,1,6,4,44,1103.0,0,0,2,7,32,1,9.0,0
2018,1,BA,0,1,4,1,44,1105.0,0,0,8,7,36,1,8.0,0
2018,6,BA,0,3,4,1,44,954.0,0,0,6,1,42,1,8.0,0
2019,6,BA,0,1,43,7,44,998.0,0,0,6,2,73,0,8.0,0
2019,7,BA,0,1,4,3,44,1939.0,0,0,7,3,61,1,8.0,0
2018,11,BA,0,1,4,1,44,980.0,0,0,4,7,41,0,9.0,0
2019,4,BA,0,1,4,1,44,998.0,0,0,7,2,61,1,9.0,0
2019,4,BA,0,1,11,9,30,998.0,1,0,7,6,19,0,8.0,0
2019,4,BA,0,1,11,9,30,998.0,1,0,7,6,19,0,8.0,0
2019,4,BA,0,1,11,9,30,998.0,1,0,7,6,19,0,8.0,0
2019,4,BA,0,1,11,9,30,998.0,1,0,7,6,19,0,8.0,0
2019,4,BA,0,1,11,9,30,998.0,1,0,7,6,19,0,8.0,0
2019,4,BA,0,1,11,9,30,998.0,1,0,7,6,19,0,8.0,0
2019,4,BA,0,1,11,9,30,998.0,1,0,7,6,19,0,8.0,0
2019,7,BA,0,1,11,9,30,998.0,1,0,7,4,21,0,4.0,0
2018,5,BA,0,3,4,1,44,1300.0,0,0,6,2,31,1,9.0,0
2018,12,BA,0,3,6,1,44,1300.0,0,0,6,5,30,1,4.0,0
2019,4,BA,0,1,4,2,44,998.0,0,0,7,7,28,1,8.0,0
2018,6,BA,0,1,4,6,44,1093.0,0,0,5,7,41,1,8.0,0
2018,5,BA,0,1,4,4,44,1000.0,0,0,3,7,45,1,8.0,0
2019,5,BA,1,1,2,5,44,1228.0,0,0,7,7,30,1,2.0,1
2019,10,BA,1,1,2,6,44,2024.0,0,0,7,6,29,1,8.0,1
2019,10,BA,1,1,2,6,44,2024.0,0,0,7,6,29,1,8.0,1
2019,4,BA,1,1,2,6,44,1337.0,0,0,7,7,26,1,9.0,1
2018,8,BA,1,1,2,1,44,1200.0,0,0,2,7,32,0,8.0,1
2018,4,BA,1,1,2,1,44,1050.0,0,0,4,7,33,1,8.0,1
2018,8,BA,1,1,2,6,44,1323.0,0,0,4,9,24,0,8.0,1
2019,8,BA,1,1,2,4,44,3993.0,0,0,2,9,27,0,8.0,1
2018,5,BA,1,1,2,9,44,969.0,0,0,6,1,49,1,4.0,1
2019,9,BA,1,1,2,1,40,1200.0,0,0,7,7,38,1,8.0,1
2019,4,BA,1,1,2,1,44,1097.0,0,0,5,7,23,1,8.0,1
2018,11,BA,0,1,4,8,44,999.0,0,0,6,2,32,1,8.0,0
2019,3,BA,0,1,4,1,44,1080.0,0,0,4,7,33,0,8.0,0
2019,11,BA,0,3,4,6,44,1147.0,0,0,6,4,34,1,2.0,0
2018,4,BA,0,1,4,1,44,954.0,0,0,5,2,34,1,8.0,0
2019,8,BA,0,1,4,7,36,1117.0,0,0,3,7,37,0,2.0,0
2019,5,BA,0,1,4,1,44,998.0,0,0,2,7,20,0,2.0,0
2018,12,BA,0,1,11,8,44,997.0,0,0,6,7,22,1,8.0,0
2018,11,BA,0,1,11,9,44,969.0,0,0,6,5,30,1,8.0,0
2018,11,BA,0,1,11,9,44,969.0,0,0,6,5,30,1,8.0,0
2018,11,BA,0,1,11,9,44,969.0,0,0,6,5,30,1,8.0,0
2018,11,BA,0,1,11,9,44,969.0,0,0,6,5,30,1,8.0,0
2019,11,BA,0,1,11,9,44,1041.0,0,0,6,2,24,1,8.0,0
2018,11,BA,0,1,11,9,44,969.0,0,0,6,5,30,1,8.0,0
2019,8,BA,0,1,43,8,44,1041.0,0,0,6,2,29,1,8.0,0
2019,5,BA,1,1,1,7,20,499.0,1,0,4,7,17,0,8.0,1
2018,11,BA,1,1,2,6,44,1009.0,0,0,5,7,22,1,4.0,1
2018,3,BA,1,1,2,1,44,1000.0,0,0,5,7,52,1,9.0,1
2019,2,BA,1,1,2,8,44,1084.0,0,0,5,7,43,1,9.0,1
2018,8,BA,1,1,2,5,44,2500.0,0,0,3,7,39,1,2.0,1
2019,4,BA,1,1,2,4,44,1264.0,0,0,5,7,30,1,4.0,1
2018,11,BA,1,1,2,3,44,991.0,0,0,7,6,34,1,4.0,1
2019,4,BA,1,1,2,7,44,1090.0,0,0,5,3,49,1,8.0,1
2018,2,BA,1,1,2,6,36,1172.0,0,0,3,7,33,0,4.0,1
2019,8,BA,1,1,2,9,44,1009.0,0,0,9,7,27,1,8.0,1
2019,8,BA,1,1,2,9,44,1041.0,0,0,5,7,45,1,8.0,1
2019,10,BA,1,1,2,3,44,1144.0,0,0,4,7,39,1,8.0,1
2019,6,BA,0,1,4,6,44,1279.0,0,0,4,7,28,1,8.0,0
2018,9,BA,0,1,4,2,44,1221.0,0,0,4,7,19,1,9.0,0
2019,9,BA,0,1,4,9,44,1123.0,0,0,3,7,43,0,8.0,0
2019,12,BA,0,1,4,7,44,1235.0,0,0,8,7,28,1,8.0,0
2019,7,BA,0,1,4,6,44,1542.0,0,0,8,7,45,1,8.0,0
2019,12,BA,0,1,4,1,44,1734.0,0,0,7,4,42,1,4.0,0
2019,6,BA,0,1,4,9,44,1014.0,0,0,5,4,31,1,8.0,0
2018,6,BA,0,1,4,9,44,1216.0,0,0,7,7,30,1,8.0,0
2018,12,BA,0,1,4,9,44,1089.0,0,0,7,6,40,1,8.0,0
2018,3,BA,0,1,6,4,44,1186.0,0,0,5,7,34,1,8.0,0
2019,9,BA,0,1,6,2,44,1582.0,0,0,3,7,51,1,9.0,0
2018,11,BA,0,1,11,7,44,1072.0,0,0,4,7,31,0,8.0,0
2018,12,BA,0,1,11,9,44,1084.0,0,0,5,6,40,1,4.0,0
2018,8,BA,1,1,25,9,44,1084.0,0,0,5,7,37,0,8.0,1
2019,9,BA,1,1,25,6,44,1542.0,0,0,8,7,63,1,8.0,1
2018,10,BA,1,1,25,3,42,2691.0,0,0,7,7,40,1,8.0,1
2018,8,BA,1,1,25,9,44,1084.0,0,0,5,7,37,0,8.0,1
2019,6,BA,0,1,43,1,44,1300.0,0,0,5,7,19,0,8.0,0
2018,3,BA,0,1,43,3,44,2000.0,0,0,3,7,51,1,9.0,0
2019,9,BA,0,1,43,4,44,8474.0,0,0,3,7,52,1,2.0,0
2019,9,BA,0,1,43,4,44,1009.0,0,0,7,7,55,1,8.0,0
2018,5,BA,0,1,43,6,44,1084.0,0,0,5,7,28,1,9.0,0
2018,7,BA,0,1,33,9,44,1084.0,0,0,5,6,62,1,8.0,0
2019,6,BA,1,1,2,3,44,1035.0,0,0,4,7,24,0,9.0,1
2018,11,BA,1,1,25,3,44,998.0,0,0,5,7,19,0,9.0,1
2019,1,BA,1,1,1,3,44,1000.0,0,0,4,7,23,0,4.0,1
2018,12,BA,1,1,2,1,44,1115.0,0,0,7,5,26,1,8.0,1
2018,3,BA,1,1,2,2,44,1042.0,0,0,7,7,25,0,4.0,1
2019,11,BA,1,3,2,3,44,1300.0,0,0,6,7,23,1,9.0,1
2018,8,BA,1,1,2,1,44,967.0,0,0,5,7,28,1,8.0,1
2019,11,BA,0,1,4,3,44,1100.0,0,0,6,5,38,1,8.0,0
2019,12,BA,0,1,4,1,44,1040.0,0,0,4,7,31,0,8.0,0
2018,4,BA,0,1,4,2,44,1831.0,0,0,7,7,46,1,8.0,0
2019,7,BA,0,1,6,6,44,1130.0,0,0,7,5,27,1,4.0,0
2018,4,BA,0,1,6,4,44,1963.0,0,0,7,7,34,1,9.0,0
2019,8,BA,0,1,11,3,44,1005.0,0,0,3,7,31,1,9.0,0
2019,5,BA,1,1,25,5,44,1207.0,0,0,3,7,20,0,8.0,1
2018,8,BA,0,1,4,1,44,1025.0,0,0,7,7,36,1,4.0,0
2019,6,BA,0,1,4,1,44,998.0,0,0,5,7,27,0,4.0,0
2018,2,BA,0,1,4,1,44,954.0,0,0,5,5,40,0,8.0,0
2018,10,BA,1,1,2,8,29,673.0,1,0,4,7,19,0,4.0,1
2019,9,BA,1,1,2,7,44,1207.0,0,0,5,7,42,0,8.0,1
2018,1,BA,1,1,2,4,44,954.0,0,0,5,7,49,0,9.0,1
2018,11,BA,0,1,4,8,44,1084.0,0,0,5,7,23,1,8.0,0
2018,6,BA,0,1,4,5,44,970.0,0,0,7,2,40,1,2.0,0
2018,9,BA,0,1,4,8,44,2949.0,0,0,7,7,56,0,8.0,0
2019,11,BA,0,1,4,8,44,1035.0,0,0,6,4,35,1,8.0,0
2019,11,BA,0,1,4,8,44,1035.0,0,0,6,4,35,1,8.0,0
2019,11,BA,0,1,4,8,44,1035.0,0,0,6,4,35,1,8.0,0
2019,11,BA,0,1,4,8,44,1035.0,0,0,6,4,35,1,8.0,0
2019,11,BA,0,1,4,8,44,1035.0,0,0,6,4,35,1,8.0,0
2019,8,BA,1,1,1,1,44,998.0,0,0,5,8,19,1,8.0,1
2019,5,BA,0,1,4,1,44,998.0,0,0,7,7,37,1,2.0,0
2019,6,BA,1,1,2,7,44,1025.0,0,0,6,4,28,1,8.0,1
2018,7,BA,1,1,2,3,44,964.0,0,0,6,7,22,1,9.0,1
2018,7,BA,1,1,2,7,44,1005.0,0,0,6,2,30,1,8.0,1
2018,6,BA,1,1,2,2,44,1100.0,0,0,6,7,19,1,8.0,1
2019,6,BA,0,1,4,5,44,1341.0,0,0,4,7,25,0,2.0,0
2019,5,BA,0,1,4,7,44,1032.0,0,0,7,3,45,1,8.0,0
2018,5,BA,0,1,4,2,44,954.0,0,0,9,7,29,1,8.0,0
2019,7,BA,0,1,6,1,44,1087.0,0,0,7,7,34,1,8.0,0
2018,10,BA,1,1,2,4,44,1089.0,0,0,9,5,37,1,8.0,1
2018,10,BA,0,1,4,1,44,1459.0,0,0,5,7,54,1,8.0,0
2018,8,BA,0,1,4,6,44,981.0,0,0,6,5,49,1,8.0,0
2019,12,BA,1,3,1,1,44,1023.0,0,0,6,4,22,1,8.0,1
2018,3,BA,1,1,1,1,44,954.0,0,0,5,7,20,0,8.0,1
2019,2,BA,1,1,2,5,44,1450.0,0,0,6,7,24,1,2.0,1
2019,3,BA,0,1,4,1,44,1053.0,0,0,5,5,43,0,4.0,0
2018,7,BA,0,1,4,6,44,954.0,0,0,6,2,44,0,8.0,0
2018,12,BA,0,1,4,3,44,965.0,0,0,5,7,26,0,8.0,0
2019,6,BA,1,1,2,1,44,1082.0,0,0,7,4,33,1,8.0,1
2018,1,BA,1,1,2,7,44,996.0,0,0,4,7,29,1,8.0,1
2018,12,BA,1,1,2,7,22,477.0,1,0,4,7,19,0,2.0,1
2018,2,BA,1,1,2,6,44,1368.0,0,0,7,6,33,1,9.0,1
2018,7,BA,0,1,4,2,44,970.0,0,0,3,6,37,1,9.0,0
2018,10,BA,0,1,6,5,44,954.0,0,0,3,7,25,1,9.0,0
2018,8,BA,1,3,2,1,44,954.0,0,0,5,7,52,1,8.0,1
2018,3,BA,1,1,1,4,44,1003.0,0,0,5,5,29,1,8.0,1
2018,12,BA,1,1,2,3,44,1040.0,0,0,5,7,26,1,9.0,1
2019,12,BA,1,1,2,5,44,1237.0,0,0,5,7,27,1,8.0,1
2018,1,BA,1,1,2,2,44,1020.0,0,0,5,4,25,1,8.0,1
2018,4,BA,1,1,2,4,44,1276.0,0,0,5,7,35,1,4.0,1
2018,3,BA,1,1,2,2,44,988.0,0,0,5,4,28,1,8.0,1
2019,12,BA,1,1,2,4,44,1164.0,0,0,5,7,45,1,8.0,1
2019,2,BA,1,1,2,7,44,2500.0,0,0,5,7,32,1,2.0,1
2019,5,BA,1,1,2,1,44,1024.0,0,0,8,4,23,0,8.0,1
2019,8,BA,1,1,2,1,44,1042.0,0,0,5,4,23,0,8.0,1
2019,10,BA,1,1,2,1,44,1197.0,0,0,5,7,19,0,2.0,1
2019,12,BA,1,1,2,6,44,998.0,0,0,6,5,33,0,8.0,1
2018,10,BA,0,3,4,2,44,954.0,0,0,6,4,27,1,4.0,0
2019,5,BA,0,1,4,1,22,520.0,0,0,4,7,19,0,8.0,0
2019,7,BA,0,1,4,4,44,1084.0,0,0,5,7,50,0,9.0,0
2019,4,BA,0,1,4,5,44,1292.0,0,0,5,7,24,1,8.0,0
2018,2,BA,0,1,6,6,44,1060.0,0,0,5,7,21,1,8.0,0
2018,12,BA,1,1,25,5,44,1042.0,0,0,5,7,36,0,8.0,1
2018,10,BA,1,1,2,7,44,956.0,0,0,7,4,30,0,2.0,1
2019,6,BA,1,1,2,1,44,998.0,0,0,7,7,25,1,9.0,1
2019,3,BA,0,1,4,3,44,1024.0,0,0,5,7,40,0,8.0,0
2018,6,BA,0,3,11,4,44,954.0,0,0,6,7,43,0,8.0,0
2018,6,BA,0,3,6,1,44,1200.0,0,0,3,8,23,0,8.0,0
2018,10,BA,0,1,4,4,44,1185.0,0,0,9,7,34,1,8.0,0
2019,5,BA,0,1,6,1,44,1200.0,0,0,7,7,39,1,8.0,0
2018,11,BA,0,1,4,4,44,1676.0,0,0,7,7,29,1,2.0,0
2019,10,BA,1,1,2,3,44,2074.0,0,0,7,8,38,1,2.0,1
2019,8,BA,1,1,2,8,44,1011.0,0,0,6,7,22,1,8.0,1
2018,7,BA,0,1,4,1,25,985.0,0,0,4,7,34,0,8.0,0
2018,10,BA,0,1,4,2,44,1514.0,0,0,4,9,33,0,8.0,0
2019,11,BA,1,1,1,4,20,516.0,1,0,5,7,19,0,4.0,1
2018,6,BA,1,1,1,9,44,954.0,0,0,5,7,30,1,8.0,1
2018,7,BA,1,1,1,6,44,1155.0,0,0,5,7,25,1,4.0,1
2018,7,BA,1,1,1,9,30,638.0,0,0,4,7,18,0,8.0,1
2018,11,BA,1,1,1,4,44,1066.0,0,0,3,7,26,0,9.0,1
2018,12,BA,1,1,1,4,44,1066.0,0,0,3,7,31,0,8.0,1
2018,6,BA,1,1,1,8,44,1468.0,0,0,4,7,19,1,8.0,1
2018,1,BA,1,1,1,7,40,6458.0,0,0,3,9,26,1,9.0,1
2019,11,BA,1,1,1,5,30,1204.0,0,0,5,6,21,1,8.0,1
2018,8,BA,1,1,2,2,44,3173.0,0,0,1,9,36,0,2.0,1
2018,7,BA,1,1,2,5,44,1676.0,0,0,7,7,52,1,9.0,1
2018,7,BA,1,1,2,2,44,1530.0,0,0,1,7,39,0,9.0,1
2019,4,BA,1,1,2,5,44,998.0,0,0,8,7,26,1,8.0,1
2019,8,BA,1,1,2,9,44,1009.0,0,0,5,7,39,0,4.0,1
2018,8,BA,1,1,2,2,44,1067.0,0,0,4,8,26,1,2.0,1
2018,8,BA,1,1,2,5,44,2551.0,0,0,3,7,35,1,8.0,1
2018,11,BA,1,1,2,1,44,1771.0,0,0,7,7,36,1,8.0,1
2018,7,BA,1,1,2,2,44,1066.0,0,0,4,7,24,1,4.0,1
2019,5,BA,1,1,2,1,44,2000.0,0,0,2,9,47,0,8.0,1
2019,5,BA,1,1,2,5,44,1171.0,0,0,5,7,36,0,8.0,1
2018,7,BA,1,1,2,4,44,1043.0,0,0,7,7,41,1,8.0,1
2018,3,BA,1,1,2,6,36,1009.0,0,0,5,7,35,0,9.0,1
2018,1,BA,1,1,2,1,44,1120.0,0,0,4,8,54,0,2.0,1
2018,12,BA,1,1,2,1,44,1900.0,0,0,1,9,26,1,9.0,1
2018,6,BA,1,1,2,4,44,1135.0,0,0,3,9,26,1,9.0,1
2018,9,BA,1,1,2,6,24,549.0,0,0,5,7,52,0,8.0,1
2018,5,BA,1,1,2,6,44,1022.0,0,0,7,6,28,1,9.0,1
2018,8,BA,1,1,2,1,44,1676.0,0,0,7,7,32,1,2.0,1
2018,12,BA,1,1,2,2,44,990.0,0,0,7,5,58,1,9.0,1
2018,4,BA,1,1,2,7,24,477.0,1,0,4,7,18,0,8.0,1
2018,5,BA,1,1,2,1,44,970.0,0,0,4,4,26,0,8.0,1
2019,7,BA,1,1,2,2,44,1500.0,0,0,7,5,58,1,8.0,1
2019,10,BA,1,1,2,8,44,1783.0,0,0,4,7,23,1,2.0,1
2019,10,BA,1,1,2,6,44,1841.0,0,0,7,3,34,1,8.0,1
2019,3,BA,1,1,2,4,44,1508.0,0,0,4,7,53,1,9.0,1
2018,4,BA,1,3,2,1,44,954.0,0,0,5,7,46,0,8.0,1
2018,9,BA,1,1,2,8,44,1020.0,0,0,5,7,32,1,8.0,1
2019,4,BA,1,1,2,3,44,1066.0,0,0,3,7,22,1,4.0,1
2018,11,BA,1,1,2,2,44,1147.0,0,0,7,7,30,1,9.0,1
2018,9,BA,1,1,2,4,44,985.0,0,0,5,7,23,1,8.0,1
2019,9,BA,1,1,2,5,44,1380.0,0,0,9,7,32,1,8.0,1
2019,12,BA,1,1,2,9,44,998.0,0,0,5,7,48,1,8.0,1
2018,8,BA,1,1,2,4,44,1007.0,0,0,5,7,32,1,8.0,1
2019,12,BA,1,1,2,9,30,918.0,0,0,3,7,31,0,8.0,1
2019,1,BA,1,1,2,2,44,2400.0,0,0,2,9,33,1,9.0,1
2019,9,BA,1,1,2,4,30,1009.0,0,0,5,7,39,1,8.0,1
2019,8,BA,1,1,2,6,40,7089.0,0,0,2,9,27,0,8.0,1
2019,6,BA,1,1,2,2,44,1600.0,0,0,7,7,40,1,8.0,1
2018,7,BA,1,1,2,4,36,797.0,0,0,5,8,31,0,8.0,1
2019,6,BA,1,1,2,3,44,1111.0,0,0,5,7,41,1,8.0,1
2018,2,BA,1,1,2,3,44,2387.0,0,0,7,8,34,1,8.0,1
2018,1,BA,1,1,2,1,44,954.0,0,0,4,7,18,0,8.0,1
2018,7,BA,1,1,2,4,44,1043.0,0,0,7,7,41,1,8.0,1
2019,6,BA,1,1,2,1,44,1200.0,0,0,5,7,47,0,9.0,1
2019,8,BA,1,1,2,2,44,1410.0,0,0,7,7,47,1,9.0,1
2018,7,BA,1,1,2,1,44,970.0,0,0,5,7,23,0,8.0,1
2018,4,BA,1,1,2,3,44,970.0,0,0,5,7,23,1,8.0,1
2018,11,BA,1,1,2,5,44,1149.0,0,0,3,8,41,1,9.0,1
2019,2,BA,1,1,2,9,30,680.0,0,0,4,7,32,1,8.0,1
2018,10,BA,1,1,2,6,44,1033.0,0,0,5,7,42,0,9.0,1
2018,7,BA,1,1,2,4,44,1000.0,0,0,2,7,23,1,9.0,1
2019,12,BA,1,1,2,9,30,918.0,0,0,3,7,31,0,8.0,1
2019,12,BA,1,1,2,9,36,816.0,0,0,4,7,22,1,4.0,1
2018,7,BA,1,1,2,1,20,1914.0,0,0,3,9,49,0,8.0,1
2019,11,BA,1,1,2,1,44,1066.0,0,0,5,7,41,1,4.0,1
2018,3,BA,1,1,2,7,44,1022.0,0,0,7,6,30,1,4.0,1
2019,10,BA,1,1,2,4,20,499.0,1,0,3,7,18,1,8.0,1
2019,9,BA,1,1,2,2,44,998.0,0,0,5,7,21,1,8.0,1
2019,12,BA,1,1,2,7,44,1355.0,0,0,4,7,36,0,9.0,1
2019,12,BA,1,1,2,5,44,1089.0,0,0,4,7,33,0,9.0,1
2019,1,BA,1,1,2,8,38,1029.0,0,0,5,6,33,1,1.0,1
2019,12,BA,1,1,2,7,44,998.0,0,0,5,7,30,1,8.0,1
2018,12,BA,1,1,2,4,44,1083.0,0,0,5,7,37,0,8.0,1
2019,1,BA,1,1,2,4,44,1530.0,0,0,7,7,35,1,2.0,1
2018,12,BA,1,1,2,4,44,1664.0,0,0,7,7,35,1,2.0,1
2019,11,BA,1,1,2,7,44,1058.0,0,0,4,7,21,0,4.0,1
2019,8,BA,1,1,2,8,44,2549.0,0,0,7,7,39,1,2.0,1
2019,5,BA,1,1,2,6,44,1104.0,0,0,4,7,19,1,8.0,1
2018,8,BA,1,1,2,2,44,2255.0,0,0,2,9,26,0,2.0,1
2019,2,BA,1,3,2,3,44,998.0,0,0,7,5,46,1,4.0,1
2019,2,BA,1,1,2,7,30,795.0,0,0,4,7,28,0,8.0,1
2018,4,BA,1,1,2,6,44,1642.0,0,0,7,2,50,1,8.0,1
2018,10,BA,1,1,2,3,44,1043.0,0,0,7,3,32,1,6.0,1
2018,7,BA,1,1,2,4,44,985.0,0,0,5,5,23,1,8.0,1
2018,7,BA,1,1,2,9,44,2200.0,0,0,3,7,58,0,8.0,1
2018,6,BA,1,1,2,4,44,1600.0,0,0,4,9,37,0,4.0,1
2018,4,BA,1,1,2,3,44,1093.0,0,0,5,7,23,1,8.0,1
2019,4,BA,1,1,2,1,44,1236.0,0,0,4,7,44,0,9.0,1
2019,7,BA,1,1,2,3,44,1406.0,0,1,5,7,26,1,8.0,1
2018,12,BA,1,1,2,2,44,1096.0,0,0,4,6,29,0,8.0,1
2018,8,BA,1,1,2,4,44,1066.0,0,0,5,7,37,1,8.0,1
2018,4,BA,1,1,2,2,44,954.0,0,0,2,7,24,1,9.0,1
2019,9,BA,1,1,2,8,44,2560.0,0,0,3,7,26,1,8.0,1
2019,5,BA,1,1,2,4,44,1435.0,0,0,5,7,33,0,9.0,1
2019,12,BA,1,1,2,9,36,816.0,0,0,4,7,22,1,4.0,1
2018,11,BA,1,1,2,5,44,12674.0,0,0,1,9,51,1,8.0,1
2019,8,BA,1,1,2,1,44,1089.0,0,0,7,4,42,1,8.0,1
2019,4,BA,1,1,2,5,44,1069.0,0,0,5,8,31,0,8.0,1
2019,3,BA,1,1,2,3,44,1079.0,0,0,7,4,25,1,8.0,1
2019,3,BA,1,1,2,1,44,998.0,0,0,3,7,30,0,9.0,1
2018,9,BA,1,1,2,1,44,1676.0,0,0,7,7,30,1,8.0,1
2018,5,BA,1,1,2,3,44,1082.0,0,0,5,7,30,1,8.0,1
2019,3,BA,1,1,2,7,44,1082.0,0,0,5,5,36,1,8.0,1
2019,5,BA,1,1,2,4,44,4592.0,0,0,2,9,32,0,8.0,1
2019,11,BA,1,1,2,4,36,1229.0,0,0,3,7,48,0,8.0,1
2019,3,BA,1,1,2,6,44,1737.0,0,0,7,7,38,1,8.0,1
2019,10,BA,1,1,2,5,44,1045.0,0,0,5,9,37,1,9.0,1
2018,8,BA,1,1,2,5,44,1062.0,0,0,5,7,41,0,8.0,1
2018,10,BA,1,1,2,3,22,1109.0,0,0,4,7,29,1,8.0,1
2018,7,BA,1,1,2,5,44,1379.0,0,0,4,8,23,0,8.0,1
2019,2,BA,1,1,2,2,44,998.0,0,0,4,3,53,0,8.0,1
2019,4,BA,1,1,2,5,40,2000.0,0,0,2,9,36,0,8.0,1
2018,5,BA,1,1,2,6,44,1853.0,0,0,7,7,31,1,8.0,1
2018,4,BA,1,1,2,4,44,1080.0,0,0,5,7,24,1,9.0,1
2019,11,BA,1,1,2,3,44,998.0,0,0,5,7,31,0,8.0,1
2018,11,BA,0,1,4,9,30,2179.0,0,0,2,9,60,0,8.0,0
2018,9,BA,0,1,4,5,44,1562.0,0,0,7,7,41,1,8.0,0
2019,2,BA,0,1,4,5,44,1009.0,0,0,5,7,54,0,8.0,0
2019,10,BA,0,1,4,6,44,1841.0,0,0,7,2,32,1,8.0,0
2018,1,BA,0,1,4,3,44,1005.0,0,0,5,7,24,1,8.0,0
2018,3,BA,0,1,4,3,44,1947.0,0,0,5,7,26,0,8.0,0
2019,10,BA,0,1,4,4,44,1734.0,0,0,7,4,52,1,8.0,0
2019,1,BA,0,1,4,4,44,3843.0,0,0,7,7,54,1,9.0,0
2019,6,BA,0,1,4,9,44,1009.0,0,0,7,7,24,1,8.0,0
2019,9,BA,0,1,4,5,44,1009.0,0,0,5,7,25,1,8.0,0
2019,11,BA,0,1,4,9,44,2669.0,0,0,4,7,59,1,8.0,0
2018,11,BA,0,1,4,1,44,1144.0,0,0,5,7,36,1,8.0,0
2018,4,BA,0,1,4,9,36,937.0,0,0,4,7,26,0,8.0,0
2018,12,BA,0,1,4,8,44,1171.0,0,0,4,7,31,0,8.0,0
2018,1,BA,0,1,4,2,44,970.0,0,0,5,4,42,1,4.0,0
2019,11,BA,0,1,4,7,44,1141.0,0,0,7,7,41,1,8.0,0
2019,1,BA,0,1,4,9,44,1480.0,0,0,5,7,31,1,4.0,0
2018,7,BA,0,1,4,8,44,2058.0,0,0,7,6,29,1,8.0,0
2018,12,BA,0,1,4,4,44,1676.0,0,0,7,7,52,1,8.0,0
2018,6,BA,0,1,4,3,44,1095.0,0,0,7,7,38,0,8.0,0
2019,5,BA,0,1,4,7,44,1097.0,0,0,5,3,41,1,8.0,0
2018,8,BA,0,1,4,4,44,1400.0,0,0,3,8,40,0,8.0,0
2018,1,BA,0,1,4,6,44,3500.0,0,0,7,2,45,1,8.0,0
2019,12,BA,0,1,4,7,44,1116.0,0,0,7,7,45,1,4.0,0
2019,12,BA,0,1,4,7,44,1024.0,0,0,7,3,27,1,8.0,0
2018,6,BA,0,1,4,4,44,1040.0,0,0,7,5,45,1,4.0,0
2018,5,BA,0,1,4,4,44,1304.0,0,0,5,8,37,1,8.0,0
2018,10,BA,0,1,4,1,44,2500.0,0,0,4,7,35,0,8.0,0
2019,11,BA,0,1,4,8,44,1570.0,0,0,4,7,31,1,8.0,0
2018,2,BA,0,1,4,6,44,1860.0,0,0,3,7,46,0,9.0,0
2019,2,BA,0,3,4,3,44,2431.0,0,0,7,7,30,1,9.0,0
2018,1,BA,0,1,4,3,44,1162.0,0,0,5,7,30,1,8.0,0
2018,10,BA,0,1,4,4,44,0.0,0,0,2,7,26,1,8.0,0
2019,10,BA,0,1,4,2,44,998.0,0,0,1,7,24,0,8.0,0
2019,10,BA,0,1,4,9,44,1185.0,0,0,4,7,33,1,8.0,0
2019,6,BA,0,1,4,6,44,1072.0,0,0,7,7,23,1,8.0,0
2018,8,BA,0,1,4,1,44,1066.0,0,0,5,7,26,0,9.0,0
2018,3,BA,0,3,4,4,44,1022.0,0,0,7,7,44,1,2.0,0
2018,8,BA,0,1,4,2,44,1054.0,0,0,5,7,54,1,2.0,0
2019,11,BA,0,1,4,1,44,1144.0,0,0,4,7,24,0,8.0,0
2019,9,BA,0,1,4,4,44,1066.0,0,0,4,7,33,0,8.0,0
2018,1,BA,0,1,4,7,44,9330.0,0,0,4,9,37,1,8.0,0
2019,4,BA,0,1,4,3,44,1066.0,0,0,5,7,26,1,8.0,0
2019,11,BA,0,1,4,3,44,1164.0,0,1,5,7,39,0,8.0,0
2019,11,BA,0,1,4,5,44,1089.0,0,0,4,7,24,0,2.0,0
2019,4,BA,0,1,4,2,44,2760.0,0,0,5,7,40,0,9.0,0
2018,5,BA,0,1,4,8,44,1200.0,0,0,5,7,28,0,8.0,0
2019,1,BA,0,1,4,4,36,1162.0,0,0,5,7,31,1,8.0,0
2018,10,BA,0,1,4,2,44,955.0,0,0,7,7,31,1,9.0,0
2019,6,BA,0,1,4,4,44,1380.0,0,0,5,7,51,1,4.0,0
2018,2,BA,0,3,4,4,44,4522.0,0,0,9,4,49,1,8.0,0
2019,11,BA,0,1,4,5,44,1009.0,0,0,5,7,32,0,8.0,0
2019,3,BA,0,1,4,5,44,2333.0,0,0,7,6,54,1,8.0,0
2019,11,BA,0,1,4,6,44,3106.0,0,0,3,7,41,1,8.0,0
2018,5,BA,0,1,4,9,44,980.0,0,0,5,4,31,1,8.0,0
2019,9,BA,0,1,4,7,36,1001.0,0,0,4,7,27,1,8.0,0
2018,7,BA,0,1,4,6,44,1113.0,0,0,4,7,26,0,8.0,0
2019,10,BA,0,1,4,9,44,1219.0,0,0,5,7,33,1,4.0,0
2019,9,BA,0,1,4,9,44,1112.0,0,0,5,7,31,1,9.0,0
2018,12,BA,0,1,4,9,42,1348.0,0,0,5,9,47,1,8.0,0
2018,1,BA,0,1,4,9,30,3732.0,0,0,2,9,33,0,8.0,0
2018,2,BA,0,1,4,3,44,36547.0,0,0,3,9,32,1,8.0,0
2018,6,BA,0,1,4,2,44,1066.0,0,0,5,7,32,0,9.0,0
2018,1,BA,0,1,4,8,42,1716.0,0,0,4,9,41,0,8.0,0
2019,8,BA,0,1,4,9,44,1439.0,0,0,4,7,37,0,8.0,0
2019,5,BA,0,1,4,5,44,1005.0,0,0,5,5,27,1,2.0,0
2019,8,BA,0,1,4,1,44,998.0,0,0,7,7,28,1,8.0,0
2019,1,BA,0,1,4,6,44,1040.0,0,0,5,7,48,0,2.0,0
2019,10,BA,0,1,4,6,40,1275.0,0,0,5,7,24,1,9.0,0
2019,11,BA,0,1,4,2,44,1144.0,0,0,5,7,57,0,2.0,0
2018,12,BA,0,1,4,6,44,4634.0,0,0,7,5,45,1,4.0,0
2019,10,BA,0,1,4,3,44,1500.0,0,0,1,7,36,1,9.0,0
2019,1,BA,0,1,4,9,36,954.0,0,0,4,7,34,0,8.0,0
2019,7,BA,0,1,5,6,44,1084.0,0,0,5,7,29,1,8.0,0
2019,8,BA,0,1,5,9,44,2243.0,0,0,7,7,29,1,4.0,0
2019,8,BA,0,1,6,2,44,1089.0,0,0,4,7,24,0,9.0,0
2019,11,BA,0,1,6,4,44,1684.0,0,0,2,9,32,1,8.0,0
2018,10,BA,0,1,6,9,44,1145.0,0,0,5,7,42,0,2.0,0
2019,1,BA,0,1,6,8,44,998.0,0,0,7,7,25,1,8.0,0
2018,10,BA,0,1,6,4,44,970.0,0,0,5,7,42,1,9.0,0
2019,8,BA,0,1,6,1,44,1066.0,0,0,5,7,37,0,9.0,0
2018,5,BA,0,1,6,7,44,3000.0,0,0,7,7,44,1,8.0,0
2018,2,BA,0,1,6,1,44,1600.0,0,0,1,9,28,0,8.0,0
2018,8,BA,0,1,6,3,44,1010.0,0,0,5,5,28,0,4.0,0
2019,1,BA,0,1,6,5,44,998.0,0,0,5,5,18,1,2.0,0
2018,8,BA,0,1,6,3,44,1152.0,0,1,5,7,38,0,8.0,0
2018,9,BA,0,1,6,9,20,477.0,1,0,7,7,19,1,8.0,0
2019,9,BA,0,1,6,2,44,1084.0,0,0,4,7,53,0,4.0,0
2018,2,BA,0,1,6,3,44,954.0,0,0,5,7,30,1,8.0,0
2018,1,BA,0,1,6,7,24,1805.0,0,0,3,9,42,0,9.0,0
2019,1,BA,0,1,6,9,36,998.0,0,0,4,7,23,0,8.0,0
2019,2,BA,0,1,6,1,44,1800.0,0,0,2,9,55,0,9.0,0
2018,6,BA,0,1,6,9,33,858.0,0,0,4,7,21,0,8.0,0
2018,4,BA,0,1,6,9,44,1500.0,0,0,5,8,30,0,8.0,0
2018,11,BA,0,1,6,1,40,3288.0,0,0,2,9,26,0,8.0,0
2018,8,BA,0,1,8,5,44,954.0,0,0,6,7,41,1,9.0,0
2018,3,BA,0,1,11,3,44,980.0,0,0,4,7,21,1,8.0,0
2018,5,BA,0,1,11,9,30,795.0,0,0,4,7,52,0,8.0,0
2019,7,BA,0,1,11,8,44,1114.0,0,0,8,5,29,1,8.0,0
2019,9,BA,0,1,11,4,44,1734.0,0,0,7,7,35,1,9.0,0
2019,7,BA,0,1,11,1,44,1024.0,0,0,7,7,38,1,9.0,0
2019,10,BA,0,1,11,5,44,2260.0,0,0,2,9,36,0,4.0,0
2019,1,BA,0,1,11,4,44,1418.0,0,0,4,7,32,1,2.0,0
2019,7,BA,0,1,11,5,44,1111.0,0,0,7,7,34,1,8.0,0
2019,10,BA,0,1,11,7,44,1079.0,0,0,7,7,34,1,8.0,0
2018,11,BA,0,1,11,8,44,1060.0,0,0,5,7,25,1,8.0,0
2019,6,BA,0,1,11,1,44,1300.0,0,0,7,7,27,1,9.0,0
2018,4,BA,0,1,11,5,44,1085.0,0,0,5,7,38,1,9.0,0
2018,12,BA,0,1,11,9,33,874.0,0,0,4,7,19,0,4.0,0
2019,4,BA,0,1,11,2,44,1062.0,0,0,5,7,28,1,8.0,0
2018,12,BA,1,1,25,9,20,7749.0,0,0,2,9,41,1,2.0,1
2018,6,BA,1,1,25,3,44,954.0,0,0,5,4,57,0,4.0,1
2018,6,BA,1,1,25,1,44,954.0,0,0,4,7,22,0,9.0,1
2018,6,BA,1,1,25,1,44,954.0,0,0,4,7,22,0,9.0,1
2018,7,BA,1,1,25,1,44,1400.0,0,0,7,7,37,1,9.0,1
2018,2,BA,1,1,25,8,44,1062.0,0,0,5,7,47,1,4.0,1
2018,6,BA,1,1,25,1,44,954.0,0,0,7,7,21,1,9.0,1
2019,4,BA,1,1,25,5,40,1300.0,0,0,2,9,24,1,8.0,1
2019,11,BA,1,1,25,2,44,1009.0,0,0,7,7,39,1,4.0,1
2018,1,BA,0,1,43,6,44,1066.0,0,0,4,7,26,0,8.0,0
2018,1,BA,0,1,43,6,44,1066.0,0,0,4,7,26,0,8.0,0
2019,1,BA,0,1,43,9,40,998.0,0,0,1,7,23,1,9.0,0
2019,3,BA,0,1,43,4,30,703.0,1,0,4,7,19,0,4.0,0
2018,1,BA,0,1,43,6,44,1066.0,0,0,4,7,26,0,8.0,0
2018,1,BA,0,1,43,6,44,1066.0,0,0,4,7,26,0,8.0,0
2018,1,BA,0,1,43,6,44,1066.0,0,0,4,7,26,0,8.0,0
2018,2,BA,0,1,43,7,20,405.0,1,0,4,6,18,1,8.0,0
2019,10,BA,0,1,43,2,44,1051.0,0,0,5,7,40,1,9.0,0
2018,12,BA,0,1,43,2,44,954.0,0,0,5,7,21,0,8.0,0
2019,11,BA,0,1,33,3,44,1323.0,0,0,3,7,24,0,2.0,0
2019,8,BA,1,1,2,1,44,2500.0,0,0,5,7,38,1,8.0,1
2018,9,BA,1,1,2,1,44,1050.0,0,0,5,4,35,1,4.0,1
2018,12,BA,0,1,4,1,44,1771.0,0,0,9,5,50,1,4.0,0
2019,1,BA,1,1,2,1,44,1886.0,0,0,7,7,46,1,8.0,1
2018,10,BA,1,1,2,6,44,974.0,0,0,7,7,38,1,4.0,1
2019,4,BA,1,1,1,6,44,998.0,0,0,4,7,23,1,8.0,1
2018,9,BA,1,1,1,4,20,477.0,1,0,4,6,17,1,8.0,1
2018,3,BA,1,1,2,3,44,1401.0,0,0,5,7,33,1,8.0,1
2019,4,BA,1,1,2,4,44,3086.0,0,0,1,9,26,1,8.0,1
2019,3,BA,1,1,2,8,40,1196.0,0,0,8,7,40,1,8.0,1
2018,8,BA,1,1,2,1,44,954.0,0,0,5,8,32,0,8.0,1
2019,8,BA,1,1,2,7,44,3300.0,0,0,1,7,58,1,8.0,1
2019,5,BA,0,1,4,3,44,1057.0,0,0,5,5,46,1,8.0,0
2018,7,BA,0,1,4,1,44,998.0,0,0,5,7,22,1,8.0,0
2019,10,BA,0,1,4,2,44,1068.0,0,0,7,6,37,1,9.0,0
2019,11,BA,0,1,6,3,44,1068.0,0,0,5,7,46,0,8.0,0
2018,5,BA,0,1,11,3,44,954.0,0,0,7,7,20,1,8.0,0
2018,6,BA,0,1,11,3,44,954.0,0,0,5,7,30,0,8.0,0
2019,9,BA,1,3,1,6,44,1200.0,0,0,9,4,20,1,2.0,1
2018,10,BA,0,1,4,1,44,1886.0,0,0,7,7,32,1,8.0,0
2019,6,BA,0,3,6,6,44,1294.0,0,0,6,4,20,1,2.0,0
2019,2,BA,1,3,25,5,20,535.0,1,0,6,7,18,0,8.0,1
2018,7,BA,1,1,25,1,44,1500.0,0,0,7,6,45,1,8.0,1
2018,4,BA,1,1,2,6,44,970.0,0,0,5,6,36,0,9.0,1
2019,1,BA,1,3,2,4,44,2800.0,0,0,7,7,58,1,8.0,1
2018,1,BA,1,1,2,8,44,4627.0,0,0,1,9,35,0,8.0,1
2019,12,BA,1,1,2,2,22,499.0,0,0,5,6,19,0,8.0,1
2018,10,BA,1,1,2,3,44,1676.0,0,0,7,3,48,1,8.0,1
2018,3,BA,1,1,2,1,44,1786.0,0,0,7,7,40,1,8.0,1
2018,5,BA,1,1,1,2,44,954.0,0,0,4,8,26,0,8.0,1
2019,11,BA,1,1,2,1,44,1497.0,0,0,7,7,21,1,8.0,1
2018,11,BA,0,1,4,2,44,954.0,0,0,5,7,38,1,2.0,0
2019,11,BA,0,1,4,5,44,1053.0,0,0,5,7,31,1,9.0,0
2018,2,BA,0,1,4,4,44,1642.0,0,0,7,7,39,1,8.0,0
2019,6,BA,1,1,25,2,44,998.0,0,0,4,7,22,1,8.0,1
2019,5,BA,1,1,2,6,44,1161.0,0,0,5,7,41,1,8.0,1
2019,11,BA,1,1,2,9,36,1250.0,0,1,7,7,30,1,9.0,1
2019,10,BA,1,1,2,3,44,1641.0,0,0,7,7,47,1,4.0,1
2018,5,BA,1,1,2,4,44,1235.0,0,0,3,9,23,1,8.0,1
2018,3,BA,1,1,2,1,44,3000.0,0,0,1,7,38,0,8.0,1
2018,11,BA,1,1,2,3,44,954.0,0,0,5,7,51,0,8.0,1
2018,9,BA,1,1,2,6,44,1113.0,0,0,7,6,39,1,8.0,1
2019,7,BA,1,1,2,7,44,1034.0,0,0,7,7,43,1,8.0,1
2018,10,BA,1,1,2,4,44,1100.0,0,0,4,9,24,1,8.0,1
2018,8,BA,1,1,2,4,44,1100.0,0,0,5,7,29,1,8.0,1
2018,6,BA,0,1,4,3,44,1117.0,0,0,4,6,50,0,4.0,0
2018,11,BA,0,1,4,9,36,1101.0,0,0,5,7,35,1,8.0,0
2018,6,BA,0,1,4,4,44,970.0,0,0,5,7,30,1,8.0,0
2019,1,BA,0,1,11,6,22,499.0,1,0,4,6,20,1,4.0,0
2018,12,BA,0,1,11,4,44,1100.0,0,0,4,7,29,0,8.0,0
2019,1,BA,0,1,11,2,44,3500.0,0,0,1,9,37,0,8.0,0
2018,7,BA,1,1,2,4,44,978.0,0,0,7,7,47,1,2.0,1
2019,8,BA,1,1,2,1,44,1035.0,0,0,5,7,23,0,8.0,1
2018,4,BA,1,1,2,1,44,954.0,0,0,5,7,56,0,2.0,1
2018,8,BA,1,1,2,1,44,954.0,0,0,5,5,19,0,8.0,1
2018,11,BA,1,1,2,1,44,1431.0,0,0,4,7,24,0,8.0,1
2018,1,BA,1,1,2,2,44,1908.0,0,0,2,7,37,1,8.0,1
2018,8,BA,0,1,4,5,44,954.0,0,0,5,7,29,1,8.0,0
2019,1,BA,0,1,4,5,44,1006.0,0,0,7,6,40,1,8.0,0
2019,4,BA,0,1,4,7,44,1061.0,0,0,6,4,24,1,4.0,0
2018,6,BA,0,1,6,5,44,954.0,0,0,5,7,39,0,9.0,0
2019,12,BA,0,1,11,3,44,1611.0,0,0,4,5,25,1,4.0,0
2019,7,BA,0,1,4,1,44,998.0,0,0,5,7,33,1,9.0,0
2018,5,BA,0,1,4,1,40,954.0,0,0,4,7,22,0,8.0,0
2019,5,BA,0,1,6,1,44,998.0,0,0,4,7,26,1,2.0,0
2018,10,BA,0,3,4,1,44,954.0,0,0,6,2,57,1,8.0,0
2018,11,BA,1,1,2,3,44,954.0,0,0,8,4,24,1,4.0,1
2019,8,BA,0,1,4,3,44,998.0,0,0,5,7,29,1,9.0,0
2019,10,BA,0,1,6,1,44,1050.0,0,0,7,2,23,1,4.0,0
2019,6,BA,1,1,2,5,44,1073.0,0,0,7,2,42,1,8.0,1
2018,11,BA,1,1,1,6,20,492.0,1,0,4,6,16,1,8.0,1
2019,3,BA,1,1,2,1,44,1045.0,0,0,5,7,21,1,4.0,1
2018,4,BA,1,1,2,4,44,954.0,0,0,3,7,23,1,8.0,1
2019,9,BA,1,1,2,6,44,1075.0,0,0,5,6,24,0,8.0,1
2019,11,BA,1,1,2,1,36,1200.0,0,0,5,4,47,1,8.0,1
2018,11,BA,1,1,2,1,44,1676.0,0,0,7,7,35,1,8.0,1
2019,7,BA,1,1,2,1,44,1049.0,0,0,5,7,32,1,9.0,1
2018,3,BA,1,1,2,1,44,954.0,0,0,5,6,43,0,8.0,1
2019,8,BA,1,1,2,4,44,1056.0,0,0,5,7,19,1,8.0,1
2019,8,BA,1,1,2,4,44,1056.0,0,0,5,7,19,1,8.0,1
2019,3,BA,1,1,2,3,44,1039.0,0,0,4,6,22,1,9.0,1
2019,5,BA,1,1,2,1,44,1734.0,0,0,7,7,44,1,9.0,1
2019,8,BA,1,1,2,3,44,998.0,0,0,5,7,43,0,8.0,1
2019,11,BA,1,3,2,1,44,998.0,0,0,6,2,36,1,8.0,1
2018,9,BA,1,1,2,3,44,1062.0,0,0,5,7,22,1,9.0,1
2018,8,BA,1,1,2,1,44,1048.0,0,0,4,7,23,1,8.0,1
2019,3,BA,1,1,2,3,44,1065.0,0,0,5,7,23,1,8.0,1
2018,11,BA,1,1,2,8,44,1676.0,0,0,9,7,35,1,9.0,1
2019,7,BA,0,1,4,9,44,1172.0,0,0,3,7,22,1,8.0,0
2018,7,BA,0,1,4,9,44,1000.0,0,0,9,7,28,1,4.0,0
2019,5,BA,0,1,4,3,44,1101.0,0,0,5,7,52,1,4.0,0
2019,3,BA,0,1,4,3,44,1090.0,0,0,5,7,45,1,8.0,0
2019,3,BA,0,1,4,6,44,1024.0,0,0,7,2,32,1,9.0,0
2019,11,BA,0,3,4,1,44,1020.0,0,0,3,7,36,1,9.0,0
2019,8,BA,0,1,4,2,44,1049.0,0,0,5,7,28,0,9.0,0
2019,8,BA,0,1,4,6,44,1084.0,0,0,5,7,28,1,8.0,0
2018,3,BA,0,1,4,7,44,1030.0,0,0,4,6,19,1,8.0,0
2018,1,BA,0,1,4,7,44,1186.0,0,0,4,6,29,1,8.0,0
2019,10,BA,0,1,6,1,44,998.0,0,0,5,7,22,0,8.0,0
2018,12,BA,0,1,6,3,44,970.0,0,0,4,7,23,1,8.0,0
2018,4,BA,0,3,6,1,44,954.0,0,0,6,2,22,1,8.0,0
2019,6,BA,0,1,11,9,44,1034.0,0,0,7,6,31,0,8.0,0
2018,9,BA,1,1,25,4,44,2475.0,0,0,7,4,55,1,9.0,1
2018,4,BA,1,1,25,9,44,954.0,0,0,7,7,19,0,8.0,1
2018,4,BA,1,1,25,9,44,954.0,0,0,7,7,19,0,8.0,1
2018,7,MG,1,1,2,1,44,954.0,0,0,5,7,41,1,9.0,1
2018,4,MG,1,1,2,1,44,954.0,0,0,7,4,36,1,2.0,1
2019,7,MG,0,3,4,2,44,998.0,0,0,7,6,27,1,9.0,0
2018,11,MG,1,1,2,1,44,984.0,0,0,5,7,33,0,2.0,1
2018,1,MG,1,3,2,3,44,954.0,0,0,6,2,33,1,4.0,1
2018,3,MG,0,1,4,5,44,1431.0,0,0,3,9,45,1,2.0,0
2019,5,MG,0,1,4,1,44,1206.0,0,0,7,5,40,1,2.0,0
2019,8,MG,0,1,43,3,44,2361.0,0,0,7,4,39,1,8.0,0
2018,5,MG,0,1,6,4,44,1043.0,0,0,5,4,45,1,8.0,0
2019,5,MG,0,3,6,1,44,998.0,0,0,6,3,27,1,4.0,0
2019,2,MG,1,1,2,3,44,1140.0,0,0,6,2,39,1,8.0,1
2018,4,MG,1,3,2,3,44,1021.0,0,0,6,3,46,0,2.0,1
2018,9,MG,1,3,2,1,44,1021.0,0,0,6,7,40,1,9.0,1
2018,7,MG,1,3,2,1,44,1431.0,0,0,6,2,42,1,2.0,1
2018,8,MG,1,1,2,1,44,1050.0,0,0,7,3,19,1,9.0,1
2018,9,MG,1,1,2,1,44,1500.0,0,0,3,7,54,1,2.0,1
2019,11,MG,1,1,2,3,44,1116.0,0,0,7,7,58,1,2.0,1
2019,11,MG,0,1,4,1,44,1161.0,0,0,7,7,43,1,9.0,0
2018,7,MG,0,1,4,3,44,1391.0,0,0,4,4,46,1,2.0,0
2018,5,MG,0,1,4,5,44,1208.0,0,0,5,5,40,0,2.0,0
2018,5,MG,0,1,4,1,44,1000.0,0,0,4,7,35,0,8.0,0
2019,10,MG,0,1,4,5,44,1100.0,0,0,4,7,40,0,2.0,0
2019,11,MG,0,1,4,7,44,1240.0,0,0,7,7,23,0,4.0,0
2018,6,MG,0,1,4,4,44,1005.0,0,0,8,6,22,1,2.0,0
2018,7,MG,0,3,11,5,44,1021.0,0,0,6,3,58,1,2.0,0
2018,7,MG,0,3,11,5,44,1021.0,0,0,6,3,58,1,2.0,0
2018,6,MG,1,1,25,5,44,1224.0,0,0,5,5,34,1,2.0,1
2018,10,MG,0,1,43,3,20,462.0,1,0,4,7,19,1,2.0,0
2019,12,MG,1,1,2,2,44,1237.0,0,0,7,7,37,1,4.0,1
2019,6,MG,0,1,4,1,44,998.0,0,0,5,7,34,0,8.0,0
2018,11,MG,0,1,11,5,44,983.0,0,0,7,4,43,1,8.0,0
2018,6,MG,0,3,6,1,44,2000.0,0,0,6,7,46,1,2.0,0
2018,5,MG,1,3,25,2,44,1000.0,0,0,6,2,54,1,2.0,1
2018,8,MG,0,1,4,3,44,1417.0,0,0,7,4,37,1,4.0,0
2018,8,MG,0,1,6,5,44,990.0,0,0,7,9,31,0,4.0,0
2018,5,MG,1,3,2,6,44,983.0,0,0,6,4,25,0,2.0,1
2019,5,MG,1,3,2,5,44,1060.0,0,0,6,5,23,0,2.0,1
2019,2,MG,0,1,4,1,44,1065.0,0,0,3,8,53,1,2.0,0
2018,4,MG,0,1,4,4,44,1420.0,0,0,8,6,39,1,2.0,0
2018,1,MG,0,1,4,3,44,1700.0,0,0,7,7,51,1,2.0,0
2019,2,MG,0,1,6,2,44,1850.0,0,0,8,7,32,1,2.0,0
2019,7,MG,0,1,4,4,44,1474.0,0,0,5,7,49,1,9.0,0
2019,11,MG,1,3,1,5,44,1048.0,0,0,6,6,19,1,2.0,1
2019,7,MG,1,1,2,5,44,998.0,0,0,6,6,24,0,8.0,1
2019,4,MG,1,1,2,1,44,1050.0,0,0,5,7,32,0,2.0,1
2018,1,MG,0,1,4,5,44,1100.0,0,0,6,7,25,0,9.0,0
2019,3,MG,0,1,4,1,44,1050.0,0,0,5,7,25,1,8.0,0
2018,12,MG,1,3,2,1,44,1100.0,0,0,6,4,22,1,8.0,1
2018,3,MG,1,1,2,3,44,1480.0,0,0,5,5,35,1,2.0,1
2019,9,MG,1,1,2,3,44,1072.0,0,0,4,7,58,0,9.0,1
2018,1,MG,0,1,4,1,44,1463.0,0,0,5,7,44,0,9.0,0
2019,6,MG,0,1,6,2,44,998.0,0,0,4,7,20,0,9.0,0
2018,5,MG,0,1,11,7,44,1231.0,0,0,8,9,26,1,8.0,0
2019,10,MG,1,1,25,7,44,1900.0,0,0,9,7,33,1,8.0,1
2018,4,MG,1,1,25,6,44,1137.0,0,0,4,7,25,0,8.0,1
2018,10,MG,1,1,25,4,44,1539.0,0,0,3,7,21,1,8.0,1
2019,3,MG,1,1,25,4,44,1574.0,0,0,6,4,37,1,2.0,1
2019,5,MG,1,1,25,3,44,1084.0,0,0,9,5,23,1,8.0,1
2018,12,MG,0,3,4,1,44,954.0,0,0,6,7,43,1,8.0,0
2018,7,MG,1,1,2,1,44,954.0,0,0,5,4,68,0,2.0,1
2019,10,MG,1,1,1,6,20,485.0,1,0,4,6,16,1,8.0,1
2018,12,MG,1,1,2,7,44,1372.0,0,0,3,7,22,0,8.0,1
2019,11,MG,1,1,2,2,44,1075.0,0,0,5,7,22,0,9.0,1
2019,3,MG,1,1,2,5,44,1664.0,0,0,9,7,46,1,2.0,1
2019,10,MG,1,1,2,1,36,1054.0,0,0,5,7,34,0,2.0,1
2018,7,MG,1,1,2,6,44,2325.0,0,0,7,7,23,1,9.0,1
2019,9,MG,0,1,4,7,44,2766.0,0,0,7,2,39,1,9.0,0
2019,6,MG,0,3,4,2,44,1759.0,0,0,7,6,37,1,8.0,0
2018,2,MG,0,3,4,1,44,1405.0,0,0,6,3,65,1,2.0,0
2019,10,MG,0,1,4,6,44,1694.0,0,0,5,7,37,0,2.0,0
2018,11,MG,0,1,6,4,36,1150.0,0,0,4,7,29,1,2.0,0
2018,8,MG,0,1,6,7,36,1458.0,0,0,3,7,36,0,8.0,0
2019,9,MG,0,1,6,5,44,1841.0,0,0,7,7,42,1,2.0,0
2018,1,MG,0,1,33,7,40,2772.0,0,0,4,8,30,0,8.0,0
2018,11,MG,1,1,2,4,44,1409.0,0,0,9,7,51,1,2.0,1
2018,7,MG,1,1,2,6,44,2120.0,0,0,7,5,26,1,9.0,1
2018,3,MG,1,1,2,2,44,2694.0,0,0,5,7,41,1,8.0,1
2019,7,MG,0,1,4,1,44,1228.0,0,0,5,7,33,0,2.0,0
2019,1,MG,0,1,6,3,44,1440.0,0,0,7,5,31,1,4.0,0
2019,1,MG,0,1,6,2,44,1600.0,0,0,7,7,25,1,9.0,0
2019,4,MG,1,1,10,3,44,3500.0,0,0,5,8,38,1,2.0,1
2019,11,MG,0,3,11,1,44,1124.0,0,0,7,7,36,1,4.0,0
2019,10,MG,0,1,11,5,44,1149.0,0,0,5,7,44,1,4.0,0
2018,7,MG,1,1,2,1,44,954.0,0,0,7,5,23,1,2.0,1
2018,2,MG,0,3,4,1,44,1431.0,0,0,2,9,26,1,2.0,0
2019,6,MG,1,1,2,1,44,1080.0,0,0,6,5,28,1,8.0,1
2019,1,MG,1,1,2,3,44,1050.0,0,0,4,7,25,0,2.0,1
2018,12,MG,0,3,4,1,44,1304.0,0,0,7,2,47,1,9.0,0
2019,7,MG,1,1,2,2,44,1500.0,0,0,7,7,51,1,8.0,1
2019,7,MG,1,1,2,2,44,1089.0,0,0,7,6,40,1,8.0,1
2019,11,MG,0,1,4,7,44,1555.0,0,0,7,5,28,1,2.0,0
2018,3,MG,1,1,2,1,44,985.0,0,0,4,7,20,0,8.0,1
2019,9,MG,1,1,2,1,44,1054.0,0,0,7,7,48,1,9.0,1
2019,9,MG,1,1,2,1,44,1054.0,0,0,7,7,48,1,9.0,1
2018,8,MG,0,1,4,9,44,1859.0,0,0,8,7,24,1,2.0,0
2019,3,MG,0,1,11,5,44,1218.0,0,0,9,6,30,1,9.0,0
2019,9,MG,1,1,25,6,44,2175.0,0,0,7,4,46,1,8.0,1
2018,7,MG,1,1,1,3,44,977.0,0,0,5,6,19,1,4.0,1
2019,2,MG,1,1,2,2,44,1053.0,0,0,5,7,42,0,2.0,1
2019,5,MG,1,1,2,9,44,1066.0,0,0,7,6,20,1,8.0,1
2019,8,MG,1,1,2,2,44,1086.0,0,0,4,7,31,1,2.0,1
2018,9,MG,1,1,2,1,44,1011.0,0,0,5,7,33,0,2.0,1
2018,11,MG,1,1,2,2,25,562.0,0,0,5,2,44,0,8.0,1
2019,5,MG,1,1,2,9,44,1066.0,0,0,7,6,20,1,8.0,1
2019,9,MG,1,1,2,1,44,1086.0,0,0,2,7,50,0,2.0,1
2019,10,MG,0,1,4,5,44,998.0,0,0,5,7,20,1,2.0,0
2018,6,MG,0,1,4,2,44,994.0,0,0,4,7,22,0,2.0,0
2018,6,MG,0,1,4,2,44,994.0,0,0,4,7,22,0,2.0,0
2019,2,MG,0,3,4,1,44,954.0,0,0,6,3,19,1,8.0,0
2018,1,MG,1,1,2,1,44,1025.0,0,0,5,7,22,1,9.0,1
2018,12,MG,0,1,6,6,44,20265.0,0,0,1,9,54,1,8.0,0
2019,3,MG,1,1,2,1,44,1500.0,0,0,9,7,34,1,8.0,1
2019,6,MG,1,1,1,9,44,999.0,0,0,5,7,21,0,4.0,1
2019,6,MG,1,1,1,5,40,2545.0,0,0,2,8,23,0,2.0,1
2018,6,MG,1,1,1,4,44,1030.0,0,1,5,7,20,1,8.0,1
2018,10,MG,1,1,1,6,44,1050.0,0,0,5,6,20,0,4.0,1
2018,5,MG,1,1,1,9,44,1251.0,0,0,5,7,20,1,2.0,1
2018,6,MG,1,1,1,5,20,448.0,1,0,4,6,17,1,8.0,1
2019,6,MG,1,1,1,7,20,469.0,1,0,4,6,17,1,8.0,1
2019,1,MG,1,1,1,4,44,2300.0,0,0,3,9,24,0,2.0,1
2019,11,MG,1,1,1,9,20,492.0,1,0,4,7,18,0,6.0,1
2019,6,MG,1,1,1,7,20,469.0,1,0,4,6,17,1,8.0,1
2019,3,MG,1,1,1,1,44,1111.0,0,0,7,3,41,1,2.0,1
2019,3,MG,1,1,1,5,44,1092.0,0,0,4,4,21,0,2.0,1
2019,5,MG,1,1,1,3,44,1110.0,0,0,5,5,24,0,4.0,1
2019,3,MG,1,3,2,1,44,1814.0,0,0,7,6,27,1,8.0,1
2019,9,MG,1,1,2,6,44,1200.0,0,0,5,7,21,1,8.0,1
2018,7,MG,1,1,2,7,44,1760.0,0,0,7,7,40,1,8.0,1
2018,12,MG,1,1,2,5,44,1181.0,0,0,9,7,24,1,1.0,1
2019,12,MG,1,1,2,1,44,1160.0,0,0,5,7,25,1,9.0,1
2019,2,MG,1,1,2,1,44,1072.0,0,0,5,7,39,0,9.0,1
2018,12,MG,1,1,2,7,44,1243.0,0,0,5,7,40,1,8.0,1
2018,5,MG,1,1,2,9,42,1076.0,0,1,5,4,47,0,8.0,1
2019,8,MG,1,1,2,1,44,1922.0,0,0,1,9,34,1,9.0,1
2019,9,MG,1,1,2,8,36,1423.0,0,0,4,7,20,0,8.0,1
2019,12,MG,1,1,2,8,24,607.0,0,0,5,7,28,1,8.0,1
2018,3,MG,1,1,2,8,44,20000.0,0,0,1,9,46,1,8.0,1
2019,9,MG,1,1,2,9,44,1319.0,0,0,3,4,39,0,2.0,1
2018,4,MG,1,1,2,4,44,1451.0,0,0,4,9,44,1,9.0,1
2018,3,MG,1,1,2,3,44,1086.0,0,0,6,7,29,1,9.0,1
2019,5,MG,1,1,2,5,44,1092.0,0,0,5,7,19,0,8.0,1
2019,9,MG,1,1,2,9,44,1440.0,0,0,7,2,57,1,4.0,1
2019,12,MG,1,1,2,6,30,1106.0,0,1,4,7,23,1,4.0,1
2018,6,MG,1,1,2,4,44,1067.0,0,0,7,4,21,1,4.0,1
2019,1,MG,1,1,2,1,20,550.0,0,0,5,1,47,0,4.0,1
2019,7,MG,1,1,2,3,44,2000.0,0,0,1,9,39,0,4.0,1
2018,3,MG,1,1,2,2,44,1263.0,0,0,5,5,66,1,9.0,1
2019,9,MG,1,1,2,3,44,1698.0,0,0,7,6,44,1,2.0,1
2019,5,MG,1,1,2,9,44,1160.0,0,0,5,7,25,0,2.0,1
2018,6,MG,1,1,2,4,44,959.0,0,0,7,5,32,1,2.0,1
2018,5,MG,1,1,2,4,44,2020.0,0,0,5,8,35,0,8.0,1
2019,11,MG,1,1,2,7,44,1018.0,0,0,7,7,18,1,8.0,1
2019,2,MG,1,1,2,3,44,998.0,0,0,5,3,27,0,4.0,1
2018,3,MG,1,1,2,3,44,986.0,0,0,8,7,43,0,8.0,1
2019,4,MG,1,1,2,2,44,1190.0,0,0,4,7,39,0,8.0,1
2019,1,MG,1,1,2,9,44,1166.0,0,0,5,7,31,1,8.0,1
2019,2,MG,1,1,2,9,44,3440.0,0,0,2,9,32,0,8.0,1
2018,10,MG,1,1,2,1,44,1010.0,0,0,5,7,46,0,4.0,1
2018,8,MG,1,1,2,8,36,1055.0,0,0,4,7,25,0,8.0,1
2019,11,MG,1,1,2,6,36,1216.0,0,0,9,7,31,1,4.0,1
2019,9,MG,1,1,2,8,44,1430.0,0,0,7,5,46,1,2.0,1
2018,7,MG,1,1,2,8,44,1800.0,0,0,3,7,34,1,2.0,1
2018,5,MG,1,1,2,7,44,1210.0,0,0,4,7,45,0,2.0,1
2018,9,MG,1,1,2,1,44,1125.0,0,0,7,3,19,1,2.0,1
2018,1,MG,1,1,2,1,44,1237.0,0,0,7,7,33,1,8.0,1
2019,7,MG,1,1,2,5,40,3945.0,0,0,2,9,34,0,4.0,1
2019,9,MG,1,1,2,6,30,1488.0,0,0,5,7,41,1,2.0,1
2018,12,MG,1,1,2,9,44,1440.0,0,0,7,2,22,1,8.0,1
2018,8,MG,1,1,2,1,44,1483.0,0,0,7,6,28,1,8.0,1
2018,5,MG,1,1,2,8,44,1010.0,0,0,5,4,21,1,8.0,1
2019,10,MG,1,1,2,3,44,1027.0,0,0,5,7,25,0,8.0,1
2019,12,MG,1,1,2,4,44,1051.0,0,0,5,7,21,0,9.0,1
2019,1,MG,1,1,2,1,44,1436.0,0,0,7,7,49,1,2.0,1
2019,5,MG,1,1,2,9,44,1474.0,0,0,9,7,35,1,8.0,1
2019,1,MG,1,1,2,1,44,1200.0,0,0,8,5,39,1,8.0,1
2018,5,MG,1,1,2,2,44,1025.0,0,0,7,6,28,0,8.0,1
2018,6,MG,1,3,2,1,44,1067.0,0,0,7,5,21,1,4.0,1
2018,10,MG,1,1,2,9,36,954.0,0,0,4,7,19,1,4.0,1
2018,4,MG,1,1,2,5,44,1062.0,0,0,5,7,33,0,8.0,1
2018,7,MG,1,1,2,2,44,1006.0,0,0,4,9,45,0,2.0,1
2019,10,MG,1,1,2,4,44,1050.0,0,0,3,8,23,1,2.0,1
2019,8,MG,1,1,2,1,44,1580.0,0,0,7,7,29,1,9.0,1
2018,5,MG,1,1,2,9,44,1796.0,0,0,4,7,25,1,2.0,1
2018,10,MG,1,1,2,8,44,1195.0,0,0,4,7,30,0,4.0,1
2019,10,MG,1,1,2,7,41,2267.0,0,0,7,7,42,1,2.0,1
2018,9,MG,1,1,2,1,44,1111.0,0,0,5,7,48,1,2.0,1
2018,7,MG,1,1,2,9,44,2400.0,0,0,1,9,30,0,4.0,1
2019,4,MG,1,1,2,5,44,1089.0,0,0,7,7,28,1,8.0,1
2018,8,MG,1,1,2,8,44,3000.0,0,0,4,9,26,1,8.0,1
2018,8,MG,1,1,2,1,44,1108.0,0,0,7,7,19,1,2.0,1
2019,2,MG,1,1,2,6,44,1086.0,0,0,5,2,29,0,4.0,1
2019,3,MG,1,1,2,8,44,2966.0,0,0,3,7,34,0,8.0,1
2019,4,MG,1,1,2,1,44,1150.0,0,0,5,7,24,0,9.0,1
2019,4,MG,1,1,2,1,44,1500.0,0,0,2,9,28,0,9.0,1
2019,11,MG,1,1,2,1,44,1857.0,0,0,3,9,19,1,8.0,1
2019,12,MG,1,1,2,6,44,1093.0,0,0,4,7,40,1,8.0,1
2018,3,MG,1,1,2,4,44,1017.0,0,0,5,8,53,1,8.0,1
2019,10,MG,1,1,2,1,44,1500.0,0,0,5,5,24,0,9.0,1
2018,8,MG,1,1,2,6,44,3800.0,0,0,3,9,47,1,8.0,1
2018,5,MG,1,1,2,8,44,1658.0,0,0,9,5,43,1,8.0,1
2018,11,MG,1,1,2,9,36,954.0,0,0,4,8,20,1,8.0,1
2018,3,MG,1,1,2,9,36,937.0,0,0,4,7,18,1,2.0,1
2019,9,MG,1,1,2,3,44,1300.0,0,0,3,7,32,1,2.0,1
2018,6,MG,1,1,2,9,44,1705.0,0,0,7,7,27,1,4.0,1
2019,6,MG,1,1,2,4,44,1096.0,0,0,5,6,29,0,2.0,1
2019,6,MG,1,1,2,9,36,998.0,0,0,4,7,18,0,8.0,1
2019,7,MG,1,1,2,9,44,1887.0,0,0,7,4,44,1,2.0,1
2019,8,MG,1,1,2,9,44,1668.0,0,0,7,5,36,1,4.0,1
2018,2,MG,1,1,2,9,44,1044.0,0,0,5,7,28,1,4.0,1
2019,6,MG,1,1,2,9,36,998.0,0,0,4,7,18,0,8.0,1
2019,3,MG,1,1,2,9,44,1065.0,0,0,7,7,27,1,8.0,1
2019,6,MG,1,1,2,4,44,1205.0,0,0,5,7,20,0,9.0,1
2019,2,MG,1,1,2,4,44,1010.0,0,0,5,7,27,0,9.0,1
2019,8,MG,1,1,2,4,44,1143.0,0,0,5,7,63,0,4.0,1
2018,6,MG,1,1,2,9,44,1030.0,0,0,7,6,30,1,8.0,1
2019,8,MG,1,1,2,9,44,1079.0,0,0,7,1,24,1,8.0,1
2019,9,MG,1,1,2,8,44,1800.0,0,0,7,5,38,1,8.0,1
2018,4,MG,1,1,2,3,36,1010.0,0,0,5,7,34,0,2.0,1
2018,11,MG,1,1,2,1,44,1067.0,0,0,7,2,34,1,8.0,1
2019,7,MG,1,1,2,6,44,1124.0,0,0,7,7,48,1,9.0,1
2018,5,MG,1,1,2,9,44,1705.0,0,0,7,7,31,1,2.0,1
2019,6,MG,1,1,2,5,44,12600.0,0,0,2,9,41,0,2.0,1
2019,11,MG,1,1,2,6,44,1470.0,0,0,7,7,20,1,8.0,1
2018,9,MG,1,1,2,4,44,1632.0,0,0,7,7,46,1,8.0,1
2018,9,MG,1,1,2,2,44,1111.0,0,0,3,8,40,1,2.0,1
2019,4,MG,1,1,2,5,44,1089.0,0,0,7,7,28,1,8.0,1
2019,4,MG,1,1,2,4,44,998.0,0,0,7,7,37,1,9.0,1
2019,11,MG,1,1,2,9,40,1553.0,0,0,4,6,29,1,2.0,1
2018,6,MG,1,1,2,5,44,1117.0,0,0,5,7,45,0,8.0,1
2018,9,MG,1,1,2,2,44,1010.0,0,0,5,7,23,0,9.0,1
2018,4,MG,1,1,2,4,44,985.0,0,0,5,7,23,0,9.0,1
2018,2,MG,1,1,2,4,44,1723.0,0,0,7,6,46,1,4.0,1
2018,4,MG,1,1,2,5,40,978.0,0,0,5,3,47,0,8.0,1
2018,6,MG,1,1,2,4,44,2025.0,0,0,2,9,39,1,2.0,1
2018,3,MG,1,1,2,4,22,515.0,0,0,3,8,18,0,8.0,1
2018,11,MG,1,1,2,1,44,2000.0,0,0,4,7,48,1,2.0,1
2018,3,MG,1,1,2,3,44,1096.0,0,0,5,7,28,0,8.0,1
2018,5,MG,1,1,2,4,44,968.0,0,0,7,6,24,1,2.0,1
2018,8,MG,1,1,2,2,44,1010.0,0,0,4,5,46,1,8.0,1
2019,10,MG,1,1,2,3,44,998.0,0,0,7,7,31,1,8.0,1
2019,10,MG,1,1,2,2,44,1615.0,0,0,4,7,21,1,8.0,1
2018,8,MG,1,1,2,9,20,1589.0,0,0,2,9,37,0,2.0,1
2018,10,MG,1,1,2,1,36,985.0,0,0,4,7,38,0,8.0,1
2018,11,MG,1,1,2,2,36,1337.0,0,0,5,7,49,1,9.0,1
2019,2,MG,1,1,2,5,44,1158.0,0,0,7,6,26,1,4.0,1
2019,11,MG,1,1,2,3,44,3000.0,0,0,7,7,60,1,8.0,1
2018,7,MG,1,1,2,1,44,2100.0,0,0,2,9,27,0,8.0,1
2018,5,MG,1,1,2,3,44,1300.0,0,0,5,4,49,1,8.0,1
2019,9,MG,1,1,2,6,44,2746.0,0,0,4,8,21,1,2.0,1
2018,11,MG,1,1,2,2,44,1098.0,0,0,5,7,34,1,8.0,1
2019,12,MG,1,1,2,4,44,1170.0,0,0,7,7,29,1,9.0,1
2019,3,MG,1,1,2,2,44,1090.0,0,0,5,7,36,0,2.0,1
2019,9,MG,1,1,2,7,40,12065.0,0,0,1,9,37,1,2.0,1
2019,3,MG,1,1,2,7,44,3000.0,0,0,3,9,30,1,8.0,1
2018,4,MG,1,1,2,3,44,2000.0,0,0,2,9,23,0,2.0,1
2018,11,MG,1,3,2,1,44,1067.0,0,0,7,6,24,1,8.0,1
2019,10,MG,1,1,2,4,44,1111.0,0,0,7,4,42,1,9.0,1
2019,10,MG,1,1,2,6,44,1153.0,0,0,4,7,40,0,4.0,1
2019,9,MG,1,1,2,1,40,1174.0,0,0,3,7,29,0,8.0,1
2019,11,MG,1,3,2,1,44,1560.0,0,0,7,5,35,1,8.0,1
2019,12,MG,1,1,2,5,44,1362.0,0,0,5,6,32,1,2.0,1
2018,10,MG,1,1,2,4,44,1237.0,0,0,7,7,29,1,9.0,1
2018,1,MG,1,1,2,8,44,1047.0,0,0,9,5,34,1,8.0,1
2019,4,MG,1,1,2,1,44,1120.0,0,0,5,5,24,1,9.0,1
2019,12,MG,1,1,2,8,44,1399.0,0,0,7,7,28,1,9.0,1
2019,12,MG,1,1,2,8,44,1346.0,0,0,5,2,47,1,8.0,1
2019,12,MG,1,1,2,5,44,4399.0,0,0,3,9,32,1,8.0,1
2019,7,MG,1,1,2,2,44,1000.0,0,0,5,7,42,1,8.0,1
2018,10,MG,1,1,2,4,44,1091.0,0,0,7,7,19,1,9.0,1
2018,6,MG,1,1,2,1,44,2346.0,0,0,4,9,37,0,2.0,1
2018,3,MG,1,1,2,1,44,1050.0,0,0,5,7,18,0,2.0,1
2018,4,MG,1,1,2,2,44,986.0,0,0,5,4,42,0,9.0,1
2019,7,MG,1,1,2,7,44,1455.0,0,0,5,5,48,1,8.0,1
2018,11,MG,1,1,2,1,44,1067.0,0,0,7,5,27,1,8.0,1
2018,9,MG,1,1,2,9,44,1259.0,0,0,4,7,25,1,8.0,1
2019,6,MG,1,1,2,3,44,1400.0,0,0,3,9,27,0,8.0,1
2019,6,MG,1,1,2,5,44,1500.0,0,1,4,7,23,1,9.0,1
2019,3,MG,1,1,2,8,44,1146.0,0,0,6,7,28,1,8.0,1
2018,8,MG,1,1,2,3,44,1072.0,0,0,4,7,31,0,4.0,1
2019,6,MG,1,1,2,9,36,1458.0,0,0,4,7,31,0,8.0,1
2018,10,MG,1,1,2,8,44,1635.0,0,0,7,4,56,1,8.0,1
2019,5,MG,1,1,2,6,44,2055.0,0,0,1,7,27,1,4.0,1
2018,12,MG,1,1,2,9,44,982.0,0,0,7,2,21,1,2.0,1
2019,10,MG,1,1,2,7,41,2267.0,0,0,7,7,42,1,2.0,1
2018,9,MG,1,1,2,4,44,1127.0,0,0,5,9,32,0,2.0,1
2019,6,MG,1,1,2,9,36,998.0,0,0,4,7,18,0,8.0,1
2019,8,MG,1,1,2,4,44,1092.0,0,0,4,6,31,0,4.0,1
2019,7,MG,1,1,2,1,24,574.0,0,0,5,7,27,0,2.0,1
2018,6,MG,1,1,2,4,44,1020.0,0,0,4,6,21,1,8.0,1
2018,9,MG,1,1,2,4,44,1051.0,0,0,5,9,38,0,8.0,1
2018,2,MG,1,1,2,4,44,954.0,0,0,5,5,23,0,8.0,1
2018,5,MG,1,1,2,4,44,1469.0,0,0,7,7,35,1,2.0,1
2019,9,MG,1,1,2,1,44,1200.0,0,0,2,7,35,1,8.0,1
2018,8,MG,1,1,2,4,44,1020.0,0,0,5,7,27,1,8.0,1
2018,6,MG,1,1,2,2,44,1500.0,0,0,4,7,23,0,8.0,1
2019,1,MG,1,1,2,6,44,1100.0,0,0,5,7,24,0,9.0,1
2018,6,MG,1,1,2,3,44,1450.0,0,0,3,7,18,1,8.0,1
2018,12,MG,1,1,2,3,44,1177.0,0,0,2,9,21,1,2.0,1
2018,4,MG,1,1,2,4,44,1136.0,0,0,4,7,27,1,8.0,1
2018,5,MG,1,1,2,2,44,1773.0,0,0,1,9,34,0,8.0,1
2018,1,MG,1,1,2,4,44,1018.0,0,0,7,4,18,1,2.0,1
2018,12,MG,1,1,2,2,44,1200.0,0,0,5,6,42,0,8.0,1
2018,5,MG,1,1,2,8,44,1225.0,0,0,3,7,36,1,8.0,1
2018,8,MG,1,1,2,1,44,1010.0,0,0,5,7,25,1,2.0,1
2018,4,MG,1,1,2,1,44,1050.0,0,0,5,7,28,0,2.0,1
2019,2,MG,1,1,2,4,44,1200.0,0,0,4,7,29,0,9.0,1
2018,2,MG,1,1,2,3,44,1600.0,0,0,5,6,28,0,8.0,1
2018,4,MG,1,1,2,6,44,1700.0,0,0,3,9,38,0,2.0,1
2019,12,MG,1,1,2,8,44,3995.0,0,0,2,9,43,0,8.0,1
2019,3,MG,1,1,2,2,44,1050.0,0,0,3,7,44,0,9.0,1
2019,9,MG,1,1,2,4,44,3545.0,0,0,2,9,29,0,2.0,1
2018,4,MG,1,1,2,5,44,7400.0,0,0,2,9,29,1,2.0,1
2019,5,MG,1,1,2,2,30,1160.0,0,0,5,6,26,1,8.0,1
2019,6,MG,1,1,2,3,44,1200.0,0,0,3,7,20,1,9.0,1
2019,12,MG,1,1,2,3,44,1111.0,0,0,7,7,21,1,2.0,1
2018,10,MG,1,1,2,6,44,1051.0,0,0,4,7,21,1,8.0,1
2019,10,MG,1,1,2,9,44,1878.0,0,0,7,4,28,1,8.0,1
2019,2,MG,1,1,2,1,44,1565.0,0,0,4,6,31,1,4.0,1
2018,12,MG,1,1,2,2,44,1195.0,0,0,5,7,23,1,9.0,1
2018,12,MG,1,1,2,3,44,986.0,0,0,8,4,22,0,8.0,1
2019,4,MG,1,1,2,5,44,1094.0,0,0,5,7,22,1,2.0,1
2018,3,MG,1,1,2,1,44,724.0,0,0,5,7,23,0,2.0,1
2019,12,MG,1,1,2,7,44,1105.0,0,0,4,8,24,0,8.0,1
2018,8,MG,1,1,2,1,44,1364.0,0,0,5,7,22,0,8.0,1
2018,10,MG,1,1,2,9,44,1642.0,0,0,5,7,47,1,4.0,1
2019,2,MG,1,1,2,9,44,998.0,0,0,7,7,23,1,8.0,1
2019,1,MG,1,1,2,6,40,1583.0,0,0,4,8,30,1,9.0,1
2019,8,MG,1,1,2,8,44,1500.0,0,0,4,6,41,1,8.0,1
2018,8,MG,1,1,2,2,44,1112.0,0,0,5,7,24,0,2.0,1
2018,10,MG,1,1,2,9,36,954.0,0,0,4,7,19,1,4.0,1
2018,1,MG,1,1,2,1,44,1045.0,0,0,5,7,35,0,8.0,1
2019,8,MG,1,1,2,3,44,1200.0,0,0,4,7,42,1,8.0,1
2019,6,MG,1,1,2,1,44,1111.0,0,0,7,5,21,1,2.0,1
2019,7,MG,1,1,2,6,44,1093.0,0,0,4,7,31,0,8.0,1
2019,12,MG,1,1,2,1,44,1051.0,0,0,4,7,34,0,2.0,1
2018,12,MG,1,1,2,9,44,1440.0,0,0,7,2,22,1,8.0,1
2018,6,MG,1,1,2,5,44,998.0,0,0,9,8,20,1,8.0,1
2019,9,MG,1,1,2,3,44,954.0,0,0,3,7,33,1,9.0,1
2019,3,MG,1,1,2,3,44,1500.0,0,0,4,8,23,1,8.0,1
2018,3,MG,1,1,2,1,44,477.0,0,0,5,5,25,0,8.0,1
2018,8,MG,1,1,2,4,44,5350.0,0,0,2,9,29,1,2.0,1
2019,2,MG,1,1,2,5,44,1051.0,0,0,5,7,22,1,8.0,1
2019,3,MG,1,1,2,4,44,1177.0,0,0,5,7,45,1,2.0,1
2019,8,MG,1,1,2,1,44,1656.0,0,0,7,3,60,1,8.0,1
2019,12,MG,1,1,2,8,44,1124.0,0,0,5,4,49,0,8.0,1
2018,8,MG,1,1,2,8,44,1050.0,0,1,5,7,26,1,8.0,1
2019,2,MG,1,1,2,9,44,998.0,0,0,7,7,23,1,8.0,1
2018,6,MG,1,1,2,1,44,1081.0,0,0,5,7,27,0,2.0,1
2018,6,MG,1,1,2,2,44,1081.0,0,0,5,5,48,0,2.0,1
2018,10,MG,1,1,2,1,44,1100.0,0,0,7,4,20,1,8.0,1
2019,10,MG,1,1,2,9,44,1841.0,0,0,7,3,37,1,8.0,1
2018,1,MG,1,1,2,2,44,2461.0,0,0,4,4,55,1,8.0,1
2019,10,MG,1,1,2,5,44,2066.0,0,0,7,7,28,1,2.0,1
2018,4,MG,1,1,2,1,44,700.0,0,0,2,9,26,1,2.0,1
2018,3,MG,1,1,2,3,44,1096.0,0,0,4,6,19,0,8.0,1
2019,8,MG,1,1,2,4,42,1010.0,0,0,5,7,35,0,8.0,1
2019,3,MG,1,1,2,1,22,2000.0,0,0,2,9,49,0,9.0,1
2018,12,MG,1,1,2,2,44,1229.0,0,0,7,7,23,1,8.0,1
2018,1,MG,1,1,2,8,44,1047.0,0,0,9,5,34,1,8.0,1
2019,2,MG,1,1,2,3,44,1112.0,0,0,5,7,26,0,8.0,1
2019,2,MG,1,1,2,2,44,1750.0,0,0,4,7,28,0,2.0,1
2019,7,MG,1,1,2,1,44,1124.0,0,0,5,6,26,0,4.0,1
2018,4,MG,1,1,2,4,44,1888.0,0,0,4,8,41,1,4.0,1
2018,4,MG,1,1,2,8,44,1047.0,0,0,9,5,41,1,8.0,1
2019,9,MG,1,1,2,5,44,1469.0,0,0,7,2,55,1,8.0,1
2018,5,MG,1,1,2,1,44,1066.0,0,0,7,7,24,1,9.0,1
2018,11,MG,1,1,2,9,36,954.0,0,0,4,8,20,1,8.0,1
2018,2,MG,1,1,2,3,44,1412.0,0,0,4,7,29,1,9.0,1
2019,4,MG,1,1,2,4,44,1090.0,0,0,4,7,35,0,8.0,1
2019,6,MG,1,1,2,4,24,1538.0,0,0,3,7,41,0,2.0,1
2019,2,MG,1,1,2,3,44,1072.0,0,0,4,7,21,0,8.0,1
2019,5,MG,1,1,2,1,44,1300.0,0,0,3,7,22,0,8.0,1
2018,12,MG,1,1,2,9,44,1440.0,0,0,7,2,22,1,8.0,1
2019,2,MG,1,1,2,2,44,1155.0,0,0,4,7,35,0,4.0,1
2018,3,MG,1,1,2,9,44,1007.0,0,0,5,7,32,0,4.0,1
2018,1,MG,0,1,4,4,44,2174.0,0,0,7,5,52,1,8.0,0
2018,6,MG,0,1,4,9,44,1416.0,0,0,5,2,58,0,4.0,0
2018,3,MG,0,1,4,5,44,1062.0,0,0,5,7,27,0,8.0,0
2019,4,MG,0,1,4,8,44,1429.0,0,0,5,7,35,0,8.0,0
2018,12,MG,0,1,4,8,44,1044.0,0,0,5,4,31,1,8.0,0
2019,8,MG,0,1,4,1,44,1423.0,0,0,3,7,40,0,9.0,0
2019,5,MG,0,1,4,8,40,7342.0,0,0,3,9,42,1,2.0,0
2019,1,MG,0,1,4,8,44,1207.0,0,0,7,7,32,1,8.0,0
2018,3,MG,0,1,4,4,44,1231.0,0,0,5,9,42,0,9.0,0
2018,7,MG,0,1,4,5,44,1319.0,0,0,5,7,30,0,8.0,0
2018,10,MG,0,1,4,6,44,954.0,0,0,3,7,28,0,8.0,0
2018,10,MG,0,1,4,8,44,1911.0,0,0,7,7,27,1,8.0,0
2018,2,MG,0,1,4,3,44,2300.0,0,0,3,7,27,0,9.0,0
2019,10,MG,0,1,4,9,44,2074.0,0,0,7,6,55,1,8.0,0
2019,7,MG,0,1,4,8,44,1113.0,0,0,5,7,53,0,8.0,0
2019,2,MG,0,1,4,5,44,1679.0,0,0,5,7,47,1,9.0,0
2019,10,MG,0,1,4,1,44,1353.0,0,0,7,4,38,1,8.0,0
2019,3,MG,0,1,4,3,44,1354.0,0,0,3,7,44,1,9.0,0
2018,9,MG,0,1,4,4,44,5264.0,0,0,3,7,52,1,8.0,0
2019,8,MG,0,1,4,3,36,998.0,0,0,4,7,28,0,4.0,0
2019,1,MG,0,1,4,3,44,1699.0,0,0,4,6,34,1,2.0,0
2019,4,MG,0,1,4,9,44,1645.0,0,0,4,9,43,0,2.0,0
2018,9,MG,0,1,4,8,44,2197.0,0,0,7,4,35,1,8.0,0
2019,9,MG,0,1,4,4,44,1177.0,0,0,5,3,33,1,2.0,0
2019,4,MG,0,1,4,7,44,1089.0,0,0,7,5,54,1,9.0,0
2018,5,MG,0,1,4,4,44,970.0,0,0,5,7,43,1,9.0,0
2019,9,MG,0,1,4,5,44,1585.0,0,0,7,5,23,1,8.0,0
2018,12,MG,0,1,4,6,44,3114.0,0,0,7,5,38,1,2.0,0
2018,3,MG,0,1,4,4,44,1229.0,0,0,4,9,24,1,9.0,0
2019,8,MG,0,1,4,8,44,1745.0,0,0,3,7,24,0,4.0,0
2019,6,MG,0,1,4,9,44,1513.0,0,0,5,2,42,1,8.0,0
2018,7,MG,0,1,4,1,44,1033.0,0,0,4,8,25,0,8.0,0
2018,4,MG,0,1,4,6,44,1601.0,0,0,1,7,33,1,8.0,0
2018,1,MG,0,1,4,7,44,1582.0,0,0,5,7,36,0,2.0,0
2019,2,MG,0,1,4,2,44,1079.0,0,0,5,7,50,1,8.0,0
2018,7,MG,0,1,4,2,44,1539.0,0,0,1,7,31,1,2.0,0
2019,6,MG,0,1,4,8,44,1117.0,0,0,5,4,43,0,4.0,0
2019,12,MG,0,1,4,7,44,1271.0,0,0,7,2,56,1,8.0,0
2018,5,MG,0,1,4,9,44,1602.0,0,0,5,7,25,1,4.0,0
2018,2,MG,0,1,4,4,44,2500.0,0,0,4,7,31,1,9.0,0
2019,2,MG,0,1,4,5,22,562.0,0,0,5,4,22,0,8.0,0
2019,11,MG,0,1,4,2,44,1120.0,0,0,6,7,21,1,9.0,0
2018,3,MG,0,1,4,8,44,1532.0,0,0,8,6,32,1,4.0,0
2019,6,MG,0,1,4,8,44,1693.0,0,0,7,7,21,1,8.0,0
2018,5,MG,0,1,4,1,44,1137.0,0,0,7,5,31,1,8.0,0
2018,2,MG,0,1,4,6,44,1329.0,0,0,4,7,24,0,2.0,0
2019,10,MG,0,1,4,5,44,1463.0,0,0,4,8,22,0,8.0,0
2018,11,MG,0,1,4,4,44,1632.0,0,0,7,3,37,1,8.0,0
2019,7,MG,0,1,4,9,44,2209.0,0,0,5,7,39,1,4.0,0
2019,10,MG,0,1,4,2,44,1051.0,0,0,5,7,36,0,2.0,0
2019,2,MG,0,1,4,9,36,1045.0,0,0,4,7,23,0,8.0,0
2018,1,MG,0,1,4,3,44,1096.0,0,0,5,7,26,1,2.0,0
2018,1,MG,0,1,4,3,44,1617.0,0,0,3,9,38,1,8.0,0
2018,12,MG,0,1,4,4,44,1414.0,0,0,7,7,23,1,8.0,0
2019,5,MG,0,1,4,5,44,1111.0,0,0,7,5,24,1,8.0,0
2018,8,MG,0,1,4,3,44,2714.0,0,0,7,7,46,1,9.0,0
2018,8,MG,0,1,4,4,44,1072.0,0,0,5,7,24,0,8.0,0
2018,9,MG,0,1,4,5,44,1218.0,0,0,4,7,31,0,8.0,0
2018,7,MG,0,1,4,1,44,1086.0,0,0,5,7,25,1,6.0,0
2019,1,MG,0,1,4,5,44,1500.0,0,0,3,7,39,1,2.0,0
2019,8,MG,0,1,4,1,44,1073.0,0,0,5,7,19,0,9.0,0
2019,11,MG,0,1,4,2,44,1300.0,0,0,4,9,28,0,8.0,0
2019,1,MG,0,1,4,4,44,2582.0,0,0,2,9,32,1,8.0,0
2018,5,MG,0,1,4,2,44,1250.0,0,0,5,7,24,1,9.0,0
2018,5,MG,0,1,4,9,44,1378.0,0,0,6,5,32,1,8.0,0
2019,7,MG,0,1,4,6,44,1278.0,0,0,7,2,38,1,9.0,0
2018,12,MG,0,1,4,6,24,3084.0,0,0,2,9,27,0,2.0,0
2018,8,MG,0,1,4,9,44,954.0,0,0,4,6,18,0,8.0,0
2018,2,MG,0,1,4,2,44,1584.0,0,0,7,4,27,1,4.0,0
2018,5,MG,0,1,4,7,44,1080.0,0,1,5,7,34,1,9.0,0
2018,8,MG,0,1,4,3,44,1632.0,0,0,7,6,43,1,8.0,0
2019,8,MG,0,1,4,1,44,1196.0,0,0,7,4,26,1,8.0,0
2018,1,MG,0,1,4,3,44,1584.0,0,0,7,5,39,1,9.0,0
2018,10,MG,0,1,4,4,44,1440.0,0,0,7,5,34,1,2.0,0
2018,6,MG,0,1,4,1,44,1081.0,0,0,5,7,41,1,8.0,0
2018,3,MG,0,1,4,4,44,1043.0,0,0,5,7,29,1,2.0,0
2019,7,MG,0,1,4,8,44,1113.0,0,0,5,7,53,0,8.0,0
2018,3,MG,0,1,4,7,44,1580.0,0,0,4,8,34,1,9.0,0
2019,4,MG,0,1,4,2,44,1120.0,0,0,4,7,28,0,9.0,0
2019,9,MG,0,1,4,5,44,1096.0,0,0,5,6,22,1,8.0,0
2018,5,MG,0,1,4,4,44,3252.0,0,0,1,7,49,0,2.0,0
2019,10,MG,0,1,4,3,44,1250.0,0,0,5,6,62,0,2.0,0
2018,6,MG,0,1,4,7,44,2203.0,0,0,4,7,23,0,8.0,0
2018,11,MG,0,1,4,4,44,1632.0,0,0,7,7,42,1,4.0,0
2018,3,MG,0,1,4,6,44,1077.0,0,0,7,7,26,1,9.0,0
2018,3,MG,0,1,4,6,20,440.0,1,0,3,5,17,1,8.0,0
2018,1,MG,0,1,4,2,44,1081.0,0,0,5,7,24,0,2.0,0
2018,3,MG,0,1,4,7,44,1508.0,0,0,3,8,25,1,8.0,0
2019,8,MG,0,1,4,5,44,1201.0,0,0,8,7,20,1,8.0,0
2019,2,MG,0,1,4,5,44,2219.0,0,0,5,6,54,1,2.0,0
2018,2,MG,0,1,4,2,44,985.0,0,0,8,4,26,1,8.0,0
2019,4,MG,0,1,4,3,44,1177.0,0,0,7,6,19,1,9.0,0
2018,3,MG,0,1,4,4,42,1300.0,0,0,5,7,25,0,9.0,0
2018,9,MG,0,1,4,4,44,1067.0,0,0,7,7,33,1,2.0,0
2018,3,MG,0,1,4,1,36,1647.0,0,0,3,7,54,0,4.0,0
2018,1,MG,0,1,4,6,44,1352.0,0,0,5,8,21,1,8.0,0
2018,10,MG,0,1,4,8,20,471.0,1,0,4,6,17,1,8.0,0
2019,6,MG,0,1,4,2,44,1239.0,0,0,1,7,36,0,8.0,0
2018,12,MG,0,1,4,5,44,1584.0,0,0,7,2,39,1,8.0,0
2018,8,MG,0,1,4,8,44,1142.0,0,0,5,4,21,1,8.0,0
2019,7,MG,0,1,4,1,44,1800.0,0,0,8,6,35,1,8.0,0
2018,4,MG,0,1,4,4,44,1010.0,0,0,5,7,44,0,9.0,0
2019,8,MG,0,1,4,2,44,3837.0,0,0,5,7,41,0,2.0,0
2018,1,MG,0,1,4,3,44,1200.0,0,0,1,8,44,1,2.0,0
2018,8,MG,0,1,4,3,44,1555.0,0,0,5,8,32,0,8.0,0
2019,7,MG,0,1,4,1,44,1060.0,0,0,8,7,36,1,8.0,0
2018,3,MG,0,1,4,1,44,1100.0,0,0,5,7,19,0,2.0,0
2018,12,MG,0,1,4,8,44,1044.0,0,0,5,4,31,1,8.0,0
2019,1,MG,0,1,4,9,40,1548.0,0,0,2,7,29,0,2.0,0
2018,2,MG,0,1,4,3,44,3775.0,0,0,2,9,22,0,9.0,0
2019,6,MG,0,1,4,9,40,1564.0,0,0,7,7,34,1,8.0,0
2018,4,MG,0,1,4,1,44,993.0,0,0,7,5,51,1,8.0,0
2019,7,MG,0,1,4,5,44,1097.0,0,0,4,7,27,0,8.0,0
2019,6,MG,0,1,4,9,40,1553.0,0,0,4,7,29,0,2.0,0
2019,2,MG,0,1,4,7,36,1101.0,0,0,4,7,34,0,4.0,0
2019,12,MG,0,1,4,8,44,11970.0,0,0,2,9,43,0,2.0,0
2018,7,MG,0,1,4,6,44,3062.0,0,0,2,9,30,0,2.0,0
2018,7,MG,0,1,4,5,44,1319.0,0,0,3,7,30,0,9.0,0
2018,5,MG,0,1,4,5,44,2660.0,0,0,2,9,61,0,4.0,0
2019,11,MG,0,1,4,7,43,1363.0,0,0,7,7,35,0,8.0,0
2018,12,MG,0,1,4,1,44,1406.0,0,0,7,7,30,1,8.0,0
2019,11,MG,0,1,4,3,44,1508.0,0,0,5,7,32,1,8.0,0
2019,2,MG,0,1,4,7,36,1101.0,0,0,4,7,34,0,4.0,0
2019,4,MG,0,1,4,9,44,1963.0,0,0,7,7,35,1,2.0,0
2019,3,MG,0,1,4,8,44,1383.0,0,0,3,7,42,0,8.0,0
2018,9,MG,0,1,4,8,44,1081.0,0,0,7,5,27,1,8.0,0
2019,11,MG,0,1,4,1,25,1438.0,0,0,3,9,34,0,9.0,0
2019,8,MG,0,1,4,4,44,1012.0,0,0,8,7,27,1,8.0,0
2019,12,MG,0,1,4,3,44,1749.0,0,0,7,7,45,1,8.0,0
2018,8,MG,0,1,4,1,44,1010.0,0,0,5,7,22,1,8.0,0
2018,9,MG,0,1,4,8,44,1076.0,0,0,5,4,44,1,8.0,0
2019,2,MG,0,1,4,4,44,1041.0,0,0,5,7,55,1,2.0,0
2019,4,MG,0,1,4,4,44,1866.0,0,0,7,6,48,0,8.0,0
2019,9,MG,0,1,4,2,44,1025.0,0,0,4,7,49,0,8.0,0
2019,3,MG,0,1,4,9,44,1440.0,0,0,7,2,40,1,8.0,0
2019,7,MG,0,1,4,6,44,1198.0,0,0,5,7,42,0,9.0,0
2018,11,MG,0,1,4,1,44,954.0,0,0,5,6,38,0,2.0,0
2018,4,MG,0,1,4,4,44,1111.0,0,1,7,5,41,1,8.0,0
2019,1,MG,0,1,4,4,44,998.0,0,1,5,4,18,0,4.0,0
2019,4,MG,0,1,4,9,40,1679.0,0,0,4,7,27,0,9.0,0
2019,1,MG,0,1,4,9,44,1076.0,0,0,5,7,24,1,2.0,0
2018,3,MG,0,1,4,8,44,1411.0,0,0,5,5,49,0,8.0,0
2019,2,MG,0,1,4,1,44,1280.0,0,0,1,3,51,0,2.0,0
2018,12,MG,0,1,4,5,44,1300.0,0,0,4,7,34,1,2.0,0
2018,8,MG,0,1,4,6,44,4446.0,0,0,7,4,56,1,2.0,0
2019,2,MG,0,1,4,9,44,1544.0,0,0,4,9,38,0,8.0,0
2018,12,MG,0,1,4,1,44,1129.0,0,0,7,2,42,1,2.0,0
2018,12,MG,0,1,4,2,44,1079.0,0,0,5,7,24,1,9.0,0
2019,10,MG,0,1,4,3,40,19231.0,0,0,1,9,42,0,2.0,0
2018,7,MG,0,1,4,6,40,845.0,0,0,6,2,47,1,8.0,0
2018,2,MG,0,1,4,9,44,954.0,0,0,7,3,21,1,8.0,0
2018,5,MG,0,1,4,8,44,3200.0,0,0,3,7,57,1,8.0,0
2018,5,MG,0,1,4,4,44,1007.0,0,0,5,7,45,0,8.0,0
2018,1,MG,0,1,4,3,44,1132.0,0,0,4,7,25,0,8.0,0
2018,5,MG,0,1,4,2,44,0.0,0,0,5,7,19,1,8.0,0
2018,4,MG,0,1,4,4,44,1038.0,0,0,5,7,29,0,2.0,0
2019,3,MG,0,1,4,3,44,1284.0,0,0,4,8,38,0,4.0,0
2018,11,MG,0,1,5,8,36,954.0,0,0,4,7,22,0,9.0,0
2019,8,MG,0,1,5,4,44,1193.0,0,0,4,7,30,0,8.0,0
2018,8,MG,0,1,6,8,44,2740.0,0,0,2,9,27,1,8.0,0
2018,3,MG,0,1,6,1,36,1028.0,0,0,5,7,26,0,9.0,0
2019,7,MG,0,1,6,9,36,1147.0,0,0,4,9,33,0,8.0,0
2019,6,MG,0,1,6,1,44,1030.0,0,0,5,6,40,0,8.0,0
2018,8,MG,0,1,6,6,36,954.0,0,0,4,7,19,0,9.0,0
2019,4,MG,0,1,6,9,44,1554.0,0,0,3,8,22,0,8.0,0
2018,12,MG,0,1,6,9,44,1078.0,0,0,5,2,45,0,2.0,0
2019,11,MG,0,1,6,4,44,1422.0,0,0,5,7,38,0,4.0,0
2019,7,MG,0,1,6,5,44,3060.0,0,0,5,8,41,1,2.0,0
2018,8,MG,0,1,6,8,44,1237.0,0,0,5,7,43,1,8.0,0
2019,3,MG,0,1,6,3,44,1043.0,0,0,4,7,54,1,2.0,0
2019,9,MG,0,1,6,9,36,998.0,0,0,4,8,50,0,8.0,0
2019,9,MG,0,1,6,1,44,1086.0,0,0,5,7,33,1,8.0,0
2019,8,MG,0,1,6,4,44,1051.0,0,0,5,7,56,0,4.0,0
2019,8,MG,0,1,6,3,44,1120.0,0,0,4,7,22,1,8.0,0
2019,12,MG,0,1,6,3,36,1200.0,0,0,4,7,39,0,2.0,0
2018,12,MG,0,1,6,4,30,13864.0,0,0,4,9,50,0,2.0,0
2018,10,MG,0,1,6,4,44,2055.0,0,0,2,9,38,0,9.0,0
2019,4,MG,0,1,6,1,44,4000.0,0,0,7,7,38,1,8.0,0
2019,1,MG,0,1,6,1,44,1038.0,0,0,5,7,22,1,2.0,0
2018,11,MG,0,1,6,2,44,1800.0,0,0,4,9,34,0,2.0,0
2019,1,MG,0,1,6,5,36,888.0,1,0,4,7,20,0,8.0,0
2018,8,MG,0,1,6,9,36,937.0,0,0,4,7,34,0,8.0,0
2018,1,MG,0,1,6,3,44,1140.0,0,0,4,9,36,0,9.0,0
2019,9,MG,0,1,6,7,44,1124.0,0,0,5,5,51,0,8.0,0
2018,10,MG,0,1,6,9,42,1573.0,0,0,2,2,51,0,2.0,0
2018,11,MG,0,1,6,8,42,2700.0,0,0,2,9,27,0,8.0,0
2019,2,MG,0,1,6,9,36,1045.0,0,0,4,7,20,0,8.0,0
2019,1,MG,0,3,6,1,44,1698.0,0,0,7,2,42,1,8.0,0
2018,1,MG,0,1,6,8,20,448.0,1,0,4,6,18,1,8.0,0
2018,1,MG,0,1,6,1,44,2526.0,0,0,1,9,30,0,8.0,0
2019,6,MG,0,1,6,5,44,1230.0,0,0,5,7,40,1,8.0,0
2018,1,MG,0,1,6,7,44,1029.0,0,0,5,6,19,0,9.0,0
2019,3,MG,0,1,6,9,44,1027.0,0,0,5,7,25,0,8.0,0
2018,4,MG,0,1,6,1,44,1400.0,0,0,5,9,31,1,4.0,0
2019,5,MG,0,1,6,4,44,998.0,0,0,8,7,29,0,8.0,0
2019,2,MG,0,1,6,2,44,1010.0,0,0,5,7,30,0,4.0,0
2019,10,MG,0,1,6,5,36,1487.0,0,0,2,8,20,1,9.0,0
2019,4,MG,0,1,6,5,44,1144.0,0,0,7,3,30,1,2.0,0
2019,5,MG,0,1,6,6,30,2627.0,0,0,2,9,36,0,2.0,0
2018,9,MG,0,1,6,2,44,1010.0,0,0,4,7,32,0,9.0,0
2019,4,MG,0,1,6,6,44,1111.0,0,1,7,7,29,1,2.0,0
2018,10,MG,0,1,6,4,44,1140.0,0,0,5,7,24,0,2.0,0
2019,1,MG,0,1,6,2,44,1537.0,0,0,3,7,27,0,2.0,0
2018,3,MG,0,1,6,6,44,1366.0,0,0,7,3,54,1,9.0,0
2019,7,MG,0,1,6,9,44,1076.0,0,0,4,7,37,1,8.0,0
2018,5,MG,0,1,6,4,44,1050.0,0,0,4,8,19,1,9.0,0
2019,11,MG,0,1,6,7,40,3840.0,0,0,2,8,24,1,8.0,0
2018,3,MG,0,1,6,5,36,1219.0,0,0,4,7,19,1,8.0,0
2018,2,MG,0,1,6,4,44,1012.0,0,0,5,6,20,0,8.0,0
2018,8,MG,0,1,6,6,44,2487.0,0,0,2,9,27,1,2.0,0
2019,4,MG,0,1,8,1,44,1005.0,0,0,4,7,38,1,2.0,0
2018,6,MG,0,1,11,4,44,1010.0,0,0,4,7,35,0,8.0,0
2019,7,MG,0,1,11,7,20,448.0,1,0,5,6,18,0,8.0,0
2018,8,MG,0,1,11,5,36,1064.0,0,0,4,6,20,0,2.0,0
2018,4,MG,0,1,11,9,20,440.0,1,0,4,7,20,1,8.0,0
2018,1,MG,0,1,11,3,44,0.0,0,0,5,7,29,0,2.0,0
2019,11,MG,0,1,11,6,44,1145.0,0,0,4,7,24,0,2.0,0
2019,10,MG,0,1,11,8,44,1035.0,0,0,7,6,19,1,8.0,0
2018,7,MG,0,1,11,2,44,1081.0,0,0,4,7,22,0,4.0,0
2018,5,MG,0,1,11,6,44,3149.0,0,0,2,9,22,1,8.0,0
2019,10,MG,0,1,11,9,44,1841.0,0,0,7,2,29,1,8.0,0
2018,8,MG,0,1,11,9,44,1404.0,0,0,7,7,27,1,8.0,0
2019,1,MG,0,1,11,5,44,1605.0,0,0,7,2,56,1,4.0,0
2019,11,MG,0,1,11,1,44,1215.0,0,0,4,7,42,0,2.0,0
2019,4,MG,0,1,11,2,44,1103.0,0,0,5,5,42,0,8.0,0
2018,4,MG,0,1,11,6,44,1862.0,0,0,2,9,33,0,2.0,0
2018,11,MG,0,1,11,9,36,1144.0,0,0,4,7,26,0,4.0,0
2018,12,MG,0,1,11,4,44,1258.0,0,0,5,7,57,1,9.0,0
2019,11,MG,0,1,11,6,44,2167.0,0,0,7,5,41,1,2.0,0
2018,10,MG,0,1,11,3,36,916.0,0,0,5,7,37,0,9.0,0
2018,4,MG,0,1,11,7,44,1539.0,0,0,7,7,61,1,9.0,0
2018,7,MG,0,1,11,4,20,448.0,1,0,4,7,20,0,8.0,0
2019,5,MG,0,1,11,6,22,469.0,1,0,4,7,18,1,8.0,0
2018,12,MG,0,1,11,1,44,954.0,0,0,5,7,22,0,9.0,0
2019,5,MG,0,1,11,8,36,998.0,0,0,4,6,32,0,9.0,0
2019,11,MG,0,1,11,6,44,1207.0,0,0,5,3,54,0,8.0,0
2018,6,MG,0,1,11,1,44,1200.0,0,0,4,7,21,1,8.0,0
2018,10,MG,0,1,11,4,20,440.0,1,0,4,4,17,0,8.0,0
2019,11,MG,0,1,11,2,44,1000.0,0,0,3,7,22,1,9.0,0
2018,12,MG,0,1,11,4,44,1010.0,0,0,5,5,20,1,2.0,0
2018,1,MG,0,1,11,2,44,1083.0,0,0,5,4,19,0,2.0,0
2019,7,MG,0,1,11,6,44,1250.0,0,1,5,7,34,1,8.0,0
2018,7,MG,0,1,11,1,44,1150.0,0,0,4,7,22,0,8.0,0
2018,10,MG,0,1,11,9,44,1752.0,0,0,7,2,28,1,8.0,0
2018,4,MG,0,1,11,3,44,1180.0,0,0,5,7,31,0,8.0,0
2018,9,MG,0,1,11,1,44,1632.0,0,0,7,7,22,1,8.0,0
2019,5,MG,0,1,11,9,44,1223.0,0,0,5,7,51,0,9.0,0
2019,6,MG,0,1,11,3,44,1584.0,0,0,5,7,34,1,8.0,0
2018,6,MG,0,1,11,5,20,477.0,1,0,4,7,23,1,8.0,0
2018,5,MG,0,1,11,2,44,1500.0,0,0,2,7,21,1,8.0,0
2018,8,MG,0,1,11,9,44,1417.0,0,0,7,2,56,1,8.0,0
2018,4,MG,0,1,11,9,44,1655.0,0,0,4,7,37,1,4.0,0
2018,3,MG,1,1,25,3,44,1584.0,0,0,7,3,46,1,2.0,1
2018,8,MG,1,1,25,3,44,1614.0,0,0,7,7,35,1,8.0,1
2018,3,MG,1,1,25,5,40,3700.0,0,0,2,9,28,0,2.0,1
2019,12,MG,1,1,25,5,44,1287.0,0,0,3,7,22,0,9.0,1
2018,1,MG,1,1,25,3,44,1800.0,0,0,2,9,36,0,2.0,1
2018,3,MG,1,1,25,8,44,1233.0,0,0,9,5,21,1,8.0,1
2018,4,MG,1,1,25,4,44,1030.0,0,0,5,2,46,0,8.0,1
2019,10,MG,1,1,25,9,20,469.0,1,0,5,6,17,0,4.0,1
2019,12,MG,1,1,25,8,30,731.0,1,0,5,6,19,0,8.0,1
2019,12,MG,1,1,25,5,44,1287.0,0,0,3,7,22,0,9.0,1
2018,4,MG,1,1,25,4,44,2852.0,0,0,7,4,51,1,8.0,1
2018,10,MG,1,1,25,6,20,453.0,1,0,4,7,18,0,8.0,1
2019,10,MG,1,1,25,9,20,469.0,1,0,5,6,17,0,4.0,1
2018,4,MG,1,1,25,8,44,1630.0,0,0,7,7,34,1,2.0,1
2018,8,MG,1,1,25,6,44,1254.0,0,0,4,3,30,1,8.0,1
2018,9,MG,0,1,43,1,44,1632.0,0,0,5,7,21,1,9.0,0
2018,1,MG,0,1,43,5,44,1560.0,0,0,5,7,48,1,8.0,0
2018,6,MG,0,1,43,4,24,635.0,1,0,4,6,17,0,2.0,0
2019,12,MG,0,1,33,3,44,1313.0,0,0,4,7,27,0,9.0,0
2019,12,MG,0,1,33,3,44,1178.0,0,0,4,6,27,1,9.0,0
2019,9,MG,0,1,33,7,44,1800.0,0,0,3,7,25,1,8.0,0
2019,7,MG,1,1,2,1,44,1117.0,0,0,5,7,29,1,8.0,1
2019,3,MG,0,1,4,9,44,26789.0,0,0,2,9,40,1,6.0,0
2019,11,MG,0,1,6,6,44,1540.0,0,0,7,7,32,1,8.0,0
2018,4,MG,0,1,11,7,44,1694.0,0,0,9,7,26,1,2.0,0
2018,3,MG,1,1,25,7,44,1331.0,0,0,7,7,21,1,8.0,1
2019,1,MG,1,1,1,1,44,1050.0,0,0,5,7,18,1,2.0,1
2019,11,MG,1,1,2,2,44,1098.0,0,0,2,7,25,0,9.0,1
2019,4,MG,1,1,2,4,36,816.0,0,0,5,6,36,0,4.0,1
2019,4,MG,1,1,2,1,44,1982.0,0,0,7,7,55,1,9.0,1
2019,9,MG,1,1,2,7,44,2300.0,0,0,4,9,34,1,9.0,1
2019,11,MG,1,1,2,6,40,1000.0,0,0,3,7,36,0,2.0,1
2018,10,MG,1,1,2,3,44,1098.0,0,0,4,8,21,0,8.0,1
2019,12,MG,1,1,2,8,36,1311.0,0,0,7,3,41,1,8.0,1
2018,9,MG,1,1,2,4,44,1406.0,0,0,7,5,47,1,8.0,1
2019,2,MG,1,1,2,4,44,1193.0,0,0,7,5,43,1,2.0,1
2019,3,MG,1,1,2,5,44,1586.0,0,0,3,9,28,1,2.0,1
2019,8,MG,1,1,2,8,44,1116.0,0,0,8,6,24,0,4.0,1
2019,12,MG,1,1,2,4,44,1952.0,0,0,7,9,39,1,8.0,1
2019,2,MG,1,1,2,5,44,1400.0,0,0,8,7,35,1,8.0,1
2018,7,MG,1,1,2,1,44,1081.0,0,0,5,6,37,1,8.0,1
2018,3,MG,1,1,2,5,44,983.0,0,0,9,7,18,1,9.0,1
2018,4,MG,1,1,2,1,44,1889.0,0,0,4,7,53,0,2.0,1
2018,9,MG,1,1,2,8,44,7750.0,0,0,1,8,36,1,8.0,1
2019,10,MG,1,1,2,4,44,8483.0,0,0,2,7,37,1,9.0,1
2019,5,MG,1,1,2,2,44,1143.0,0,0,9,7,29,1,9.0,1
2018,3,MG,1,1,2,6,44,1024.0,0,0,5,5,33,0,2.0,1
2018,11,MG,1,1,2,5,44,1300.0,0,0,5,7,54,1,8.0,1
2019,1,MG,1,1,2,1,44,1100.0,0,0,4,7,20,0,9.0,1
2018,5,MG,0,1,4,3,44,986.0,0,0,4,7,21,1,8.0,0
2018,7,MG,0,1,4,1,44,954.0,0,0,4,7,54,0,2.0,0
2018,11,MG,0,3,4,6,44,1091.0,0,0,9,6,58,0,2.0,0
2018,12,MG,0,3,4,1,42,1135.0,0,0,5,2,46,1,8.0,0
2018,8,MG,0,1,4,4,44,1127.0,0,0,7,7,29,1,2.0,0
2019,7,MG,0,1,4,8,44,1619.0,0,0,7,7,54,1,8.0,0
2018,1,MG,0,1,4,6,44,1300.0,0,0,4,7,21,1,2.0,0
2018,8,MG,0,1,4,7,44,1047.0,0,0,5,2,72,1,9.0,0
2019,7,MG,0,1,4,8,44,1619.0,0,0,7,7,54,1,8.0,0
2019,5,MG,0,1,4,3,30,1108.0,0,0,5,7,36,1,8.0,0
2018,2,MG,0,1,4,4,44,2484.0,0,0,3,7,38,1,4.0,0
2018,4,MG,0,1,5,1,44,1050.0,0,0,7,4,59,0,8.0,0
2019,12,MG,0,1,6,1,44,1119.0,0,0,5,7,32,1,8.0,0
2019,12,MG,1,1,25,6,44,1081.0,0,0,5,7,43,0,2.0,1
2019,12,MG,0,1,43,6,44,1081.0,0,0,5,7,43,0,2.0,0
2018,1,MG,0,1,33,3,44,2939.0,0,0,1,7,40,1,2.0,0
2019,2,MG,0,1,4,3,44,998.0,0,0,7,6,24,1,9.0,0
2018,5,MG,1,3,2,5,44,1000.0,0,0,6,3,24,1,4.0,1
2019,4,MG,1,1,2,1,40,1050.0,0,0,4,7,46,0,2.0,1
2019,2,MG,1,3,2,4,44,2015.0,0,0,7,3,42,1,2.0,1
2019,3,MG,1,1,2,2,20,2000.0,0,0,2,9,45,1,9.0,1
2019,9,MG,0,3,4,1,44,1100.0,0,0,6,4,44,0,2.0,0
2018,8,MG,0,3,4,1,44,1000.0,0,0,6,2,56,0,8.0,0
2018,8,MG,0,3,6,5,44,1000.0,0,0,6,3,47,0,4.0,0
2019,4,MG,0,1,6,4,44,1900.0,0,0,3,7,46,1,2.0,0
2019,6,MG,1,3,25,1,44,0.0,0,0,6,7,65,1,4.0,1
2018,8,MG,0,1,43,5,44,0.0,0,0,6,7,44,0,8.0,0
2019,3,MG,1,1,2,1,44,1050.0,0,0,5,7,18,0,8.0,1
2019,12,MG,0,1,4,3,44,998.0,0,0,8,5,39,1,8.0,0
2018,3,MG,1,1,2,2,44,1565.0,0,0,5,6,38,1,8.0,1
2018,5,MG,1,1,2,2,44,985.0,0,0,5,7,48,0,2.0,1
2019,5,MG,1,3,2,3,44,1166.0,0,0,7,3,22,1,2.0,1
2019,2,MG,1,1,2,1,44,998.0,0,0,4,7,38,0,2.0,1
2019,3,MG,1,3,2,1,43,998.0,0,0,4,7,42,0,2.0,1
2018,12,MG,1,1,2,3,44,1050.0,0,0,5,6,24,1,2.0,1
2019,4,MG,0,1,4,2,44,1250.0,0,0,7,7,25,1,2.0,0
2019,3,MG,0,1,4,3,44,1497.0,0,0,5,7,41,1,2.0,0
2018,7,MG,0,1,4,5,44,1009.0,0,0,5,7,31,0,4.0,0
2019,8,MG,0,1,4,4,44,1030.0,0,0,5,7,41,0,2.0,0
2019,8,MG,0,1,6,2,22,507.0,0,0,5,8,26,0,2.0,0
2018,5,MG,0,3,11,1,44,1120.0,0,0,7,7,18,1,2.0,0
2019,10,MG,0,1,11,7,44,1009.0,0,0,7,5,21,0,8.0,0
2018,12,MG,0,1,6,4,44,1118.0,0,0,8,7,32,0,2.0,0
2019,9,MG,1,1,2,1,44,1405.0,0,0,7,7,35,1,2.0,1
2019,12,MG,1,3,2,4,44,2140.0,0,0,6,5,39,1,9.0,1
2018,2,MG,0,3,4,1,44,1431.0,0,0,6,4,32,1,8.0,0
2019,3,MG,1,1,2,2,44,998.0,0,0,6,4,46,1,2.0,1
2018,5,MG,1,1,1,1,44,1063.0,0,0,5,6,29,1,2.0,1
2019,4,MG,1,1,2,1,44,1221.0,0,0,7,5,35,1,8.0,1
2019,8,MG,1,1,2,5,36,1071.0,0,0,4,7,19,0,2.0,1
2018,5,MG,1,3,1,1,44,1038.0,0,0,6,3,44,1,2.0,1
2018,9,MG,1,1,2,1,44,1050.0,0,0,5,7,41,0,9.0,1
2019,3,MG,0,1,6,2,44,1030.0,0,0,5,7,43,0,2.0,0
2019,8,MG,1,1,1,1,44,1050.0,0,0,4,7,20,0,2.0,1
2019,10,MG,1,1,2,1,44,1750.0,0,0,7,7,48,1,8.0,1
2019,8,MG,1,1,2,1,39,1050.0,0,0,5,8,44,0,8.0,1
2019,10,MG,1,1,2,1,44,1750.0,0,0,7,7,48,1,8.0,1
2019,10,MG,0,1,4,1,44,998.0,0,0,5,7,18,1,8.0,0
2019,12,MG,0,1,4,1,44,1086.0,0,0,5,7,25,0,8.0,0
2019,8,MG,0,1,6,4,44,1086.0,0,0,5,7,37,0,8.0,0
2018,4,MG,0,1,11,4,44,1200.0,0,0,7,4,21,1,2.0,0
2018,4,MG,1,1,2,4,44,1818.0,0,0,7,7,29,1,8.0,1
2019,9,MG,0,3,6,1,44,1400.0,0,0,6,7,24,1,2.0,0
2019,8,MG,1,1,2,5,44,1638.0,0,0,6,4,54,1,8.0,1
2018,4,MG,1,3,2,3,44,954.0,0,0,7,4,43,1,2.0,1
2019,12,MG,0,1,4,3,44,1057.0,0,0,6,3,63,1,8.0,0
2019,6,MG,1,1,2,8,44,998.0,0,0,7,2,38,1,8.0,1
2018,6,MG,1,1,2,5,40,954.0,0,0,5,9,25,1,2.0,1
2018,3,MG,1,1,2,6,44,985.0,0,0,5,7,44,0,8.0,1
2018,11,MG,0,1,4,5,44,1296.0,0,0,5,7,25,1,8.0,0
2019,11,MG,0,1,4,4,44,1500.0,0,0,5,7,38,1,9.0,0
2019,3,MG,0,1,4,6,44,1050.0,0,0,5,7,20,1,8.0,0
2019,1,MG,1,1,2,2,44,1118.0,0,0,5,5,19,1,2.0,1
2018,4,MG,1,1,2,2,44,1200.0,0,0,5,7,25,0,2.0,1
2019,10,MG,1,1,2,6,44,1235.0,0,0,7,7,22,1,8.0,1
2019,6,MG,1,1,2,5,44,1118.0,0,0,5,7,42,1,8.0,1
2018,9,MG,0,1,4,4,44,1947.0,0,0,7,7,47,1,2.0,0
2019,9,MG,0,1,4,6,44,1533.0,0,0,7,4,26,1,8.0,0
2018,12,MG,0,1,6,6,44,1082.0,0,0,7,6,33,0,8.0,0
2019,4,MG,0,1,6,3,44,1854.0,0,0,5,7,39,1,9.0,0
2018,5,MG,1,1,2,4,44,980.0,0,0,7,7,31,1,8.0,1
2019,10,MG,0,3,4,4,44,1217.0,0,0,5,7,39,0,2.0,0
2019,9,MG,0,3,11,2,44,0.0,0,0,6,5,29,1,2.0,0
2018,6,MG,0,1,4,4,44,1072.0,0,0,7,6,21,1,2.0,0
2019,9,MG,0,3,11,5,44,1002.0,0,0,6,3,43,1,8.0,0
2019,1,MG,0,3,4,1,44,1996.0,0,0,6,4,30,1,2.0,0
2019,11,MG,0,3,6,1,44,1100.0,0,0,6,8,23,1,9.0,0
2018,8,MG,1,1,2,5,44,1050.0,0,0,4,6,18,0,2.0,1
2018,4,MG,0,1,4,1,44,1099.0,0,0,4,7,36,0,2.0,0
2018,12,MG,0,1,11,1,44,1841.0,0,0,2,9,28,0,2.0,0
2019,3,MG,0,1,11,1,44,1305.0,0,0,8,7,21,1,2.0,0
2018,4,MG,1,1,2,1,44,985.0,0,0,7,7,30,1,2.0,1
2019,9,MG,1,1,2,2,38,1086.0,0,0,5,7,32,0,2.0,1
2018,11,MG,0,3,4,3,44,4325.0,0,0,1,7,34,1,2.0,0
2018,6,MG,0,3,4,3,44,1419.0,0,0,7,5,48,1,2.0,0
2019,12,MG,0,3,4,1,44,1908.0,0,0,6,7,31,1,2.0,0
2018,4,MG,1,1,2,4,44,1097.0,0,0,6,4,44,0,8.0,1
2019,6,MG,1,3,2,2,44,998.0,0,0,6,3,25,0,2.0,1
2019,12,MG,0,1,4,4,44,1018.0,0,0,5,6,30,0,2.0,0
2019,7,MG,0,3,4,2,44,1996.0,0,0,4,3,55,1,2.0,0
2018,12,MG,0,1,6,5,44,985.0,0,0,8,2,39,0,8.0,0
2019,3,MG,1,1,2,3,44,998.0,0,0,7,7,25,0,2.0,1
2019,5,MG,1,1,2,1,44,998.0,0,0,3,7,23,0,8.0,1
2018,2,MG,1,1,2,5,44,1030.0,0,0,7,6,19,1,8.0,1
2018,9,MG,0,1,4,5,44,1441.0,0,0,7,6,36,1,2.0,0
2018,9,MG,0,3,11,3,44,763.0,0,0,6,4,45,0,8.0,0
2019,8,MG,0,1,4,2,44,1050.0,0,0,5,5,33,0,2.0,0
2019,7,MG,1,3,25,3,44,0.0,0,0,6,7,27,1,8.0,1
2019,10,MG,0,1,4,2,44,1203.0,0,0,5,7,56,0,2.0,0
2018,3,MG,1,1,1,6,44,1135.0,0,0,6,6,21,1,4.0,1
2019,1,MG,0,3,4,1,44,1050.0,0,0,3,7,29,0,8.0,0
2018,10,MG,1,1,1,2,44,1050.0,0,0,5,5,27,1,2.0,1
2019,7,MG,1,1,1,6,36,998.0,0,0,4,7,23,0,2.0,1
2018,10,MG,1,1,2,1,44,1050.0,0,0,5,7,19,0,8.0,1
2019,1,MG,1,1,2,5,44,998.0,0,0,4,7,20,1,2.0,1
2019,11,MG,1,1,2,4,44,1985.0,0,0,2,7,32,1,2.0,1
2018,7,MG,1,1,2,5,44,1760.0,0,0,7,7,47,1,8.0,1
2018,5,MG,1,1,2,3,44,1014.0,0,0,4,8,19,0,2.0,1
2019,2,MG,0,3,4,1,44,1969.0,0,0,7,7,31,1,2.0,0
2019,6,MG,0,1,4,4,44,1067.0,0,0,3,7,43,1,8.0,0
2018,9,MG,0,1,4,1,44,988.0,0,0,3,7,36,0,2.0,0
2018,3,MG,0,3,43,4,44,968.0,0,0,6,6,20,1,8.0,0
2018,3,MG,1,1,2,3,44,1818.0,0,0,7,7,22,1,9.0,1
2019,5,MG,0,1,4,4,44,1490.0,0,0,7,4,40,1,8.0,0
2018,9,MG,0,1,4,3,44,3633.0,0,0,4,7,31,1,2.0,0
2019,2,MG,1,1,2,3,24,1996.0,0,0,2,9,48,0,8.0,1
2019,7,MG,0,3,4,2,44,1665.0,0,0,6,3,29,1,8.0,0
2018,4,MG,1,3,2,5,44,1039.0,0,0,6,3,49,0,4.0,1
2018,6,MG,1,3,2,3,44,954.0,0,0,6,5,41,0,8.0,1
2019,4,MG,0,3,11,5,44,998.0,0,0,6,7,43,1,8.0,0
2019,9,MG,0,3,11,4,44,998.0,0,0,6,2,48,1,2.0,0
2018,2,MG,1,1,2,2,44,1600.0,0,0,4,7,29,1,8.0,1
2018,8,MG,1,1,1,2,27,662.0,0,0,4,6,29,1,2.0,1
2018,4,MG,1,1,1,1,44,1050.0,0,0,3,7,26,0,8.0,1
2018,9,MG,1,1,2,1,44,1050.0,0,0,5,7,19,1,2.0,1
2019,7,MG,1,1,2,2,22,543.0,0,0,5,7,18,1,2.0,1
2018,3,MG,1,1,2,1,40,800.0,0,0,7,7,18,1,2.0,1
2018,6,MG,1,1,2,1,44,985.0,0,0,5,5,25,0,2.0,1
2018,6,MG,1,3,2,2,44,954.0,0,0,6,4,50,0,2.0,1
2018,1,MG,1,1,2,6,44,1029.0,0,0,7,6,19,1,2.0,1
2019,7,MG,1,1,2,1,22,499.0,0,0,5,7,26,0,2.0,1
2018,10,MG,1,1,2,8,44,1055.0,0,0,4,7,18,1,4.0,1
2018,7,MG,0,1,4,2,44,1846.0,0,0,1,9,26,0,2.0,0
2018,7,MG,0,3,4,4,44,954.0,0,0,6,2,20,1,8.0,0
2019,11,MG,1,1,1,4,44,1140.0,0,0,5,7,29,1,2.0,1
2018,11,MG,1,3,2,1,44,1500.0,0,0,6,2,23,1,2.0,1
2018,7,MG,0,3,4,3,44,1540.0,0,0,6,7,50,1,2.0,0
2018,12,MG,0,1,11,1,44,1000.0,0,0,7,3,28,0,2.0,0
2018,9,MG,1,3,2,3,44,1200.0,0,0,6,7,24,1,9.0,1
2019,2,MG,0,1,4,4,44,0.0,0,0,7,7,20,1,4.0,0
2019,1,MG,0,1,4,8,44,1553.0,0,0,4,7,52,0,2.0,0
2018,12,MG,0,1,4,3,44,1200.0,0,0,2,9,47,0,2.0,0
2018,3,MG,0,1,4,6,44,1224.0,0,0,4,7,34,0,2.0,0
2019,8,MG,0,1,6,6,44,1712.0,0,0,9,7,46,1,2.0,0
2018,11,MG,0,1,4,1,44,1126.0,0,0,2,7,28,0,2.0,0
2019,12,MG,0,1,4,1,44,998.0,0,0,5,5,44,1,8.0,0
2018,8,MG,1,1,2,4,44,1240.0,0,0,8,4,29,1,2.0,1
2019,5,MG,1,1,2,1,44,1088.0,0,0,5,6,29,0,9.0,1
2019,6,MG,0,1,4,6,44,4650.0,0,0,8,7,41,1,9.0,0
2018,8,MG,0,1,4,6,44,1145.0,0,0,7,7,23,1,4.0,0
2018,5,MG,0,1,4,1,44,960.0,0,0,7,7,54,0,2.0,0
2019,7,MG,0,1,11,4,44,1302.0,0,0,7,7,33,1,2.0,0
2018,12,MG,0,1,11,5,20,434.0,1,0,3,6,18,0,2.0,0
2019,8,MG,1,1,2,1,44,1086.0,0,0,5,5,24,1,2.0,1
2019,6,MG,1,1,2,9,44,1163.0,0,0,6,4,25,1,8.0,1
2019,6,MG,1,1,2,9,44,1163.0,0,0,6,4,25,1,8.0,1
2019,6,MG,1,1,2,9,44,1163.0,0,0,6,4,25,1,8.0,1
2019,6,MG,1,1,2,9,44,1163.0,0,0,6,4,25,1,8.0,1
2018,3,MG,0,1,4,9,44,1108.0,0,0,6,1,44,0,2.0,0
2018,1,MG,0,1,6,9,44,1108.0,0,0,6,1,48,1,4.0,0
2018,3,MG,0,1,6,9,44,1108.0,0,0,6,2,24,1,4.0,0
2019,5,MG,1,3,2,4,44,510.0,0,0,6,7,30,1,2.0,1
2018,10,MG,0,1,4,1,44,1050.0,0,0,7,7,26,1,9.0,0
2019,7,MG,0,1,4,2,44,1050.0,0,0,7,5,63,1,9.0,0
2019,6,MG,0,1,4,8,44,1089.0,0,0,7,6,36,1,8.0,0
2019,3,MG,1,1,25,6,44,2083.0,0,0,7,7,29,1,2.0,1
2019,1,MG,0,3,4,1,44,1908.0,0,0,6,5,40,1,9.0,0
2019,10,MG,0,1,11,6,44,1104.0,0,0,6,5,38,1,9.0,0
2018,3,MG,0,1,6,8,44,1089.0,0,0,7,7,19,1,2.0,0
2018,6,MG,0,1,6,4,44,1064.0,0,0,7,4,56,0,2.0,0
2019,10,MG,1,1,2,4,44,1007.0,0,1,7,7,26,1,8.0,1
2019,3,MG,1,1,2,5,44,1732.0,0,0,7,2,28,1,2.0,1
2018,8,MG,1,1,1,1,44,1100.0,0,0,7,6,18,1,8.0,1
2018,4,MG,1,1,2,6,44,2173.0,0,0,7,7,36,1,9.0,1
2018,2,MG,1,1,2,9,23,560.0,1,0,4,7,22,0,2.0,1
2019,3,MG,1,1,2,8,44,1663.0,0,0,9,7,39,1,8.0,1
2019,6,MG,0,1,4,4,44,1436.0,0,0,7,7,31,1,9.0,0
2019,10,MG,1,1,2,3,44,1952.0,0,0,7,7,49,1,2.0,1
2019,6,MG,0,1,4,1,44,1430.0,0,0,7,7,59,1,2.0,0
2019,1,MG,0,1,8,3,44,1102.0,0,0,5,5,45,0,2.0,0
2018,2,MG,0,1,11,2,44,1015.0,0,0,4,7,22,0,2.0,0
2019,8,MG,0,1,11,2,44,1265.0,0,0,7,7,45,1,8.0,0
2019,7,MG,0,1,43,1,44,3100.0,0,0,7,4,50,1,4.0,0
2018,12,MG,1,1,2,2,44,985.0,0,0,5,6,22,0,9.0,1
2018,10,MG,0,1,4,1,44,1050.0,0,0,5,7,20,1,2.0,0
2019,7,MG,1,1,1,9,40,499.0,1,0,7,6,18,1,8.0,1
2019,11,MG,1,1,1,6,44,1091.0,0,0,8,7,18,1,2.0,1
2018,11,MG,1,1,1,4,44,983.0,0,0,4,7,18,0,8.0,1
2018,2,MG,1,1,1,5,44,5800.0,0,0,3,8,21,1,2.0,1
2018,10,MG,1,1,1,5,20,448.0,1,0,4,6,18,0,8.0,1
2019,12,MG,1,1,1,6,44,1101.0,0,0,7,6,20,1,8.0,1
2018,12,MG,1,1,1,6,44,1182.0,0,0,4,7,19,0,8.0,1
2019,7,MG,1,1,1,9,40,499.0,1,0,7,6,18,1,8.0,1
2018,11,MG,1,1,2,5,44,1010.0,0,0,5,7,29,1,9.0,1
2019,2,MG,1,1,2,3,44,1040.0,0,0,5,7,43,1,2.0,1
2019,11,MG,1,1,2,6,44,2847.0,0,0,9,7,35,1,2.0,1
2018,8,MG,1,1,2,1,44,1005.0,0,0,5,7,22,0,2.0,1
2019,8,MG,1,1,2,6,44,1051.0,0,0,4,7,29,1,8.0,1
2018,7,MG,1,1,2,2,44,1006.0,0,0,5,7,27,0,2.0,1
2019,9,MG,1,1,2,4,44,0.0,0,0,5,7,27,1,8.0,1
2019,3,MG,1,1,2,2,44,1111.0,0,0,7,7,21,1,9.0,1
2018,2,MG,1,1,2,4,44,3000.0,0,0,9,7,51,1,2.0,1
2018,2,MG,1,1,2,8,44,1124.0,0,0,4,7,18,0,8.0,1
2018,4,MG,1,1,2,9,44,1076.0,0,0,5,5,35,0,8.0,1
2019,11,MG,1,1,2,4,30,750.0,0,0,5,2,27,0,4.0,1
2018,10,MG,1,1,2,4,36,1142.0,0,0,5,5,49,0,8.0,1
2019,10,MG,1,1,2,1,44,1200.0,0,0,5,7,46,0,4.0,1
2018,12,MG,1,1,2,9,36,1341.0,0,0,5,6,43,1,8.0,1
2019,5,MG,1,1,2,2,44,1103.0,0,0,5,7,58,1,8.0,1
2018,2,MG,1,1,2,4,44,1873.0,0,0,7,7,45,0,8.0,1
2018,3,MG,1,1,2,6,44,1410.0,0,0,7,4,51,1,2.0,1
2018,1,MG,1,1,2,1,44,1200.0,0,0,5,9,43,1,8.0,1
2018,11,MG,1,1,2,1,42,1393.0,0,0,5,7,64,1,8.0,1
2018,7,MG,1,1,2,4,44,1300.0,0,0,7,7,50,1,4.0,1
2018,12,MG,1,1,2,1,44,2500.0,0,0,2,9,51,1,8.0,1
2018,11,MG,1,1,2,2,44,1111.0,0,0,5,3,23,0,9.0,1
2019,5,MG,1,1,2,2,44,1177.0,0,0,7,7,37,0,4.0,1
2018,4,MG,1,1,2,9,44,1076.0,0,0,5,5,35,0,8.0,1
2018,2,MG,1,1,2,4,44,1200.0,0,0,7,7,40,1,4.0,1
2018,10,MG,1,1,2,3,44,1200.0,0,0,5,7,24,1,8.0,1
2018,10,MG,1,1,2,3,44,1200.0,0,0,5,7,24,1,8.0,1
2018,8,MG,1,1,2,1,44,2800.0,0,0,4,7,41,0,2.0,1
2018,5,MG,1,1,2,1,44,1010.0,0,0,5,4,23,1,4.0,1
2019,10,MG,1,1,2,6,44,998.0,0,0,7,7,25,1,8.0,1
2018,12,MG,1,1,2,4,44,1212.0,0,0,5,5,24,1,8.0,1
2018,11,MG,1,1,2,6,42,1334.0,0,0,9,7,23,0,2.0,1
2019,12,MG,1,1,2,4,44,1111.0,0,0,5,8,26,1,2.0,1
2018,3,MG,1,1,2,4,44,1005.0,0,0,5,7,25,0,8.0,1
2019,10,MG,1,1,2,7,44,1966.0,0,0,5,4,38,1,8.0,1
2018,6,MG,1,1,2,4,44,1020.0,0,0,5,5,33,0,2.0,1
2019,9,MG,1,1,2,4,44,1086.0,0,0,4,5,26,0,2.0,1
2018,10,MG,1,1,2,2,44,1015.0,0,0,7,6,33,1,2.0,1
2019,12,MG,1,1,2,6,44,2139.0,0,0,9,7,33,1,9.0,1
2018,6,MG,0,1,4,4,44,1262.0,0,0,7,6,28,1,8.0,0
2018,9,MG,0,1,4,5,44,1043.0,0,0,5,7,21,0,2.0,0
2018,11,MG,0,1,4,4,44,1375.0,0,0,7,2,19,1,9.0,0
2019,6,MG,0,1,4,2,44,1165.0,0,0,5,6,24,0,4.0,0
2018,12,MG,0,1,4,8,44,1470.0,0,0,4,4,30,1,9.0,0
2018,12,MG,0,1,4,1,44,1040.0,0,0,5,7,29,0,8.0,0
2019,10,MG,0,1,4,9,44,1124.0,0,0,5,7,24,0,2.0,0
2018,8,MG,0,1,4,1,44,2560.0,0,0,2,9,33,0,4.0,0
2018,10,MG,0,1,4,8,44,1040.0,0,0,5,7,22,1,4.0,0
2018,4,MG,0,1,4,3,44,993.0,0,0,7,2,34,1,9.0,0
2019,1,MG,0,1,4,2,44,1517.0,0,0,3,7,31,1,2.0,0
2018,3,MG,0,1,4,1,44,954.0,0,0,4,9,29,0,8.0,0
2018,3,MG,0,1,4,4,44,1423.0,0,0,7,6,33,1,4.0,0
2018,8,MG,0,1,4,3,44,1050.0,0,0,5,7,24,1,9.0,0
2018,4,MG,0,1,4,2,22,1072.0,0,0,4,8,25,0,8.0,0
2019,8,MG,0,1,4,1,44,1197.0,0,0,4,7,25,0,2.0,0
2018,4,MG,0,1,4,4,44,1788.0,0,0,4,7,38,0,2.0,0
2018,8,MG,0,1,4,1,44,1241.0,0,0,7,7,33,1,8.0,0
2018,11,MG,0,1,4,6,44,992.0,0,0,7,5,22,1,8.0,0
2019,2,MG,0,1,4,9,40,1076.0,0,0,5,6,23,0,8.0,0
2019,2,MG,0,1,4,8,44,1343.0,0,0,7,7,32,1,8.0,0
2019,12,MG,0,1,4,4,44,1150.0,0,0,5,7,29,0,8.0,0
2019,3,MG,0,1,4,5,44,1803.0,0,0,7,4,56,1,2.0,0
2019,3,MG,0,1,4,4,44,1181.0,0,0,1,7,23,1,8.0,0
2018,6,MG,0,1,4,3,44,1119.0,0,0,5,7,21,0,9.0,0
2018,6,MG,0,1,4,4,44,6272.0,0,0,1,9,30,0,2.0,0
2018,11,MG,0,1,4,1,44,1050.0,0,0,7,5,55,0,2.0,0
2018,7,MG,0,1,4,3,44,2209.0,0,0,5,7,36,1,9.0,0
2018,8,MG,0,1,4,7,44,1130.0,0,1,7,4,22,1,4.0,0
2019,8,MG,0,1,6,1,44,1050.0,0,0,5,6,21,1,9.0,0
2019,7,MG,0,1,6,4,44,1047.0,0,0,5,7,20,0,8.0,0
2018,4,MG,0,1,6,2,44,1124.0,0,0,4,7,36,1,8.0,0
2019,7,MG,0,1,6,6,44,2500.0,0,0,2,7,27,1,9.0,0
2018,5,MG,0,1,6,7,44,1101.0,0,0,5,7,36,1,8.0,0
2018,2,MG,0,1,6,1,44,1152.0,0,0,4,9,22,0,2.0,0
2019,12,MG,0,1,6,4,44,1714.0,0,0,1,9,60,0,2.0,0
2018,12,MG,0,1,6,5,44,1400.0,0,0,3,7,25,1,2.0,0
2018,4,MG,0,1,6,3,44,1029.0,0,0,5,7,20,1,4.0,0
2018,10,MG,0,1,11,6,20,449.0,1,0,5,6,17,0,8.0,0
2018,10,MG,0,1,11,6,20,449.0,1,0,5,6,17,0,8.0,0
2018,2,MG,0,1,11,3,22,484.0,1,0,3,6,18,1,8.0,0
2019,12,MG,0,1,11,6,44,2945.0,0,0,7,8,39,1,2.0,0
2018,5,MG,0,1,11,4,44,976.0,0,0,5,7,31,0,8.0,0
2018,5,MG,1,1,25,8,44,1859.0,0,0,7,7,28,1,8.0,1
2019,10,MG,1,1,25,1,44,1705.0,0,0,7,7,29,1,9.0,1
2019,9,MG,1,1,25,1,44,2083.0,0,0,9,7,43,1,2.0,1
2019,5,MG,1,1,25,6,44,2800.0,0,0,9,7,31,1,9.0,1
2018,12,MG,1,1,25,8,44,1133.0,0,0,4,7,34,0,9.0,1
2019,10,MG,1,1,25,9,44,1037.0,0,0,7,6,28,1,8.0,1
2019,2,MG,1,1,25,6,44,998.0,0,0,5,3,55,1,8.0,1
2019,12,MG,0,1,43,7,44,1108.0,0,0,4,7,25,1,9.0,0
2019,12,MG,0,1,43,7,44,1108.0,0,0,4,7,25,1,9.0,0
2019,12,MG,0,1,43,7,44,1108.0,0,0,4,7,25,1,9.0,0
2019,12,MG,0,1,43,7,44,1108.0,0,0,4,7,25,1,9.0,0
2018,5,MG,0,1,43,1,44,1119.0,0,0,5,7,20,0,9.0,0
2018,8,MG,0,1,33,1,44,1557.0,0,0,4,7,22,0,2.0,0
2019,6,MG,1,3,25,1,44,1025.0,0,0,6,7,36,1,9.0,1
2019,6,MG,1,3,25,2,44,1025.0,0,0,6,4,40,0,2.0,1
2019,4,MG,1,1,2,1,22,499.0,0,0,5,7,23,0,8.0,1
2018,10,MG,1,1,25,1,44,954.0,0,0,6,2,29,1,8.0,1
2018,3,MG,1,1,2,3,44,1200.0,0,0,6,5,49,1,8.0,1
2019,10,MG,1,1,2,1,44,1086.0,0,0,5,7,26,1,8.0,1
2019,3,MG,0,3,4,3,44,1987.0,0,0,1,4,44,1,8.0,0
2019,5,MG,1,1,2,2,44,998.0,0,0,5,7,34,0,2.0,1
2018,9,MG,1,3,2,5,44,954.0,0,0,6,6,35,1,2.0,1
2019,4,MG,0,3,11,2,44,998.0,0,0,6,5,33,1,2.0,0
2018,10,MG,1,1,2,1,41,971.0,0,0,5,7,50,0,2.0,1
2018,2,MG,0,1,4,3,44,1069.0,0,0,5,6,24,1,8.0,0
2018,1,MG,0,1,4,6,44,1320.0,0,0,7,6,58,1,2.0,0
2018,3,MG,0,1,4,3,44,954.0,0,0,4,7,20,0,8.0,0
2019,3,MG,0,1,4,2,44,1053.0,0,0,7,7,21,1,2.0,0
2018,1,MG,0,1,4,6,44,1320.0,0,0,7,6,58,1,2.0,0
2019,1,MG,0,1,4,5,44,1101.0,0,0,5,7,46,1,2.0,0
2018,7,MG,0,1,4,6,44,2390.0,0,0,9,6,35,1,2.0,0
2018,5,MG,0,1,6,3,44,2046.0,0,0,7,5,53,1,2.0,0
2019,11,MG,0,1,5,1,44,998.0,0,0,7,6,24,0,8.0,0
2018,8,MG,1,1,2,2,44,1436.0,0,0,7,2,57,1,2.0,1
2019,9,MG,0,1,4,2,44,1329.0,0,0,7,5,41,1,9.0,0
2019,4,MG,0,1,4,4,44,998.0,0,0,7,5,22,0,2.0,0
2019,4,MG,1,1,2,4,44,1083.0,0,0,7,6,25,1,8.0,1
2018,5,MG,1,1,2,6,44,1113.0,0,0,5,7,20,1,4.0,1
2019,1,MG,1,3,2,1,44,1305.0,0,0,4,7,47,0,8.0,1
2019,7,MG,1,3,2,1,44,1010.0,0,0,6,7,49,1,9.0,1
2019,1,MG,1,1,2,3,44,1006.0,0,0,5,7,29,0,8.0,1
2019,1,MG,0,1,4,7,44,1218.0,0,0,6,2,34,1,4.0,0
2018,8,MG,0,1,6,1,44,985.0,0,0,4,7,19,0,4.0,0
2018,9,MG,0,1,6,4,44,1025.0,0,0,5,7,19,1,8.0,0
2019,9,MG,0,1,11,3,22,469.0,1,0,4,7,21,0,8.0,0
2019,12,MG,0,1,11,4,40,1053.0,0,0,7,5,35,1,2.0,0
2018,3,MG,0,1,33,2,44,979.0,0,0,3,4,23,0,2.0,0
2019,4,MG,1,1,2,2,44,1006.0,0,0,5,7,20,0,2.0,1
2019,2,MG,1,1,2,1,44,1183.0,0,0,4,7,20,1,9.0,1
2019,10,MG,0,1,4,6,44,1866.0,0,0,7,4,39,1,2.0,0
2019,9,MG,1,1,1,3,44,998.0,0,0,4,7,18,0,2.0,1
2019,7,MG,0,1,4,1,24,592.0,0,0,5,7,24,0,2.0,0
2018,10,MG,1,1,2,2,30,1050.0,0,0,5,7,24,1,8.0,1
2018,5,MG,1,1,2,1,44,1070.0,0,0,3,7,26,1,2.0,1
2018,9,MG,1,1,2,3,44,1539.0,0,0,7,7,33,1,9.0,1
2018,2,MG,1,1,2,2,44,1100.0,0,0,4,8,25,0,2.0,1
2019,3,MG,1,1,2,3,44,998.0,0,0,7,7,23,1,2.0,1
2019,6,MG,1,1,2,1,44,1400.0,0,0,4,9,25,0,8.0,1
2019,11,MG,1,1,2,7,44,998.0,0,0,4,8,29,1,2.0,1
2018,4,MG,1,1,2,3,44,1045.0,0,0,4,7,34,1,2.0,1
2019,10,MG,1,1,2,4,20,526.0,1,0,4,7,21,0,9.0,1
2019,6,MG,1,1,2,3,40,1381.0,0,0,7,6,42,1,2.0,1
2018,1,MG,1,1,2,5,44,1069.0,0,0,7,7,36,1,2.0,1
2018,5,MG,1,1,2,6,36,1279.0,0,0,7,3,43,1,2.0,1
2018,9,MG,1,1,2,2,44,1020.0,0,0,5,7,23,1,9.0,1
2019,10,MG,0,1,4,1,44,1104.0,0,0,1,8,41,1,2.0,0
2019,11,MG,0,1,4,1,44,1104.0,0,0,5,7,59,0,8.0,0
2019,7,MG,0,1,4,6,44,2550.0,0,0,2,8,25,1,2.0,0
2018,5,MG,0,3,4,1,44,1539.0,0,0,7,5,34,1,2.0,0
2018,8,MG,0,1,4,4,44,0.0,0,0,3,7,34,1,2.0,0
2019,12,MG,0,1,4,2,44,1085.0,0,0,7,7,42,0,2.0,0
2019,1,MG,0,1,4,4,44,1723.0,0,0,7,7,34,1,2.0,0
2019,1,MG,0,1,4,4,44,1271.0,0,0,4,3,65,0,2.0,0
2019,2,MG,0,1,6,3,44,1275.0,0,0,7,2,39,1,8.0,0
2019,11,MG,0,1,6,4,20,544.0,1,0,4,9,24,0,2.0,0
2019,6,MG,0,1,6,1,44,1109.0,0,0,7,7,20,1,4.0,0
2019,7,MG,0,1,6,4,44,998.0,0,0,5,7,26,0,2.0,0
2019,5,MG,0,1,6,1,44,1010.0,0,0,8,7,18,1,9.0,0
2019,6,MG,0,1,6,2,44,1867.0,0,0,7,6,61,1,2.0,0
2018,7,MG,0,1,11,1,44,1023.0,0,0,3,7,23,1,8.0,0
2018,5,MG,1,1,25,1,22,0.0,0,0,7,7,43,1,2.0,1
2019,2,MG,1,1,2,4,44,1052.0,0,0,6,5,56,1,2.0,1
2019,5,MG,1,3,2,2,44,814.0,0,0,6,6,57,1,2.0,1
2018,4,MG,0,1,4,4,44,631.0,0,0,5,7,43,1,2.0,0
2019,3,MG,0,1,4,3,44,1052.0,0,0,5,6,20,0,8.0,0
2019,7,MG,0,1,6,3,44,1086.0,0,0,5,6,33,0,8.0,0
2018,1,MG,0,1,6,3,44,1048.0,0,0,7,3,65,1,2.0,0
2019,10,MG,0,1,4,4,44,1590.0,0,0,7,7,23,1,2.0,0
2018,4,MG,0,3,4,1,44,1200.0,0,0,6,3,44,1,2.0,0
2019,6,MG,0,1,4,4,44,1523.0,0,0,4,7,38,1,8.0,0
2019,1,MG,0,1,6,3,44,1210.0,0,0,4,7,34,0,8.0,0
2019,10,MG,1,1,2,4,44,1140.0,0,0,7,7,33,0,4.0,1
2018,5,MG,1,1,2,2,44,1349.0,0,0,7,7,35,1,8.0,1
2019,12,MG,1,1,1,1,44,1081.0,0,0,5,7,24,1,9.0,1
2018,1,MG,1,3,2,1,44,1141.0,0,0,4,5,21,0,8.0,1
2018,9,MG,0,3,4,5,44,1415.0,0,0,6,5,42,0,2.0,0
2019,1,MG,1,1,2,1,44,1197.0,0,0,5,5,28,0,8.0,1
2018,6,MG,1,1,2,4,44,1100.0,0,0,3,9,26,1,9.0,1
2018,4,MG,1,1,2,1,44,1800.0,0,0,7,7,22,1,4.0,1
2019,1,MG,1,1,2,5,44,1040.0,0,0,7,7,42,1,9.0,1
2019,3,MG,1,1,2,6,44,3520.0,0,0,3,8,25,0,2.0,1
2018,11,MG,1,1,2,8,44,1269.0,0,0,7,4,37,1,9.0,1
2018,2,MG,1,1,2,3,44,1893.0,0,0,7,5,44,1,8.0,1
2019,9,MG,0,1,4,5,44,1334.0,0,0,7,5,23,1,2.0,0
2019,8,MG,0,3,4,1,25,500.0,0,0,6,5,32,0,2.0,0
2018,3,MG,0,1,6,8,44,1474.0,0,0,7,7,30,1,2.0,0
2018,5,MG,0,1,6,8,44,1782.0,0,0,4,9,42,0,2.0,0
2018,2,MG,0,1,11,8,44,1110.0,0,0,5,5,30,0,2.0,0
2019,3,MG,0,1,6,1,44,1053.0,0,0,7,6,60,1,6.0,0
2018,3,MG,1,1,2,1,44,1049.0,0,0,7,5,34,1,8.0,1
2018,10,MG,0,1,6,2,44,1079.0,0,0,5,6,34,0,8.0,0
2018,9,MG,1,1,2,4,44,1005.0,0,0,7,7,40,0,2.0,1
2019,12,MG,1,1,2,3,44,1086.0,0,0,3,7,33,0,9.0,1
2018,11,MG,0,1,4,1,44,1038.0,0,0,7,5,35,0,2.0,0
2018,8,MG,0,1,4,4,44,293.0,0,0,7,7,32,1,4.0,0
2018,11,MG,0,1,5,8,44,1133.0,0,0,7,7,20,1,8.0,0
2018,6,MG,0,1,6,7,44,987.0,0,0,3,7,27,0,4.0,0
2019,11,MG,0,1,11,3,44,1086.0,0,0,5,8,19,1,2.0,0
2019,10,MG,0,1,11,6,20,469.0,1,0,4,6,17,0,9.0,0
2018,11,MG,1,1,2,1,44,1135.0,0,0,6,6,28,1,8.0,1
2018,7,MG,1,1,2,2,44,954.0,0,0,4,7,36,0,2.0,1
2019,11,MG,0,1,11,1,44,1086.0,0,0,5,6,29,1,2.0,0
2019,10,MG,1,1,25,2,44,1480.0,0,0,6,5,50,1,2.0,1
2018,3,MG,1,1,25,6,44,1108.0,0,0,6,4,43,1,8.0,1
2019,6,MG,0,3,43,1,44,1681.0,0,0,7,5,25,1,2.0,0
2018,12,MG,0,1,4,4,44,2385.0,0,0,7,4,56,1,4.0,0
2019,8,MG,1,1,2,1,44,1222.0,0,0,4,9,26,1,2.0,1
2019,8,MG,1,1,2,1,44,1400.0,0,0,4,9,23,0,2.0,1
2018,9,MG,1,1,2,4,44,954.0,0,0,5,7,31,1,8.0,1
2019,2,MG,1,1,2,3,44,1112.0,0,0,5,7,28,0,4.0,1
2018,1,MG,1,1,2,7,44,1197.0,0,0,8,7,25,1,9.0,1
2019,1,MG,1,1,2,1,44,998.0,0,0,7,7,44,1,9.0,1
2019,6,MG,1,1,2,6,44,1220.0,0,0,4,7,40,0,8.0,1
2019,4,MG,1,1,2,1,44,1112.0,0,0,5,7,24,0,2.0,1
2018,9,MG,1,1,2,6,44,1139.0,0,0,4,7,41,0,8.0,1
2018,9,MG,1,1,2,6,44,1050.0,0,0,4,7,24,0,8.0,1
2018,11,MG,1,1,2,3,44,1126.0,0,0,4,7,27,0,2.0,1
2018,1,MG,1,1,2,2,44,1030.0,0,0,5,7,26,1,8.0,1
2018,11,MG,1,1,2,7,44,1328.0,0,0,7,7,51,1,8.0,1
2018,7,MG,0,1,4,2,44,1501.0,0,0,7,7,34,1,2.0,0
2018,7,MG,0,1,4,1,44,1030.0,0,0,5,4,34,0,8.0,0
2019,10,MG,0,1,4,3,44,1035.0,0,0,7,7,36,0,9.0,0
2019,7,MG,0,1,4,4,44,1551.0,0,0,7,7,37,1,2.0,0
2018,4,MG,0,1,4,1,44,968.0,0,0,5,6,30,1,2.0,0
2019,11,MG,0,1,4,3,44,1034.0,0,0,5,7,46,0,8.0,0
2019,6,MG,0,1,4,4,44,1477.0,0,0,7,7,22,1,2.0,0
2019,10,MG,0,1,4,2,44,1292.0,0,0,5,7,22,0,2.0,0
2018,8,MG,0,1,4,3,44,1243.0,0,0,7,6,29,1,8.0,0
2018,10,MG,0,1,6,7,36,1045.0,0,0,3,7,48,0,8.0,0
2018,2,MG,0,1,6,1,44,968.0,0,0,5,7,51,1,2.0,0
2018,4,MG,0,3,11,1,44,961.0,0,0,7,6,27,1,8.0,0
2019,1,MG,1,1,25,2,44,1030.0,0,0,5,7,27,1,2.0,1
2018,3,MG,1,1,25,2,44,2500.0,0,0,1,7,33,1,8.0,1
2019,5,MG,0,1,4,3,44,1496.0,0,0,6,3,40,1,8.0,0
2018,6,MG,0,1,4,4,44,1356.0,0,0,7,7,35,1,8.0,0
2019,6,MG,1,1,2,4,44,1477.0,0,0,7,7,33,1,2.0,1
2018,1,MG,1,1,2,3,44,1463.0,0,0,7,7,31,1,4.0,1
2018,7,MG,0,1,4,2,44,1323.0,0,0,3,7,31,0,9.0,0
2018,9,MG,0,1,6,3,44,1463.0,0,0,7,5,37,1,8.0,0
2018,6,MG,1,1,2,2,44,985.0,0,0,5,7,37,0,8.0,1
2019,11,MG,0,1,4,6,44,1058.0,0,0,5,3,30,1,8.0,0
2018,3,MG,0,1,4,6,44,1014.0,0,0,7,5,19,0,2.0,0
2018,7,MG,0,3,6,1,44,1049.0,0,0,6,7,29,1,2.0,0
2018,5,MG,0,3,6,3,44,1452.0,0,0,6,4,36,1,2.0,0
2018,12,MG,1,3,25,4,44,1049.0,0,0,6,3,32,0,2.0,1
2018,9,MG,0,3,6,1,44,954.0,0,0,6,7,31,1,4.0,0
2019,5,MG,1,3,1,1,44,1097.0,0,0,6,2,22,0,2.0,1
2019,3,MG,1,1,2,2,44,1299.0,0,0,8,6,29,1,8.0,1
2018,9,MG,1,1,2,6,44,1047.0,0,1,7,7,24,1,4.0,1
2018,3,MG,1,1,2,1,44,986.0,0,0,5,7,27,0,2.0,1
2019,1,MG,0,1,4,1,44,954.0,0,0,5,7,30,1,9.0,0
2018,7,MG,0,1,4,6,44,1134.0,0,0,7,7,30,0,8.0,0
2018,4,MG,1,3,25,5,44,1140.0,0,0,6,2,46,1,4.0,1
2019,9,MG,0,3,43,1,44,1097.0,0,0,6,7,54,0,9.0,0
2019,4,MG,1,1,2,3,44,1307.0,0,0,5,4,44,1,8.0,1
2019,4,MG,1,1,2,2,40,2209.0,0,0,4,9,23,1,8.0,1
2019,9,MG,1,1,25,4,44,1050.0,0,0,4,7,31,1,2.0,1
2019,8,MG,1,1,2,1,44,1400.0,0,0,7,4,27,1,2.0,1
2019,12,MG,0,3,4,7,44,1148.0,0,0,6,4,44,0,8.0,0
2018,10,MG,0,3,11,5,44,954.0,0,0,6,1,44,1,8.0,0
2018,8,MG,1,3,25,5,44,954.0,0,0,6,5,19,1,2.0,1
2019,8,MG,1,3,25,1,44,998.0,0,0,6,4,22,1,4.0,1
2019,11,MG,1,3,2,1,44,1087.0,0,0,6,5,24,1,2.0,1
2018,9,MG,0,3,4,1,44,1398.0,0,0,6,6,41,1,2.0,0
2018,8,MG,0,3,43,2,44,1039.0,0,0,6,4,46,0,9.0,0
2019,12,MG,0,3,43,1,44,1087.0,0,0,6,6,26,0,2.0,0
2019,6,MG,0,3,43,1,44,1087.0,0,0,6,7,32,1,8.0,0
2018,4,MG,1,1,1,7,40,448.0,1,0,4,6,16,0,8.0,1
2019,9,MG,1,1,2,3,44,1210.0,0,0,4,3,40,1,8.0,1
2018,7,MG,0,1,4,4,44,2385.0,0,0,9,4,54,1,8.0,0
2019,4,MG,0,1,4,4,44,1260.0,0,0,5,5,49,1,8.0,0
2019,3,MG,1,1,2,4,44,1226.0,0,0,7,5,44,1,9.0,1
2018,9,MG,0,1,4,7,44,775.0,0,0,7,7,23,1,8.0,0
2018,11,MG,0,1,6,5,44,1858.0,0,0,7,7,22,1,9.0,0
2018,10,MG,0,1,33,6,44,1450.0,0,0,8,7,22,1,8.0,0
2019,9,MG,0,3,4,2,44,998.0,0,0,6,7,39,1,2.0,0
2018,11,MG,0,1,4,5,44,1683.0,0,0,7,4,30,1,8.0,0
2018,8,MG,0,1,4,2,44,985.0,0,0,8,5,36,1,8.0,0
2019,3,MG,0,1,4,5,44,998.0,0,0,6,7,21,1,8.0,0
2019,9,MG,1,1,2,4,44,1119.0,0,0,6,7,22,1,2.0,1
2018,1,MG,1,1,1,3,44,1069.0,0,0,5,7,20,0,4.0,1
2018,8,MG,1,1,1,9,20,520.0,1,0,9,6,17,1,9.0,1
2018,1,MG,1,1,1,8,44,954.0,0,0,5,5,18,1,8.0,1
2018,1,MG,1,1,2,3,44,1069.0,0,0,4,7,27,0,9.0,1
2019,4,MG,1,1,2,3,44,1135.0,0,0,5,4,34,0,8.0,1
2019,12,MG,1,1,2,2,44,1175.0,0,0,5,7,27,1,4.0,1
2019,9,MG,1,1,2,9,44,1469.0,0,0,9,7,20,1,8.0,1
2019,10,MG,1,1,2,1,44,1175.0,0,0,5,7,19,0,9.0,1
2019,2,MG,1,1,2,9,37,1018.0,0,0,4,7,20,0,8.0,1
2019,1,MG,1,3,2,2,44,1348.0,0,0,7,7,38,1,2.0,1
2019,9,MG,1,1,2,9,44,1469.0,0,0,9,7,20,1,8.0,1
2019,2,MG,1,1,2,8,36,1042.0,0,0,3,7,25,0,8.0,1
2018,9,MG,1,1,2,1,44,1400.0,0,0,9,6,31,1,9.0,1
2018,4,MG,1,1,2,1,42,954.0,0,0,4,9,22,0,2.0,1
2018,1,MG,1,1,2,1,44,1069.0,0,0,5,7,31,1,9.0,1
2018,10,MG,1,1,2,4,22,448.0,1,0,4,6,15,0,8.0,1
2019,7,MG,1,1,2,3,44,1124.0,0,0,5,7,20,0,8.0,1
2018,10,MG,0,1,4,8,44,2160.0,0,0,7,3,55,1,2.0,0
2018,6,MG,0,1,4,1,44,1069.0,0,0,5,7,35,0,9.0,0
2018,8,MG,0,1,4,2,44,1069.0,0,0,9,7,23,1,8.0,0
2018,8,MG,0,1,4,8,44,2257.0,0,0,7,7,34,1,2.0,0
2019,10,MG,0,1,4,4,44,1350.0,0,0,3,7,37,0,2.0,0
2019,8,MG,0,1,4,1,44,998.0,0,0,4,6,25,0,9.0,0
2019,4,MG,0,1,4,3,44,1135.0,0,0,9,6,22,1,9.0,0
2018,7,MG,0,1,4,4,44,1069.0,0,0,5,7,26,0,8.0,0
2019,5,MG,0,1,4,1,44,1105.0,0,0,5,7,20,0,8.0,0
2019,9,MG,0,1,6,1,44,1229.0,0,0,2,9,26,0,9.0,0
2018,6,MG,0,1,6,6,30,781.0,0,0,3,7,45,0,2.0,0
2018,6,MG,0,1,6,1,44,2038.0,0,0,7,7,38,1,8.0,0
2019,4,MG,0,1,11,8,20,544.0,1,0,4,6,17,0,8.0,0
2018,6,MG,1,1,25,8,44,2800.0,0,0,7,4,55,1,8.0,1
2018,12,MG,1,1,25,5,43,1167.0,0,0,3,7,22,1,9.0,1
2018,2,MG,1,1,25,8,44,954.0,0,0,5,8,22,1,2.0,1
2018,12,MG,1,1,25,5,43,1167.0,0,0,3,7,22,1,9.0,1
2019,4,MG,1,1,25,2,44,1135.0,0,0,3,7,26,0,9.0,1
2019,12,MG,0,1,43,7,44,1078.0,0,0,6,6,40,1,9.0,0
2019,7,MG,0,1,43,4,44,1135.0,0,0,5,8,36,0,2.0,0
2019,3,MG,1,1,2,2,44,1050.0,0,0,5,6,36,1,8.0,1
2018,3,MG,1,1,2,8,44,1188.0,0,0,3,7,24,0,8.0,1
2018,11,MG,1,1,2,1,44,1131.0,0,0,5,7,32,0,8.0,1
2018,8,MG,1,1,2,4,44,1050.0,0,0,5,7,31,1,8.0,1
2019,5,MG,0,1,4,6,44,1557.0,0,0,7,4,38,1,8.0,0
2019,4,MG,0,1,4,2,44,1007.0,0,0,4,5,39,0,8.0,0
2018,9,MG,0,1,4,1,44,1042.0,0,0,5,6,18,1,2.0,0
2018,6,MG,0,1,6,5,44,1084.0,0,0,3,7,40,0,8.0,0
2018,5,MG,0,1,6,1,44,1000.0,0,0,4,5,75,0,8.0,0
2019,5,MG,0,1,6,3,44,2000.0,0,0,2,9,34,0,2.0,0
2018,6,MG,0,1,11,9,20,520.0,1,0,7,7,17,1,8.0,0
2019,11,MG,0,1,11,1,44,1509.0,0,0,7,4,31,1,8.0,0
2019,12,MG,1,1,2,5,44,1100.0,0,0,7,5,26,1,8.0,1
2019,2,MG,1,1,2,1,44,1722.0,0,0,7,7,51,1,8.0,1
2018,8,MG,1,1,2,3,20,448.0,1,0,5,4,17,1,8.0,1
2018,2,MG,0,1,4,4,44,2300.0,0,0,4,7,45,0,2.0,0
2019,1,MG,0,1,4,7,44,1210.0,0,0,5,4,33,1,4.0,0
2018,2,MG,0,1,6,5,44,1052.0,0,0,7,7,37,1,8.0,0
2019,1,MG,0,1,11,4,44,1050.0,0,0,5,7,34,0,9.0,0
2018,9,MG,1,1,2,1,44,954.0,0,0,5,7,22,1,8.0,1
2018,6,MG,1,1,2,5,44,954.0,0,0,7,7,19,1,2.0,1
2018,10,MG,1,1,2,2,44,1080.0,0,0,4,7,36,0,2.0,1
2019,8,MG,1,1,2,1,44,1200.0,0,0,4,9,42,0,2.0,1
2018,10,MG,1,1,2,5,22,448.0,1,0,5,7,16,1,2.0,1
2018,2,MG,1,1,2,1,44,1072.0,0,0,7,7,42,1,4.0,1
2018,8,MG,0,1,4,3,44,4315.0,0,0,2,9,32,0,2.0,0
2018,2,MG,0,1,4,2,44,1188.0,0,0,4,7,27,0,4.0,0
2018,2,MG,0,1,11,6,20,434.0,1,0,7,6,17,0,2.0,0
2018,2,MG,0,1,11,6,20,434.0,1,0,7,6,17,0,2.0,0
2018,8,MG,1,1,25,5,25,0.0,0,0,4,8,21,0,2.0,1
2019,4,MG,1,1,2,1,44,998.0,0,0,5,7,21,0,2.0,1
2018,1,MG,1,1,2,3,44,1501.0,0,0,3,7,24,0,2.0,1
2019,1,MG,0,3,4,6,44,2370.0,0,0,4,7,40,1,2.0,0
2018,7,MG,0,1,4,2,44,812.0,0,0,5,7,27,1,2.0,0
2019,8,MG,1,1,2,4,44,1396.0,0,0,4,6,29,1,2.0,1
2018,5,MG,1,3,2,1,44,954.0,0,0,6,4,54,1,2.0,1
2019,7,MG,1,3,2,2,44,998.0,0,0,6,7,18,1,9.0,1
2019,10,MG,1,1,2,1,44,1848.0,0,0,7,7,27,1,2.0,1
2019,4,MG,1,1,2,4,44,1428.0,0,0,7,7,29,1,8.0,1
2018,8,MG,1,1,2,3,44,1600.0,0,0,4,7,36,0,9.0,1
2019,10,MG,0,1,6,1,44,1818.0,0,0,4,7,57,1,9.0,0
2019,3,MG,1,1,1,2,22,499.0,0,0,4,7,23,0,2.0,1
2018,1,MG,1,1,1,8,20,347.0,1,0,7,6,17,0,8.0,1
2018,2,MG,1,1,2,1,44,954.0,0,0,4,7,26,0,2.0,1
2018,10,MG,1,1,2,3,44,1017.0,0,0,5,5,45,0,2.0,1
2019,6,MG,1,1,2,1,44,2290.0,0,0,7,4,52,1,2.0,1
2018,5,MG,0,1,4,8,44,954.0,0,0,8,7,23,0,8.0,0
2018,2,MG,0,1,4,2,44,970.0,0,0,7,7,37,0,2.0,0
2019,4,MG,0,1,4,2,44,1085.0,0,0,5,7,22,0,2.0,0
2018,2,MG,0,1,6,9,44,1301.0,0,0,3,7,25,0,2.0,0
2019,2,MG,0,1,6,3,44,1274.0,0,0,4,7,23,0,9.0,0
2018,6,MG,0,1,11,5,44,1792.0,0,0,7,5,58,1,8.0,0
2019,2,MG,1,1,2,5,44,1000.0,0,0,4,8,44,0,8.0,1
2018,10,MG,0,1,4,3,22,537.0,0,0,4,4,39,1,2.0,0
2018,1,MG,0,1,4,2,44,1049.0,0,0,5,4,47,0,2.0,0
2019,9,MG,0,1,4,4,44,1085.0,0,0,7,4,26,1,2.0,0
2019,5,MG,0,1,4,1,44,822.0,0,0,6,7,31,1,2.0,0
2019,7,MG,0,1,4,1,44,1055.0,0,0,5,9,41,0,2.0,0
2019,12,MG,0,1,6,3,44,484.0,0,0,3,9,24,0,2.0,0
2019,1,MG,0,1,6,1,44,1200.0,0,0,5,7,34,1,4.0,0
2019,8,MG,1,1,2,2,44,1255.0,0,0,9,4,21,1,2.0,1
2019,2,MG,1,1,2,8,44,1452.0,0,0,4,2,42,1,8.0,1
2019,12,MG,0,3,4,2,44,998.0,0,0,6,2,22,1,2.0,0
2019,5,MG,0,1,43,1,44,998.0,0,0,6,4,29,1,8.0,0
2018,6,MG,1,3,2,1,44,954.0,0,0,6,3,28,1,4.0,1
2019,4,MG,1,1,2,3,36,1337.0,0,0,5,7,26,1,9.0,1
2019,2,MG,0,1,6,2,44,1050.0,0,0,5,6,23,0,2.0,0
2019,9,MG,0,3,6,1,44,1200.0,0,0,6,2,62,1,2.0,0
2018,3,MG,1,1,10,3,39,1442.0,0,0,7,6,40,1,9.0,1
2019,4,MG,1,1,1,7,44,998.0,0,0,8,7,18,1,4.0,1
2019,2,MG,1,1,2,7,44,1060.0,0,0,7,7,25,0,8.0,1
2019,1,MG,1,3,2,5,44,998.0,0,0,6,3,27,1,4.0,1
2018,5,MG,1,3,2,6,44,954.0,0,0,6,7,20,1,8.0,1
2019,6,MG,1,1,2,7,44,1101.0,0,0,8,6,27,1,8.0,1
2018,1,MG,0,3,4,5,44,954.0,0,0,6,3,28,1,8.0,0
2019,10,MG,1,1,2,1,44,1000.0,0,0,7,7,20,1,2.0,1
2019,1,MG,1,1,2,4,44,998.0,0,0,6,4,55,1,8.0,1
2018,10,MG,0,3,4,1,44,954.0,0,0,6,5,53,1,2.0,0
2018,2,MG,0,1,4,3,44,954.0,0,0,7,5,47,1,2.0,0
2018,6,MG,0,3,4,4,44,954.0,0,0,6,6,38,1,8.0,0
2018,2,MG,0,1,4,6,44,1670.0,0,0,3,8,30,1,8.0,0
2018,12,MG,0,1,6,3,44,979.0,0,0,7,7,21,1,8.0,0
2019,4,MG,0,1,11,6,44,1522.0,0,0,7,7,40,1,8.0,0
2018,2,MG,1,1,2,3,44,954.0,0,0,4,7,33,0,8.0,1
2018,9,MG,0,1,6,1,44,1800.0,0,0,7,7,41,1,2.0,0
2019,12,MG,0,1,11,5,44,1845.0,0,0,3,7,27,1,8.0,0
2018,10,MG,1,1,2,6,44,1333.0,0,0,7,7,30,1,2.0,1
2018,8,MG,1,1,2,1,44,0.0,0,0,2,9,37,0,2.0,1
2018,4,MG,1,1,2,4,44,2240.0,0,0,4,9,41,0,8.0,1
2018,9,MG,0,1,4,6,44,3240.0,0,0,1,7,50,1,2.0,0
2019,10,MG,0,1,4,2,44,1720.0,0,0,7,7,27,0,2.0,0
2019,4,MG,0,1,6,6,44,2085.0,0,0,7,7,38,1,9.0,0
2019,9,MG,0,1,6,1,44,1171.0,0,0,3,7,20,0,8.0,0
2019,5,MG,0,1,11,6,44,1062.0,0,0,7,7,37,1,9.0,0
2018,6,MG,0,1,43,1,44,3269.0,0,0,9,5,49,1,9.0,0
2018,6,MG,0,1,43,1,44,3269.0,0,0,9,5,49,1,9.0,0
2018,4,MG,1,1,2,2,30,2192.0,0,0,4,8,19,1,8.0,1
2018,6,MG,1,1,2,1,44,2000.0,0,0,1,7,22,0,8.0,1
2019,5,MG,1,1,2,6,44,1097.0,0,0,6,4,32,1,8.0,1
2019,5,MG,1,1,2,6,44,1097.0,0,0,6,4,32,1,8.0,1
2018,4,MG,1,1,2,9,44,1824.0,0,0,7,5,59,1,2.0,1
2019,2,MG,1,1,2,4,44,1050.0,0,0,5,7,29,1,9.0,1
2018,2,MG,1,1,2,3,44,1178.0,0,0,6,3,20,1,8.0,1
2019,5,MG,1,1,2,6,44,1097.0,0,0,6,4,32,1,8.0,1
2019,2,MG,1,1,2,3,44,1341.0,0,0,6,7,39,1,9.0,1
2019,5,MG,1,1,2,6,44,1097.0,0,0,6,4,32,1,8.0,1
2019,4,MG,0,1,4,2,44,2140.0,0,0,7,7,30,1,8.0,0
2018,4,MG,0,1,4,1,44,954.0,0,0,5,7,42,0,2.0,0
2019,8,MG,0,1,6,2,44,1097.0,0,0,6,4,35,1,8.0,0
2018,5,MG,1,1,2,7,44,1210.0,0,0,7,7,27,1,8.0,1
2018,9,MG,1,1,2,1,44,954.0,0,0,5,6,33,0,9.0,1
2019,6,MG,1,1,25,7,36,1381.0,0,0,3,7,33,1,8.0,1
2018,2,MG,1,1,1,8,44,954.0,0,0,5,7,19,1,8.0,1
2018,9,MG,1,1,1,3,20,504.0,0,0,7,7,19,1,2.0,1
2019,5,MG,1,1,2,6,44,998.0,0,0,5,5,37,1,4.0,1
2018,4,MG,1,1,2,1,44,1440.0,0,0,7,7,39,1,9.0,1
2018,8,MG,1,1,2,4,44,1020.0,0,0,4,9,27,0,2.0,1
2019,12,MG,1,1,2,1,44,1134.0,0,0,5,7,22,1,2.0,1
2019,11,MG,1,1,2,1,44,1106.0,0,0,7,7,20,1,8.0,1
2018,2,MG,1,1,2,4,42,1341.0,0,0,5,7,43,1,4.0,1
2018,6,MG,1,1,2,4,44,1950.0,0,0,5,7,45,0,2.0,1
2018,10,MG,1,1,2,7,44,1088.0,0,0,5,7,34,1,2.0,1
2018,10,MG,1,1,2,4,44,1087.0,0,0,5,7,25,0,4.0,1
2019,6,MG,1,1,2,4,44,1140.0,0,0,4,5,46,1,8.0,1
2018,3,MG,1,1,2,7,44,1088.0,0,0,5,7,50,1,8.0,1
2018,2,MG,1,1,2,2,44,1226.0,0,0,5,7,42,1,9.0,1
2018,10,MG,1,1,2,6,44,1200.0,0,0,2,9,32,0,2.0,1
2019,8,MG,1,1,2,4,44,1041.0,0,0,5,7,39,1,9.0,1
2018,7,MG,1,1,2,5,44,1036.0,0,0,5,5,19,0,8.0,1
2019,2,MG,1,1,2,9,44,1364.0,0,0,5,2,41,1,2.0,1
2018,1,MG,1,1,2,3,44,1043.0,0,0,4,9,35,0,9.0,1
2019,8,MG,1,1,2,7,44,1061.0,0,0,7,4,21,1,2.0,1
2018,5,MG,1,1,2,1,44,1385.0,0,0,5,7,18,0,2.0,1
2018,5,MG,1,1,2,2,44,1765.0,0,0,2,9,36,0,9.0,1
2019,5,MG,1,1,2,4,44,1267.0,0,0,5,7,28,0,8.0,1
2019,6,MG,1,1,2,5,20,499.0,1,0,4,7,18,0,9.0,1
2018,5,MG,1,1,2,8,44,1731.0,0,0,7,6,26,1,4.0,1
2019,9,MG,1,1,2,3,20,514.0,0,0,3,9,22,0,8.0,1
2018,10,MG,1,1,2,4,44,1106.0,0,0,5,4,29,0,9.0,1
2018,9,MG,1,1,2,1,44,1165.0,0,0,5,7,19,0,2.0,1
2019,12,MG,1,1,2,1,44,998.0,0,0,5,7,45,1,4.0,1
2019,11,MG,1,3,2,1,44,1150.0,0,0,5,7,40,0,2.0,1
2019,3,MG,1,1,2,3,44,1132.0,0,0,2,8,22,0,2.0,1
2019,8,MG,1,1,2,1,44,1102.0,0,0,6,5,53,1,4.0,1
2019,2,MG,1,1,2,4,44,1307.0,0,0,7,7,48,1,8.0,1
2018,7,MG,1,1,2,5,44,1087.0,0,0,8,7,22,1,9.0,1
2018,11,MG,1,3,2,1,44,954.0,0,0,6,5,39,1,2.0,1
2019,8,MG,1,1,2,7,44,1061.0,0,0,7,4,21,1,2.0,1
2019,10,MG,1,3,2,4,44,2127.0,0,0,9,7,33,1,2.0,1
2019,10,MG,1,1,2,8,44,1131.0,0,0,7,8,27,1,8.0,1
2019,10,MG,1,1,2,8,44,1131.0,0,0,7,7,36,1,8.0,1
2018,5,MG,0,1,4,7,44,1005.0,0,0,8,7,23,1,4.0,0
2018,12,MG,0,1,4,3,22,1487.0,0,0,3,8,36,0,2.0,0
2019,3,MG,0,1,4,4,44,1110.0,0,0,5,7,37,1,9.0,0
2018,5,MG,0,1,4,5,44,1372.0,0,0,5,7,22,0,8.0,0
2018,8,MG,0,1,4,2,44,1079.0,0,0,5,7,34,1,9.0,0
2018,7,MG,0,1,4,9,30,1082.0,0,0,5,2,46,1,2.0,0
2018,9,MG,0,1,4,4,44,1082.0,0,0,7,6,42,0,9.0,0
2019,2,MG,0,1,4,9,44,2066.0,0,0,4,8,37,1,2.0,0
2019,11,MG,0,1,4,1,44,1131.0,0,0,3,7,24,0,2.0,0
2019,5,MG,0,1,4,5,44,4069.0,0,0,3,7,44,1,2.0,0
2018,5,MG,0,1,4,1,44,1341.0,0,0,5,7,36,1,9.0,0
2018,8,MG,0,1,4,1,44,1079.0,0,0,5,7,25,1,9.0,0
2018,6,MG,0,1,4,2,44,1872.0,0,0,3,7,29,1,2.0,0
2018,2,MG,0,1,4,4,44,1804.0,0,0,3,7,26,1,2.0,0
2018,10,MG,0,1,4,8,36,1051.0,0,0,4,7,26,0,2.0,0
2019,8,MG,0,1,4,8,44,1425.0,0,0,8,7,43,1,4.0,0
2018,4,MG,0,1,4,6,44,1421.0,0,0,7,7,25,1,8.0,0
2018,8,MG,0,1,4,1,22,544.0,0,0,5,7,56,0,8.0,0
2019,6,MG,0,1,4,2,44,1130.0,0,0,8,7,25,0,2.0,0
2019,1,MG,0,1,6,4,44,1523.0,0,0,4,7,49,0,2.0,0
2019,7,MG,0,1,6,9,36,1562.0,0,0,7,9,28,1,8.0,0
2019,5,MG,0,1,6,3,43,1079.0,0,0,8,7,26,0,2.0,0
2019,12,MG,0,1,6,9,36,1341.0,0,0,4,9,24,0,8.0,0
2018,5,MG,0,1,6,8,44,1088.0,0,0,7,8,22,1,2.0,0
2018,2,MG,0,1,6,3,44,1048.0,0,0,5,7,28,0,2.0,0
2019,3,MG,0,1,6,3,43,4394.0,0,0,2,9,55,1,2.0,0
2018,8,MG,0,1,6,8,44,1217.0,0,0,7,7,28,1,8.0,0
2019,9,MG,0,1,6,2,44,1406.0,0,0,1,7,31,1,2.0,0
2018,8,MG,0,1,6,2,44,1258.0,0,0,5,7,29,0,2.0,0
2019,11,MG,0,1,6,1,44,1461.0,0,0,7,7,39,1,2.0,0
2019,8,MG,0,1,6,1,41,1327.0,0,0,5,6,19,1,4.0,0
2018,8,MG,0,1,11,1,44,1477.0,0,0,7,7,26,1,2.0,0
2018,5,MG,0,1,11,7,44,1088.0,0,0,5,6,19,1,8.0,0
2018,6,MG,0,1,11,1,44,1061.0,0,0,5,4,27,0,2.0,0
2019,1,MG,0,1,11,5,44,1299.0,0,0,7,7,36,1,2.0,0
2018,5,MG,0,1,11,7,44,1470.0,0,0,8,7,35,1,2.0,0
2019,7,MG,0,1,11,6,36,703.0,1,0,4,7,21,1,8.0,0
2018,8,MG,1,1,25,4,44,1088.0,0,0,4,7,23,1,2.0,1
2018,2,MG,1,1,25,6,44,980.0,0,0,7,7,23,1,8.0,1
2019,12,MG,1,1,25,1,44,1165.0,0,0,5,7,49,0,2.0,1
2019,6,MG,1,1,25,6,20,544.0,0,0,4,7,29,1,8.0,1
2019,4,MG,0,1,33,4,44,3610.0,0,0,1,9,42,0,2.0,0
2019,8,MG,0,3,11,1,44,1237.0,0,0,6,7,50,1,2.0,0
2019,7,MG,0,1,4,5,44,1640.0,0,0,1,7,38,1,8.0,0
2019,5,MG,0,1,4,2,44,998.0,0,0,7,5,31,0,2.0,0
2019,11,MG,0,1,11,8,44,1072.0,0,0,6,7,51,1,2.0,0
2018,12,MG,0,1,11,8,44,1072.0,0,0,5,5,41,1,8.0,0
2018,10,MG,0,1,43,1,44,954.0,0,0,4,9,30,0,4.0,0
2018,8,MG,1,1,2,4,44,1010.0,0,0,4,7,25,1,2.0,1
2018,4,MG,1,1,25,7,44,1930.0,0,0,7,7,28,1,9.0,1
2018,4,MG,1,1,25,7,44,1930.0,0,0,7,7,28,1,9.0,1
2018,10,MG,1,1,2,2,44,1300.0,0,0,5,7,52,0,9.0,1
2019,3,MG,1,1,2,4,44,1119.0,0,0,5,7,33,0,9.0,1
2019,8,MG,1,1,2,2,44,1224.0,0,0,5,7,37,1,9.0,1
2018,10,MG,0,1,6,2,44,985.0,0,0,8,7,32,1,9.0,0
2018,8,MG,0,3,6,1,44,954.0,0,0,6,5,51,0,8.0,0
2018,2,MG,1,1,2,1,44,976.0,0,0,5,7,23,0,9.0,1
2018,7,MG,1,1,2,4,44,2344.0,0,0,7,7,39,1,2.0,1
2018,12,MG,0,1,4,6,44,1000.0,0,0,4,7,22,0,8.0,0
2019,9,MG,1,1,2,1,44,1053.0,0,0,7,4,38,0,9.0,1
2019,12,MG,0,1,11,8,24,544.0,1,0,9,7,21,0,2.0,0
2019,6,MG,0,1,6,2,44,1157.0,0,0,7,7,24,1,2.0,0
2018,5,MG,1,1,2,2,44,1171.0,0,0,5,7,27,1,2.0,1
2018,5,MG,1,1,2,4,44,1575.0,0,0,6,6,50,1,2.0,1
2018,4,MG,1,1,2,1,44,954.0,0,0,8,7,26,0,2.0,1
2019,11,MG,0,3,4,4,44,998.0,0,0,6,7,32,1,8.0,0
2019,6,MG,1,1,1,3,44,998.0,0,0,7,6,19,0,8.0,1
2018,10,MG,1,1,2,9,44,1045.0,0,0,7,7,24,1,4.0,1
2019,12,MG,1,1,2,1,44,1123.0,0,0,5,7,22,0,9.0,1
2019,1,MG,1,1,2,1,44,1053.0,0,0,4,7,25,0,2.0,1
2019,4,MG,1,1,2,3,44,1200.0,0,0,5,7,47,0,8.0,1
2018,3,MG,1,1,2,5,44,982.0,0,0,7,7,41,1,2.0,1
2018,1,MG,1,1,2,9,44,970.0,0,0,7,4,29,1,8.0,1
2019,12,MG,1,3,2,1,44,1800.0,0,0,7,7,48,1,2.0,1
2018,4,MG,0,1,4,9,44,1015.0,0,0,7,7,27,1,4.0,0
2018,1,MG,0,1,11,3,44,987.0,0,0,4,7,29,1,2.0,0
2019,5,MG,0,1,11,3,44,1053.0,0,0,5,7,50,0,8.0,0
2018,8,MG,0,1,4,6,44,1003.0,0,0,5,7,30,0,8.0,0
2018,9,MG,0,1,4,1,44,1517.0,0,0,1,7,42,0,8.0,0
2018,6,MG,0,1,6,1,44,987.0,0,0,5,7,21,1,8.0,0
2018,4,MG,1,1,2,1,44,954.0,0,0,4,7,54,1,2.0,1
2019,10,MG,0,1,4,4,44,1664.0,0,0,7,4,24,1,8.0,0
2019,11,MG,1,1,2,7,44,1050.0,0,0,8,4,49,0,4.0,1
2018,2,MG,1,3,2,1,44,954.0,0,0,6,6,44,1,2.0,1
2018,9,MG,1,1,2,6,44,1100.0,0,0,4,7,35,0,4.0,1
2019,2,MG,1,1,2,5,44,2517.0,0,0,3,8,24,1,4.0,1
2018,1,MG,1,1,2,6,44,2038.0,0,0,7,6,51,1,8.0,1
2018,11,MG,1,1,2,3,44,1050.0,0,0,5,7,29,1,2.0,1
2019,11,MG,0,1,4,1,27,0.0,0,0,4,7,20,0,9.0,0
2019,6,MG,0,1,4,2,44,1050.0,0,0,5,7,30,0,8.0,0
2018,9,MG,0,1,4,1,44,1400.0,0,0,1,7,25,0,2.0,0
2019,10,MG,0,1,4,1,44,2200.0,0,0,3,7,33,0,8.0,0
2018,11,MG,0,1,4,4,44,1320.0,0,0,6,7,39,1,8.0,0
2019,5,MG,1,1,2,1,44,1436.0,0,0,7,5,68,1,2.0,1
2019,7,MG,0,1,4,1,44,1952.0,0,0,7,7,41,1,8.0,0
2019,11,MG,0,1,4,1,44,2527.0,0,0,7,6,50,1,8.0,0
2018,6,MG,0,1,4,5,44,2189.0,0,0,7,2,36,1,2.0,0
2018,7,MG,1,3,2,3,44,2500.0,0,0,7,9,54,0,8.0,1
2018,6,MG,1,1,1,1,44,2321.0,0,0,7,7,62,1,2.0,1
2019,2,MG,1,1,2,5,44,1049.0,0,0,7,7,24,1,2.0,1
2019,5,MG,1,1,2,4,44,1500.0,0,0,7,7,26,1,4.0,1
2019,4,MG,0,1,4,3,44,1118.0,0,0,5,7,45,1,8.0,0
2018,4,MG,0,1,4,1,44,1500.0,0,0,4,9,45,1,2.0,0
2018,1,MG,0,1,6,3,44,1818.0,0,0,7,7,30,1,8.0,0
2018,5,MG,1,1,25,6,44,2090.0,0,0,7,6,27,1,4.0,1
2018,1,MG,1,1,25,5,44,2789.0,0,0,7,7,44,1,2.0,1
2018,9,MG,1,1,2,1,44,1083.0,0,0,7,7,30,1,9.0,1
2019,2,MG,1,3,2,1,44,1996.0,0,0,6,4,31,1,2.0,1
2019,1,MG,1,3,2,3,44,1139.0,0,0,6,6,29,1,2.0,1
2019,5,MG,0,3,6,4,44,1139.0,0,0,6,7,21,1,8.0,0
2018,5,MG,0,1,6,2,44,1992.0,0,0,5,3,54,1,9.0,0
2019,5,MG,1,3,25,5,44,0.0,0,0,6,7,38,0,9.0,1
2019,5,MG,1,3,25,5,44,0.0,0,0,6,7,38,0,9.0,1
2018,12,MG,1,3,1,3,44,1454.0,0,0,6,5,39,1,2.0,1
2018,9,MG,1,1,2,4,44,954.0,0,0,7,5,29,0,2.0,1
2018,7,MG,1,1,2,1,44,1102.0,0,0,7,5,28,1,2.0,1
2019,5,MG,1,1,2,4,44,2666.0,0,0,7,7,39,1,2.0,1
2018,4,MG,1,1,2,6,44,990.0,0,0,5,7,22,0,2.0,1
2018,4,MG,0,1,6,5,44,985.0,0,0,5,5,21,1,2.0,0
2018,4,MG,0,1,4,4,44,954.0,0,0,7,7,41,0,4.0,0
2019,9,MG,1,1,1,6,36,998.0,0,0,4,7,24,0,8.0,1
2019,10,MG,1,1,1,5,20,470.0,1,0,5,6,16,0,8.0,1
2019,9,MG,1,1,1,6,36,998.0,0,0,4,7,24,0,8.0,1
2019,9,MG,1,1,1,6,36,998.0,0,0,4,7,24,0,8.0,1
2018,1,MG,1,1,2,5,44,1005.0,0,0,5,7,42,1,8.0,1
2019,4,MG,1,1,2,3,42,1107.0,0,0,5,6,40,1,8.0,1
2018,1,MG,1,1,2,4,44,985.0,0,0,7,7,26,1,8.0,1
2019,7,MG,1,1,2,4,44,1111.0,0,0,1,7,33,1,8.0,1
2019,10,MG,1,1,2,1,44,998.0,0,0,7,7,25,1,2.0,1
2018,4,MG,1,1,2,3,44,1020.0,0,0,5,7,24,1,2.0,1
2018,3,MG,1,1,2,1,44,990.0,0,0,5,7,37,0,2.0,1
2018,10,MG,1,1,2,7,44,954.0,0,0,7,6,22,1,8.0,1
2019,10,MG,1,1,2,4,44,998.0,0,0,7,7,37,1,8.0,1
2019,7,MG,1,1,2,4,44,1111.0,0,0,1,7,33,1,8.0,1
2018,2,MG,1,1,2,4,44,1044.0,0,0,5,6,29,1,8.0,1
2018,10,MG,1,1,2,1,44,1044.0,0,0,5,5,20,0,2.0,1
2019,4,MG,1,1,2,3,44,1200.0,0,0,5,7,33,1,2.0,1
2018,11,MG,1,3,2,1,44,954.0,0,0,7,5,22,1,8.0,1
2019,12,MG,1,1,2,3,44,1200.0,0,0,8,7,45,0,8.0,1
2019,4,MG,1,1,2,3,44,1074.0,0,0,5,6,37,1,9.0,1
2019,8,MG,0,1,4,4,42,998.0,0,0,5,5,56,1,2.0,0
2019,5,MG,0,1,4,3,44,1094.0,0,0,5,7,31,1,8.0,0
2019,2,MG,0,1,4,5,44,1406.0,0,0,2,9,33,0,2.0,0
2018,9,MG,0,1,4,2,44,1050.0,0,0,5,7,20,1,8.0,0
2019,4,MG,0,3,4,1,44,998.0,0,0,3,7,23,0,2.0,0
2018,5,MG,0,1,4,5,44,1070.0,0,0,7,7,21,1,8.0,0
2019,3,MG,0,3,4,1,44,998.0,0,0,6,7,32,1,8.0,0
2018,1,MG,0,3,4,1,44,1463.0,0,0,7,7,28,1,8.0,0
2018,12,MG,0,1,6,1,44,1097.0,0,0,4,7,23,1,8.0,0
2019,12,MG,0,1,6,4,44,1129.0,0,0,4,5,39,1,8.0,0
2018,6,MG,0,1,11,4,44,990.0,0,0,5,7,29,0,8.0,0
2019,2,MG,1,1,2,2,44,1060.0,0,0,7,6,24,0,2.0,1
2018,3,MG,0,1,4,1,44,1060.0,0,0,7,5,40,0,2.0,0
2018,12,MG,1,3,1,4,44,954.0,0,0,6,7,19,0,9.0,1
2019,7,MG,1,1,2,2,42,1593.0,0,0,7,9,41,1,4.0,1
2019,6,MG,1,1,2,9,44,1044.0,0,0,4,7,39,0,8.0,1
2019,9,MG,1,1,2,5,44,1082.0,0,0,7,7,29,0,2.0,1
2019,12,MG,1,1,2,1,44,1086.0,0,0,4,5,45,1,8.0,1
2019,11,MG,0,1,4,5,40,2096.0,0,0,5,9,28,1,8.0,0
2018,7,MG,0,1,11,1,44,1105.0,0,0,5,5,22,1,2.0,0
2019,2,MG,0,1,4,4,44,1005.0,0,0,5,7,40,0,2.0,0
2018,10,MG,0,1,4,7,44,2631.0,0,0,7,7,40,1,2.0,0
2018,8,MG,0,3,11,2,44,0.0,0,0,6,7,36,0,9.0,0
2018,2,MG,1,1,2,8,44,954.0,0,0,5,7,36,0,8.0,1
2018,1,MG,1,1,2,1,44,985.0,0,0,5,7,38,0,2.0,1
2019,5,MG,1,3,25,2,44,998.0,0,0,6,7,48,1,9.0,1
2018,12,MG,1,3,2,1,44,976.0,0,0,6,4,20,1,2.0,1
2019,10,MG,1,3,2,2,44,1339.0,0,0,6,4,50,1,2.0,1
2019,5,MG,1,3,25,1,44,0.0,0,0,6,7,49,1,9.0,1
2018,11,MG,1,1,2,6,44,1659.0,0,0,7,7,29,1,2.0,1
2019,7,MG,1,1,2,3,44,1399.0,0,0,7,7,51,1,9.0,1
2019,11,MG,1,1,2,3,44,1777.0,0,0,7,4,59,1,9.0,1
2019,8,MG,1,1,2,9,40,1904.0,0,0,3,7,42,0,9.0,1
2019,1,MG,1,3,2,1,44,1280.0,0,0,7,5,36,1,8.0,1
2019,10,MG,1,1,2,4,44,1755.0,0,0,7,6,41,0,8.0,1
2018,8,MG,1,1,2,8,44,1102.0,0,0,7,3,28,1,8.0,1
2019,11,MG,1,1,2,1,44,1698.0,0,0,7,5,47,1,9.0,1
2018,9,MG,1,1,2,1,44,985.0,0,0,5,9,25,0,9.0,1
2019,6,MG,1,1,2,1,44,1119.0,0,0,5,5,53,0,9.0,1
2019,5,MG,0,1,4,8,44,2776.0,0,0,9,7,38,1,8.0,0
2019,8,MG,0,1,4,1,44,1086.0,0,0,5,2,20,1,8.0,0
2019,11,MG,0,1,4,4,44,1600.0,0,0,7,7,53,1,4.0,0
2019,2,MG,0,1,4,8,44,2504.0,0,0,7,7,32,1,8.0,0
2019,6,MG,0,1,4,2,36,925.0,0,0,5,7,31,1,8.0,0
2019,4,MG,0,1,4,7,44,2088.0,0,0,4,7,52,1,2.0,0
2018,6,MG,0,1,4,4,44,998.0,0,0,5,7,35,0,8.0,0
2018,1,MG,0,1,6,2,44,1761.0,0,0,4,7,34,0,8.0,0
2018,11,MG,0,1,8,9,44,4000.0,0,0,2,9,33,1,4.0,0
2019,10,MG,0,1,43,6,44,1944.0,0,0,7,5,44,1,2.0,0
2019,5,MG,1,3,2,1,44,998.0,0,0,6,3,30,1,2.0,1
2019,10,MG,0,1,4,1,44,998.0,0,0,9,6,22,1,2.0,0
2018,9,MG,1,1,1,1,44,1120.0,0,0,7,7,23,0,8.0,1
2018,7,MG,1,1,1,6,20,434.0,1,0,7,7,18,0,8.0,1
2018,7,MG,1,1,1,6,20,434.0,1,0,7,7,18,0,8.0,1
2018,3,MG,1,1,1,6,44,1000.0,0,0,4,7,21,0,2.0,1
2018,3,MG,1,1,2,6,44,1080.0,0,0,7,6,23,0,8.0,1
2019,9,MG,1,1,2,1,44,1029.0,0,0,7,7,28,0,2.0,1
2019,9,MG,1,1,2,2,44,1086.0,0,0,8,7,25,1,9.0,1
2019,4,MG,1,1,2,2,44,1600.0,0,0,7,4,33,0,4.0,1
2018,1,MG,1,1,2,7,44,1033.0,0,0,7,7,23,1,4.0,1
2018,8,MG,1,1,2,6,44,965.0,0,0,7,5,18,1,8.0,1
2018,4,MG,1,1,2,5,44,1050.0,0,0,7,7,36,1,4.0,1
2018,3,MG,1,1,2,2,44,1540.0,0,0,7,7,28,0,2.0,1
2018,1,MG,1,1,2,1,44,985.0,0,0,5,7,29,0,4.0,1
2018,10,MG,1,1,2,7,44,1164.0,0,0,5,1,46,0,2.0,1
2019,3,MG,1,1,2,6,44,1009.0,0,0,7,6,22,1,8.0,1
2018,7,MG,0,1,4,1,44,1632.0,0,0,7,6,41,1,6.0,0
2018,11,MG,0,1,4,4,44,1650.0,0,0,7,7,34,0,8.0,0
2019,9,MG,0,1,4,2,44,1086.0,0,0,5,4,34,1,2.0,0
2018,3,MG,0,1,4,5,44,1700.0,0,0,7,7,29,0,8.0,0
2019,8,MG,0,1,6,2,44,1497.0,0,0,2,9,36,0,8.0,0
2018,12,MG,0,1,11,5,44,965.0,0,0,7,2,43,0,8.0,0
2019,8,MG,0,1,11,3,44,1700.0,0,0,7,2,41,0,6.0,0
2019,7,MG,1,1,25,4,44,1160.0,0,0,7,7,24,0,2.0,1
2019,1,MG,1,1,25,6,44,3500.0,0,0,4,6,35,0,2.0,1
2018,3,MG,0,1,4,1,40,3536.0,0,0,1,9,51,1,8.0,0
2018,5,MG,1,1,2,6,44,1000.0,0,0,5,7,27,1,8.0,1
2019,10,MG,1,1,2,7,42,998.0,0,0,5,6,49,0,2.0,1
2019,7,MG,1,1,2,1,44,3000.0,0,0,7,5,47,1,2.0,1
2018,8,MG,1,1,2,1,44,1047.0,0,0,9,7,20,1,4.0,1
2018,8,MG,0,3,6,2,44,954.0,0,0,6,2,46,0,4.0,0
2018,8,MG,0,3,11,1,44,1185.0,0,0,6,4,26,1,8.0,0
2018,11,MG,0,1,11,4,20,448.0,1,0,4,6,17,0,8.0,0
2019,7,MG,1,1,1,3,44,1141.0,0,0,5,7,21,0,4.0,1
2018,1,MG,1,1,2,5,44,1069.0,0,0,7,2,25,1,4.0,1
2018,3,MG,0,1,4,2,44,985.0,0,0,5,7,36,0,8.0,0
2019,5,MG,0,1,4,4,44,1494.0,0,1,5,7,25,0,2.0,0
2019,12,MG,0,1,11,2,44,1076.0,0,0,8,6,25,1,8.0,0
2019,4,MG,1,1,25,9,20,473.0,1,1,4,5,17,1,6.0,1
2019,6,MG,1,1,2,6,44,998.0,0,0,6,7,19,1,9.0,1
2019,6,MG,1,1,2,6,44,998.0,0,0,6,7,19,1,9.0,1
2018,11,MG,0,1,4,5,44,1300.0,0,0,8,5,45,0,2.0,0
2018,7,MG,0,1,4,2,44,1103.0,0,0,5,7,27,0,8.0,0
2019,7,MG,1,1,2,1,44,998.0,0,0,7,5,29,1,4.0,1
2018,10,MG,1,3,2,6,44,954.0,0,0,6,3,20,1,2.0,1
2019,11,MG,1,3,2,1,44,1000.0,0,0,6,6,47,1,8.0,1
2018,5,MG,1,3,2,1,44,1790.0,0,0,7,2,58,1,8.0,1
2018,5,MG,1,3,2,1,44,1790.0,0,0,7,2,58,1,8.0,1
2018,7,MG,1,1,2,1,44,990.0,0,0,4,8,19,0,8.0,1
2018,9,MG,1,3,2,1,44,954.0,0,0,6,7,54,1,8.0,1
2019,11,MG,0,3,4,1,44,2702.0,0,0,7,3,57,1,4.0,0
2018,7,MG,0,3,4,1,44,1047.0,0,1,4,7,32,0,8.0,0
2018,5,MG,0,3,4,4,44,954.0,0,0,7,7,23,1,2.0,0
2018,11,MG,0,3,4,1,44,1089.0,0,0,7,7,32,1,9.0,0
2019,11,MG,0,1,4,8,44,5797.0,0,0,3,7,47,1,2.0,0
2018,2,MG,0,1,6,4,44,1059.0,0,0,9,7,30,1,8.0,0
2019,6,MG,1,1,25,5,44,3121.0,0,0,7,7,36,1,8.0,1
2018,6,MG,1,1,25,7,44,1191.0,0,0,7,3,41,0,8.0,1
2018,1,MG,1,1,25,6,44,1049.0,0,0,5,9,22,1,8.0,1
2018,4,MG,1,1,2,7,36,974.0,0,0,5,4,29,0,8.0,1
2018,5,MG,1,1,2,6,44,1151.0,0,0,5,7,28,1,8.0,1
2019,2,MG,1,1,2,1,44,1075.0,0,0,5,7,20,1,9.0,1
2019,11,MG,1,3,2,4,44,998.0,0,0,6,3,42,0,8.0,1
2018,11,MG,1,1,2,4,44,1900.0,0,0,9,6,30,1,2.0,1
2019,10,MG,1,1,2,3,44,1086.0,0,0,4,7,21,1,2.0,1
2019,9,MG,1,1,2,2,44,1120.0,0,0,5,6,36,0,2.0,1
2018,8,MG,0,1,4,1,44,1100.0,0,0,4,9,25,1,2.0,0
2019,2,MG,0,1,4,3,44,1431.0,0,0,7,5,30,0,2.0,0
2018,7,MG,0,1,4,2,44,985.0,0,0,5,7,40,1,2.0,0
2018,8,MG,0,1,6,6,44,1041.0,0,0,5,6,39,0,2.0,0
2019,3,MG,0,1,11,6,24,511.0,1,0,4,6,19,1,2.0,0
2018,2,MG,1,1,2,5,44,1059.0,0,0,7,7,18,0,2.0,1
2019,7,MG,0,1,6,3,44,1050.0,0,0,4,7,20,1,8.0,0
2019,11,MG,1,1,2,1,44,1071.0,0,0,5,7,23,1,2.0,1
2018,10,MG,1,1,2,1,44,1075.0,0,0,9,5,28,1,8.0,1
2018,10,MG,1,1,2,6,44,7808.0,0,0,2,9,43,1,9.0,1
2018,10,MG,1,1,2,6,44,7808.0,0,0,2,9,43,1,9.0,1
2019,2,MG,0,1,4,3,44,1187.0,0,0,7,7,24,1,8.0,0
2019,7,MG,1,1,1,5,36,1014.0,0,0,8,5,25,0,9.0,1
2019,6,MG,1,3,2,1,44,998.0,0,0,6,7,47,0,9.0,1
2019,12,MG,1,1,1,6,44,1090.0,0,0,5,7,19,1,8.0,1
2018,7,MG,1,1,2,1,44,0.0,0,0,7,7,29,1,2.0,1
2018,8,MG,1,1,2,2,44,1100.0,0,0,4,9,27,0,2.0,1
2019,7,MG,1,1,2,7,44,1699.0,0,0,5,7,38,1,8.0,1
2018,12,MG,1,1,2,3,44,1070.0,0,0,5,7,27,0,4.0,1
2019,9,MG,1,1,2,3,44,1453.0,0,0,7,7,27,1,4.0,1
2018,10,MG,1,1,2,2,44,1733.0,0,0,7,5,60,1,2.0,1
2019,3,MG,1,1,2,1,44,1011.0,0,0,5,7,32,0,2.0,1
2018,10,MG,1,1,2,5,44,1538.0,0,0,8,7,24,1,9.0,1
2018,11,MG,0,1,4,8,44,1053.0,0,0,7,6,23,0,8.0,0
2018,5,MG,0,1,4,4,44,1065.0,0,0,4,8,34,0,2.0,0
2019,8,MG,0,1,4,1,44,998.0,0,0,2,7,23,1,2.0,0
2018,12,MG,0,1,4,2,44,1818.0,0,0,7,7,48,1,2.0,0
2018,1,MG,0,1,6,2,44,1070.0,0,0,5,6,27,1,2.0,0
2018,11,MG,1,1,25,6,44,976.0,0,0,5,4,52,0,2.0,1
2018,5,MG,1,1,2,1,44,1000.0,0,0,5,7,29,1,4.0,1
2018,6,MG,1,1,2,5,44,957.0,0,0,5,7,20,0,2.0,1
2019,7,MG,1,1,2,3,44,1457.0,0,0,7,7,33,1,2.0,1
2018,8,MG,1,3,2,3,44,1994.0,0,0,7,6,30,1,8.0,1
2019,1,MG,1,1,2,2,44,1030.0,0,0,3,7,19,0,9.0,1
2019,2,MG,1,1,2,3,44,1074.0,0,0,1,7,31,0,2.0,1
2019,7,MG,1,1,2,5,44,1705.0,0,0,7,6,45,1,2.0,1
2018,3,MG,1,1,2,5,44,1080.0,0,0,4,9,49,0,2.0,1
2018,8,MG,1,1,2,4,44,987.0,0,0,4,7,37,0,8.0,1
2018,12,MG,1,1,2,6,44,1026.0,0,0,4,7,19,0,2.0,1
2019,2,MG,1,1,2,5,44,1077.0,0,0,7,6,52,0,2.0,1
2019,11,MG,1,1,2,1,44,1113.0,0,0,4,7,43,0,8.0,1
2018,4,MG,0,3,4,1,44,1102.0,0,0,7,7,21,1,2.0,0
2018,7,MG,0,1,4,2,44,987.0,0,0,4,7,19,0,2.0,0
2018,6,MG,0,1,4,3,44,1077.0,0,0,7,7,41,0,2.0,0
2018,8,MG,0,1,4,2,44,1023.0,0,0,4,5,28,0,2.0,0
2019,2,MG,0,1,4,3,44,1145.0,0,0,5,5,40,1,2.0,0
2019,5,MG,0,1,4,3,22,517.0,0,0,4,8,37,1,4.0,0
2019,8,MG,0,1,4,6,44,1238.0,0,0,5,7,21,1,8.0,0
2019,9,MG,0,1,4,1,44,2083.0,0,0,7,7,45,1,2.0,0
2018,3,MG,0,1,4,1,44,1007.0,0,0,5,7,24,1,8.0,0
2018,3,MG,0,1,6,4,44,1133.0,0,0,7,5,24,1,8.0,0
2018,11,MG,0,1,6,1,44,1016.0,0,0,4,5,20,1,2.0,0
2019,3,MG,0,1,6,2,44,1133.0,0,0,7,4,30,1,9.0,0
2018,10,MG,0,3,6,1,44,1717.0,0,0,6,4,28,1,2.0,0
2019,9,MG,0,1,11,4,44,1025.0,0,0,5,4,36,0,8.0,0
2018,4,MG,0,1,11,3,44,987.0,0,0,5,7,29,0,2.0,0
2018,6,MG,0,1,11,4,44,1800.0,0,0,3,7,55,0,2.0,0
2018,6,MG,0,1,11,4,44,1800.0,0,0,3,7,55,0,2.0,0
2018,9,MG,1,3,25,5,44,1865.0,0,0,6,2,43,0,2.0,1
2018,7,MG,0,3,43,2,44,935.0,0,0,6,7,23,0,9.0,0
2019,5,MG,0,3,43,1,44,1200.0,0,0,6,7,25,0,9.0,0
2019,1,MG,1,1,1,3,44,1133.0,0,0,4,8,18,1,8.0,1
2018,4,MG,1,3,2,5,44,1280.0,0,0,6,4,26,1,8.0,1
2019,4,MG,1,1,2,2,44,1600.0,0,0,2,9,37,0,2.0,1
2018,7,MG,1,3,2,3,44,1049.0,0,0,6,2,38,0,8.0,1
2018,5,MG,1,3,2,1,44,1900.0,0,0,6,3,31,1,2.0,1
2018,4,MG,0,1,4,4,44,1158.0,0,0,7,7,23,1,8.0,0
2018,9,MG,0,1,4,3,44,1413.0,0,0,4,7,29,0,8.0,0
2018,12,MG,0,3,4,5,44,1349.0,0,0,6,4,23,1,2.0,0
2019,5,MG,0,1,4,3,44,1185.0,0,0,7,3,60,1,8.0,0
2019,12,MG,0,1,4,1,44,1700.0,0,0,7,2,40,1,8.0,0
2018,8,MG,0,3,43,4,44,1335.0,0,0,6,4,43,1,2.0,0
2018,1,MG,0,3,4,1,44,954.0,0,0,6,3,41,1,8.0,0
2018,11,MG,1,1,2,4,44,1050.0,0,0,7,7,21,1,8.0,1
2018,8,MG,0,3,43,3,44,954.0,0,0,6,6,54,0,4.0,0
2019,12,MG,0,1,4,6,44,1485.0,0,0,9,4,43,1,8.0,0
2019,3,MG,1,1,1,1,44,1102.0,0,0,5,7,29,0,8.0,1
2019,1,MG,1,1,2,1,44,1111.0,0,0,7,7,45,1,8.0,1
2019,10,MG,1,1,2,7,44,1514.0,0,0,7,5,28,1,8.0,1
2018,2,MG,1,1,2,6,44,2106.0,0,0,9,7,30,1,8.0,1
2019,12,MG,1,1,2,5,44,2358.0,0,0,9,7,37,1,8.0,1
2019,8,MG,1,1,2,1,44,1000.0,0,0,2,6,54,0,9.0,1
2019,8,MG,1,1,2,3,44,1083.0,0,0,5,7,33,1,2.0,1
2019,12,MG,1,3,2,1,44,1698.0,0,0,7,7,23,1,9.0,1
2019,3,MG,0,1,6,1,44,1279.0,0,0,4,7,19,1,4.0,0
2018,8,MG,0,1,11,4,44,968.0,0,0,9,7,54,1,2.0,0
2018,4,MG,1,1,25,4,44,1034.0,0,0,7,4,34,1,2.0,1
2018,9,MG,1,1,25,4,44,1632.0,0,0,7,5,59,1,2.0,1
2018,4,MG,1,1,25,4,44,1034.0,0,0,7,4,34,1,2.0,1
2018,4,MG,0,1,43,5,44,2197.0,0,0,7,5,56,1,8.0,0
2019,2,MG,0,1,43,5,44,2051.0,0,0,7,7,48,1,9.0,0
2018,7,MG,1,3,1,1,44,1097.0,0,0,6,2,18,1,2.0,1
2018,7,MG,1,3,1,1,44,1097.0,0,0,6,2,18,1,2.0,1
2018,9,MG,0,3,4,2,44,1908.0,0,0,6,2,32,1,2.0,0
2018,9,MG,1,3,25,1,44,0.0,0,0,6,7,33,1,9.0,1
2018,1,MG,0,1,4,3,44,1100.0,0,0,7,7,30,1,8.0,0
2019,5,MG,0,1,4,3,44,1117.0,0,0,5,7,25,1,2.0,0
2019,4,MG,0,1,4,3,44,1497.0,0,0,8,6,19,1,2.0,0
2019,10,MG,0,1,33,7,36,1153.0,0,0,5,7,38,1,2.0,0
2019,4,MG,1,1,2,9,44,1036.0,0,1,5,6,18,1,8.0,1
2018,5,MG,0,3,11,4,44,954.0,0,0,6,8,23,1,8.0,0
2018,5,MG,1,1,1,4,44,1013.0,0,0,5,7,21,1,2.0,1
2018,5,MG,1,1,2,8,44,1207.0,0,0,7,7,27,1,8.0,1
2018,5,MG,1,1,2,8,44,1207.0,0,0,7,7,27,1,8.0,1
2018,5,MG,1,1,2,8,44,1207.0,0,0,7,7,27,1,8.0,1
2019,2,MG,1,1,2,7,24,544.0,1,0,3,7,22,1,4.0,1
2018,11,MG,1,1,2,3,40,954.0,0,0,7,7,43,1,8.0,1
2019,9,MG,1,1,2,7,44,998.0,0,0,7,4,45,0,8.0,1
2019,12,MG,0,1,4,7,44,1122.0,0,0,7,7,31,1,2.0,0
2019,6,MG,0,3,11,5,44,1163.0,0,0,6,5,33,1,8.0,0
2018,9,MG,1,1,1,5,44,954.0,0,0,8,6,18,0,8.0,1
2019,11,MG,1,1,1,1,44,1003.0,0,0,7,7,25,0,2.0,1
2019,11,MG,1,1,2,5,44,1087.0,0,0,5,7,50,0,2.0,1
2019,2,MG,1,1,2,4,44,1050.0,0,0,7,4,18,0,2.0,1
2019,10,MG,0,1,4,1,44,998.0,0,0,4,8,22,0,2.0,0
2019,6,MG,0,1,4,3,44,1117.0,0,0,5,9,32,1,2.0,0
2018,10,MG,1,3,2,1,44,954.0,0,0,6,7,35,0,2.0,1
2018,8,MG,0,1,4,4,36,0.0,0,0,5,6,19,1,2.0,0
2019,5,MG,1,1,1,7,44,3160.0,0,0,3,9,32,0,2.0,1
2018,9,MG,1,1,2,1,44,1043.0,0,0,5,7,19,1,2.0,1
2019,12,MG,1,1,2,5,44,1118.0,0,0,5,7,29,0,4.0,1
2018,8,MG,1,1,2,6,44,1502.0,0,0,7,6,29,1,2.0,1
2019,7,MG,1,1,2,3,44,2000.0,0,0,9,6,51,1,2.0,1
2019,5,MG,1,1,2,7,44,1711.0,0,0,3,9,36,1,8.0,1
2019,6,MG,1,1,2,2,44,1341.0,0,0,5,7,26,1,2.0,1
2019,12,MG,1,1,2,4,44,1903.0,0,0,3,7,37,1,9.0,1
2019,3,MG,1,1,2,1,44,998.0,0,0,2,7,19,1,9.0,1
2019,6,MG,1,1,2,1,44,1118.0,0,0,5,5,29,1,2.0,1
2019,7,MG,1,1,2,4,44,1784.0,0,0,7,4,44,1,9.0,1
2018,12,MG,1,1,2,4,44,1064.0,0,0,5,5,43,0,2.0,1
2018,7,MG,1,1,2,3,44,1050.0,0,0,5,7,21,0,2.0,1
2018,9,MG,1,1,2,1,44,1050.0,0,0,5,7,25,0,2.0,1
2019,11,MG,1,1,2,1,44,1078.0,0,0,5,6,50,0,9.0,1
2018,10,MG,0,1,4,6,44,1933.0,0,0,7,7,37,1,2.0,0
2018,10,MG,0,1,4,5,44,1645.0,0,0,7,7,48,1,2.0,0
2018,1,MG,0,1,4,7,42,1427.0,0,0,2,9,46,1,2.0,0
2018,9,MG,0,1,4,4,36,1004.0,0,0,3,7,35,1,2.0,0
2018,9,MG,0,1,4,3,44,1093.0,0,0,5,7,32,0,2.0,0
2019,2,MG,0,1,4,1,44,1043.0,0,0,4,7,21,1,9.0,0
2018,11,MG,0,1,6,2,44,1856.0,0,0,5,7,55,0,2.0,0
2018,10,MG,0,1,6,2,44,1066.0,0,0,4,7,27,0,2.0,0
2019,12,MG,0,1,11,1,44,1118.0,0,0,5,3,47,0,2.0,0
2019,8,MG,0,1,11,1,44,1078.0,0,0,4,7,22,0,8.0,0
2019,11,MG,1,3,25,6,44,1122.0,0,0,6,2,37,1,2.0,1
2019,1,MG,0,1,43,5,44,1118.0,0,0,5,7,39,0,2.0,0
2018,12,MG,0,1,6,1,44,954.0,0,0,5,7,23,1,2.0,0
2019,5,MG,0,1,33,4,44,1028.0,0,0,7,5,38,1,4.0,0
2018,6,MG,1,1,2,1,44,1818.0,0,0,7,7,43,1,2.0,1
2018,1,MG,1,1,2,6,44,1222.0,0,0,7,7,23,1,4.0,1
2018,6,MG,0,1,6,5,44,1119.0,0,0,4,7,24,0,8.0,0
2018,8,MG,0,1,43,8,20,434.0,1,0,5,6,16,1,8.0,0
2019,12,MG,1,1,1,1,44,1108.0,0,0,4,6,29,0,9.0,1
2018,2,MG,1,1,2,3,44,1373.0,0,0,7,5,33,1,8.0,1
2019,7,MG,1,1,2,6,44,1208.0,0,0,4,7,20,0,9.0,1
2019,5,MG,1,1,2,2,44,1144.0,0,0,7,4,22,1,2.0,1
2019,2,MG,1,1,2,4,44,1041.0,0,0,5,4,31,0,9.0,1
2019,12,MG,1,1,2,3,44,1097.0,0,0,5,7,22,0,8.0,1
2018,10,MG,1,1,2,4,44,1236.0,0,0,4,7,29,1,2.0,1
2018,9,MG,1,1,2,9,44,1231.0,0,0,5,8,22,0,2.0,1
2018,1,MG,0,1,4,2,44,1334.0,0,0,5,5,60,0,2.0,0
2018,2,MG,0,1,4,6,44,1080.0,0,0,5,5,56,0,2.0,0
2018,6,MG,0,1,4,6,44,2805.0,0,0,5,9,27,0,8.0,0
2018,2,MG,0,1,4,1,44,1275.0,0,0,4,7,41,0,2.0,0
2019,7,MG,0,1,4,3,44,2600.0,0,0,3,9,36,0,2.0,0
2019,2,MG,0,1,4,3,44,1265.0,0,0,5,7,25,0,8.0,0
2019,6,MG,0,1,4,2,44,1144.0,0,0,7,7,49,1,8.0,0
2019,4,MG,0,1,4,1,44,1441.0,0,0,7,7,24,1,2.0,0
2019,3,MG,0,1,4,3,44,1800.0,0,0,4,8,38,0,2.0,0
2018,7,MG,0,1,6,9,44,6981.0,0,0,2,9,26,0,2.0,0
2018,1,MG,0,1,6,9,30,3500.0,0,0,2,9,39,0,2.0,0
2018,2,MG,0,1,6,3,44,1010.0,0,0,5,7,26,0,2.0,0
2018,9,MG,0,1,6,1,44,1065.0,0,0,5,8,31,0,2.0,0
2019,12,MG,0,1,6,5,44,1134.0,0,0,7,5,50,1,2.0,0
2018,3,MG,0,1,6,6,44,1040.0,0,0,5,7,22,0,9.0,0
2019,9,MG,0,1,6,3,20,792.0,0,0,4,7,22,0,2.0,0
2019,2,MG,0,1,6,3,44,1100.0,0,0,7,7,21,1,2.0,0
2019,10,MG,0,1,11,2,44,998.0,0,0,3,7,23,1,2.0,0
2019,10,MG,0,1,11,2,44,998.0,0,0,3,7,23,1,2.0,0
2018,4,MG,0,1,11,5,22,520.0,1,0,5,7,15,0,8.0,0
2019,7,MG,0,1,11,6,44,1705.0,0,0,3,9,30,0,2.0,0
2018,1,MG,1,1,25,5,44,1816.0,0,0,4,7,28,0,8.0,1
2018,6,MG,1,1,25,9,44,1029.0,0,0,5,4,30,0,2.0,1
2018,11,MG,0,1,4,3,44,1050.0,0,0,5,3,30,0,2.0,0
2018,3,MG,0,1,4,7,44,0.0,0,0,6,3,52,1,4.0,0
2019,6,MG,0,3,6,4,44,1005.0,0,0,6,4,35,1,4.0,0
2018,11,MG,0,1,4,5,36,954.0,0,0,4,9,24,0,2.0,0
2019,5,MG,0,3,43,1,44,1325.0,0,0,6,7,26,1,8.0,0
2018,7,MG,1,1,2,4,44,985.0,0,0,7,7,33,1,8.0,1
2018,2,MG,1,1,2,4,44,985.0,0,0,8,6,41,1,4.0,1
2019,3,MG,1,1,2,1,44,1436.0,0,0,7,7,29,1,8.0,1
2018,6,MG,1,1,2,7,44,954.0,0,0,5,2,48,0,4.0,1
2018,3,MG,1,1,2,3,44,954.0,0,0,3,7,21,0,2.0,1
2018,9,MG,1,1,2,4,44,1115.0,0,0,7,4,27,1,2.0,1
2018,7,MG,1,1,2,4,44,1454.0,0,0,7,7,42,1,2.0,1
2018,10,MG,0,1,4,3,40,16670.0,0,0,2,9,41,1,2.0,0
2018,8,MG,0,1,4,6,44,1025.0,0,0,4,7,20,1,9.0,0
2018,5,MG,0,1,4,2,44,1079.0,0,0,8,7,26,1,8.0,0
2018,1,MG,0,1,4,8,41,1090.0,0,0,5,6,23,1,8.0,0
2018,6,MG,0,1,6,6,44,1300.0,0,0,5,7,29,1,4.0,0
2019,5,MG,0,1,6,2,44,1698.0,0,0,7,7,35,1,2.0,0
2019,8,MG,1,1,2,3,44,3000.0,0,0,4,7,46,1,2.0,1
2019,7,MG,0,3,4,2,44,998.0,0,0,6,5,33,1,2.0,0
2019,6,MG,0,1,4,3,44,1086.0,0,0,4,5,31,1,2.0,0
2018,7,MG,1,3,2,1,44,1394.0,0,0,6,6,28,0,2.0,1
2018,7,MG,1,3,2,1,44,1097.0,0,0,6,5,32,1,8.0,1
2018,7,MG,1,3,2,3,44,1400.0,0,0,6,7,40,0,2.0,1
2019,3,MG,1,3,2,6,44,1097.0,0,0,6,5,41,0,8.0,1
2019,3,MG,1,3,2,8,44,1973.0,0,0,6,7,26,1,8.0,1
2019,10,MG,1,1,2,5,44,1850.0,0,0,6,3,50,1,8.0,1
2018,6,MG,0,3,4,6,44,1365.0,0,0,6,7,21,1,2.0,0
2019,8,MG,0,3,43,3,44,1474.0,0,0,6,3,30,1,8.0,0
2019,8,MG,0,3,43,3,44,1474.0,0,0,6,3,30,1,8.0,0
2018,3,MG,1,3,2,1,44,954.0,0,0,6,3,40,1,4.0,1
2019,6,MG,1,3,2,5,44,920.0,0,0,6,2,50,1,9.0,1
2019,4,MG,1,3,2,4,44,1398.0,0,0,6,5,58,1,8.0,1
2019,7,MG,0,1,11,1,44,925.0,0,0,6,6,38,1,2.0,0
2019,9,MG,0,1,4,1,44,998.0,0,0,4,5,29,1,8.0,0
2018,12,MG,1,1,2,5,44,2500.0,0,0,4,9,40,0,8.0,1
2018,11,MG,0,1,4,6,44,1858.0,0,0,7,7,35,1,4.0,0
2019,2,MG,0,1,6,3,44,1014.0,0,0,4,7,25,0,9.0,0
2019,2,MG,1,3,2,1,44,1451.0,0,0,6,3,28,1,2.0,1
2019,5,MG,0,3,4,1,44,1400.0,0,0,6,6,26,1,2.0,0
2019,8,MG,0,1,4,2,44,1508.0,0,0,7,7,30,1,8.0,0
2019,10,MG,0,1,4,6,44,998.0,0,0,5,4,61,0,8.0,0
2018,9,MG,0,1,11,2,44,1144.0,0,0,9,7,47,1,6.0,0
2019,10,MG,0,1,4,1,44,1016.0,0,0,7,6,19,1,4.0,0
2019,8,MG,0,1,4,2,44,1075.0,0,0,5,7,45,1,8.0,0
2019,4,MG,0,1,4,1,44,1111.0,0,0,7,5,55,1,2.0,0
2018,7,MG,1,1,2,4,44,3372.0,0,0,3,9,24,1,2.0,1
2019,4,MG,0,1,4,9,44,1913.0,0,0,9,7,29,1,8.0,0
2019,11,MG,0,1,4,4,44,998.0,0,0,6,5,31,1,9.0,0
2019,4,MG,0,3,43,4,44,998.0,0,0,6,7,18,0,9.0,0
2018,7,MG,1,1,1,6,20,520.0,1,0,4,7,19,0,8.0,1
2018,7,MG,1,1,1,6,20,520.0,1,0,4,7,19,0,8.0,1
2019,4,MG,1,1,2,3,44,1050.0,0,0,4,7,18,1,8.0,1
2018,7,MG,1,1,2,3,44,1181.0,0,0,4,7,31,1,8.0,1
2019,6,MG,1,1,2,1,44,1046.0,0,0,5,7,27,0,8.0,1
2019,7,MG,1,1,2,3,44,1720.0,0,0,7,4,32,1,9.0,1
2019,9,MG,1,1,2,3,44,1260.0,0,0,8,6,56,1,2.0,1
2019,2,MG,1,1,2,4,44,4500.0,0,0,3,9,36,1,9.0,1
2019,8,MG,0,1,4,5,44,1716.0,0,0,7,5,57,1,8.0,0
2018,3,MG,0,1,4,6,36,959.0,0,1,5,7,35,1,8.0,0
2019,6,MG,0,1,6,5,44,1444.0,0,0,7,7,32,1,9.0,0
2018,9,MG,0,1,6,5,44,477.0,0,0,5,5,40,0,9.0,0
2018,7,MG,1,1,25,7,44,1488.0,0,0,7,7,61,1,8.0,1
2018,5,MG,0,1,4,4,44,987.0,0,0,5,7,22,1,2.0,0
2019,9,MG,1,1,2,1,44,1016.0,0,0,7,7,27,1,8.0,1
2019,6,MG,1,1,2,1,44,998.0,0,0,7,7,30,1,2.0,1
2019,10,MG,0,1,6,6,44,1097.0,0,0,8,5,24,0,9.0,0
2018,7,MG,1,1,2,3,44,0.0,0,0,6,5,34,1,2.0,1
2019,10,MG,1,1,2,1,44,1157.0,0,0,7,7,41,1,2.0,1
2018,1,MG,1,1,2,3,44,985.0,0,0,5,7,22,1,2.0,1
2018,8,MG,0,1,6,8,44,3785.0,0,0,2,9,28,1,8.0,0
2018,3,MG,1,3,2,5,44,954.0,0,0,6,5,35,0,8.0,1
2019,5,MG,1,1,2,8,44,998.0,0,0,6,5,30,0,6.0,1
2019,5,MG,1,1,2,8,44,998.0,0,0,6,5,30,0,6.0,1
2019,12,MG,1,3,2,3,44,998.0,0,0,6,7,43,1,9.0,1
2019,6,MG,1,3,2,3,44,998.0,0,0,6,7,38,1,9.0,1
2019,8,MG,0,3,11,4,44,998.0,0,0,6,4,57,1,4.0,0
2018,5,MG,1,1,2,2,44,986.0,0,0,7,5,19,1,2.0,1
2019,9,MG,1,1,1,2,22,600.0,0,0,4,7,19,1,2.0,1
2018,6,MG,1,1,2,1,40,1089.0,0,0,5,5,57,0,2.0,1
2019,10,MG,0,1,4,2,44,1081.0,0,0,8,4,26,1,2.0,0
2019,7,MG,0,3,4,1,44,1124.0,0,0,7,4,50,1,2.0,0
2019,3,MG,0,1,6,2,44,1075.0,0,0,5,6,62,1,2.0,0
2018,2,MG,1,1,2,6,25,1564.0,0,0,2,9,41,0,9.0,1
2018,4,MG,0,1,6,6,25,1564.0,0,0,2,9,46,0,4.0,0
2018,8,MG,1,1,2,7,44,1155.0,0,0,7,6,28,1,4.0,1
2018,8,MG,0,1,4,6,44,1600.0,0,0,4,7,29,0,2.0,0
2019,7,MG,0,1,4,6,44,1210.0,0,0,6,5,32,1,8.0,0
2018,7,MG,0,1,4,1,44,1533.0,0,0,7,6,32,1,8.0,0
2018,5,MG,1,3,2,3,44,954.0,0,0,6,7,56,1,4.0,1
2018,4,MG,1,1,2,2,44,0.0,0,0,6,7,32,0,2.0,1
2018,4,MG,1,1,2,2,44,0.0,0,0,6,7,32,0,2.0,1
2018,2,MG,1,3,2,4,44,1097.0,0,0,6,3,27,0,2.0,1
2019,11,MG,1,1,2,1,44,1102.0,0,0,7,7,31,1,2.0,1
2018,6,MG,1,3,2,4,44,1097.0,0,0,6,7,21,1,8.0,1
2019,9,MG,1,3,2,1,44,1150.0,0,0,6,7,22,1,9.0,1
2019,11,MG,1,3,2,5,44,1147.0,0,0,6,7,26,1,8.0,1
2018,2,MG,1,1,2,4,44,1031.0,0,0,4,8,18,0,9.0,1
2019,9,MG,1,1,2,1,44,1086.0,0,0,5,7,21,0,2.0,1
2018,4,MG,1,1,2,2,44,0.0,0,0,6,7,32,0,2.0,1
2018,3,MG,0,1,4,4,44,0.0,0,0,6,7,21,1,9.0,0
2019,2,MG,0,1,4,4,44,1147.0,0,0,6,5,18,1,2.0,0
2018,11,MG,0,1,6,6,44,1097.0,0,0,6,5,38,0,2.0,0
2018,6,MG,0,1,6,6,44,1392.0,0,0,4,2,30,1,2.0,0
2018,5,MG,0,1,11,6,44,1442.0,0,0,6,3,38,1,2.0,0
2018,10,MG,0,3,43,3,44,1097.0,0,0,6,2,35,1,2.0,0
2019,8,MG,0,1,43,3,44,0.0,0,0,6,4,37,1,2.0,0
2018,5,MG,0,1,43,1,44,1097.0,0,0,6,7,20,1,4.0,0
2018,5,MG,0,1,43,1,44,1097.0,0,0,6,7,20,1,4.0,0
2018,8,MG,0,1,43,5,44,1920.0,0,0,7,3,31,1,8.0,0
2018,10,MG,0,3,43,3,44,1097.0,0,0,6,2,35,1,2.0,0
2018,12,MG,0,1,4,4,36,1583.0,0,0,6,4,38,1,8.0,0
2018,9,MG,1,1,2,6,44,1046.0,0,0,8,6,24,1,2.0,1
2018,5,MG,1,1,2,1,44,1195.0,0,0,7,7,20,0,8.0,1
2019,6,MG,1,1,2,1,44,1294.0,0,0,5,6,18,1,8.0,1
2018,11,MG,0,1,4,1,44,1908.0,0,0,4,7,40,1,2.0,0
2019,5,MG,0,1,4,2,44,1104.0,0,0,7,7,47,1,2.0,0
2018,10,MG,1,1,1,6,20,434.0,1,0,4,6,18,1,8.0,1
2018,3,MG,0,1,4,3,44,1214.0,0,0,5,6,46,0,9.0,0
2019,10,MG,0,1,6,2,44,1310.0,0,0,8,7,22,1,8.0,0
2019,2,MG,1,1,1,4,20,543.0,1,0,4,6,17,1,8.0,1
2019,6,MG,1,1,2,5,44,1500.0,0,0,7,6,42,1,8.0,1
2018,9,MG,1,1,2,2,44,1092.0,0,0,4,7,41,1,9.0,1
2018,5,MG,1,1,2,1,44,977.0,0,0,5,7,34,1,9.0,1
2019,12,MG,1,1,2,1,44,1200.0,0,0,8,7,24,1,9.0,1
2018,10,MG,0,1,4,7,44,1326.0,0,0,4,7,33,0,2.0,0
2018,2,MG,0,1,4,2,44,997.0,0,0,5,7,45,1,9.0,0
2018,9,MG,0,1,6,2,44,1092.0,0,0,5,7,32,0,9.0,0
2018,5,MG,0,1,6,7,44,1181.0,0,0,3,9,33,1,9.0,0
2019,7,MG,1,1,2,7,44,1069.0,0,0,8,7,24,1,8.0,1
2018,11,MG,1,3,2,1,44,1133.0,0,0,6,1,44,0,4.0,1
2019,8,MG,1,1,2,2,44,1050.0,0,0,8,7,19,1,9.0,1
2018,1,MG,1,1,2,9,44,1339.0,0,0,8,7,23,1,2.0,1
2018,1,MG,1,1,2,9,44,1339.0,0,0,8,7,23,1,2.0,1
2019,2,MG,1,1,2,9,44,1428.0,0,0,3,9,45,0,2.0,1
2018,11,MG,1,1,2,9,44,1366.0,0,0,5,4,27,1,2.0,1
2018,6,MG,0,1,4,9,44,1366.0,0,0,5,2,31,0,2.0,0
2018,10,MG,0,1,33,5,44,1541.0,0,0,7,7,43,1,4.0,0
2018,12,MG,1,1,1,4,44,1006.0,0,0,5,6,18,0,8.0,1
2018,11,MG,1,1,1,6,44,1197.0,0,0,3,9,25,1,2.0,1
2019,11,MG,1,3,2,3,44,1097.0,0,0,6,4,37,1,2.0,1
2018,4,MG,1,1,2,1,40,1500.0,0,0,4,9,35,0,9.0,1
2019,5,MG,1,1,2,2,44,2029.0,0,0,7,7,44,1,2.0,1
2018,2,MG,0,1,4,5,44,1563.0,0,0,7,4,27,1,9.0,0
2019,10,MG,0,1,4,2,44,1100.0,0,0,8,7,26,1,8.0,0
2019,8,MG,0,3,11,3,44,1097.0,0,0,6,7,19,1,8.0,0
2018,11,MG,1,1,10,1,44,1010.0,0,0,5,7,53,0,2.0,1
2019,7,MG,1,1,1,6,44,1013.0,0,0,7,7,19,0,8.0,1
2018,1,MG,0,3,4,1,44,954.0,0,0,6,2,47,1,8.0,0
2018,10,MG,1,1,2,5,44,1059.0,0,0,7,6,32,1,2.0,1
2018,3,MG,1,1,2,7,44,1726.0,0,0,9,7,43,1,8.0,1
2018,8,MG,1,1,2,1,44,953.0,0,0,4,7,24,0,8.0,1
2019,8,MG,0,1,4,7,44,2052.0,0,0,7,6,38,1,8.0,0
2018,5,MG,0,1,6,5,44,2293.0,0,0,7,7,30,1,8.0,0
2019,3,MG,0,1,6,6,44,1289.0,0,1,7,6,39,1,2.0,0
2019,12,MG,1,3,2,2,44,998.0,0,0,6,3,39,1,2.0,1
2018,10,MG,0,1,8,1,44,1500.0,0,0,5,6,38,1,4.0,0
2018,8,MG,1,3,25,1,44,954.0,0,0,6,5,41,1,4.0,1
2019,11,MG,0,1,43,2,44,998.0,0,0,6,3,37,1,8.0,0
2018,6,MG,1,3,2,1,44,954.0,0,0,6,4,44,1,8.0,1
2018,3,MG,1,1,2,1,44,1610.0,0,0,7,7,39,1,2.0,1
2019,8,MG,0,3,4,7,44,1428.0,0,0,4,7,28,0,8.0,0
2019,10,MG,0,1,4,8,44,2620.0,0,0,7,4,41,1,8.0,0
2019,4,MG,1,3,2,3,44,998.0,0,0,6,5,39,0,4.0,1
2018,3,MG,0,1,4,2,44,954.0,0,0,5,7,20,1,8.0,0
2019,11,MG,0,1,6,3,44,998.0,0,0,5,7,32,0,8.0,0
2019,9,MG,1,1,1,5,20,469.0,1,0,4,6,18,0,8.0,1
2018,9,MG,1,1,1,9,20,448.0,1,0,4,7,19,1,8.0,1
2018,11,MG,1,1,2,1,44,1051.0,0,0,5,7,18,0,4.0,1
2019,9,MG,1,1,2,1,44,1800.0,0,0,8,7,31,1,2.0,1
2018,6,MG,1,1,2,1,44,1031.0,0,0,5,7,23,0,2.0,1
2019,11,MG,1,1,2,4,44,1087.0,0,0,5,1,27,1,9.0,1
2018,3,MG,1,1,2,1,44,1069.0,0,0,5,7,30,1,8.0,1
2019,6,MG,1,1,2,3,44,1550.0,0,0,7,7,32,1,2.0,1
2019,4,MG,1,1,2,4,44,1500.0,0,0,4,9,29,0,8.0,1
2019,11,MG,1,1,2,1,44,1087.0,0,0,5,7,28,0,8.0,1
2018,4,MG,1,1,2,1,44,1145.0,0,0,5,2,50,1,8.0,1
2019,8,MG,1,1,2,4,44,1200.0,0,0,5,6,23,0,8.0,1
2018,4,MG,0,1,4,1,44,1127.0,0,0,8,7,25,1,4.0,0
2019,2,MG,0,1,4,2,44,1265.0,0,0,7,7,20,1,8.0,0
2019,11,MG,0,1,4,6,36,1111.0,0,0,7,6,23,1,8.0,0
2018,8,MG,0,1,4,2,44,1393.0,0,0,5,6,43,1,8.0,0
2018,7,MG,0,1,4,4,44,2400.0,0,0,9,3,39,1,2.0,0
2018,4,MG,0,1,4,7,44,954.0,0,0,5,7,21,1,8.0,0
2018,8,MG,0,1,4,3,44,4000.0,0,0,2,9,32,1,9.0,0
2019,4,MG,0,1,4,3,44,1858.0,0,0,7,8,41,1,8.0,0
2019,2,MG,0,1,6,9,44,1235.0,0,0,8,7,21,1,8.0,0
2018,10,MG,0,1,6,1,44,1017.0,0,0,5,9,58,0,8.0,0
2018,2,MG,0,1,11,3,44,997.0,0,0,4,8,20,1,2.0,0
2019,8,MG,0,1,11,1,40,1858.0,0,0,7,5,30,1,9.0,0
2019,9,MG,0,1,11,4,44,1089.0,0,0,4,7,32,1,8.0,0
2018,9,MG,1,1,25,6,44,976.0,0,0,7,6,24,1,8.0,1
2019,9,MG,1,1,2,3,44,1588.0,0,0,3,9,27,0,2.0,1
2019,6,MG,0,3,4,1,44,1650.0,0,0,7,7,48,1,8.0,0
2019,3,MG,1,1,1,1,44,998.0,0,0,5,8,21,0,8.0,1
2019,1,MG,1,1,2,6,44,998.0,0,0,5,7,38,0,8.0,1
2018,3,MG,1,1,2,6,44,954.0,0,0,7,4,31,1,8.0,1
2018,11,MG,1,1,2,3,44,997.0,0,0,5,7,23,0,2.0,1
2018,12,MG,1,1,2,7,44,954.0,0,0,5,7,55,0,8.0,1
2019,11,MG,0,1,4,1,21,601.0,0,0,5,7,20,0,8.0,0
2018,12,MG,0,1,11,1,44,954.0,0,0,5,6,34,1,4.0,0
2018,8,MG,0,1,11,6,44,954.0,0,0,7,7,23,1,8.0,0
2018,5,MG,0,1,11,3,44,954.0,0,0,5,7,41,0,8.0,0
2018,8,MG,1,1,25,1,44,1050.0,0,0,4,7,23,1,8.0,1
2019,2,MG,1,1,2,1,44,1135.0,0,0,5,7,40,1,8.0,1
2018,10,MG,1,1,2,2,44,1069.0,0,0,8,7,22,1,8.0,1
2019,11,MG,1,1,2,6,44,4200.0,0,0,4,7,39,1,8.0,1
2019,3,MG,1,1,2,1,44,1165.0,0,0,5,8,26,1,2.0,1
2019,10,MG,0,1,4,1,44,1124.0,0,0,1,9,48,1,8.0,0
2018,1,MG,0,1,4,2,40,920.0,0,0,3,7,25,0,8.0,0
2019,1,MG,1,1,1,1,44,1053.0,0,0,5,6,20,0,9.0,1
2019,7,MG,1,1,2,2,44,1800.0,0,0,5,7,30,0,8.0,1
2018,7,MG,0,1,4,3,44,1043.0,0,0,5,7,21,1,2.0,0
2019,7,MG,1,1,1,1,44,1050.0,0,0,7,6,31,1,2.0,1
2018,8,MG,1,1,2,6,44,1431.0,0,0,8,7,23,1,8.0,1
2018,5,MG,1,1,2,2,44,1225.0,0,0,8,6,40,1,8.0,1
2018,11,MG,1,1,2,3,44,1095.0,0,0,7,7,39,1,8.0,1
2019,6,MG,1,3,2,1,44,709.0,0,0,6,3,38,1,8.0,1
2019,10,MG,1,1,2,3,44,2994.0,0,0,2,7,47,1,2.0,1
2019,8,MG,0,1,4,3,44,2207.0,0,0,1,9,50,1,2.0,0
2018,5,MG,0,1,4,5,44,1267.0,0,0,4,7,22,1,8.0,0
2018,3,MG,0,1,6,1,44,1107.0,0,0,4,7,28,1,2.0,0
2018,12,MG,1,1,25,6,44,1027.0,0,0,5,7,27,1,8.0,1
2018,12,MG,0,1,4,2,44,1400.0,0,0,7,5,33,1,8.0,0
2019,7,MG,1,1,2,1,44,1146.0,0,0,7,4,35,1,8.0,1
2018,4,MG,1,1,2,6,44,985.0,0,0,7,8,18,1,8.0,1
2019,2,MG,1,1,2,5,44,1050.0,0,0,4,4,50,1,8.0,1
2018,3,MG,1,1,2,7,44,954.0,0,0,7,7,21,0,2.0,1
2018,8,MG,1,1,2,4,44,1200.0,0,0,3,6,30,0,8.0,1
2018,9,MG,1,1,2,8,44,1033.0,0,0,7,9,28,0,2.0,1
2019,10,MG,0,3,4,3,44,1030.0,0,0,6,2,46,0,2.0,0
2018,7,MG,0,1,6,1,44,986.0,0,0,5,7,32,0,2.0,0
2019,8,MG,0,3,11,1,44,1030.0,0,0,6,1,53,1,2.0,0
2019,10,MG,1,1,25,1,44,1086.0,0,0,5,7,19,1,9.0,1
2019,1,MG,0,1,6,4,44,1200.0,0,0,5,7,20,1,8.0,0
2019,4,MG,0,3,11,4,44,998.0,0,0,6,3,51,1,9.0,0
2018,2,MG,1,1,2,2,44,954.0,0,0,1,7,23,0,8.0,1
2019,6,MG,1,1,2,7,44,1100.0,0,0,8,7,26,1,8.0,1
2018,9,MG,1,1,2,3,44,1020.0,0,0,5,4,50,1,2.0,1
2019,8,MG,1,1,2,2,44,1700.0,0,0,1,9,28,0,2.0,1
2019,4,MG,1,1,2,5,44,1100.0,0,0,7,7,18,1,8.0,1
2019,4,MG,1,1,2,2,44,1150.0,0,0,3,7,29,1,2.0,1
2019,11,MG,1,1,2,3,44,1092.0,0,0,5,4,40,1,2.0,1
2018,2,MG,1,1,2,3,44,1237.0,0,0,7,7,22,1,2.0,1
2019,8,MG,0,1,4,2,44,1060.0,0,0,5,6,22,1,8.0,0
2018,7,MG,0,3,4,1,44,954.0,0,0,4,6,42,0,4.0,0
2019,6,MG,0,1,4,4,44,1053.0,0,0,5,7,24,0,9.0,0
2018,6,MG,0,1,4,2,44,954.0,0,0,7,3,51,0,9.0,0
2018,10,MG,0,1,6,1,44,1020.0,0,0,4,9,25,0,8.0,0
2019,10,MG,0,1,6,4,44,1135.0,0,0,7,7,30,1,9.0,0
2018,6,MG,0,1,6,2,44,989.0,0,0,5,5,23,0,8.0,0
2018,9,MG,0,1,11,2,44,979.0,0,0,4,8,27,1,2.0,0
2019,7,MG,0,1,11,3,44,1518.0,0,0,7,6,30,1,2.0,0
2019,5,MG,0,3,11,1,44,998.0,0,0,6,4,25,0,4.0,0
2018,4,MG,1,1,2,8,44,2263.0,0,0,4,8,31,0,8.0,1
2018,8,MG,1,1,2,5,44,1528.0,0,0,7,4,39,1,2.0,1
2018,10,MG,1,3,2,1,44,1151.0,0,0,7,7,43,1,9.0,1
2018,2,MG,1,1,2,4,28,1131.0,0,0,3,8,22,0,2.0,1
2019,3,MG,1,1,2,1,44,1169.0,0,0,2,8,20,0,2.0,1
2019,5,MG,1,1,2,3,44,1233.0,0,0,3,9,26,1,2.0,1
2019,12,MG,1,3,2,1,44,1511.0,0,0,7,7,37,1,2.0,1
2018,5,MG,1,1,2,6,44,2232.0,0,0,7,7,20,1,2.0,1
2018,10,MG,1,1,2,3,44,1735.0,0,0,7,7,29,1,8.0,1
2018,2,MG,1,3,2,2,44,1413.0,0,0,7,7,36,1,9.0,1
2019,11,MG,1,1,2,2,44,1125.0,0,0,5,7,30,0,2.0,1
2018,7,MG,1,1,2,2,44,1043.0,0,0,5,7,20,1,9.0,1
2018,12,MG,1,1,2,7,44,1752.0,0,0,7,4,48,1,8.0,1
2018,3,MG,1,1,2,6,44,1645.0,0,0,3,8,19,1,8.0,1
2019,4,MG,1,1,2,1,44,2305.0,0,0,4,7,28,0,8.0,1
2019,10,MG,1,1,2,3,36,1031.0,0,0,5,7,20,0,8.0,1
2019,7,MG,1,1,2,1,44,1260.0,0,0,5,6,19,1,2.0,1
2018,5,MG,1,1,2,2,44,688.0,0,0,4,7,38,0,2.0,1
2019,12,MG,1,1,2,4,36,1150.0,0,0,5,4,47,0,4.0,1
2018,5,MG,0,1,4,1,44,1869.0,0,0,4,7,34,0,2.0,0
2018,8,MG,0,1,4,1,44,1121.0,0,0,5,7,40,1,2.0,0
2018,8,MG,0,1,4,5,22,3399.0,0,0,2,9,46,1,2.0,0
2019,9,MG,0,1,4,4,42,1117.0,0,0,5,7,22,1,2.0,0
2018,8,MG,0,1,4,6,44,1190.0,0,0,8,6,35,0,8.0,0
2018,7,MG,0,1,4,4,44,1036.0,0,0,1,9,44,1,9.0,0
2018,6,MG,0,1,4,5,44,1435.0,0,0,8,5,32,1,8.0,0
2019,10,MG,0,1,4,3,44,1300.0,0,0,4,7,38,0,2.0,0
2019,6,MG,0,1,4,1,44,1260.0,0,0,5,7,40,1,9.0,0
2018,2,MG,0,1,4,3,44,1000.0,0,0,6,4,20,1,2.0,0
2019,8,MG,0,1,4,1,44,1419.0,0,0,8,7,38,1,4.0,0
2019,6,MG,0,1,4,5,44,1086.0,0,0,3,6,30,0,8.0,0
2018,3,MG,0,3,4,2,44,2270.0,0,0,7,7,27,1,8.0,0
2018,3,MG,0,1,4,3,40,3923.0,0,0,2,9,31,1,9.0,0
2018,2,MG,0,1,4,1,44,1015.0,0,0,7,6,31,0,9.0,0
2018,12,MG,0,1,4,1,44,1086.0,0,0,5,7,74,1,2.0,0
2019,7,MG,0,1,4,7,40,2511.0,0,0,5,7,56,0,2.0,0
2018,8,MG,0,1,4,3,44,2598.0,0,0,7,7,48,1,9.0,0
2018,12,MG,0,1,6,8,44,1203.0,0,0,5,7,32,0,9.0,0
2019,1,MG,0,1,6,5,44,1126.0,0,0,4,7,25,0,2.0,0
2019,2,MG,0,1,6,7,44,1752.0,0,0,4,9,30,1,2.0,0
2019,7,MG,0,1,6,2,36,1036.0,0,0,1,8,25,0,9.0,0
2019,2,MG,0,1,6,8,44,3493.0,0,0,2,9,31,0,2.0,0
2018,5,MG,0,1,11,5,24,519.0,1,0,4,6,22,0,8.0,0
2019,5,MG,0,1,11,8,36,1112.0,0,0,3,7,58,0,2.0,0
2019,9,MG,0,1,11,3,44,1370.0,0,0,7,6,44,1,8.0,0
2019,10,MG,0,1,11,1,44,1319.0,0,0,5,7,37,1,2.0,0
2019,7,MG,1,1,25,2,44,1086.0,0,0,4,7,22,1,2.0,1
2018,4,MG,1,3,25,1,44,1129.0,0,0,7,7,30,1,2.0,1
2019,9,MG,1,1,1,5,44,1030.0,0,0,7,4,35,1,2.0,1
2018,1,MG,1,3,1,1,44,992.0,0,0,6,7,27,1,2.0,1
2019,8,MG,1,1,1,2,44,1100.0,0,0,9,7,20,1,2.0,1
2019,9,MG,1,1,1,6,44,1400.0,0,0,7,7,22,1,2.0,1
2018,11,MG,1,1,1,1,44,1000.0,0,0,4,9,31,1,2.0,1
2019,9,MG,1,1,1,2,44,1126.0,0,0,3,1,29,1,6.0,1
2018,11,MG,1,1,2,3,44,1460.0,0,0,7,7,33,1,9.0,1
2018,2,MG,1,1,2,3,44,1370.0,0,0,2,9,36,0,2.0,1
2018,2,MG,1,1,2,1,44,1087.0,0,0,4,9,43,1,2.0,1
2019,12,MG,1,1,2,3,44,1165.0,0,0,5,7,36,0,2.0,1
2019,10,MG,1,1,2,3,44,1124.0,0,0,5,5,43,0,4.0,1
2018,3,MG,1,1,2,9,44,1442.0,0,0,5,4,24,1,8.0,1
2018,5,MG,1,1,2,1,44,1461.0,0,0,7,7,22,1,2.0,1
2019,12,MG,1,1,2,9,44,1225.0,0,0,8,4,25,1,9.0,1
2019,4,MG,1,1,2,4,44,1126.0,0,0,5,7,45,0,8.0,1
2019,10,MG,1,1,2,7,44,4000.0,0,0,5,9,49,0,8.0,1
2018,11,MG,1,1,2,6,44,961.0,0,0,5,7,22,0,8.0,1
2019,10,MG,1,1,2,4,44,1200.0,0,0,3,7,23,0,2.0,1
2018,6,MG,1,1,2,9,40,3500.0,0,0,3,8,26,1,2.0,1
2018,7,MG,1,1,2,1,44,1087.0,0,0,4,7,21,1,8.0,1
2018,1,MG,1,1,2,8,44,1170.0,0,0,7,2,27,1,9.0,1
2018,10,MG,1,1,2,1,44,2000.0,0,0,4,7,27,1,8.0,1
2018,6,MG,1,1,2,2,44,1700.0,0,0,7,7,28,1,9.0,1
2018,6,MG,1,1,2,2,44,1700.0,0,0,7,7,36,1,9.0,1
2018,11,MG,1,1,2,1,44,1532.0,0,0,4,7,25,1,4.0,1
2018,3,MG,1,1,2,9,40,3379.0,0,0,2,9,26,0,8.0,1
2018,6,MG,1,1,2,4,44,3000.0,0,0,1,7,50,0,2.0,1
2018,11,MG,1,1,2,3,44,2008.0,0,0,9,7,38,1,9.0,1
2019,2,MG,1,1,2,3,44,1641.0,0,0,7,7,31,1,2.0,1
2019,10,MG,1,1,2,1,36,921.0,0,0,5,7,32,0,2.0,1
2018,2,MG,1,1,2,1,44,954.0,0,0,4,7,51,0,2.0,1
2019,5,MG,1,1,2,6,44,1133.0,0,0,7,5,31,1,2.0,1
2019,5,MG,1,1,2,1,44,1225.0,0,0,8,3,41,0,9.0,1
2019,7,MG,1,1,2,1,44,998.0,0,0,4,7,25,0,2.0,1
2018,9,MG,1,1,2,1,44,1057.0,0,0,4,7,57,0,4.0,1
2019,8,MG,1,1,2,5,44,7838.0,0,0,2,9,31,0,2.0,1
2019,4,MG,1,1,2,1,44,1080.0,0,0,9,6,28,1,2.0,1
2019,3,MG,1,1,2,3,44,1203.0,0,0,5,7,26,1,2.0,1
2019,8,MG,1,1,2,1,44,1029.0,0,0,7,7,23,1,8.0,1
2018,12,MG,1,1,2,4,44,2680.0,0,0,7,6,45,1,2.0,1
2019,12,MG,1,1,2,1,44,1536.0,0,0,5,4,34,1,8.0,1
2019,5,MG,1,1,2,1,44,1150.0,0,0,5,6,44,0,4.0,1
2018,2,MG,1,1,2,4,44,1015.0,0,0,3,9,22,0,2.0,1
2018,7,MG,1,1,2,1,44,1029.0,0,0,7,5,26,1,4.0,1
2019,4,MG,1,1,2,8,44,1455.0,0,0,5,6,28,1,4.0,1
2018,9,MG,1,1,2,3,44,1400.0,0,0,3,7,37,1,2.0,1
2019,8,MG,1,1,2,2,44,1126.0,0,0,5,7,24,1,2.0,1
2018,3,MG,1,1,2,1,22,477.0,0,0,7,6,24,1,2.0,1
2019,10,MG,1,1,2,2,44,1118.0,0,0,4,8,22,0,8.0,1
2018,3,MG,1,1,2,8,44,1238.0,0,0,9,5,19,1,9.0,1
2019,7,MG,1,1,2,4,44,1858.0,0,0,7,7,38,1,2.0,1
2019,12,MG,1,1,2,1,44,1800.0,0,0,2,8,23,0,9.0,1
2018,4,MG,1,1,2,9,36,954.0,0,0,4,7,38,0,8.0,1
2018,1,MG,0,1,4,9,44,1673.0,0,0,5,4,27,1,8.0,0
2018,1,MG,0,1,4,4,44,1704.0,0,0,7,5,57,1,9.0,0
2018,9,MG,0,1,4,1,44,1088.0,0,0,4,7,28,1,9.0,0
2019,6,MG,0,3,4,3,44,1037.0,0,0,6,7,37,1,8.0,0
2019,9,MG,0,3,4,1,44,998.0,0,0,7,5,33,1,8.0,0
2019,8,MG,0,1,4,7,44,1591.0,0,0,6,8,27,1,8.0,0
2018,11,MG,0,1,4,1,24,1544.0,0,0,3,5,23,1,2.0,0
2018,1,MG,0,1,4,9,36,937.0,0,0,4,8,34,0,8.0,0
2019,3,MG,0,1,4,4,44,1339.0,0,0,4,7,30,1,8.0,0
2019,7,MG,0,1,4,2,44,1050.0,0,0,7,7,27,1,2.0,0
2019,1,MG,0,1,4,9,36,998.0,0,0,4,7,24,0,8.0,0
2019,4,MG,0,1,4,4,44,1124.0,0,0,5,6,32,0,4.0,0
2018,7,MG,0,1,4,7,44,1035.0,0,0,7,4,50,1,4.0,0
2019,4,MG,0,1,4,2,44,1029.0,0,0,5,7,44,1,2.0,0
2019,7,MG,0,1,4,4,44,1452.0,0,0,7,2,34,1,2.0,0
2019,7,MG,0,1,4,1,44,1029.0,0,0,7,7,51,1,2.0,0
2019,11,MG,0,1,4,5,44,1128.0,0,0,3,8,23,0,2.0,0
2018,3,MG,0,1,4,4,44,1602.0,0,0,5,7,50,1,2.0,0
2019,12,MG,0,1,4,4,44,1700.0,0,0,2,9,33,1,2.0,0
2019,10,MG,0,1,4,8,36,1181.0,0,0,4,9,39,1,2.0,0
2018,4,MG,0,1,4,4,44,1128.0,0,0,5,7,36,0,2.0,0
2019,9,MG,0,1,4,1,44,1086.0,0,0,9,7,40,1,8.0,0
2018,11,MG,0,1,4,3,44,1296.0,0,0,5,7,51,0,2.0,0
2019,11,MG,0,1,4,9,36,998.0,0,0,4,7,25,1,2.0,0
2019,9,MG,0,1,4,7,44,1540.0,0,0,3,7,42,1,2.0,0
2019,10,MG,0,1,4,1,44,998.0,0,0,5,8,39,1,8.0,0
2019,9,MG,0,1,4,1,44,1478.0,0,0,2,9,47,0,8.0,0
2018,2,MG,0,1,4,9,36,1593.0,0,0,4,8,25,0,2.0,0
2019,7,MG,0,1,4,4,44,3488.0,0,0,5,7,51,1,8.0,0
2018,12,MG,0,1,6,6,44,1194.0,0,0,5,7,23,1,2.0,0
2019,12,MG,0,1,6,4,44,1100.0,0,0,7,7,38,0,4.0,0
2018,5,MG,0,1,6,8,44,1771.0,0,0,3,9,28,1,9.0,0
2019,8,MG,0,1,6,1,44,1456.0,0,0,1,7,36,1,2.0,0
2019,3,MG,0,3,6,3,44,1248.0,0,0,6,7,33,1,9.0,0
2018,3,MG,0,1,6,9,40,3451.0,0,0,1,9,26,0,2.0,0
2019,6,MG,0,1,6,4,44,1579.0,0,0,5,9,37,0,2.0,0
2019,1,MG,0,1,6,9,36,954.0,0,0,4,7,26,1,8.0,0
2019,2,MG,0,1,6,5,44,1126.0,0,0,5,7,34,1,9.0,0
2019,7,MG,0,1,6,7,44,1650.0,0,0,2,7,32,1,8.0,0
2019,5,MG,0,1,6,4,44,1824.0,0,0,2,9,35,1,8.0,0
2018,6,MG,0,3,6,1,44,992.0,0,0,5,4,28,1,2.0,0
2019,6,MG,0,1,6,9,36,998.0,0,0,4,9,28,0,9.0,0
2018,4,MG,0,1,6,4,44,1203.0,0,0,5,7,25,1,2.0,0
2018,12,MG,0,1,6,7,40,4300.0,0,0,1,9,31,1,8.0,0
2018,11,MG,0,1,11,3,44,1087.0,0,0,5,8,27,0,2.0,0
2018,8,MG,0,1,11,2,36,1150.0,0,0,5,6,22,1,8.0,0
2019,2,MG,0,1,11,3,36,1277.0,0,0,5,7,19,0,2.0,0
2018,11,MG,0,1,11,4,44,1004.0,0,0,5,6,26,0,4.0,0
2018,2,MG,0,1,11,7,44,1095.0,0,0,6,5,21,1,8.0,0
2019,5,MG,0,1,11,4,36,1237.0,0,0,5,7,18,0,8.0,0
2019,3,MG,0,1,11,9,30,703.0,1,0,4,8,19,0,2.0,0
2019,9,MG,0,1,11,5,20,464.0,1,0,4,7,17,1,9.0,0
2018,2,MG,0,1,11,7,44,1052.0,0,0,4,7,44,0,8.0,0
2018,6,MG,0,1,11,8,44,1100.0,0,0,6,5,43,1,2.0,0
2019,9,MG,0,1,11,7,44,1591.0,0,0,6,5,32,1,8.0,0
2018,6,MG,0,1,11,8,44,1100.0,0,0,6,5,43,1,2.0,0
2019,1,MG,1,1,25,5,44,1126.0,0,0,4,7,23,0,8.0,1
2019,7,MG,1,1,25,1,44,1029.0,0,0,7,3,40,1,8.0,1
2018,11,MG,1,1,25,8,44,1467.0,0,0,6,7,23,0,2.0,1
2018,8,MG,1,1,25,8,44,2546.0,0,0,6,7,24,1,2.0,1
2019,7,MG,1,1,25,8,36,1181.0,0,0,4,7,20,1,8.0,1
2018,4,MG,1,1,25,7,44,1095.0,0,0,6,7,21,0,8.0,1
2019,4,MG,1,1,25,7,44,998.0,0,0,9,7,19,1,8.0,1
2018,2,MG,1,1,2,4,44,985.0,0,0,4,7,21,0,8.0,1
2019,11,MG,1,1,2,6,44,1092.0,0,0,5,7,23,1,2.0,1
2018,7,MG,0,1,4,4,44,1144.0,0,0,4,5,34,0,2.0,0
2018,5,MG,0,1,4,1,44,1600.0,0,0,7,7,39,1,9.0,0
2018,1,MG,0,1,4,1,44,954.0,0,0,4,7,33,0,2.0,0
2019,9,MG,0,1,4,4,44,998.0,0,0,5,7,25,1,9.0,0
2019,12,MG,0,1,4,3,44,1107.0,0,0,5,7,42,0,9.0,0
2018,10,MG,0,1,4,7,44,1387.0,0,0,7,7,28,1,8.0,0
2019,9,MG,0,3,11,1,44,1133.0,0,0,7,7,55,1,9.0,0
2018,6,MG,0,1,43,4,44,963.0,0,0,5,7,24,0,2.0,0
2018,2,MG,0,1,6,7,22,1323.0,0,0,3,9,47,0,2.0,0
2019,11,MG,1,1,25,6,30,998.0,0,0,5,6,36,0,2.0,1
2018,1,MG,1,1,2,8,44,1130.0,0,0,7,7,22,0,8.0,1
2018,6,MG,1,1,2,4,40,2250.0,0,0,1,9,31,1,2.0,1
2018,12,MG,1,1,2,3,44,13500.0,0,0,2,9,45,1,2.0,1
2018,4,MG,1,1,2,5,44,1000.0,0,0,4,8,18,1,2.0,1
2018,6,MG,1,1,2,1,44,1185.0,0,0,2,9,25,1,9.0,1
2018,11,MG,1,1,2,4,44,1250.0,0,0,5,6,37,1,8.0,1
2019,6,MG,1,1,2,4,44,2100.0,0,0,3,7,34,1,2.0,1
2019,3,MG,1,1,2,4,44,1018.0,0,0,5,7,20,1,8.0,1
2018,4,MG,0,1,4,1,44,1049.0,0,0,9,7,29,1,2.0,0
2019,11,MG,0,1,4,2,44,1272.0,0,0,7,2,45,1,8.0,0
2018,11,MG,0,1,4,6,44,2120.0,0,0,7,7,33,1,2.0,0
2019,10,MG,0,1,4,6,44,1505.0,0,1,7,7,48,0,8.0,0
2018,10,MG,0,1,4,7,36,990.0,0,0,4,7,20,0,9.0,0
2019,3,MG,0,1,4,7,36,1037.0,0,0,4,6,21,0,9.0,0
2019,1,MG,0,1,4,4,44,1783.0,0,0,8,7,34,1,2.0,0
2018,10,MG,0,1,4,1,44,1189.0,0,0,9,7,32,0,2.0,0
2019,8,MG,0,1,4,6,44,1631.0,0,0,7,7,30,1,8.0,0
2018,4,MG,0,1,4,4,44,1724.0,0,0,4,7,33,1,9.0,0
2018,7,MG,0,1,4,4,44,1092.0,0,0,5,4,53,0,2.0,0
2019,5,MG,0,1,5,2,44,1066.0,0,0,5,7,27,1,9.0,0
2019,1,MG,0,1,6,2,44,1025.0,0,0,5,7,30,1,2.0,0
2019,10,MG,0,1,6,1,44,1088.0,0,0,5,7,44,0,9.0,0
2019,5,MG,0,1,6,6,40,947.0,0,0,5,4,42,0,2.0,0
2018,11,MG,0,1,6,1,44,1025.0,0,0,4,7,47,0,2.0,0
2018,8,MG,0,3,11,1,44,1867.0,0,0,6,2,67,1,2.0,0
2019,5,MG,0,1,11,7,44,1133.0,0,0,7,6,22,1,2.0,0
2018,1,MG,0,1,11,8,44,1088.0,0,0,7,7,25,1,2.0,0
2018,1,MG,0,1,11,8,44,1088.0,0,0,7,7,25,1,2.0,0
2018,3,MG,0,1,11,6,44,1243.0,0,0,9,7,34,1,2.0,0
2019,2,MG,1,3,2,1,44,1497.0,0,0,6,5,21,1,2.0,1
2018,6,MG,1,1,2,1,44,986.0,0,0,8,7,33,0,8.0,1
2019,12,MG,0,3,4,4,44,998.0,0,0,6,5,56,1,8.0,0
2019,7,MG,0,1,4,8,44,2822.0,0,0,9,6,39,1,8.0,0
2019,4,MG,0,1,6,1,44,1600.0,0,0,7,7,57,1,8.0,0
2018,2,MG,0,1,43,8,31,937.0,1,0,4,7,20,0,2.0,0
2019,10,MG,0,1,4,2,44,998.0,0,0,6,3,44,1,2.0,0
2018,5,MG,1,1,1,4,44,1051.0,0,0,5,7,18,1,8.0,1
2019,4,MG,1,1,2,1,44,4394.0,0,0,2,9,42,0,2.0,1
2019,4,MG,1,1,2,2,44,1310.0,0,0,5,7,23,1,2.0,1
2018,12,MG,1,1,2,6,44,2861.0,0,0,7,7,24,1,9.0,1
2018,8,MG,1,1,2,1,44,1742.0,0,0,7,4,27,1,2.0,1
2019,9,MG,0,1,4,2,44,1698.0,0,0,7,6,26,1,4.0,0
2019,8,MG,0,1,11,1,44,1111.0,0,0,7,7,41,1,9.0,0
2018,8,MG,1,1,25,1,44,1751.0,0,0,3,8,29,1,8.0,1
2018,8,MG,0,1,43,7,44,2778.0,0,0,7,3,69,1,9.0,0
2019,10,MG,1,1,2,7,42,1059.0,0,0,5,7,32,1,8.0,1
2018,3,MG,0,1,4,6,44,1409.0,0,0,7,4,23,1,2.0,0
2018,7,MG,0,3,4,2,44,1010.0,0,0,7,7,28,1,8.0,0
2019,2,MG,0,1,4,3,44,2850.0,0,0,1,9,26,1,2.0,0
2018,4,MG,0,1,6,2,44,998.0,0,0,8,4,24,0,2.0,0
2019,11,MG,0,1,6,7,44,3500.0,0,0,2,9,30,1,9.0,0
2018,4,MG,0,1,4,3,44,1000.0,0,0,6,5,24,1,2.0,0
2019,2,MG,1,1,2,2,44,1050.0,0,0,8,7,23,0,2.0,1
2019,5,MG,0,1,4,4,44,1020.0,0,0,7,4,41,0,2.0,0
2019,3,ES,1,1,1,1,44,2500.0,0,0,5,7,56,0,8.0,1
2018,12,ES,1,1,2,1,44,1107.0,0,0,5,4,33,0,8.0,1
2019,5,ES,0,1,4,6,44,1397.0,0,0,7,5,54,1,8.0,0
2018,9,ES,0,1,11,2,44,1065.0,0,0,5,7,36,0,2.0,0
2018,8,ES,1,1,2,5,44,1073.0,0,0,5,7,41,0,2.0,1
2018,4,ES,1,1,2,1,44,1065.0,0,0,5,7,24,1,8.0,1
2018,7,ES,0,1,4,1,44,1036.0,0,0,4,6,43,0,2.0,0
2018,2,ES,1,1,2,1,30,0.0,0,0,5,9,26,1,8.0,1
2018,5,ES,1,3,2,1,44,984.0,0,0,6,5,33,1,8.0,1
2018,11,ES,1,1,2,9,44,1610.0,0,0,7,3,22,1,8.0,1
2019,5,ES,1,1,2,4,44,1107.0,0,0,5,7,22,1,8.0,1
2018,3,ES,1,1,2,9,44,1919.0,0,1,7,2,37,1,8.0,1
2018,10,ES,1,3,2,4,44,998.0,0,0,6,6,32,1,8.0,1
2018,7,ES,1,1,2,5,44,2613.0,0,0,7,6,35,1,8.0,1
2018,1,ES,1,1,2,5,36,1465.0,0,0,3,7,40,1,2.0,1
2018,8,ES,1,1,2,5,36,1465.0,0,0,3,7,28,0,4.0,1
2018,8,ES,1,1,2,5,44,1740.0,0,0,9,7,25,1,2.0,1
2019,3,ES,1,1,2,1,44,1050.0,0,0,5,5,19,0,8.0,1
2019,8,ES,1,1,2,9,44,1423.0,0,0,9,6,31,1,8.0,1
2019,8,ES,1,1,2,1,44,1107.0,0,0,1,7,23,1,8.0,1
2019,1,ES,1,1,2,9,44,9029.0,0,0,9,7,36,1,2.0,1
2019,11,ES,1,1,2,2,44,1107.0,0,0,4,7,29,0,8.0,1
2019,3,ES,0,1,4,8,44,1344.0,0,0,7,4,34,1,8.0,0
2018,9,ES,0,1,4,2,44,3059.0,0,0,5,7,34,0,2.0,0
2018,9,ES,0,1,4,8,44,2559.0,0,0,3,7,36,0,8.0,0
2018,8,ES,0,1,4,7,44,3182.0,0,0,7,7,32,1,8.0,0
2018,10,ES,0,1,4,9,44,1849.0,0,0,7,7,34,1,2.0,0
2019,2,ES,0,1,4,1,44,1107.0,0,0,4,7,26,0,8.0,0
2019,7,ES,0,1,6,7,44,2500.0,0,0,2,9,28,0,8.0,0
2019,2,ES,0,1,11,5,44,1105.0,0,0,7,2,38,1,8.0,0
2018,12,ES,0,1,11,5,44,1835.0,0,0,4,7,46,1,8.0,0
2018,11,ES,0,1,11,5,44,2152.0,0,1,7,6,33,1,8.0,0
2019,4,ES,0,1,11,5,44,1776.0,0,0,9,4,29,1,8.0,0
2019,1,ES,1,1,25,5,44,4716.0,0,0,3,5,46,1,8.0,1
2018,8,ES,1,1,25,4,44,1261.0,0,0,9,7,29,1,8.0,1
2019,7,ES,1,1,25,1,44,2192.0,0,0,7,7,26,1,2.0,1
2019,1,ES,1,1,25,5,44,3380.0,0,0,7,5,48,1,8.0,1
2019,4,ES,0,1,43,5,44,2098.0,0,0,7,5,32,1,8.0,0
2018,10,ES,0,1,43,8,20,520.0,1,0,9,6,17,1,4.0,0
2018,7,ES,1,1,2,1,44,1631.0,0,0,2,9,37,1,2.0,1
2019,5,ES,0,1,4,3,44,1053.0,0,0,9,6,27,1,8.0,0
2019,2,ES,1,1,2,3,44,1107.0,0,0,5,7,37,1,8.0,1
2018,2,ES,1,1,2,6,44,1201.0,0,0,7,7,24,1,8.0,1
2019,9,ES,1,3,2,2,44,1023.0,0,0,6,7,20,1,2.0,1
2018,7,ES,0,1,4,3,44,1567.0,0,0,7,4,23,1,9.0,0
2019,8,ES,0,3,11,4,44,1045.0,0,0,6,2,24,1,2.0,0
2019,6,ES,1,1,1,3,44,1049.0,0,0,5,7,20,1,2.0,1
2018,5,ES,1,1,2,2,44,1342.0,0,0,1,8,28,0,8.0,1
2019,4,ES,1,1,2,4,44,4500.0,0,0,4,9,40,0,2.0,1
2019,1,ES,1,1,2,4,44,1154.0,0,0,4,7,18,0,2.0,1
2019,9,ES,1,1,2,4,44,1118.0,0,0,3,7,22,1,2.0,1
2019,10,ES,1,3,2,2,44,1800.0,0,0,4,7,39,1,2.0,1
2018,11,ES,1,1,2,6,44,1074.0,0,0,5,7,33,0,2.0,1
2018,1,ES,0,1,6,2,44,1074.0,0,0,5,6,36,1,6.0,0
2018,3,ES,0,1,6,8,30,2377.0,0,0,2,9,35,0,2.0,0
2019,3,ES,0,1,6,8,36,1282.0,0,0,3,7,49,0,2.0,0
2018,3,ES,0,1,11,1,44,1074.0,0,0,5,9,20,0,8.0,0
2019,11,ES,0,1,43,2,42,1442.0,0,0,4,9,31,0,2.0,0
2018,12,ES,1,1,2,1,44,1248.0,0,0,4,7,39,1,8.0,1
2018,8,ES,1,1,2,4,44,1065.0,0,0,5,7,32,1,8.0,1
2019,5,ES,1,1,2,5,44,1107.0,0,0,4,7,27,0,8.0,1
2019,7,ES,1,1,2,7,44,1436.0,0,0,5,5,32,0,8.0,1
2018,6,ES,1,1,2,4,44,1121.0,0,0,5,7,25,1,8.0,1
2019,7,ES,1,1,2,4,44,1424.0,0,0,7,7,19,1,8.0,1
2019,12,ES,1,1,2,6,44,1143.0,0,0,5,6,22,1,8.0,1
2018,10,ES,1,1,2,3,44,1200.0,0,0,4,7,30,1,2.0,1
2019,9,ES,1,1,2,8,44,1062.0,0,0,5,7,30,0,8.0,1
2018,8,ES,1,1,2,6,44,1023.0,0,0,7,6,26,1,8.0,1
2018,9,ES,1,1,2,4,44,1778.0,0,0,4,9,25,0,8.0,1
2018,9,ES,1,1,2,1,44,1300.0,0,0,7,7,28,1,2.0,1
2019,10,ES,1,1,2,1,44,1200.0,0,0,1,7,41,1,8.0,1
2019,5,ES,1,1,2,3,44,1198.0,0,0,4,7,43,1,2.0,1
2018,2,ES,0,1,4,3,44,1458.0,0,0,4,7,31,1,2.0,0
2019,3,ES,0,3,4,4,44,1001.0,0,0,7,7,45,1,8.0,0
2019,2,ES,0,1,4,1,44,1266.0,0,0,8,5,37,1,4.0,0
2018,12,ES,0,1,4,4,44,1750.0,0,0,7,7,33,1,8.0,0
2018,3,ES,0,1,4,5,44,1358.0,0,0,7,7,27,1,2.0,0
2019,5,ES,0,1,4,1,44,1107.0,0,0,4,7,27,0,8.0,0
2019,7,ES,0,1,4,5,44,1863.0,0,0,3,7,40,0,4.0,0
2018,12,ES,0,1,4,3,44,1383.0,0,0,7,7,37,1,8.0,0
2018,3,ES,0,1,6,3,44,1641.0,0,0,7,5,53,1,8.0,0
2019,7,ES,0,1,11,5,44,1296.0,0,0,7,7,20,0,9.0,0
2019,6,ES,0,1,11,5,44,1075.0,0,0,5,9,26,1,4.0,0
2018,7,ES,1,1,2,3,44,993.0,0,0,7,4,48,0,2.0,1
2018,12,ES,1,1,2,8,44,1025.0,0,0,8,4,24,1,9.0,1
2018,1,ES,0,1,4,8,44,1133.0,0,0,6,4,23,1,9.0,0
2018,9,ES,0,1,4,6,44,1449.0,0,0,5,7,35,1,4.0,0
2019,1,ES,0,1,6,1,44,1045.0,0,0,5,7,20,1,2.0,0
2018,4,ES,0,1,6,4,36,1033.0,0,0,3,7,19,1,2.0,0
2019,11,ES,1,1,25,9,44,1077.0,0,0,8,7,45,0,9.0,1
2019,9,ES,1,1,25,9,44,1179.0,0,0,6,7,29,0,9.0,1
2019,10,ES,1,1,1,4,44,1107.0,0,0,2,7,20,0,2.0,1
2018,5,ES,1,1,1,6,20,477.0,1,0,4,6,15,1,8.0,1
2019,8,ES,1,1,2,4,44,1530.0,0,0,4,5,42,1,2.0,1
2018,6,ES,1,1,2,2,44,1104.0,0,0,5,7,20,0,2.0,1
2018,6,ES,1,1,2,2,44,1065.0,0,0,5,7,23,0,9.0,1
2018,6,ES,1,1,2,5,44,2342.0,0,0,4,9,36,0,8.0,1
2019,8,ES,1,3,2,2,44,2313.0,0,0,6,5,47,1,8.0,1
2018,12,ES,0,1,4,4,44,979.0,0,0,3,5,31,0,8.0,0
2019,2,ES,0,1,4,5,44,1146.0,0,0,4,7,22,0,2.0,0
2019,11,ES,0,1,4,8,44,1200.0,0,0,5,7,27,0,8.0,0
2019,11,ES,0,1,11,8,44,1165.0,0,0,5,7,23,1,8.0,0
2019,1,ES,1,1,2,8,44,1197.0,0,0,6,4,52,1,8.0,1
2018,7,ES,0,1,4,8,44,959.0,0,0,6,4,24,1,8.0,0
2019,3,ES,0,1,6,2,44,1045.0,0,0,7,2,44,1,8.0,0
2019,3,ES,1,1,2,1,44,1050.0,0,0,5,5,37,1,2.0,1
2018,2,ES,0,3,4,1,44,1218.0,0,0,7,6,58,1,2.0,0
2019,4,ES,0,1,4,3,44,1107.0,0,0,4,7,28,0,4.0,0
2018,4,ES,1,1,2,4,44,3110.0,0,0,7,5,44,1,4.0,1
2019,8,ES,1,3,2,1,44,1295.0,0,0,6,4,22,1,8.0,1
2018,12,ES,0,1,4,3,44,1045.0,0,0,7,5,28,1,2.0,0
2018,12,ES,1,1,2,3,44,1012.0,0,0,5,7,20,0,4.0,1
2018,5,ES,1,1,2,3,44,1065.0,0,1,5,4,29,0,8.0,1
2019,12,ES,1,1,2,2,41,1144.0,0,0,5,7,28,0,2.0,1
2019,8,ES,1,1,2,4,44,1030.0,0,0,5,7,52,1,8.0,1
2018,2,ES,0,1,4,2,44,1025.0,0,0,7,7,23,1,8.0,0
2019,12,ES,0,3,4,2,44,1299.0,0,0,7,1,50,1,8.0,0
2018,2,ES,0,1,6,3,44,1063.0,0,0,5,7,40,0,8.0,0
2019,5,ES,0,1,8,4,44,3656.0,0,0,8,6,53,1,2.0,0
2019,6,ES,0,1,11,5,44,2132.0,0,0,7,7,44,1,9.0,0
2018,4,ES,0,1,4,1,44,1630.0,0,0,8,5,33,1,4.0,0
2019,3,ES,1,1,2,2,44,1208.0,0,0,5,5,61,1,2.0,1
2019,9,ES,0,1,4,1,44,399.0,0,0,6,1,48,1,8.0,0
2019,12,ES,0,1,6,1,44,1143.0,0,0,5,7,30,1,2.0,0
2019,5,ES,1,3,2,1,44,3340.0,0,0,6,3,37,1,4.0,1
2019,11,ES,0,1,4,1,44,1260.0,0,0,7,7,29,1,2.0,0
2018,6,ES,0,3,6,3,44,983.0,0,0,6,2,26,1,8.0,0
2019,9,ES,0,1,4,2,44,2300.0,0,0,7,7,46,1,9.0,0
2018,4,ES,0,1,4,2,44,1755.0,0,0,7,6,24,1,8.0,0
2018,8,ES,1,1,2,4,44,1030.0,0,0,5,2,25,1,8.0,1
2018,5,ES,1,1,2,1,44,954.0,0,0,5,7,18,1,2.0,1
2018,8,ES,1,1,2,4,44,1423.0,0,0,7,3,44,1,2.0,1
2019,11,ES,1,1,2,5,44,1816.0,0,0,7,7,43,1,2.0,1
2018,6,ES,1,1,2,1,44,1036.0,0,0,7,5,39,1,8.0,1
2018,2,ES,1,1,2,8,44,957.0,0,0,6,4,24,1,8.0,1
2018,6,ES,1,1,2,8,44,957.0,0,0,6,3,31,1,8.0,1
2018,9,ES,1,1,2,1,44,1019.0,0,0,6,7,34,1,4.0,1
2018,9,ES,1,1,2,1,44,1133.0,0,0,3,7,35,1,4.0,1
2018,8,ES,1,3,2,3,44,1055.0,0,0,6,4,38,1,8.0,1
2018,6,ES,1,1,2,3,44,1609.0,0,0,7,7,36,1,8.0,1
2018,1,ES,0,1,4,5,44,1018.0,0,0,5,6,40,0,8.0,0
2019,10,ES,0,1,4,4,44,1107.0,0,0,5,7,30,0,8.0,0
2018,10,ES,0,1,4,6,44,983.0,0,0,6,6,18,1,4.0,0
2018,5,ES,0,3,6,1,44,1104.0,0,0,6,5,36,1,2.0,0
2018,4,ES,0,1,6,3,40,2281.0,0,0,4,9,24,0,8.0,0
2019,9,ES,0,1,6,3,44,1068.0,0,0,7,7,25,1,4.0,0
2019,6,ES,0,1,6,1,44,1208.0,0,0,5,7,25,1,2.0,0
2019,9,ES,0,3,8,1,44,1023.0,0,0,8,6,26,1,2.0,0
2018,7,ES,0,3,43,3,44,1200.0,0,0,6,2,42,1,4.0,0
2019,5,ES,0,3,33,4,44,1023.0,0,0,6,5,21,1,8.0,0
2019,1,ES,1,1,2,2,44,1412.0,0,0,7,2,54,1,9.0,1
2018,3,ES,0,1,4,1,44,1500.0,0,0,8,7,21,1,2.0,0
2018,1,ES,1,1,25,4,44,1065.0,0,0,4,7,18,0,2.0,1
2019,9,ES,1,1,2,1,44,1107.0,0,0,5,8,34,0,2.0,1
2018,9,ES,0,1,4,1,44,960.0,0,0,5,4,23,0,4.0,0
2019,3,ES,1,1,2,3,44,1274.0,0,0,7,6,22,1,8.0,1
2019,7,ES,1,1,2,3,44,1478.0,0,0,7,7,55,1,8.0,1
2018,5,ES,1,3,2,1,44,1015.0,0,0,6,4,19,1,8.0,1
2019,3,ES,0,1,4,1,44,1045.0,0,0,7,7,21,1,8.0,0
2019,6,ES,0,3,11,1,44,829.0,0,0,6,7,20,0,8.0,0
2019,2,ES,1,1,25,5,44,2640.0,0,0,7,7,43,1,8.0,1
2019,7,ES,1,1,25,5,44,5060.0,0,0,7,7,55,1,2.0,1
2018,6,ES,1,3,2,3,44,983.0,0,0,5,6,21,0,9.0,1
2019,2,ES,1,3,2,3,44,1017.0,0,0,6,2,36,1,8.0,1
2019,6,ES,1,3,2,4,44,0.0,0,0,6,2,21,1,9.0,1
2019,2,ES,0,3,4,3,44,998.0,0,0,6,2,25,1,9.0,0
2018,3,ES,0,3,4,6,44,1019.0,0,0,4,4,41,1,4.0,0
2018,7,ES,0,3,4,4,44,960.0,0,0,6,6,33,0,8.0,0
2018,11,ES,1,1,1,4,44,1067.0,0,0,3,7,28,1,2.0,1
2019,1,ES,1,3,2,1,44,1611.0,0,0,6,4,29,1,2.0,1
2019,8,ES,1,1,2,2,44,1060.0,0,0,7,7,27,1,8.0,1
2019,6,ES,0,3,11,2,44,1023.0,0,0,6,5,25,1,4.0,0
2018,8,ES,0,3,11,1,41,983.0,0,0,6,2,26,1,8.0,0
2019,4,ES,1,1,25,1,44,6065.0,0,0,2,8,39,1,2.0,1
2019,12,ES,1,1,2,2,44,1143.0,0,0,7,7,37,1,9.0,1
2019,2,ES,0,1,4,4,44,1107.0,0,0,7,7,21,1,8.0,0
2018,10,ES,1,3,1,4,44,960.0,0,0,6,4,18,0,2.0,1
2018,10,ES,1,1,2,1,44,1045.0,0,0,7,6,20,1,2.0,1
2018,1,ES,0,3,4,4,44,960.0,0,0,6,7,24,1,2.0,0
2019,3,ES,0,3,4,2,44,998.0,0,0,6,2,61,0,2.0,0
2018,9,ES,0,3,6,4,44,960.0,0,0,6,6,18,1,2.0,0
2019,4,ES,0,1,6,5,44,1107.0,0,0,7,6,26,1,8.0,0
2018,9,ES,0,1,6,4,44,1076.0,0,0,7,6,29,1,2.0,0
2019,6,ES,1,1,2,2,44,998.0,0,0,3,4,29,1,8.0,1
2019,10,ES,1,1,1,1,44,1050.0,0,0,5,7,18,0,8.0,1
2018,7,ES,1,1,2,4,44,1419.0,0,0,7,5,39,1,8.0,1
2019,3,ES,1,1,2,4,44,1079.0,0,0,4,9,23,1,8.0,1
2018,11,ES,1,1,2,4,44,1079.0,0,0,7,5,25,1,8.0,1
2019,11,ES,1,1,2,2,44,1500.0,0,0,4,7,26,1,4.0,1
2019,12,ES,1,1,2,3,44,1086.0,0,0,7,7,37,1,8.0,1
2018,1,ES,0,1,4,4,44,1587.0,0,0,3,7,24,1,2.0,0
2019,3,ES,0,1,4,3,44,1107.0,0,0,5,5,28,0,8.0,0
2018,3,ES,1,1,2,1,44,1338.0,0,0,2,7,28,0,2.0,1
2018,9,ES,1,1,2,1,44,1568.0,0,0,5,7,38,1,8.0,1
2019,6,ES,1,1,2,2,44,1050.0,0,0,5,7,51,0,8.0,1
2018,9,ES,1,1,2,8,44,968.0,0,0,6,7,36,1,8.0,1
2019,5,ES,1,3,2,5,44,1023.0,0,0,6,6,29,1,4.0,1
2019,2,ES,1,3,2,1,44,1500.0,0,0,6,6,49,1,8.0,1
2018,7,ES,0,1,4,7,44,1044.0,0,0,7,7,24,0,9.0,0
2019,7,ES,0,1,4,6,44,2128.0,0,0,7,7,28,1,2.0,0
2019,11,ES,0,1,4,4,44,1170.0,0,0,5,7,34,0,8.0,0
2018,1,ES,0,3,4,3,44,955.0,0,0,6,3,27,0,4.0,0
2018,8,ES,0,1,4,2,44,1192.0,0,0,7,7,42,1,2.0,0
2018,1,ES,1,1,1,4,20,477.0,1,0,4,4,14,0,4.0,1
2018,1,ES,1,1,1,4,30,2290.0,0,0,3,9,27,1,8.0,1
2019,10,ES,1,1,1,7,21,543.0,1,0,4,6,16,1,2.0,1
2019,7,ES,1,1,1,7,44,1233.0,0,1,7,2,53,1,2.0,1
2019,10,ES,1,1,1,6,44,1656.0,0,0,9,7,24,1,9.0,1
2018,10,ES,1,1,1,6,44,1407.0,0,0,4,6,18,1,2.0,1
2018,9,ES,1,1,2,6,44,1131.0,0,0,9,6,18,1,8.0,1
2019,7,ES,1,1,2,4,44,1103.0,0,0,5,7,33,0,8.0,1
2019,11,ES,1,1,2,6,30,1735.0,0,0,2,9,28,0,2.0,1
2019,3,ES,1,1,2,6,44,1107.0,0,0,4,7,20,1,8.0,1
2018,12,ES,1,3,2,1,44,1665.0,0,0,7,3,34,1,4.0,1
2019,7,ES,1,1,2,3,44,1046.0,0,0,5,6,37,1,1.0,1
2018,6,ES,1,1,2,5,44,1037.0,0,0,5,7,34,0,2.0,1
2019,6,ES,1,1,2,1,44,1560.0,0,0,7,7,38,1,8.0,1
2018,6,ES,1,1,2,2,44,1412.0,0,0,7,7,45,1,8.0,1
2018,7,ES,1,1,2,1,44,995.0,0,0,6,1,62,1,8.0,1
2019,3,ES,1,1,2,8,44,1278.0,0,0,5,5,36,0,8.0,1
2019,3,ES,1,1,2,8,44,3472.0,0,0,7,5,31,1,8.0,1
2018,10,ES,1,1,2,7,44,4347.0,0,0,8,7,59,1,8.0,1
2018,5,ES,1,1,2,6,20,434.0,1,0,4,6,17,0,8.0,1
2019,11,ES,1,1,2,4,44,1178.0,0,0,7,6,33,1,8.0,1
2019,9,ES,1,1,2,3,44,1411.0,0,0,9,7,30,1,8.0,1
2018,2,ES,1,1,2,3,36,1367.0,0,0,5,7,47,1,2.0,1
2018,4,ES,1,1,2,1,44,1808.0,0,0,7,7,39,1,2.0,1
2018,6,ES,1,1,2,5,36,1344.0,0,0,5,7,43,1,2.0,1
2018,12,ES,1,1,2,1,44,1107.0,0,0,7,7,19,1,9.0,1
2019,10,ES,1,1,2,1,44,1161.0,0,0,4,7,31,0,2.0,1
2018,12,ES,1,1,2,6,44,1183.0,0,0,8,4,37,1,2.0,1
2019,6,ES,1,1,2,1,44,1560.0,0,0,7,7,38,1,8.0,1
2019,9,ES,1,1,2,1,44,1107.0,0,0,4,7,27,0,8.0,1
2019,6,ES,1,1,2,1,44,1560.0,0,0,7,7,38,1,8.0,1
2019,9,ES,1,1,2,1,44,1187.0,0,0,3,7,38,0,8.0,1
2019,6,ES,1,1,2,1,44,1560.0,0,0,7,7,38,1,8.0,1
2018,7,ES,1,1,2,5,44,1960.0,0,0,5,7,32,1,2.0,1
2019,11,ES,1,1,2,6,44,1349.0,0,0,4,9,36,0,2.0,1
2018,9,ES,1,1,2,6,44,1131.0,0,0,9,6,18,1,8.0,1
2018,1,ES,1,1,2,7,36,1513.0,0,0,4,8,27,1,2.0,1
2018,10,ES,1,1,2,3,44,1300.0,0,0,4,5,34,0,9.0,1
2018,11,ES,1,1,2,1,44,1383.0,0,0,7,7,37,1,8.0,1
2019,8,ES,1,1,2,3,44,1050.0,0,0,5,7,40,1,4.0,1
2018,9,ES,1,1,2,6,44,1131.0,0,0,9,6,18,1,8.0,1
2019,1,ES,1,1,2,7,44,1285.0,0,0,5,7,20,1,9.0,1
2019,4,ES,0,1,4,3,44,2203.0,0,0,5,7,30,0,2.0,0
2019,7,ES,0,1,4,4,44,1249.0,0,0,7,7,20,1,2.0,0
2018,5,ES,0,1,4,9,36,1477.0,0,0,5,7,27,1,2.0,0
2019,7,ES,0,1,4,8,44,1105.0,0,0,5,4,41,1,4.0,0
2018,12,ES,0,1,4,8,44,977.0,0,0,5,7,40,0,8.0,0
2018,11,ES,0,1,4,1,44,1065.0,0,0,5,7,42,1,9.0,0
2019,9,ES,0,1,4,4,44,1673.0,0,0,7,2,22,1,8.0,0
2019,7,ES,0,1,4,5,44,1230.0,0,0,5,7,43,1,9.0,0
2019,11,ES,0,1,4,3,44,1150.0,0,0,7,7,37,1,8.0,0
2018,12,ES,0,1,4,5,44,1332.0,0,0,3,7,26,0,8.0,0
2019,8,ES,0,1,4,4,40,3151.0,0,0,8,8,40,1,8.0,0
2019,7,ES,0,1,4,6,44,7887.0,0,0,7,7,42,1,8.0,0
2018,4,ES,0,1,4,2,44,2070.0,0,0,7,7,34,1,2.0,0
2019,7,ES,0,1,6,1,44,1063.0,0,0,5,7,33,0,2.0,0
2019,6,ES,0,1,6,2,44,1500.0,0,0,7,7,38,1,9.0,0
2019,11,ES,0,1,6,1,44,1478.0,0,0,7,7,37,1,4.0,0
2018,1,ES,0,1,6,3,44,1154.0,0,0,9,7,28,1,8.0,0
2019,2,ES,0,1,6,5,44,2860.0,0,0,9,6,34,1,8.0,0
2019,11,ES,0,1,6,3,36,1131.0,0,0,5,7,23,0,8.0,0
2019,12,ES,0,1,6,4,44,1402.0,0,0,5,7,31,1,8.0,0
2018,2,ES,0,1,11,8,44,2316.0,0,0,3,7,27,1,8.0,0
2018,6,ES,0,1,11,7,20,477.0,1,0,4,6,16,1,8.0,0
2018,5,ES,0,1,11,5,36,1016.0,0,0,5,7,45,0,8.0,0
2018,2,ES,0,1,11,6,44,1782.0,0,0,7,7,49,1,8.0,0
2018,9,ES,0,1,11,6,44,1593.0,0,0,9,7,46,1,8.0,0
2019,7,ES,0,1,11,2,44,1265.0,0,0,5,7,39,0,8.0,0
2018,12,ES,0,1,11,8,44,1060.0,0,0,4,7,41,0,8.0,0
2019,9,ES,1,1,25,1,44,2800.0,0,0,3,7,47,1,4.0,1
2018,7,ES,0,1,43,1,44,1808.0,0,0,9,7,57,1,9.0,0
2018,9,ES,0,1,43,7,44,1724.0,0,0,7,4,40,1,8.0,0
2019,7,ES,0,1,33,4,36,1254.0,0,0,5,7,39,0,9.0,0
2018,10,ES,0,3,11,3,44,983.0,0,0,6,4,42,1,8.0,0
2019,4,ES,1,1,1,7,44,1086.0,0,0,5,7,24,0,8.0,1
2019,5,ES,1,1,2,4,44,1795.0,0,0,7,3,54,1,4.0,1
2019,5,ES,1,1,2,6,44,1871.0,0,0,7,3,40,1,4.0,1
2019,6,ES,1,1,2,9,44,998.0,0,0,5,7,37,1,8.0,1
2019,5,ES,1,1,2,6,44,1600.0,0,0,7,7,29,1,9.0,1
2018,8,ES,0,1,4,5,44,3393.0,0,0,1,9,43,1,2.0,0
2018,9,ES,0,1,6,6,44,1871.0,0,0,7,5,43,1,8.0,0
2018,5,ES,1,1,2,1,44,1290.0,0,0,5,5,29,0,8.0,1
2018,7,ES,1,3,1,1,44,983.0,0,0,6,4,26,1,8.0,1
2019,9,ES,1,1,2,1,44,1086.0,0,0,7,5,26,1,2.0,1
2018,7,ES,1,1,1,3,36,1308.0,0,0,5,7,26,1,8.0,1
2019,10,ES,1,1,1,2,44,1107.0,0,0,5,7,19,1,4.0,1
2018,12,ES,1,1,2,3,44,1107.0,0,0,5,7,23,0,8.0,1
2019,2,ES,1,1,2,4,36,359.0,0,0,2,9,33,0,8.0,1
2019,4,ES,1,1,2,1,44,1300.0,0,0,1,6,41,0,8.0,1
2018,6,ES,1,1,2,4,44,1665.0,0,0,7,2,51,1,4.0,1
2019,3,ES,1,1,2,6,44,1050.0,0,0,5,7,28,0,9.0,1
2019,5,ES,1,1,2,4,44,1742.0,0,0,7,5,62,1,8.0,1
2019,3,ES,1,1,2,3,44,1300.0,0,0,5,7,25,0,9.0,1
2018,12,ES,1,1,2,1,44,1034.0,0,0,5,7,39,0,8.0,1
2018,8,ES,1,1,2,1,44,1065.0,0,0,5,7,24,0,2.0,1
2018,10,ES,1,1,2,4,44,1665.0,0,0,7,2,57,1,8.0,1
2018,3,ES,1,1,2,3,44,1156.0,0,0,4,7,22,0,2.0,1
2018,5,ES,1,1,2,1,44,1540.0,0,0,1,7,50,0,2.0,1
2018,12,ES,1,1,2,1,44,1966.0,0,0,7,7,39,1,8.0,1
2018,5,ES,1,1,2,8,30,768.0,0,0,5,7,18,1,8.0,1
2018,11,ES,1,1,2,1,44,1750.0,0,0,7,3,46,1,8.0,1
2019,3,ES,1,1,2,3,44,1665.0,0,0,7,7,26,1,2.0,1
2018,6,ES,1,1,2,2,44,1648.0,0,0,7,7,31,1,8.0,1
2019,11,ES,1,1,2,2,36,1250.0,0,0,5,2,51,1,8.0,1
2019,12,ES,1,1,2,3,36,1235.0,0,0,5,7,38,0,9.0,1
2019,2,ES,1,1,2,2,44,998.0,0,0,3,7,20,1,2.0,1
2019,2,ES,1,1,2,6,36,1105.0,0,0,5,7,39,0,4.0,1
2019,2,ES,1,1,2,5,44,1034.0,0,0,5,5,38,0,8.0,1
2018,4,ES,0,1,4,1,44,1392.0,0,0,7,6,31,1,8.0,0
2019,11,ES,0,1,4,3,44,1458.0,0,0,7,7,36,1,8.0,0
2019,1,ES,0,1,4,2,44,1484.0,0,0,7,7,34,1,9.0,0
2018,2,ES,0,1,4,1,44,1299.0,0,0,4,7,31,0,8.0,0
2019,8,ES,0,1,4,4,44,1137.0,0,0,5,7,30,0,2.0,0
2019,12,ES,0,1,4,9,40,1944.0,0,0,7,7,54,1,8.0,0
2019,3,ES,0,1,4,4,36,1130.0,0,0,9,9,31,0,8.0,0
2019,10,ES,0,1,4,8,36,1968.0,0,0,4,7,23,0,2.0,0
2019,3,ES,0,1,4,5,44,1385.0,0,0,4,7,44,0,4.0,0
2019,10,ES,0,1,4,9,36,1056.0,0,0,4,8,30,1,2.0,0
2019,8,ES,0,1,4,5,44,1053.0,0,0,5,7,31,1,8.0,0
2019,12,ES,0,1,4,1,36,1082.0,0,0,5,7,38,1,2.0,0
2019,10,ES,0,1,6,3,44,1327.0,0,0,4,7,27,0,2.0,0
2019,3,ES,0,1,6,6,44,1060.0,0,0,5,5,23,0,2.0,0
2018,10,ES,0,1,6,3,44,1336.0,0,0,4,7,34,0,2.0,0
2019,12,ES,0,1,6,2,44,1050.0,0,0,5,7,25,0,2.0,0
2018,12,ES,0,1,6,9,20,477.0,1,0,4,6,17,1,4.0,0
2018,3,ES,0,1,11,9,36,1298.0,0,0,3,7,26,0,8.0,0
2019,1,ES,0,1,11,4,44,1108.0,0,0,5,7,20,1,2.0,0
2018,5,ES,0,1,11,3,44,1061.0,0,0,7,2,28,1,8.0,0
2018,11,ES,0,1,11,1,36,0.0,0,0,5,7,38,0,2.0,0
2019,6,ES,0,1,11,3,44,499.0,0,0,5,7,37,1,8.0,0
2019,6,ES,0,1,11,4,20,499.0,1,0,4,7,16,1,2.0,0
2019,4,ES,0,1,11,4,44,1063.0,0,0,5,5,22,1,8.0,0
2019,12,ES,0,3,11,1,44,1086.0,0,0,7,6,49,1,2.0,0
2019,4,ES,0,1,11,6,44,1397.0,0,0,5,7,38,1,2.0,0
2019,1,ES,0,1,11,6,20,499.0,1,0,4,6,16,0,8.0,0
2019,7,ES,0,1,11,1,44,1050.0,0,0,4,6,18,1,8.0,0
2019,9,ES,1,1,25,4,44,1263.0,0,0,3,7,30,0,2.0,1
2018,2,ES,1,1,1,7,20,477.0,1,1,9,5,18,1,8.0,1
2018,5,ES,1,1,1,1,44,639.0,0,0,5,7,22,1,8.0,1
2019,9,ES,1,3,1,1,44,1133.0,0,0,3,8,19,0,9.0,1
2019,7,ES,1,1,2,1,44,1107.0,0,0,1,7,23,0,8.0,1
2019,7,ES,1,1,2,3,44,1269.0,0,0,3,7,30,0,9.0,1
2018,1,ES,1,1,2,3,44,1096.0,0,0,5,9,21,0,9.0,1
2019,3,ES,1,1,2,3,44,1050.0,0,0,5,6,35,1,8.0,1
2019,2,ES,1,1,2,2,44,1050.0,0,0,5,4,31,0,8.0,1
2019,2,ES,1,1,2,5,36,956.0,0,0,3,7,27,0,8.0,1
2018,10,ES,1,1,2,2,44,1549.0,0,0,3,9,27,0,8.0,1
2019,1,ES,1,1,2,1,44,1040.0,0,0,2,7,28,0,8.0,1
2019,2,ES,1,1,2,2,44,1442.0,0,0,3,7,37,1,4.0,1
2019,8,ES,1,1,2,8,44,4518.0,0,0,4,9,28,1,8.0,1
2018,12,ES,1,1,2,5,36,1161.0,0,0,3,7,48,0,8.0,1
2019,8,ES,1,1,2,7,36,1208.0,0,0,5,7,41,1,8.0,1
2018,3,ES,1,1,2,1,44,1156.0,0,0,5,7,37,0,8.0,1
2018,11,ES,1,1,2,5,22,503.0,0,0,5,7,26,0,4.0,1
2018,1,ES,1,1,2,2,44,1020.0,0,0,5,7,26,1,8.0,1
2019,1,ES,1,1,2,1,44,1050.0,0,0,8,7,22,1,8.0,1
2019,2,ES,1,1,2,4,30,1287.0,0,0,2,9,32,0,2.0,1
2018,4,ES,1,1,2,4,44,1328.0,0,0,5,7,32,1,8.0,1
2019,8,ES,1,1,2,5,44,1083.0,0,0,4,7,61,1,8.0,1
2018,11,ES,1,1,2,4,44,0.0,0,0,2,9,55,0,2.0,1
2019,9,ES,1,1,2,4,44,3000.0,0,0,3,4,46,1,8.0,1
2019,3,ES,1,1,2,2,44,1372.0,0,0,5,7,24,0,8.0,1
2018,11,ES,1,1,2,1,44,1065.0,0,0,5,9,23,0,9.0,1
2018,7,ES,1,1,2,2,44,1065.0,0,0,5,7,34,0,9.0,1
2018,6,ES,1,1,2,5,44,3167.0,0,0,3,7,35,1,8.0,1
2018,2,ES,1,1,2,2,44,1040.0,0,0,5,9,45,0,8.0,1
2018,6,ES,1,1,2,1,44,1063.0,0,0,5,7,49,1,8.0,1
2019,11,ES,0,1,4,6,44,1974.0,0,0,5,7,58,1,2.0,0
2018,7,ES,0,1,4,3,44,1065.0,0,0,5,7,27,0,8.0,0
2018,6,ES,0,1,4,2,44,1762.0,0,0,1,8,30,0,2.0,0
2018,10,ES,0,1,4,8,36,1572.0,0,0,3,7,42,0,8.0,0
2018,6,ES,0,1,4,8,36,1344.0,0,0,5,7,37,1,9.0,0
2018,10,ES,0,1,4,6,44,1441.0,0,0,7,5,22,1,8.0,0
2019,9,ES,0,1,4,6,44,1415.0,0,0,3,8,36,0,2.0,0
2019,9,ES,0,1,4,9,44,1344.0,0,0,6,5,56,1,8.0,0
2018,10,ES,0,1,4,1,44,1300.0,0,0,7,5,22,1,8.0,0
2018,12,ES,0,1,4,5,44,1000.0,0,0,5,6,19,0,8.0,0
2019,10,ES,0,1,4,6,36,1198.0,0,0,5,6,50,1,8.0,0
2019,8,ES,0,1,4,4,44,1086.0,0,0,7,5,25,1,2.0,0
2018,12,ES,0,1,4,2,44,1189.0,0,0,7,2,41,1,8.0,0
2018,11,ES,0,1,4,6,40,1080.0,0,0,3,7,33,1,4.0,0
2019,12,ES,0,1,4,1,44,1988.0,0,0,7,1,62,1,2.0,0
2018,7,ES,0,1,4,6,44,1037.0,0,0,5,5,42,0,4.0,0
2019,10,ES,0,1,4,3,44,1248.0,0,0,5,7,46,0,8.0,0
2018,12,ES,0,1,4,4,26,2390.0,0,0,2,9,52,0,8.0,0
2018,2,ES,0,1,4,1,44,1065.0,0,0,5,7,22,0,8.0,0
2019,2,ES,0,1,4,1,44,1107.0,0,0,5,7,22,0,2.0,0
2019,1,ES,0,1,4,1,44,1107.0,0,0,5,7,29,1,2.0,0
2018,7,ES,0,1,4,7,44,2177.0,0,0,7,7,27,1,2.0,0
2019,8,ES,0,1,5,6,44,1080.0,0,0,7,6,20,1,8.0,0
2018,2,ES,0,1,6,2,36,1000.0,0,0,4,7,24,0,8.0,0
2018,5,ES,0,1,6,1,44,18014.0,0,0,3,9,31,0,2.0,0
2019,11,ES,0,1,6,8,40,3225.0,0,0,2,9,30,1,2.0,0
2019,2,ES,0,1,6,2,44,1034.0,0,0,5,5,49,0,4.0,0
2018,10,ES,0,1,6,9,44,1060.0,0,0,5,5,66,0,8.0,0
2019,7,ES,0,1,6,7,36,1208.0,0,0,5,2,35,1,8.0,0
2018,2,ES,0,1,6,5,44,1386.0,0,0,4,7,24,0,2.0,0
2018,8,ES,0,1,6,1,44,1665.0,0,0,7,4,45,1,8.0,0
2018,12,ES,0,1,6,1,44,3784.0,0,0,1,7,39,1,9.0,0
2019,1,ES,0,1,6,1,36,1196.0,0,0,5,5,21,0,8.0,0
2018,10,ES,0,1,6,2,44,1412.0,0,0,7,7,35,1,2.0,0
2019,1,ES,0,1,11,1,44,1107.0,0,0,5,7,27,1,2.0,0
2018,8,ES,0,1,11,5,44,1234.0,0,0,5,2,27,1,4.0,0
2018,7,ES,0,1,11,4,20,525.0,1,0,4,6,17,1,8.0,0
2019,7,ES,0,1,43,1,44,1108.0,0,0,9,6,28,1,8.0,0
2018,4,RJ,1,1,2,7,24,4579.0,0,0,2,9,41,0,2.0,1
2018,10,RJ,1,1,2,1,44,1137.0,0,0,7,7,26,1,2.0,1
2019,12,RJ,1,1,2,6,44,1329.0,0,0,4,7,23,0,2.0,1
2019,2,RJ,1,1,2,2,44,1500.0,0,0,4,4,38,0,2.0,1
2018,3,RJ,0,1,4,1,44,1800.0,0,0,7,7,47,1,4.0,0
2019,6,RJ,0,1,4,4,30,2369.0,0,0,2,9,26,0,8.0,0
2019,1,RJ,0,1,4,3,44,1183.0,0,0,7,5,28,1,8.0,0
2019,1,RJ,0,1,6,2,44,1237.0,0,0,7,1,22,1,2.0,0
2018,5,RJ,0,1,6,9,44,6033.0,0,0,1,9,32,0,2.0,0
2018,6,RJ,0,1,4,1,44,1325.0,0,0,4,7,33,0,4.0,0
2018,2,RJ,0,1,4,2,44,1412.0,0,0,3,6,31,1,2.0,0
2018,3,RJ,0,1,5,6,44,1430.0,0,0,7,5,24,1,4.0,0
2018,7,RJ,0,1,6,2,44,1125.0,0,0,4,7,24,0,2.0,0
2019,4,RJ,0,1,6,5,44,1238.0,0,0,4,6,21,0,9.0,0
2018,1,RJ,1,1,2,4,44,2051.0,0,0,5,4,36,1,8.0,1
2019,12,RJ,1,1,2,4,44,1284.0,0,0,3,6,18,0,8.0,1
2018,10,RJ,0,1,4,3,44,1118.0,0,0,5,7,54,0,8.0,0
2018,12,RJ,1,1,25,4,44,1170.0,0,0,5,7,31,1,8.0,1
2019,9,RJ,1,1,2,1,44,1318.0,0,0,5,7,21,0,9.0,1
2018,5,RJ,0,3,4,3,44,1400.0,0,0,4,7,32,1,2.0,0
2018,12,RJ,0,1,6,1,44,1200.0,0,0,7,7,28,1,2.0,0
2018,4,RJ,1,1,1,5,44,1161.0,0,0,7,5,20,1,8.0,1
2019,11,RJ,1,1,2,3,44,998.0,0,0,5,7,31,0,2.0,1
2018,3,RJ,1,1,2,1,44,954.0,0,0,4,7,25,1,8.0,1
2019,10,RJ,1,1,2,3,44,998.0,0,0,5,7,31,1,8.0,1
2018,6,RJ,1,1,1,7,44,954.0,0,0,4,6,28,1,2.0,1
2019,11,RJ,1,1,1,7,20,587.0,1,0,4,7,22,0,4.0,1
2019,2,RJ,1,1,2,2,44,1325.0,0,0,4,7,27,0,8.0,1
2019,11,RJ,1,1,2,1,30,875.0,0,0,4,7,18,0,4.0,1
2018,10,RJ,1,1,2,1,44,1815.0,0,0,2,9,31,1,2.0,1
2018,2,RJ,1,1,2,5,44,1200.0,0,0,4,7,41,0,2.0,1
2019,8,RJ,1,1,2,1,44,1973.0,0,0,7,7,40,1,2.0,1
2019,9,RJ,1,1,2,1,44,1133.0,0,0,5,7,20,1,2.0,1
2019,10,RJ,0,1,4,4,44,1391.0,0,0,4,8,32,1,8.0,0
2018,7,RJ,0,1,4,2,44,1010.0,0,0,4,7,28,0,8.0,0
2018,9,RJ,0,1,4,3,44,1890.0,0,0,3,7,26,0,8.0,0
2019,5,RJ,0,1,4,5,44,1283.0,0,0,5,7,27,0,2.0,0
2018,8,RJ,0,1,4,4,44,2043.0,0,0,9,4,55,1,6.0,0
2018,3,RJ,0,1,6,3,44,2160.0,0,0,3,7,33,0,8.0,0
2019,9,RJ,0,1,6,1,44,1133.0,0,0,5,5,19,1,2.0,0
2018,9,RJ,0,1,6,6,44,1157.0,0,0,4,7,34,1,8.0,0
2018,6,RJ,1,1,2,2,44,1175.0,0,0,1,7,21,0,2.0,1
2018,12,RJ,1,1,2,6,44,1331.0,0,0,4,7,28,0,9.0,1
2019,5,RJ,1,1,2,2,44,1441.0,0,0,7,5,40,1,8.0,1
2019,7,RJ,1,1,2,4,44,1305.0,0,0,7,4,39,1,4.0,1
2018,5,RJ,1,1,2,7,22,619.0,1,0,5,6,19,0,9.0,1
2019,10,RJ,0,1,4,4,44,1201.0,0,0,4,7,36,0,2.0,0
2018,1,RJ,0,1,4,9,44,2435.0,0,0,3,8,25,0,8.0,0
2019,11,RJ,0,1,4,4,44,1572.0,0,0,7,5,28,1,8.0,0
2018,9,RJ,0,1,6,9,42,2521.0,0,0,7,5,29,1,4.0,0
2019,9,RJ,0,1,6,5,20,877.0,0,0,5,6,21,1,2.0,0
2019,5,RJ,0,3,6,2,44,5500.0,0,0,7,9,53,1,8.0,0
2018,3,RJ,0,1,43,9,20,563.0,1,0,3,6,20,1,4.0,0
2018,8,RJ,1,1,2,2,44,1218.0,0,0,5,7,30,1,4.0,1
2019,3,RJ,0,1,4,5,44,1628.0,0,0,8,6,36,1,2.0,0
2019,11,RJ,1,1,1,6,44,1382.0,0,0,4,7,41,1,2.0,1
2019,12,RJ,1,1,2,1,44,1284.0,0,0,5,7,29,0,9.0,1
2019,8,RJ,1,1,2,7,44,1284.0,0,0,5,7,24,1,9.0,1
2018,10,RJ,1,1,2,4,44,1247.0,0,0,4,7,31,1,2.0,1
2019,6,RJ,1,1,2,7,44,1192.0,0,0,6,2,25,1,2.0,1
2019,3,RJ,1,1,2,1,44,1511.0,0,0,4,7,28,0,2.0,1
2019,7,RJ,0,1,4,1,44,1284.0,0,0,5,7,29,0,2.0,0
2019,5,RJ,0,1,4,5,44,1238.0,0,0,4,7,24,1,2.0,0
2019,4,RJ,0,1,6,3,44,1300.0,0,0,5,7,40,0,8.0,0
2019,9,RJ,0,1,6,6,20,581.0,1,0,5,7,19,0,8.0,0
2019,8,RJ,0,1,11,1,44,1238.0,0,0,8,7,36,1,9.0,0
2019,12,RJ,1,1,25,3,44,1284.0,0,0,5,7,40,1,2.0,1
2018,5,RJ,0,3,4,1,44,1144.0,0,0,7,7,29,1,8.0,0
2019,3,RJ,1,1,2,6,44,1000.0,0,0,7,7,36,0,4.0,1
2019,8,RJ,1,1,1,4,20,6430.0,0,0,2,9,31,0,2.0,1
2019,6,RJ,1,1,1,8,42,1375.0,0,1,4,8,22,0,8.0,1
2018,2,RJ,1,1,2,6,30,804.0,1,0,4,7,19,0,2.0,1
2018,2,RJ,1,1,2,5,44,1228.0,0,0,5,7,20,1,8.0,1
2019,5,RJ,1,1,2,8,44,1665.0,0,0,3,7,35,0,4.0,1
2019,10,RJ,1,1,2,3,44,1600.0,0,0,5,7,27,1,9.0,1
2019,10,RJ,1,1,2,5,36,10252.0,0,0,5,7,30,0,9.0,1
2018,2,RJ,1,1,2,1,44,1144.0,0,0,5,7,24,0,2.0,1
2018,9,RJ,1,1,2,4,44,1533.0,0,0,7,4,27,1,2.0,1
2018,8,RJ,1,1,2,2,44,928.0,0,0,5,7,29,0,2.0,1
2019,4,RJ,0,1,4,1,44,1436.0,0,0,5,6,47,1,2.0,0
2018,11,RJ,0,1,4,6,44,1486.0,0,0,4,4,24,1,8.0,0
2019,10,RJ,0,1,4,1,36,1159.0,0,0,4,7,19,0,9.0,0
2018,9,RJ,0,1,4,5,44,1060.0,0,0,5,7,56,0,2.0,0
2018,12,RJ,0,1,4,4,44,1165.0,0,0,6,2,58,1,8.0,0
2018,10,RJ,0,1,4,5,44,1146.0,0,0,3,5,43,0,8.0,0
2018,7,RJ,0,1,4,2,44,1237.0,0,0,5,7,33,0,2.0,0
2019,11,RJ,0,1,4,3,44,2184.0,0,0,5,5,44,1,8.0,0
2019,1,RJ,0,1,4,6,44,3172.0,0,0,5,7,26,1,8.0,0
2018,12,RJ,0,1,4,4,44,1356.0,0,0,6,2,53,1,8.0,0
2018,5,RJ,0,1,6,1,24,1020.0,0,0,2,9,23,1,2.0,0
2018,4,RJ,0,1,6,4,42,1325.0,0,0,4,7,24,0,2.0,0
2018,5,RJ,0,1,6,5,44,1006.0,0,0,7,7,23,1,4.0,0
2018,7,RJ,0,1,6,4,44,1137.0,0,0,8,3,58,1,4.0,0
2018,1,RJ,0,1,6,5,44,1144.0,0,0,5,5,29,1,2.0,0
2019,11,RJ,0,1,11,4,44,1238.0,0,0,8,4,27,1,8.0,0
2018,1,RJ,0,1,11,3,44,1178.0,0,0,4,7,40,0,8.0,0
2019,5,RJ,1,1,25,4,44,1708.0,0,0,7,7,44,1,2.0,1
2018,3,RJ,0,1,6,3,44,2051.0,0,0,7,4,67,1,2.0,0
2019,5,RJ,0,1,4,2,44,1238.0,0,0,4,7,35,1,1.0,0
2019,3,RJ,1,1,2,3,44,1465.0,0,0,4,7,26,1,2.0,1
2018,3,RJ,0,1,4,2,44,1058.0,0,0,7,7,37,1,4.0,0
2018,2,RJ,1,1,2,4,44,2100.0,0,0,7,7,36,1,4.0,1
2018,11,RJ,1,1,2,2,44,1280.0,0,0,2,9,30,0,9.0,1
2018,4,RJ,1,1,2,1,44,1178.0,0,0,5,7,23,0,2.0,1
2018,5,RJ,1,1,2,9,44,2453.0,0,0,8,7,27,1,2.0,1
2018,12,RJ,1,1,1,5,44,1254.0,0,0,5,7,20,0,8.0,1
2019,7,RJ,1,1,1,1,44,1300.0,0,0,5,7,65,0,9.0,1
2019,7,RJ,1,1,1,4,44,1128.0,0,0,5,5,21,1,8.0,1
2018,5,RJ,1,1,1,9,20,688.0,1,0,9,7,19,1,2.0,1
2019,12,RJ,1,1,2,4,44,1237.0,0,0,8,7,19,1,2.0,1
2018,1,RJ,1,1,2,9,30,1529.0,0,0,3,7,38,0,4.0,1
2018,8,RJ,1,1,2,4,44,1300.0,0,0,5,7,22,0,2.0,1
2018,8,RJ,1,1,2,5,44,2500.0,0,0,1,6,31,1,2.0,1
2019,10,RJ,1,1,2,3,44,1375.0,0,0,5,7,29,1,8.0,1
2019,10,RJ,1,1,2,9,44,1486.0,0,0,5,7,26,0,8.0,1
2019,7,RJ,1,1,2,4,44,1250.0,0,0,4,7,39,0,2.0,1
2018,9,RJ,1,1,2,6,44,2252.0,0,0,7,7,45,1,8.0,1
2018,3,RJ,1,1,2,4,44,0.0,0,0,3,7,31,1,2.0,1
2019,6,RJ,1,1,2,6,44,1072.0,0,0,7,7,24,1,8.0,1
2018,8,RJ,1,1,2,5,44,1114.0,0,0,4,7,44,0,9.0,1
2019,5,RJ,1,1,2,3,44,1500.0,0,0,4,8,49,0,4.0,1
2018,6,RJ,1,1,2,6,44,3044.0,0,0,9,7,48,1,4.0,1
2019,4,RJ,1,1,2,5,44,1218.0,0,0,7,7,38,1,9.0,1
2019,10,RJ,1,1,2,4,44,998.0,0,0,7,5,21,0,4.0,1
2019,7,RJ,1,1,2,4,44,1974.0,0,0,5,6,28,1,2.0,1
2019,1,RJ,1,1,2,4,44,1195.0,0,0,7,6,47,0,2.0,1
2018,12,RJ,1,1,2,9,30,1605.0,0,0,3,9,43,0,9.0,1
2018,10,RJ,1,1,2,4,44,1150.0,0,0,5,5,58,1,2.0,1
2019,9,RJ,1,1,2,1,44,2448.0,0,0,7,7,48,1,2.0,1
2018,10,RJ,1,1,2,5,44,1234.0,0,0,5,6,27,0,2.0,1
2018,1,RJ,0,1,4,5,44,1700.0,0,0,9,7,32,1,8.0,0
2018,12,RJ,0,1,4,9,44,1086.0,0,0,5,6,32,0,9.0,0
2019,8,RJ,0,1,4,9,44,1795.0,0,0,5,7,37,0,8.0,0
2019,6,RJ,0,1,4,9,44,1056.0,0,0,5,4,60,0,9.0,0
2018,10,RJ,0,1,4,6,44,1237.0,0,0,5,7,42,0,8.0,0
2018,12,RJ,0,1,4,9,44,1086.0,0,0,5,5,53,0,8.0,0
2018,6,RJ,0,1,4,9,44,1132.0,0,0,5,5,53,0,9.0,0
2019,10,RJ,0,1,4,6,44,2150.0,0,0,7,5,35,1,2.0,0
2018,4,RJ,0,1,4,4,36,954.0,0,0,4,7,24,0,2.0,0
2018,6,RJ,0,1,4,4,44,1034.0,0,0,5,7,23,1,2.0,0
2018,1,RJ,0,1,4,9,44,1203.0,0,0,5,4,49,0,8.0,0
2018,2,RJ,0,1,4,6,44,1333.0,0,0,5,7,46,1,8.0,0
2018,2,RJ,0,1,4,7,44,1178.0,0,0,5,7,28,0,4.0,0
2018,3,RJ,0,1,4,9,44,1558.0,0,0,8,7,49,1,8.0,0
2018,3,RJ,0,1,4,6,44,1165.0,0,0,4,7,23,1,8.0,0
2019,1,RJ,0,1,4,7,44,1300.0,0,0,7,5,55,1,2.0,0
2018,1,RJ,0,1,4,9,44,1203.0,0,0,5,4,49,0,8.0,0
2018,2,RJ,0,1,4,9,44,1150.0,0,0,5,2,30,0,8.0,0
2019,7,RJ,0,1,4,3,44,1164.0,0,0,7,5,30,0,8.0,0
2019,4,RJ,0,1,4,2,44,1250.0,0,0,5,7,44,0,2.0,0
2019,3,RJ,0,1,4,5,44,1141.0,0,0,4,7,29,0,2.0,0
2018,3,RJ,0,1,4,9,44,1558.0,0,0,8,7,49,1,8.0,0
2018,3,RJ,0,1,4,9,44,1558.0,0,0,8,7,49,1,8.0,0
2018,12,RJ,0,1,4,9,44,1086.0,0,0,5,5,53,0,8.0,0
2018,12,RJ,0,1,4,9,44,1086.0,0,0,5,7,50,0,8.0,0
2018,1,RJ,0,1,4,9,44,1032.0,0,0,3,7,37,0,9.0,0
2018,8,RJ,0,1,4,4,44,7194.0,0,0,2,9,28,1,2.0,0
2018,1,RJ,0,1,4,2,44,1075.0,0,0,4,6,27,0,4.0,0
2019,10,RJ,0,1,5,8,36,1665.0,0,0,3,7,47,0,4.0,0
2019,5,RJ,0,1,6,8,44,1657.0,0,0,4,7,24,0,8.0,0
2019,6,RJ,0,1,11,7,24,622.0,1,0,7,7,21,0,8.0,0
2018,10,RJ,0,1,11,9,44,1194.0,0,0,5,4,27,0,8.0,0
2019,12,RJ,0,1,43,4,44,1195.0,0,0,5,7,52,1,8.0,0
2018,10,RJ,1,1,2,2,44,1018.0,0,0,5,3,34,1,9.0,1
2019,5,RJ,0,1,4,2,36,1046.0,0,0,5,7,38,1,2.0,0
2019,11,RJ,0,1,4,2,44,1262.0,0,0,1,7,38,1,2.0,0
2019,12,RJ,0,1,4,6,30,1665.0,0,0,3,7,38,0,9.0,0
2018,4,RJ,0,1,6,1,44,1180.0,0,0,5,7,38,1,2.0,0
2019,10,RJ,1,1,2,1,44,1098.0,0,0,5,7,19,1,8.0,1
2019,3,RJ,1,1,2,4,44,1178.0,0,0,5,7,26,0,8.0,1
2019,10,RJ,1,1,2,1,44,1098.0,0,0,5,7,19,1,8.0,1
2019,10,RJ,0,1,4,1,44,1198.0,0,0,5,7,32,0,9.0,0
2018,1,RJ,0,1,4,3,44,1299.0,0,0,2,7,55,1,8.0,0
2018,7,RJ,1,1,2,4,44,1144.0,0,0,7,6,37,1,2.0,1
2019,6,RJ,1,1,2,2,44,5000.0,0,0,4,9,50,0,2.0,1
2019,8,RJ,1,1,1,2,44,1290.0,0,0,4,7,25,0,2.0,1
2019,4,RJ,1,1,2,4,44,1193.0,0,0,5,7,19,1,2.0,1
2019,8,RJ,1,1,2,9,44,1666.0,0,0,3,7,38,1,8.0,1
2019,8,RJ,1,1,2,7,44,1238.0,0,0,5,7,19,0,8.0,1
2018,5,RJ,1,1,2,3,44,1899.0,0,0,5,9,34,1,8.0,1
2018,12,RJ,1,1,2,3,44,1223.0,0,0,4,7,32,1,8.0,1
2019,9,RJ,1,1,2,2,44,1764.0,0,0,4,7,32,1,9.0,1
2019,2,RJ,0,1,4,1,44,1250.0,0,0,5,7,23,1,2.0,0
2019,5,RJ,0,1,4,5,44,1238.0,0,0,5,6,31,0,9.0,0
2018,9,RJ,0,1,4,4,44,1193.0,0,0,4,7,30,0,2.0,0
2019,9,RJ,0,1,4,2,44,1437.0,0,0,9,7,44,1,9.0,0
2019,10,RJ,0,1,11,6,44,1660.0,0,0,7,7,47,1,2.0,0
2019,7,RJ,1,1,2,1,44,1201.0,0,0,4,7,25,0,2.0,1
2018,10,RJ,1,1,1,8,44,5300.0,0,0,3,9,57,1,2.0,1
2018,9,RJ,1,1,2,7,36,4404.0,0,0,7,7,34,1,8.0,1
2018,12,RJ,1,1,2,7,44,1914.0,0,0,7,7,32,1,2.0,1
2018,7,RJ,1,1,2,4,44,3900.0,0,0,9,7,54,1,8.0,1
2019,7,RJ,1,1,2,8,40,1765.0,0,0,7,7,31,1,9.0,1
2019,7,RJ,1,1,2,8,40,1765.0,0,0,7,7,31,1,9.0,1
2019,8,RJ,1,1,2,6,44,2088.0,0,0,8,7,35,1,8.0,1
2018,6,RJ,1,1,2,4,39,1237.0,0,0,5,7,24,1,9.0,1
2018,4,RJ,1,1,2,9,44,10946.0,0,0,7,7,44,1,4.0,1
2018,2,RJ,1,1,2,1,37,7517.0,0,0,2,9,35,1,8.0,1
2019,5,RJ,1,1,2,8,44,1914.0,0,0,7,7,40,1,8.0,1
2019,7,RJ,1,1,2,8,44,5252.0,0,0,9,7,40,1,8.0,1
2018,12,RJ,1,1,2,4,44,2000.0,0,0,7,7,24,1,2.0,1
2018,12,RJ,1,1,2,7,44,1914.0,0,0,7,7,32,1,2.0,1
2018,6,RJ,1,1,2,6,44,1809.0,0,0,7,7,25,1,4.0,1
2018,4,RJ,1,1,2,4,44,3300.0,0,0,3,7,25,1,8.0,1
2018,12,RJ,1,1,2,4,44,2000.0,0,0,7,7,24,1,2.0,1
2019,9,RJ,1,1,2,8,40,2241.0,0,0,7,7,41,1,9.0,1
2019,7,RJ,1,1,2,1,44,2300.0,0,0,7,4,33,1,8.0,1
2018,2,RJ,1,1,2,1,37,7517.0,0,0,2,9,35,1,8.0,1
2018,4,RJ,1,1,2,5,44,1605.0,0,0,3,7,37,0,2.0,1
2019,5,RJ,1,1,2,9,44,5116.0,0,0,3,7,53,0,4.0,1
2019,12,RJ,1,1,2,4,44,1238.0,0,0,5,7,19,1,2.0,1
2018,9,RJ,1,1,2,7,44,1667.0,0,0,7,7,36,1,8.0,1
2019,9,RJ,1,1,2,8,36,1054.0,0,0,5,5,21,1,8.0,1
2018,9,RJ,1,1,2,1,44,1194.0,0,0,5,7,31,0,8.0,1
2018,7,RJ,1,1,2,9,36,2400.0,0,0,3,9,26,0,8.0,1
2019,8,RJ,1,1,2,8,44,1842.0,0,0,3,7,31,1,9.0,1
2018,7,RJ,1,1,2,3,44,1215.0,0,0,2,9,23,1,4.0,1
2018,11,RJ,0,1,4,7,44,1305.0,0,0,5,7,33,1,8.0,0
2019,8,RJ,0,1,4,8,44,1490.0,0,0,9,7,45,1,4.0,0
2018,7,RJ,0,1,4,9,44,2455.0,0,0,7,7,29,1,8.0,0
2019,1,RJ,0,1,4,9,44,1922.0,0,0,7,7,34,1,8.0,0
2018,3,RJ,0,1,4,4,44,1178.0,0,0,5,7,26,0,8.0,0
2018,9,RJ,0,1,4,7,44,5026.0,0,0,2,9,50,1,8.0,0
2018,9,RJ,0,1,4,6,44,1256.0,0,0,4,7,39,0,8.0,0
2019,9,RJ,0,1,4,3,44,1194.0,0,0,7,6,44,1,4.0,0
2018,7,RJ,0,1,4,4,44,2010.0,0,0,7,7,54,1,9.0,0
2018,6,RJ,0,1,4,1,44,3044.0,0,0,2,9,32,0,2.0,0
2019,6,RJ,0,1,4,4,44,1249.0,0,0,7,7,43,1,2.0,0
2018,10,RJ,0,1,4,1,44,1125.0,0,0,4,7,30,0,8.0,0
2019,1,RJ,0,1,4,6,44,7705.0,0,0,4,7,54,1,8.0,0
2018,7,RJ,0,1,4,9,44,2021.0,0,0,7,7,30,1,8.0,0
2019,9,RJ,0,1,4,3,44,1308.0,0,0,7,5,33,1,2.0,0
2019,1,RJ,0,1,4,9,44,1922.0,0,0,7,7,34,1,8.0,0
2019,7,RJ,0,1,6,8,44,1090.0,0,0,5,7,37,0,8.0,0
2019,7,RJ,0,1,6,9,36,1044.0,0,0,4,7,25,0,8.0,0
2018,10,RJ,0,1,6,8,44,959.0,0,0,5,7,23,1,8.0,0
2019,1,RJ,0,1,6,2,44,1173.0,0,0,5,6,44,0,2.0,0
2019,3,RJ,0,1,6,1,44,1265.0,0,0,5,7,23,1,2.0,0
2019,4,RJ,0,1,6,3,44,998.0,0,0,2,9,35,1,9.0,0
2018,10,RJ,0,1,11,9,44,1289.0,0,0,7,7,24,1,4.0,0
2018,10,RJ,0,1,11,9,44,1289.0,0,0,7,7,24,1,4.0,0
2019,10,RJ,0,1,11,9,44,4284.0,0,0,3,7,40,1,8.0,0
2019,11,RJ,1,1,25,6,44,2014.0,0,0,8,7,40,1,4.0,1
2019,10,RJ,1,1,25,6,44,2105.0,0,0,7,6,40,1,8.0,1
2019,5,RJ,1,1,25,6,44,1283.0,0,0,7,7,19,1,8.0,1
2019,11,RJ,1,1,2,1,44,1221.0,0,0,5,7,39,1,4.0,1
2018,9,RJ,1,1,2,5,44,1185.0,0,0,8,6,21,1,9.0,1
2019,6,RJ,0,1,4,6,44,1392.0,0,0,8,7,28,1,8.0,0
2019,2,RJ,0,1,4,4,44,1304.0,0,0,5,7,25,1,2.0,0
2019,4,RJ,0,1,4,5,44,1216.0,0,0,7,6,43,1,4.0,0
2019,8,RJ,0,1,4,2,44,1386.0,0,0,7,7,49,0,2.0,0
2019,3,RJ,0,1,6,3,44,998.0,0,0,5,9,25,1,8.0,0
2018,5,RJ,0,1,6,1,44,954.0,0,0,1,7,19,0,2.0,0
2019,6,RJ,0,1,11,4,44,1283.0,0,0,5,5,24,0,2.0,0
2019,11,RJ,1,1,2,5,24,602.0,1,0,5,7,20,0,4.0,1
2018,11,RJ,1,1,2,3,44,1035.0,0,0,5,7,53,1,8.0,1
2018,8,RJ,1,1,2,8,44,1193.0,0,0,5,7,38,1,2.0,1
2019,12,RJ,1,1,2,1,44,1139.0,0,0,5,7,54,0,2.0,1
2019,4,RJ,0,1,5,4,44,1221.0,0,0,5,7,46,1,2.0,0
2019,12,RJ,0,1,6,3,44,1286.0,0,0,4,7,38,0,8.0,0
2019,11,RJ,0,1,6,8,44,1243.0,0,0,5,6,47,0,9.0,0
2019,1,RJ,0,1,11,3,44,1018.0,0,0,5,5,27,0,2.0,0
2018,12,RJ,1,1,2,8,42,2521.0,0,0,7,5,34,1,4.0,1
2019,8,RJ,1,1,2,7,42,1378.0,0,0,5,3,46,1,9.0,1
2018,10,RJ,1,1,2,6,44,1135.0,0,0,9,7,50,1,2.0,1
2019,9,RJ,0,1,4,3,44,1219.0,0,0,7,6,35,0,9.0,0
2018,4,RJ,0,1,4,2,44,1178.0,0,0,5,5,30,1,8.0,0
2019,4,RJ,1,1,2,1,44,1193.0,0,0,5,7,23,1,4.0,1
2018,6,RJ,1,1,2,4,44,1074.0,0,0,7,7,47,1,2.0,1
2019,12,RJ,1,1,2,2,44,1290.0,0,0,4,7,21,0,2.0,1
2018,1,RJ,1,1,2,3,44,1321.0,0,0,3,7,24,0,2.0,1
2019,12,RJ,1,1,2,1,44,1284.0,0,0,4,7,21,1,9.0,1
2018,3,RJ,0,3,4,3,44,1216.0,0,0,4,7,40,1,8.0,0
2018,11,RJ,0,1,4,1,44,1175.0,0,0,5,7,35,1,2.0,0
2018,7,RJ,0,1,4,8,44,1365.0,0,0,4,7,24,0,8.0,0
2018,7,RJ,0,1,5,8,42,2027.0,0,0,7,7,46,1,4.0,0
2018,6,RJ,0,1,6,6,44,1210.0,0,1,5,7,20,0,8.0,0
2019,12,RJ,0,1,43,6,44,1239.0,0,0,5,4,35,0,8.0,0
2019,10,RJ,1,1,1,1,44,1160.0,0,0,5,6,27,0,2.0,1
2019,6,RJ,1,1,2,6,44,1315.0,0,0,5,5,54,1,8.0,1
2019,4,RJ,1,1,2,6,44,1350.0,0,0,8,5,39,1,2.0,1
2019,11,RJ,1,1,2,4,44,1230.0,0,0,4,5,41,1,2.0,1
2018,6,RJ,1,1,2,8,36,1605.0,0,0,3,7,35,0,4.0,1
2019,5,RJ,1,1,2,4,44,1185.0,0,0,5,7,33,1,9.0,1
2018,12,RJ,1,1,2,1,44,1156.0,0,0,5,6,30,0,2.0,1
2018,8,RJ,1,1,2,3,44,1347.0,0,0,4,7,25,1,4.0,1
2018,8,RJ,1,1,2,4,44,1296.0,0,0,3,7,41,1,9.0,1
2019,3,RJ,1,1,2,6,40,7700.0,0,0,3,9,61,1,2.0,1
2018,5,RJ,1,1,2,6,44,1151.0,0,0,5,7,20,0,2.0,1
2018,4,RJ,1,1,2,4,44,1180.0,0,0,4,7,21,0,4.0,1
2018,3,RJ,1,1,2,6,44,5141.0,0,0,4,9,32,1,2.0,1
2018,1,RJ,1,1,2,4,20,590.0,0,0,4,6,28,0,9.0,1
2019,10,RJ,1,1,2,7,36,2843.0,0,0,2,9,36,0,8.0,1
2019,9,RJ,0,1,4,3,44,426.0,0,0,3,9,60,0,8.0,0
2018,5,RJ,0,1,4,1,44,1150.0,0,0,5,7,35,0,8.0,0
2019,5,RJ,0,1,4,4,44,1280.0,0,0,5,7,40,1,2.0,0
2018,10,RJ,0,1,4,9,44,2948.0,0,0,8,9,45,1,2.0,0
2018,1,RJ,0,1,4,7,44,1136.0,0,0,3,7,36,1,2.0,0
2018,6,RJ,0,1,4,6,36,1194.0,0,0,5,4,32,1,2.0,0
2019,2,RJ,0,1,4,2,44,1237.0,0,0,5,7,49,0,2.0,0
2019,1,RJ,0,1,4,3,44,1085.0,0,0,4,5,39,0,4.0,0
2018,11,RJ,0,1,4,2,44,1323.0,0,0,5,7,43,0,8.0,0
2019,7,RJ,0,1,4,4,44,1236.0,0,0,5,7,35,0,2.0,0
2018,10,RJ,0,1,4,6,44,1600.0,0,1,4,7,38,0,2.0,0
2018,12,RJ,0,1,4,1,44,1185.0,0,0,5,7,19,1,9.0,0
2018,11,RJ,0,1,4,4,44,1441.0,0,0,7,7,38,1,2.0,0
2018,6,RJ,0,1,4,2,44,1182.0,0,0,5,5,37,0,2.0,0
2019,10,RJ,0,1,4,3,44,4146.0,0,0,1,7,48,0,8.0,0
2018,2,RJ,0,1,4,1,44,1045.0,0,0,2,6,19,0,2.0,0
2019,12,RJ,0,1,4,5,44,1242.0,0,0,4,7,29,1,8.0,0
2018,3,RJ,0,1,4,6,30,2884.0,0,0,4,9,28,0,2.0,0
2019,12,RJ,0,1,6,7,30,1040.0,0,0,3,8,25,0,2.0,0
2019,5,RJ,0,1,6,9,24,19404.0,0,0,2,9,37,1,2.0,0
2018,12,RJ,0,1,6,6,36,954.0,0,0,4,7,33,1,9.0,0
2018,6,RJ,0,1,6,4,44,4002.0,0,0,2,9,51,1,2.0,0
2018,11,RJ,0,1,11,5,44,1180.0,0,0,8,7,37,1,9.0,0
2019,7,RJ,0,1,11,3,44,1650.0,0,0,7,7,25,1,2.0,0
2018,10,RJ,0,1,11,4,44,1180.0,0,0,5,7,30,0,8.0,0
2018,2,RJ,0,1,11,1,44,2866.0,0,0,7,5,34,1,8.0,0
2019,7,RJ,0,1,11,4,44,2300.0,0,0,9,7,34,1,2.0,0
2019,1,RJ,1,1,25,3,44,1193.0,0,0,4,7,29,1,8.0,1
2018,10,RJ,1,1,25,6,44,1217.0,0,0,5,7,36,1,6.0,1
2019,2,RJ,1,1,25,3,42,1046.0,0,0,5,7,20,1,4.0,1
2019,7,RJ,1,1,1,6,20,499.0,1,0,4,7,18,0,2.0,1
2018,11,RJ,1,1,2,1,44,1237.0,0,0,5,7,20,1,8.0,1
2018,4,RJ,1,1,2,4,44,1075.0,0,0,7,7,29,1,9.0,1
2018,10,RJ,1,1,2,3,44,1238.0,0,0,7,5,23,0,2.0,1
2019,11,RJ,1,1,2,1,44,1283.0,0,0,4,7,21,1,2.0,1
2018,9,RJ,1,1,2,3,44,1339.0,0,0,4,9,25,1,4.0,1
2018,9,RJ,1,1,2,5,44,1130.0,0,0,5,7,27,1,9.0,1
2019,3,RJ,1,1,2,5,44,1030.0,0,0,5,7,24,1,8.0,1
2018,11,RJ,1,1,2,1,44,1130.0,0,0,7,5,23,1,2.0,1
2019,7,RJ,1,1,2,2,42,1300.0,0,0,4,9,35,0,2.0,1
2018,11,RJ,0,1,4,4,44,1190.0,0,0,5,5,38,1,2.0,0
2018,2,RJ,0,1,4,4,44,1397.0,0,0,7,6,19,0,2.0,0
2019,11,RJ,0,1,4,6,30,3158.0,0,0,2,9,56,0,6.0,0
2018,8,RJ,0,1,4,4,44,1268.0,0,0,7,5,24,1,2.0,0
2019,3,RJ,0,1,4,2,22,619.0,0,0,4,6,19,1,2.0,0
2018,8,RJ,0,1,4,7,44,1268.0,0,0,7,3,41,1,4.0,0
2019,3,RJ,0,1,4,4,44,1238.0,0,0,7,3,38,0,2.0,0
2019,12,RJ,0,1,6,6,44,1300.0,0,0,5,7,33,1,2.0,0
2019,8,RJ,0,1,6,3,44,1361.0,0,0,1,7,34,0,2.0,0
2018,9,RJ,0,1,7,9,44,848.0,0,0,3,5,59,0,2.0,0
2019,12,RJ,0,1,11,1,44,1326.0,0,0,7,9,36,0,2.0,0
2019,4,RJ,1,1,25,9,44,1271.0,0,0,7,5,24,1,2.0,1
2019,7,RJ,1,1,1,6,44,1619.0,0,0,2,7,19,0,2.0,1
2018,8,RJ,1,1,2,5,44,1175.0,0,0,5,6,24,1,2.0,1
2018,10,RJ,1,1,2,4,36,844.0,0,0,5,6,22,1,8.0,1
2018,3,RJ,1,1,2,2,44,1200.0,0,0,4,7,38,0,8.0,1
2018,8,RJ,1,1,2,2,44,1178.0,0,0,4,7,22,0,8.0,1
2018,7,RJ,1,1,2,8,44,5000.0,0,0,1,9,37,0,2.0,1
2019,11,RJ,1,1,2,1,44,1233.0,0,0,4,7,27,0,8.0,1
2018,9,RJ,1,1,2,2,44,1047.0,0,0,4,8,20,1,2.0,1
2018,7,RJ,1,1,2,6,44,1375.0,0,0,7,7,26,1,2.0,1
2018,7,RJ,1,1,2,1,44,1175.0,0,0,5,7,32,1,2.0,1
2018,8,RJ,0,1,4,6,44,1568.0,0,0,4,7,40,0,4.0,0
2019,3,RJ,0,1,4,8,44,7754.0,0,0,1,7,50,1,8.0,0
2018,8,RJ,0,1,4,8,42,1337.0,0,0,5,4,62,1,2.0,0
2019,10,RJ,0,1,4,3,44,1098.0,0,0,5,7,35,0,2.0,0
2019,6,RJ,0,1,4,5,42,2379.0,0,0,7,5,56,1,8.0,0
2018,8,RJ,0,1,4,5,36,1212.0,0,0,1,8,52,1,2.0,0
2019,7,RJ,0,1,4,4,44,1164.0,0,0,7,7,27,0,8.0,0
2019,5,RJ,0,1,4,4,44,1128.0,0,0,5,7,25,1,8.0,0
2019,11,RJ,0,1,4,4,44,1192.0,0,0,4,7,35,1,2.0,0
2019,6,RJ,0,1,4,6,44,1455.0,0,0,3,7,35,1,8.0,0
2019,6,RJ,0,1,4,4,44,1110.0,0,0,5,7,40,1,2.0,0
2019,2,RJ,0,1,5,9,42,2521.0,0,0,7,5,39,1,2.0,0
2019,6,RJ,0,1,6,4,44,1450.0,0,0,4,7,22,1,8.0,0
2019,1,RJ,0,1,6,4,44,1194.0,0,0,5,5,29,1,2.0,0
2019,7,RJ,0,1,11,3,35,1238.0,0,0,5,5,20,1,4.0,0
2019,12,RJ,0,1,11,3,44,1098.0,0,0,5,7,37,1,2.0,0
2018,12,RJ,0,1,11,3,30,801.0,0,0,5,7,23,1,8.0,0
2019,11,RJ,0,1,11,2,44,3158.0,0,0,2,7,38,0,8.0,0
2018,4,RJ,1,1,25,4,44,1034.0,0,0,4,7,26,1,8.0,1
2019,10,RJ,1,1,25,1,44,1283.0,0,0,5,7,30,1,8.0,1
2019,11,RJ,0,1,43,6,44,1239.0,0,0,5,5,27,1,8.0,0
2019,6,RJ,0,1,4,6,44,1177.0,0,0,5,6,51,1,2.0,0
2018,7,RJ,0,1,4,6,44,2056.0,0,0,7,4,62,1,8.0,0
2018,12,RJ,0,1,4,3,44,1177.0,0,0,9,4,31,1,8.0,0
2019,9,RJ,0,1,4,4,44,1177.0,0,0,5,7,31,1,2.0,0
2019,5,RJ,1,1,2,3,44,1137.0,0,0,8,7,32,0,2.0,1
2019,10,RJ,1,1,2,2,44,1800.0,0,0,4,7,39,0,2.0,1
2018,12,RJ,1,1,2,3,44,1035.0,0,0,5,7,26,1,8.0,1
2018,12,RJ,1,1,2,3,44,1035.0,0,0,5,7,26,1,8.0,1
2018,1,RJ,0,1,11,3,44,1178.0,0,0,4,5,19,0,8.0,0
2018,1,RJ,0,1,11,2,44,1136.0,0,0,5,7,35,0,2.0,0
2019,10,RJ,1,1,2,1,44,1281.0,0,0,4,7,18,1,6.0,1
2019,12,RJ,1,3,1,2,44,1348.0,0,0,6,8,29,1,2.0,1
2018,6,RJ,1,1,1,5,44,1160.0,0,0,5,7,19,1,8.0,1
2019,9,RJ,1,1,2,1,44,1310.0,0,0,5,6,26,0,2.0,1
2018,5,RJ,1,1,2,2,44,1145.0,0,0,4,7,31,0,2.0,1
2019,1,RJ,1,1,2,1,44,1250.0,0,0,5,7,55,0,2.0,1
2018,4,RJ,1,1,2,5,44,1250.0,0,0,4,7,21,1,2.0,1
2018,3,RJ,1,1,2,8,36,3101.0,0,0,2,9,27,0,8.0,1
2018,10,RJ,1,1,2,2,44,1160.0,0,0,5,5,25,0,2.0,1
2018,10,RJ,1,1,2,1,44,1250.0,0,0,5,4,19,1,2.0,1
2018,1,RJ,1,1,2,1,44,1500.0,0,0,3,9,23,0,8.0,1
2018,7,RJ,1,1,2,2,44,1250.0,0,0,4,5,22,1,2.0,1
2018,8,RJ,1,1,2,4,44,1228.0,0,0,7,6,31,0,2.0,1
2019,7,RJ,0,1,4,4,44,3500.0,0,0,1,8,30,1,2.0,0
2018,12,RJ,0,1,4,4,44,1074.0,0,0,5,4,49,0,2.0,0
2018,8,RJ,0,1,4,2,44,1250.0,0,0,5,7,31,0,2.0,0
2018,8,RJ,0,1,4,2,44,1880.0,0,0,5,6,26,1,2.0,0
2019,5,RJ,0,1,4,2,44,1310.0,0,0,5,7,31,0,2.0,0
2019,6,RJ,0,1,4,3,44,1052.0,0,0,7,7,25,0,2.0,0
2018,2,RJ,0,1,4,1,44,2808.0,0,0,4,5,55,1,2.0,0
2019,2,RJ,0,1,4,3,44,0.0,0,0,3,7,37,0,2.0,0
2018,8,RJ,0,1,4,1,44,1250.0,0,0,5,4,29,1,2.0,0
2018,10,RJ,0,1,6,1,44,1166.0,0,0,5,5,31,0,2.0,0
2018,8,RJ,0,1,6,4,44,1200.0,0,0,7,7,25,0,2.0,0
2019,1,RJ,0,1,6,6,44,1250.0,0,1,4,7,19,0,8.0,0
2018,12,RJ,0,1,6,1,44,954.0,0,0,5,9,33,0,2.0,0
2018,2,RJ,0,1,11,4,44,1005.0,0,0,5,7,25,1,8.0,0
2019,3,RJ,0,1,11,1,44,1250.0,0,0,8,4,41,1,2.0,0
2019,7,RJ,1,1,25,5,30,900.0,1,0,4,7,18,0,9.0,1
2019,7,RJ,1,1,25,2,44,1052.0,0,0,7,7,28,1,2.0,1
2018,11,RJ,1,1,25,4,44,1250.0,0,0,5,6,28,0,4.0,1
2019,9,RJ,1,1,2,3,44,1134.0,0,0,7,3,42,1,4.0,1
2018,3,RJ,1,1,2,4,44,1021.0,0,0,4,6,29,1,2.0,1
2018,6,RJ,1,1,2,1,44,989.0,0,0,5,5,43,0,8.0,1
2018,6,RJ,1,1,2,6,44,1594.0,0,0,7,7,31,1,4.0,1
2019,4,RJ,1,1,2,7,44,1350.0,0,0,7,4,61,1,2.0,1
2019,12,RJ,0,1,6,7,44,1238.0,0,0,7,7,20,1,2.0,0
2019,2,RJ,1,1,25,7,44,1166.0,0,0,7,7,26,1,8.0,1
2018,10,RJ,1,1,2,7,44,2813.0,0,0,3,7,41,1,2.0,1
2018,8,RJ,1,1,2,8,30,933.0,1,0,3,8,22,1,8.0,1
2018,7,RJ,0,1,4,7,43,1261.0,0,0,4,7,30,1,2.0,0
2018,10,RJ,0,1,4,4,44,1491.0,0,0,5,4,43,1,2.0,0
2018,12,RJ,1,1,2,4,44,1365.0,0,0,3,7,25,0,8.0,1
2018,11,RJ,1,1,2,5,26,737.0,0,0,4,7,27,0,9.0,1
2019,8,RJ,1,1,2,4,20,623.0,1,0,5,7,21,1,4.0,1
2018,1,RJ,0,1,4,6,44,1125.0,0,0,5,7,32,1,8.0,0
2018,6,RJ,0,1,6,2,44,1510.0,0,0,4,9,40,0,2.0,0
2019,12,RJ,1,1,25,4,44,1175.0,0,0,5,7,26,1,4.0,1
2019,3,RJ,1,1,2,5,44,1402.0,0,0,5,7,28,0,8.0,1
2018,5,RJ,1,1,2,1,44,1071.0,0,0,5,7,23,0,9.0,1
2019,5,RJ,1,3,2,2,44,2219.0,0,0,7,7,50,1,4.0,1
2019,3,RJ,1,3,2,2,44,1130.0,0,0,7,6,22,1,2.0,1
2019,1,RJ,1,1,2,4,44,1412.0,0,0,7,5,52,1,2.0,1
2018,1,RJ,1,1,2,1,44,1025.0,0,0,4,7,40,0,4.0,1
2019,5,RJ,0,1,4,3,44,1271.0,0,0,7,4,58,1,8.0,0
2019,7,RJ,0,1,4,5,43,2492.0,0,0,8,7,60,1,8.0,0
2019,3,RJ,0,1,4,1,44,3044.0,0,0,5,9,37,1,9.0,0
2019,7,RJ,0,1,6,1,44,1283.0,0,0,4,7,23,0,1.0,0
2019,2,RJ,0,1,6,4,44,1045.0,0,0,4,7,22,0,2.0,0
2019,12,RJ,0,1,6,4,44,1120.0,0,0,5,7,26,0,4.0,0
2019,12,RJ,0,1,11,5,44,1120.0,0,0,5,6,26,1,2.0,0
2018,3,RJ,1,1,2,4,44,954.0,0,0,3,7,24,0,9.0,1
2018,10,RJ,1,3,2,1,44,1193.0,0,0,6,5,46,1,2.0,1
2019,6,RJ,0,1,4,2,44,1180.0,0,0,5,4,23,1,8.0,0
2018,2,RJ,0,1,4,4,44,1274.0,0,0,5,7,33,1,2.0,0
2019,11,RJ,1,1,2,8,44,1239.0,0,0,7,5,18,1,8.0,1
2019,5,RJ,1,1,1,6,40,1312.0,0,1,3,8,23,1,8.0,1
2019,4,RJ,1,1,1,3,44,2314.0,0,0,5,9,23,1,2.0,1
2018,9,RJ,1,1,2,1,44,1139.0,0,0,5,7,20,1,8.0,1
2019,9,RJ,1,1,2,9,44,2715.0,0,0,7,7,27,1,9.0,1
2019,2,RJ,1,1,2,4,44,1300.0,0,0,7,7,31,1,2.0,1
2019,4,RJ,0,1,4,5,44,1219.0,0,0,2,7,24,0,9.0,0
2018,5,RJ,0,1,4,1,44,1219.0,0,0,9,7,33,1,8.0,0
2018,2,RJ,0,1,4,2,44,1782.0,0,0,4,7,37,1,8.0,0
2019,4,RJ,0,1,4,3,44,1416.0,0,0,4,8,41,0,9.0,0
2018,6,RJ,0,1,6,1,44,3000.0,0,0,3,7,30,0,9.0,0
2019,8,RJ,0,1,11,6,44,2020.0,0,0,7,7,50,1,8.0,0
2019,5,RJ,0,1,11,1,44,1033.0,0,0,5,7,50,1,9.0,0
2018,4,RJ,1,1,1,6,44,1034.0,0,0,5,7,20,1,8.0,1
2019,6,RJ,1,1,1,6,44,8483.0,0,0,2,9,25,1,2.0,1
2019,6,RJ,1,1,1,9,36,1239.0,0,0,5,6,49,0,4.0,1
2018,11,RJ,1,1,1,1,44,1066.0,0,0,5,6,19,1,4.0,1
2019,12,RJ,1,1,1,7,40,29008.0,0,0,2,9,56,1,9.0,1
2018,12,RJ,1,1,1,6,20,844.0,0,0,5,7,20,0,8.0,1
2018,10,RJ,1,1,1,5,40,619.0,1,0,4,6,18,1,9.0,1
2019,11,RJ,1,1,1,5,44,1120.0,0,0,5,7,26,1,2.0,1
2018,1,RJ,1,1,1,1,44,1000.0,0,0,4,7,18,0,2.0,1
2019,11,RJ,1,1,1,4,44,1118.0,0,0,4,7,22,0,8.0,1
2018,1,RJ,1,1,1,5,44,1034.0,0,0,5,5,20,1,8.0,1
2018,3,RJ,1,1,1,9,36,766.0,0,0,4,7,21,0,4.0,1
2018,6,RJ,1,1,1,5,44,1260.0,0,0,4,8,23,1,4.0,1
2019,4,RJ,1,1,1,4,44,1065.0,0,0,5,7,19,1,4.0,1
2018,12,RJ,1,1,1,5,24,562.0,0,0,5,7,21,1,8.0,1
2018,3,RJ,1,1,1,9,36,766.0,0,0,4,7,21,0,4.0,1
2019,6,RJ,1,1,1,6,20,560.0,1,0,4,4,15,1,1.0,1
2019,8,RJ,1,1,1,3,20,620.0,1,0,4,6,16,0,2.0,1
2018,1,RJ,1,1,1,7,44,1140.0,0,0,4,7,20,1,9.0,1
2018,3,RJ,1,1,1,3,44,1193.0,0,0,5,7,18,1,8.0,1
2019,2,RJ,1,1,1,8,28,674.0,1,0,4,7,20,1,9.0,1
2018,2,RJ,1,1,1,8,36,3089.0,0,0,2,9,24,1,4.0,1
2019,11,RJ,1,1,1,9,44,1273.0,0,0,5,7,18,0,8.0,1
2018,4,RJ,1,1,1,5,40,956.0,0,0,5,7,22,0,8.0,1
2018,12,RJ,1,1,1,2,44,954.0,0,0,5,7,24,1,2.0,1
2018,5,RJ,1,1,1,3,44,1154.0,0,0,5,2,32,1,4.0,1
2018,1,RJ,1,1,1,5,20,819.0,0,0,5,7,21,0,8.0,1
2018,3,RJ,1,1,1,9,36,780.0,0,0,4,7,37,0,4.0,1
2018,1,RJ,1,1,1,6,36,2833.0,0,0,2,9,28,1,9.0,1
2019,3,RJ,1,1,1,5,24,585.0,0,0,5,6,19,1,2.0,1
2018,6,RJ,1,1,2,1,44,1057.0,0,0,5,6,18,1,2.0,1
2018,8,RJ,1,1,2,3,44,1821.0,0,0,4,9,23,0,8.0,1
2018,7,RJ,1,1,2,1,44,1200.0,0,0,2,7,27,1,2.0,1
2018,2,RJ,1,1,2,8,44,1365.0,0,0,5,5,33,1,2.0,1
2019,11,RJ,1,1,2,6,44,2074.0,0,0,7,5,49,1,9.0,1
2019,2,RJ,1,1,2,7,44,1150.0,0,0,5,5,27,1,9.0,1
2018,7,RJ,1,1,2,9,38,1100.0,0,0,5,5,44,1,2.0,1
2018,4,RJ,1,1,2,6,36,1333.0,0,0,3,8,44,0,2.0,1
2018,11,RJ,1,1,2,1,44,1036.0,0,0,5,7,21,1,2.0,1
2019,11,RJ,1,1,2,2,44,1545.0,0,0,9,7,25,1,9.0,1
2019,11,RJ,1,1,2,3,44,1151.0,0,0,7,4,36,1,2.0,1
2019,2,RJ,1,1,2,3,36,1323.0,0,0,5,7,57,1,2.0,1
2019,2,RJ,1,1,2,6,44,1175.0,0,0,5,7,45,0,9.0,1
2018,3,RJ,1,1,2,5,44,4000.0,0,0,2,7,38,1,2.0,1
2019,11,RJ,1,1,2,2,44,1267.0,0,0,5,7,24,0,2.0,1
2019,2,RJ,1,1,2,7,44,1237.0,0,0,5,7,35,0,2.0,1
2019,10,RJ,1,1,2,1,44,2074.0,0,0,7,7,44,1,2.0,1
2019,1,RJ,1,1,2,9,36,2001.0,0,0,3,7,43,0,8.0,1
2018,1,RJ,1,1,2,7,44,2000.0,0,0,7,7,49,1,8.0,1
2019,3,RJ,1,1,2,8,24,3256.0,0,0,2,9,40,0,2.0,1
2019,5,RJ,1,1,2,8,44,1315.0,0,0,4,7,44,1,8.0,1
2019,5,RJ,1,1,2,6,44,1194.0,0,0,9,7,29,1,2.0,1
2019,10,RJ,1,1,2,8,44,1740.0,0,0,7,7,32,1,8.0,1
2019,1,RJ,1,1,2,2,44,5988.0,0,0,2,9,35,0,2.0,1
2018,1,RJ,1,1,2,6,44,1529.0,0,0,3,7,30,1,8.0,1
2018,6,RJ,1,1,2,2,36,1851.0,0,0,5,5,28,1,8.0,1
2019,6,RJ,1,1,2,5,44,1250.0,0,0,3,7,63,1,2.0,1
2018,10,RJ,1,1,2,1,44,1185.0,0,0,5,5,23,0,2.0,1
2018,6,RJ,1,1,2,1,44,1240.0,0,0,4,6,34,0,8.0,1
2019,4,RJ,1,1,2,4,39,1185.0,0,0,5,5,20,1,8.0,1
2018,9,RJ,1,1,2,8,44,1140.0,0,0,7,7,35,1,8.0,1
2019,9,RJ,1,1,2,1,44,0.0,0,0,7,7,20,1,4.0,1
2019,2,RJ,1,1,2,4,44,3244.0,0,0,2,9,42,0,2.0,1
2019,3,RJ,1,1,2,9,44,2277.0,0,0,3,7,40,1,8.0,1
2019,2,RJ,1,1,2,7,42,2511.0,0,0,7,4,49,1,4.0,1
2018,1,RJ,1,1,2,3,36,1172.0,0,0,4,7,38,0,2.0,1
2018,1,RJ,1,1,2,9,40,4112.0,0,0,2,9,29,1,2.0,1
2018,4,RJ,1,1,2,1,44,3500.0,0,0,1,9,33,0,2.0,1
2018,4,RJ,1,1,2,2,44,663.0,0,0,5,8,35,0,8.0,1
2019,2,RJ,1,1,2,9,44,2073.0,0,0,5,5,26,1,4.0,1
2019,6,RJ,1,1,2,9,40,2000.0,0,0,4,9,30,1,9.0,1
2018,12,RJ,1,1,2,6,44,1065.0,0,0,5,7,27,0,8.0,1
2018,10,RJ,1,1,2,6,44,1328.0,0,1,4,7,28,1,8.0,1
2018,3,RJ,1,1,2,9,25,798.0,0,0,5,7,28,1,8.0,1
2019,4,RJ,1,1,2,4,44,1237.0,0,0,5,7,30,1,9.0,1
2019,3,RJ,1,1,2,9,30,680.0,0,0,4,9,28,0,8.0,1
2019,9,RJ,1,1,2,4,44,4000.0,0,0,2,9,34,0,9.0,1
2019,4,RJ,1,1,2,3,44,1060.0,0,0,7,5,52,1,8.0,1
2018,2,RJ,1,1,2,5,44,2000.0,0,0,4,7,34,0,2.0,1
2018,2,RJ,1,1,2,1,44,1150.0,0,0,5,7,36,1,9.0,1
2018,1,RJ,1,1,2,6,44,1109.0,0,0,5,7,40,0,4.0,1
2018,12,RJ,1,1,2,2,44,1648.0,0,0,5,5,22,1,8.0,1
2018,9,RJ,1,1,2,1,36,1125.0,0,0,5,7,22,0,2.0,1
2019,6,RJ,1,1,2,5,44,1551.0,0,0,7,4,48,1,8.0,1
2018,4,RJ,1,1,2,1,30,1486.0,0,0,3,7,28,0,8.0,1
2018,9,RJ,1,1,2,8,44,1256.0,0,0,4,7,20,0,4.0,1
2019,2,RJ,1,1,2,1,44,1300.0,0,0,5,7,34,0,2.0,1
2019,9,RJ,1,1,2,5,44,1339.0,0,0,7,7,25,1,9.0,1
2019,2,RJ,1,1,2,5,44,1700.0,0,0,2,9,51,0,8.0,1
2019,11,RJ,1,3,2,3,44,2794.0,0,0,6,7,27,1,9.0,1
2018,6,RJ,1,1,2,7,24,831.0,0,0,5,7,42,1,2.0,1
2018,6,RJ,1,1,2,6,44,1177.0,0,0,5,7,36,1,4.0,1
2018,1,RJ,1,1,2,6,40,3100.0,0,0,3,8,26,1,2.0,1
2019,12,RJ,1,1,2,3,44,1264.0,0,0,5,7,23,0,8.0,1
2019,1,RJ,1,1,2,4,44,1065.0,0,0,5,7,21,0,8.0,1
2019,10,RJ,1,1,2,1,44,1529.0,0,0,8,5,56,1,8.0,1
2019,2,RJ,1,1,2,4,44,2300.0,0,0,8,7,33,1,8.0,1
2018,1,RJ,1,1,2,2,44,1400.0,0,0,4,7,25,0,9.0,1
2018,10,RJ,1,1,2,4,44,1441.0,0,0,7,6,37,1,2.0,1
2018,1,RJ,1,1,2,6,44,5500.0,0,0,3,9,39,0,8.0,1
2019,11,RJ,1,1,2,4,36,844.0,0,0,5,6,20,1,8.0,1
2019,3,RJ,1,1,2,2,44,1000.0,0,0,2,7,18,1,8.0,1
2018,2,RJ,1,1,2,1,44,1265.0,0,0,5,7,30,0,2.0,1
2019,2,RJ,1,1,2,4,44,1269.0,0,0,6,7,21,1,2.0,1
2019,2,RJ,1,1,2,5,44,1212.0,0,0,7,7,23,0,2.0,1
2018,3,RJ,1,1,2,3,44,1150.0,0,0,5,7,29,0,2.0,1
2019,7,RJ,1,1,2,4,44,1172.0,0,0,4,7,59,0,2.0,1
2019,10,RJ,1,1,2,2,24,1800.0,0,0,2,9,26,0,4.0,1
2018,3,RJ,1,1,2,7,44,1150.0,0,0,5,4,35,0,8.0,1
2019,5,RJ,1,1,2,1,44,1175.0,0,0,5,7,26,1,2.0,1
2018,8,RJ,1,1,2,7,44,1303.0,0,0,3,7,22,1,2.0,1
2018,7,RJ,1,1,2,5,44,1150.0,0,0,4,7,34,0,9.0,1
2019,4,RJ,1,1,2,6,44,1166.0,0,0,5,7,35,1,4.0,1
2019,1,RJ,1,1,2,7,44,1998.0,0,0,3,7,32,0,8.0,1
2019,6,RJ,1,1,2,8,44,1665.0,0,0,3,7,36,0,8.0,1
2019,10,RJ,1,1,2,3,44,3296.0,0,0,2,7,43,0,9.0,1
2018,8,RJ,1,1,2,7,20,487.0,1,0,4,6,16,1,2.0,1
2019,3,RJ,1,1,2,8,44,1038.0,0,0,5,6,40,0,8.0,1
2019,1,RJ,1,1,2,4,44,1065.0,0,0,5,7,21,0,8.0,1
2019,9,RJ,1,1,2,2,44,1120.0,0,0,4,4,25,1,9.0,1
2018,11,RJ,1,1,2,1,44,1300.0,0,0,5,7,26,1,2.0,1
2018,1,RJ,1,1,2,5,40,1500.0,0,0,3,7,50,0,2.0,1
2018,4,RJ,1,1,2,5,44,1180.0,0,0,4,7,36,0,2.0,1
2018,5,RJ,1,1,2,3,44,1008.0,0,0,5,5,28,0,9.0,1
2019,6,RJ,1,1,2,2,44,1500.0,0,0,7,7,43,1,9.0,1
2019,2,RJ,1,1,2,6,44,1753.0,0,0,5,9,38,1,8.0,1
2019,5,RJ,1,1,2,3,44,1072.0,0,0,4,3,22,0,2.0,1
2019,5,RJ,1,1,2,4,44,1068.0,0,0,3,7,24,0,8.0,1
2019,11,RJ,1,1,2,4,44,1283.0,0,0,5,5,56,0,4.0,1
2018,7,RJ,1,1,2,4,44,1448.0,0,0,5,6,29,1,8.0,1
2019,2,RJ,1,1,2,4,44,1300.0,0,0,5,7,22,0,4.0,1
2019,2,RJ,1,1,2,7,44,1150.0,0,0,5,5,27,1,9.0,1
2019,3,RJ,1,1,2,7,44,1076.0,0,0,3,7,38,1,8.0,1
2018,1,RJ,1,1,2,1,44,1150.0,0,0,5,7,22,1,2.0,1
2019,8,RJ,1,1,2,4,44,1201.0,0,0,5,7,27,1,2.0,1
2018,9,RJ,1,1,2,2,30,726.0,0,0,5,7,23,1,4.0,1
2018,12,RJ,1,1,2,1,44,1169.0,0,0,5,6,51,1,2.0,1
2018,4,RJ,1,1,2,6,44,1424.0,0,0,7,5,26,1,2.0,1
2018,5,RJ,1,1,2,2,44,1283.0,0,0,5,1,32,1,2.0,1
2018,9,RJ,1,1,2,1,44,1250.0,0,0,5,5,23,1,2.0,1
2019,11,RJ,1,1,2,9,36,816.0,0,0,4,7,21,0,8.0,1
2019,1,RJ,1,1,2,8,42,5000.0,0,0,2,9,28,0,2.0,1
2018,9,RJ,1,1,2,4,44,1524.0,0,0,5,7,33,1,2.0,1
2018,12,RJ,1,1,2,4,44,3000.0,0,0,2,9,24,1,2.0,1
2019,9,RJ,1,1,2,6,44,1283.0,0,0,4,8,51,0,8.0,1
2019,1,RJ,1,1,2,4,44,1065.0,0,0,4,7,30,0,8.0,1
2019,8,RJ,1,1,2,4,44,1100.0,0,0,7,7,29,1,2.0,1
2019,12,RJ,1,1,2,3,44,1366.0,0,0,4,7,26,1,4.0,1
2019,5,RJ,1,1,2,9,40,8511.0,0,0,2,9,73,1,2.0,1
2019,2,RJ,1,1,2,1,44,2649.0,0,0,5,5,47,0,2.0,1
2018,7,RJ,1,1,2,7,44,1263.0,0,0,7,5,30,1,2.0,1
2019,6,RJ,1,1,2,4,44,2001.0,0,0,7,5,39,1,2.0,1
2019,9,RJ,1,1,2,6,44,1378.0,0,0,4,7,35,0,2.0,1
2019,10,RJ,1,1,2,1,44,1234.0,0,0,4,6,21,0,9.0,1
2019,9,RJ,1,1,2,9,36,3261.0,0,0,3,7,28,1,2.0,1
2019,3,RJ,1,1,2,4,44,1175.0,0,0,5,7,21,0,8.0,1
2019,8,RJ,1,1,2,5,44,1191.0,0,0,7,7,36,1,2.0,1
2019,4,RJ,1,1,2,7,40,5500.0,0,0,2,9,33,1,2.0,1
2018,6,RJ,1,1,2,2,44,1342.0,0,0,5,5,40,1,8.0,1
2018,7,RJ,1,1,2,6,44,1440.0,0,0,5,7,27,1,8.0,1
2019,8,RJ,1,1,2,9,36,3158.0,0,0,2,9,45,0,8.0,1
2019,11,RJ,1,1,2,3,44,1373.0,0,0,5,7,56,1,4.0,1
2018,2,RJ,1,1,2,9,36,1529.0,0,0,3,7,41,0,9.0,1
2018,8,RJ,1,1,2,1,44,954.0,0,0,5,7,40,0,9.0,1
2018,8,RJ,1,1,2,1,44,1200.0,0,0,4,7,49,0,2.0,1
2019,5,RJ,1,1,2,1,44,1200.0,0,0,5,7,29,1,8.0,1
2019,3,RJ,1,1,2,6,44,1185.0,0,0,7,7,26,1,2.0,1
2019,3,RJ,1,1,2,5,44,1489.0,0,0,5,9,33,1,8.0,1
2019,11,RJ,1,1,2,1,44,1246.0,0,0,5,7,22,1,8.0,1
2019,7,RJ,1,1,2,1,44,1134.0,0,0,4,9,39,0,2.0,1
2019,6,RJ,1,1,2,9,30,2000.0,0,0,2,9,30,0,8.0,1
2019,10,RJ,1,1,2,3,40,2200.0,0,0,3,9,22,1,9.0,1
2018,5,RJ,1,1,2,7,44,2125.0,0,0,7,7,31,1,2.0,1
2018,7,RJ,1,1,2,4,44,1150.0,0,0,4,7,22,1,4.0,1
2018,10,RJ,1,1,2,3,44,1200.0,0,0,4,8,20,1,2.0,1
2019,8,RJ,1,1,2,5,44,1427.0,0,0,7,4,32,1,8.0,1
2019,9,RJ,1,1,2,4,44,1283.0,0,0,5,5,28,1,2.0,1
2018,10,RJ,1,1,2,4,44,1237.0,0,0,5,7,30,1,8.0,1
2019,12,RJ,1,1,2,6,44,1235.0,0,0,7,7,19,0,8.0,1
2018,12,RJ,1,1,2,1,44,2140.0,0,0,7,4,27,1,8.0,1
2019,8,RJ,1,1,2,6,44,1300.0,0,0,5,6,22,1,8.0,1
2018,11,RJ,1,1,2,6,44,1270.0,0,0,5,5,30,1,8.0,1
2018,5,RJ,1,1,2,9,44,1150.0,0,0,5,5,27,0,4.0,1
2019,9,RJ,1,1,2,1,44,1118.0,0,0,4,7,25,0,8.0,1
2019,6,RJ,1,1,2,8,44,1145.0,0,0,7,7,28,1,8.0,1
2018,12,RJ,1,1,2,1,44,2300.0,0,0,4,7,45,1,8.0,1
2018,11,RJ,1,1,2,7,44,994.0,0,0,5,7,24,0,8.0,1
2018,11,RJ,1,1,2,4,36,1347.0,0,0,5,2,56,1,2.0,1
2019,12,RJ,1,1,2,6,30,943.0,1,0,4,7,21,0,2.0,1
2019,3,RJ,1,1,2,9,44,1078.0,0,0,7,7,35,1,2.0,1
2018,8,RJ,1,1,2,5,44,8109.0,0,0,2,9,28,0,2.0,1
2019,10,RJ,1,1,2,2,44,1200.0,0,0,4,7,21,0,9.0,1
2019,6,RJ,1,1,2,7,42,2135.0,0,0,7,5,43,1,8.0,1
2019,7,RJ,1,1,2,3,44,1185.0,0,0,8,7,25,0,8.0,1
2019,5,RJ,1,1,2,6,44,1194.0,0,0,9,7,29,1,2.0,1
2018,1,RJ,1,1,2,7,36,1529.0,0,0,3,7,33,0,4.0,1
2019,2,RJ,1,1,2,3,44,1241.0,0,0,5,5,36,0,8.0,1
2018,4,RJ,1,1,2,5,44,1150.0,0,0,4,7,22,0,8.0,1
2018,9,RJ,1,1,2,3,36,1265.0,0,0,5,8,21,1,2.0,1
2018,6,RJ,1,1,2,7,44,1245.0,0,0,4,7,27,1,8.0,1
2018,5,RJ,1,1,2,5,44,2034.0,0,0,1,9,27,0,8.0,1
2019,4,RJ,1,1,2,1,44,1175.0,0,0,4,6,22,0,8.0,1
2018,4,RJ,1,1,2,9,44,1726.0,0,0,9,7,32,1,8.0,1
2019,8,RJ,1,1,2,4,40,3500.0,0,0,2,9,26,0,8.0,1
2019,2,RJ,1,1,2,6,44,1194.0,0,0,5,5,59,0,4.0,1
2019,6,RJ,1,1,2,7,44,2129.0,0,0,2,7,41,1,8.0,1
2018,7,RJ,1,1,2,3,44,2500.0,0,0,3,9,52,1,2.0,1
2018,6,RJ,1,1,2,6,44,1323.0,0,0,5,7,37,1,8.0,1
2018,3,RJ,1,1,2,6,44,1421.0,0,0,7,6,18,1,8.0,1
2019,12,RJ,1,1,2,6,36,2633.0,0,0,5,7,28,0,2.0,1
2019,12,RJ,1,1,2,9,36,1283.0,0,0,5,7,24,0,8.0,1
2018,8,RJ,1,1,2,3,44,1258.0,0,0,5,8,24,0,2.0,1
2018,11,RJ,1,1,2,3,44,1441.0,0,0,7,5,25,1,4.0,1
2018,7,RJ,1,1,2,1,44,1237.0,0,0,5,7,18,1,8.0,1
2019,2,RJ,1,1,2,1,44,1237.0,0,0,6,6,28,1,8.0,1
2019,8,RJ,1,1,2,1,44,1185.0,0,0,4,7,20,1,9.0,1
2018,4,RJ,1,1,2,1,44,1115.0,0,0,3,7,18,0,2.0,1
2019,1,RJ,1,1,2,2,40,1460.0,0,0,4,9,28,0,2.0,1
2019,5,RJ,1,1,2,2,44,1185.0,0,0,7,7,28,1,2.0,1
2019,8,RJ,1,1,2,5,44,1290.0,0,0,1,7,24,0,8.0,1
2018,7,RJ,1,1,2,3,20,314.0,0,0,2,9,28,0,8.0,1
2018,2,RJ,1,1,2,1,44,1136.0,0,0,5,7,20,0,8.0,1
2019,3,RJ,1,1,2,1,44,1220.0,0,0,5,7,25,0,9.0,1
2019,8,RJ,1,1,2,1,44,1300.0,0,0,4,7,35,1,2.0,1
2019,7,RJ,1,1,2,7,44,2647.0,0,0,3,9,38,1,8.0,1
2018,3,RJ,1,1,2,3,44,1178.0,0,0,5,5,37,1,4.0,1
2019,1,RJ,1,1,2,7,44,1755.0,0,0,9,7,33,1,6.0,1
2019,8,RJ,1,1,2,5,44,1079.0,0,0,5,4,49,1,2.0,1
2018,1,RJ,1,1,2,5,40,1286.0,0,0,3,7,44,1,8.0,1
2018,2,RJ,1,1,2,4,44,1178.0,0,0,5,3,24,1,2.0,1
2018,5,RJ,1,1,2,7,44,1135.0,0,0,7,4,43,1,4.0,1
2018,11,RJ,1,1,2,6,44,1270.0,0,0,5,5,30,1,8.0,1
2019,7,RJ,1,1,2,6,44,1408.0,0,0,4,7,25,0,9.0,1
2019,11,RJ,1,1,2,3,44,2233.0,0,0,7,5,53,1,8.0,1
2019,4,RJ,1,1,2,7,44,1450.0,0,0,5,7,36,0,8.0,1
2018,8,RJ,1,1,2,2,44,1325.0,0,0,1,9,37,1,4.0,1
2018,4,RJ,1,1,2,2,44,1437.0,0,0,5,5,21,1,4.0,1
2018,4,RJ,1,1,2,4,44,1500.0,0,0,5,6,38,1,2.0,1
2018,1,RJ,1,1,2,4,44,1006.0,0,0,5,5,33,1,8.0,1
2019,1,RJ,1,1,2,9,44,1203.0,0,0,7,2,40,0,6.0,1
2019,3,RJ,1,1,2,9,40,1500.0,0,0,5,9,24,1,9.0,1
2019,7,RJ,1,1,2,1,44,1185.0,0,0,5,7,40,0,8.0,1
2018,12,RJ,1,3,2,1,44,1441.0,0,0,7,4,29,1,4.0,1
2019,12,RJ,1,1,2,1,20,877.0,0,0,5,6,20,1,2.0,1
2019,2,RJ,1,1,2,4,44,2500.0,0,0,1,9,33,1,8.0,1
2019,9,RJ,1,1,2,3,44,1283.0,0,0,5,4,46,1,8.0,1
2018,6,RJ,1,1,2,6,44,1294.0,0,0,8,5,30,1,8.0,1
2018,9,RJ,1,1,2,6,44,1175.0,0,1,7,7,25,1,4.0,1
2019,10,RJ,1,1,2,5,44,7000.0,0,0,3,7,38,1,8.0,1
2019,9,RJ,1,1,2,9,44,1239.0,0,0,5,5,60,0,8.0,1
2019,1,RJ,1,1,2,4,44,1194.0,0,0,5,7,42,0,2.0,1
2018,11,RJ,1,1,2,5,44,1310.0,0,0,4,7,45,1,9.0,1
2018,7,RJ,1,1,2,1,44,1500.0,0,0,5,6,25,1,9.0,1
2018,10,RJ,1,1,2,4,44,1175.0,0,0,5,7,23,1,2.0,1
2018,7,RJ,1,1,2,6,44,2000.0,0,0,7,9,31,0,2.0,1
2018,4,RJ,1,1,2,1,30,1486.0,0,0,3,7,28,0,8.0,1
2018,12,RJ,1,1,2,1,44,1200.0,0,0,3,9,34,0,2.0,1
2019,11,RJ,1,1,2,6,44,1120.0,0,0,4,3,34,0,8.0,1
2019,9,RJ,1,1,2,5,42,1185.0,0,0,3,8,25,0,4.0,1
2019,10,RJ,1,1,2,4,44,1120.0,0,0,5,7,30,0,2.0,1
2019,5,RJ,1,1,2,9,40,1226.0,0,0,5,7,27,0,8.0,1
2018,4,RJ,1,1,2,5,44,1200.0,0,0,7,7,55,1,2.0,1
2018,3,RJ,1,1,2,4,44,1166.0,0,0,5,4,52,1,8.0,1
2018,6,RJ,1,1,2,5,44,1988.0,0,0,7,6,39,1,2.0,1
2018,4,RJ,1,1,2,1,30,1486.0,0,0,3,7,28,0,8.0,1
2018,1,RJ,1,1,2,9,44,5200.0,0,0,2,9,29,1,8.0,1
2019,3,RJ,1,1,2,2,44,1196.0,0,0,5,7,23,1,9.0,1
2019,9,RJ,1,1,2,8,44,1169.0,0,0,8,8,23,1,2.0,1
2019,1,RJ,1,1,2,9,44,1194.0,0,0,5,7,35,0,8.0,1
2018,3,RJ,1,1,2,1,44,1200.0,0,0,5,7,25,0,2.0,1
2018,9,RJ,1,1,2,4,44,1541.0,0,0,7,7,59,1,4.0,1
2019,11,RJ,1,1,2,3,44,3158.0,0,0,2,9,25,0,8.0,1
2019,9,RJ,1,1,2,4,44,3214.0,0,0,2,7,37,0,8.0,1
2018,6,RJ,1,1,2,4,44,2236.0,0,0,4,7,28,1,8.0,1
2019,6,RJ,1,1,2,3,44,1250.0,0,0,4,7,47,0,8.0,1
2019,5,RJ,1,1,2,4,44,1089.0,0,0,4,7,19,1,2.0,1
2019,8,RJ,1,1,2,1,44,1185.0,0,0,4,7,20,1,9.0,1
2019,1,RJ,1,1,2,4,44,1250.0,0,0,5,7,29,0,8.0,1
2019,10,RJ,1,1,2,1,44,1234.0,0,0,4,6,21,0,9.0,1
2019,1,RJ,1,1,2,4,44,1119.0,0,0,5,3,50,1,2.0,1
2018,5,RJ,1,1,2,1,44,1750.0,0,0,1,9,29,0,2.0,1
2019,9,RJ,1,1,2,3,44,1083.0,0,0,5,6,30,0,8.0,1
2019,10,RJ,1,1,2,4,44,1606.0,0,0,4,7,25,0,2.0,1
2019,8,RJ,1,1,2,6,44,1409.0,0,0,5,8,27,1,9.0,1
2019,12,RJ,1,1,2,3,44,1120.0,0,0,5,7,39,1,4.0,1
2018,4,RJ,1,1,2,9,44,1157.0,0,0,7,7,20,0,8.0,1
2018,3,RJ,1,1,2,4,44,1178.0,0,0,5,7,21,0,2.0,1
2018,6,RJ,1,1,2,1,44,3311.0,0,0,7,7,41,1,2.0,1
2018,3,RJ,1,1,2,6,44,1421.0,0,0,7,6,18,1,8.0,1
2018,11,RJ,1,1,2,8,44,1466.0,0,0,4,7,25,0,8.0,1
2018,9,RJ,1,1,2,5,40,4047.0,0,0,2,9,31,0,8.0,1
2018,4,RJ,1,1,2,1,44,1632.0,0,0,4,7,35,1,2.0,1
2019,4,RJ,1,1,2,1,44,1350.0,0,0,4,7,32,1,9.0,1
2019,1,RJ,1,1,2,4,44,1367.0,0,0,5,7,30,1,2.0,1
2019,9,RJ,1,1,2,4,44,1234.0,0,0,4,5,25,0,8.0,1
2019,1,RJ,1,1,2,8,44,1194.0,0,1,5,5,29,1,8.0,1
2018,1,RJ,1,1,2,4,44,1500.0,0,0,5,6,37,1,2.0,1
2019,4,RJ,1,1,2,1,44,1180.0,0,0,3,9,39,0,2.0,1
2018,5,RJ,1,1,2,1,44,1441.0,0,0,7,7,49,1,9.0,1
2019,6,RJ,1,1,2,5,44,1441.0,0,0,7,7,27,1,9.0,1
2019,4,RJ,1,1,2,8,44,1200.0,0,0,9,7,35,1,4.0,1
2019,8,RJ,1,1,2,1,44,1150.0,0,0,5,7,24,0,9.0,1
2019,3,RJ,1,1,2,4,44,2195.0,0,0,7,7,39,1,2.0,1
2019,6,RJ,1,1,2,2,44,1175.0,0,0,5,6,31,1,8.0,1
2018,7,RJ,1,1,2,9,44,2080.0,0,0,3,8,27,0,2.0,1
2018,3,RJ,1,1,2,9,44,1586.0,0,0,4,5,66,0,8.0,1
2018,5,RJ,1,1,2,4,44,17000.0,0,0,1,9,41,1,2.0,1
2018,9,RJ,1,1,2,9,24,2464.0,0,0,2,9,28,0,8.0,1
2018,6,RJ,1,1,2,8,44,2376.0,0,0,4,7,37,1,2.0,1
2018,2,RJ,1,1,2,3,44,3000.0,0,0,4,8,30,0,2.0,1
2019,9,RJ,1,1,2,6,22,650.0,0,0,5,7,34,1,2.0,1
2018,2,RJ,1,1,2,3,44,1083.0,0,0,4,7,21,1,8.0,1
2019,11,RJ,1,1,2,9,44,1194.0,0,0,5,7,46,0,2.0,1
2019,7,RJ,1,1,2,2,44,1224.0,0,0,9,5,23,1,8.0,1
2019,12,RJ,1,1,2,6,44,1234.0,0,0,5,7,27,0,8.0,1
2019,10,RJ,1,1,2,9,40,1879.0,0,0,4,8,20,1,2.0,1
2019,7,RJ,1,1,2,5,44,0.0,0,0,3,8,20,1,8.0,1
2019,8,RJ,1,1,2,2,44,1070.0,0,0,5,5,28,0,8.0,1
2018,9,RJ,1,1,2,3,40,1540.0,0,0,4,7,18,0,4.0,1
2018,9,RJ,1,1,2,2,44,482.0,0,0,5,7,25,0,2.0,1
2018,7,RJ,1,1,2,5,44,1072.0,0,0,5,7,33,1,8.0,1
2018,4,RJ,1,1,2,4,44,1156.0,0,0,5,7,21,1,2.0,1
2018,10,RJ,1,1,2,8,44,1511.0,0,0,7,7,32,1,4.0,1
2019,12,RJ,1,1,2,1,44,1203.0,0,0,5,7,30,1,2.0,1
2018,2,RJ,1,1,2,2,36,1265.0,0,0,5,7,19,0,8.0,1
2018,10,RJ,1,1,2,7,44,1825.0,0,0,5,6,57,1,2.0,1
2018,9,RJ,1,1,2,4,44,1972.0,0,0,7,7,44,1,8.0,1
2018,3,RJ,1,1,2,4,36,1189.0,0,0,3,7,39,0,2.0,1
2018,12,RJ,1,1,2,6,44,1287.0,0,0,9,6,21,1,8.0,1
2019,7,RJ,1,1,2,1,44,1483.0,0,0,5,2,36,0,4.0,1
2019,11,RJ,1,1,2,1,44,1349.0,0,0,4,7,20,1,4.0,1
2018,12,RJ,1,1,2,2,44,1329.0,0,0,5,7,20,1,8.0,1
2018,6,RJ,1,1,2,5,44,1465.0,0,0,4,8,37,0,2.0,1
2018,1,RJ,1,1,2,3,44,1033.0,0,0,4,7,43,0,2.0,1
2018,12,RJ,1,1,2,1,42,1200.0,0,0,5,7,37,1,4.0,1
2018,8,RJ,1,1,2,3,44,1001.0,0,0,5,7,23,1,2.0,1
2019,2,RJ,1,1,2,5,44,1263.0,0,0,2,9,45,0,8.0,1
2019,3,RJ,1,1,2,7,44,4000.0,0,0,2,9,25,0,2.0,1
2019,6,RJ,1,1,2,3,44,2800.0,0,0,2,7,27,1,2.0,1
2018,3,RJ,1,1,2,6,40,7200.0,0,0,2,9,35,0,2.0,1
2018,3,RJ,1,1,2,3,44,1200.0,0,0,5,7,35,0,2.0,1
2019,9,RJ,1,1,2,9,44,1239.0,0,0,5,5,60,0,8.0,1
2019,4,RJ,1,1,2,8,44,1038.0,0,0,5,7,24,0,4.0,1
2019,12,RJ,1,1,2,1,44,1072.0,0,0,5,7,34,0,2.0,1
2018,9,RJ,1,1,2,3,44,1237.0,0,0,8,6,18,0,2.0,1
2018,5,RJ,1,1,2,1,44,1237.0,0,0,5,7,25,1,9.0,1
2018,7,RJ,1,1,2,8,44,2378.0,0,0,9,3,32,1,2.0,1
2018,8,RJ,1,1,2,4,40,1590.0,0,0,4,9,26,0,2.0,1
2019,7,RJ,1,1,2,6,30,871.0,1,0,4,7,21,1,8.0,1
2019,1,RJ,1,1,2,1,44,2635.0,0,0,5,9,46,1,2.0,1
2019,6,RJ,1,1,2,5,44,3063.0,0,0,1,7,30,1,9.0,1
2018,3,RJ,1,1,2,2,44,1136.0,0,0,4,7,39,0,2.0,1
2018,4,RJ,1,1,2,3,44,1118.0,0,0,5,7,19,1,9.0,1
2018,3,RJ,1,1,2,9,25,798.0,0,0,5,7,28,1,8.0,1
2018,8,RJ,1,1,2,3,44,1150.0,0,0,4,7,28,1,2.0,1
2019,3,RJ,1,1,2,8,44,1038.0,0,0,5,6,40,0,8.0,1
2018,2,RJ,0,1,4,5,44,1091.0,0,0,5,5,44,1,8.0,0
2018,6,RJ,0,1,4,4,20,580.0,1,0,4,8,21,0,8.0,0
2018,8,RJ,0,1,4,8,44,6870.0,0,0,2,9,43,0,8.0,0
2018,3,RJ,0,1,4,9,44,1221.0,0,0,4,7,38,0,2.0,0
2019,10,RJ,0,1,4,4,20,1330.0,1,0,4,7,22,0,8.0,0
2019,4,RJ,0,1,4,5,44,1755.0,0,0,7,7,27,1,9.0,0
2018,9,RJ,0,1,4,5,44,1990.0,0,0,7,4,38,1,8.0,0
2018,4,RJ,0,1,4,4,44,1150.0,0,0,4,7,38,1,9.0,0
2019,10,RJ,0,1,4,7,44,2352.0,0,0,9,7,61,1,8.0,0
2018,1,RJ,0,1,4,4,40,8418.0,0,0,3,9,58,1,4.0,0
2019,5,RJ,0,1,4,4,44,1250.0,0,0,4,7,36,0,2.0,0
2019,5,RJ,0,1,4,5,44,1295.0,0,0,5,6,24,0,8.0,0
2018,3,RJ,0,1,4,4,44,3721.0,0,0,4,7,28,0,2.0,0
2019,4,RJ,0,1,4,3,44,1518.0,0,0,1,7,45,1,2.0,0
2019,3,RJ,0,1,4,4,44,3396.0,0,0,4,9,29,0,2.0,0
2018,9,RJ,0,1,4,5,36,1323.0,0,0,5,7,44,1,4.0,0
2018,2,RJ,0,1,4,4,44,1165.0,0,0,5,5,23,1,2.0,0
2019,2,RJ,0,1,4,1,44,1962.0,0,0,7,6,28,1,2.0,0
2018,2,RJ,0,1,4,3,44,1821.0,0,0,7,5,43,1,4.0,0
2018,11,RJ,0,1,4,4,44,1200.0,0,0,5,4,41,1,8.0,0
2018,3,RJ,0,1,4,7,20,695.0,1,0,3,6,16,1,8.0,0
2018,5,RJ,0,1,4,6,44,1386.0,0,0,8,7,36,1,8.0,0
2018,6,RJ,0,1,4,9,36,937.0,0,0,4,7,31,0,8.0,0
2018,7,RJ,0,1,4,9,44,1558.0,0,0,7,8,31,1,8.0,0
2019,9,RJ,0,1,4,1,44,1200.0,0,0,4,7,22,0,8.0,0
2018,8,RJ,0,1,4,5,42,1220.0,0,0,5,7,20,0,4.0,0
2018,2,RJ,0,1,4,3,44,1954.0,0,0,5,7,33,1,8.0,0
2018,3,RJ,0,1,4,2,44,1762.0,0,0,1,8,28,1,2.0,0
2018,8,RJ,0,1,4,2,44,1265.0,0,0,4,7,53,1,2.0,0
2018,6,RJ,0,1,4,2,44,1493.0,0,0,5,7,32,0,2.0,0
2018,4,RJ,0,1,4,6,44,1619.0,0,0,4,8,21,0,9.0,0
2018,10,RJ,0,1,4,4,44,3058.0,0,0,7,9,61,1,8.0,0
2018,3,RJ,0,1,4,7,44,1157.0,0,0,7,7,22,1,8.0,0
2019,5,RJ,0,1,4,7,44,1180.0,0,0,9,7,26,1,8.0,0
2019,6,RJ,0,1,4,6,44,1947.0,0,0,7,6,43,1,8.0,0
2018,11,RJ,0,1,4,3,44,1105.0,0,0,5,7,26,0,8.0,0
2018,8,RJ,0,1,4,6,40,1757.0,0,0,4,7,46,0,2.0,0
2019,1,RJ,0,1,4,7,44,979.0,0,0,6,7,30,1,8.0,0
2018,1,RJ,0,1,4,8,44,1273.0,0,0,5,7,33,1,8.0,0
2019,10,RJ,0,1,4,4,44,1120.0,0,0,7,7,21,1,8.0,0
2019,10,RJ,0,1,4,8,44,1239.0,0,0,5,4,32,0,2.0,0
2018,8,RJ,0,1,4,8,44,1481.0,0,0,7,7,48,1,8.0,0
2018,5,RJ,0,1,4,3,44,1962.0,0,0,7,7,40,1,1.0,0
2019,3,RJ,0,1,4,4,44,4092.0,0,0,4,7,41,1,2.0,0
2018,8,RJ,0,1,4,3,44,477.0,0,0,5,7,23,1,8.0,0
2019,8,RJ,0,1,4,2,44,1185.0,0,0,5,7,23,0,2.0,0
2019,7,RJ,0,1,4,6,44,1325.0,0,0,4,8,23,0,2.0,0
2018,11,RJ,0,1,4,1,44,1645.0,0,0,7,7,31,1,8.0,0
2019,11,RJ,0,1,4,3,44,2311.0,0,0,2,8,35,0,2.0,0
2019,9,RJ,0,1,4,4,44,1035.0,0,0,3,5,19,0,2.0,0
2018,10,RJ,0,1,4,9,36,1325.0,0,0,4,7,58,0,2.0,0
2018,3,RJ,0,1,4,2,44,1150.0,0,0,7,7,20,1,9.0,0
2019,3,RJ,0,1,4,3,44,1189.0,0,0,7,7,38,1,2.0,0
2018,8,RJ,0,1,4,4,44,1034.0,0,0,5,7,33,0,2.0,0
2018,3,RJ,0,1,4,9,44,1049.0,0,0,3,9,30,0,2.0,0
2018,1,RJ,0,1,4,1,44,1150.0,0,0,4,6,40,0,2.0,0
2018,5,RJ,0,1,4,5,44,2838.0,0,0,4,8,52,1,9.0,0
2019,1,RJ,0,1,4,9,44,5678.0,0,0,2,9,33,1,8.0,0
2018,4,RJ,0,1,4,3,44,1233.0,0,0,5,7,32,0,2.0,0
2019,8,RJ,0,1,4,9,36,816.0,0,0,4,7,44,0,8.0,0
2019,11,RJ,0,1,4,1,44,1169.0,0,0,5,7,51,0,9.0,0
2019,2,RJ,0,1,4,7,44,1408.0,0,0,5,7,54,0,8.0,0
2019,5,RJ,0,1,4,4,44,1194.0,0,0,4,7,73,1,9.0,0
2019,9,RJ,0,1,4,3,44,1302.0,0,0,3,5,38,1,8.0,0
2019,9,RJ,0,1,4,4,44,0.0,0,0,3,9,29,0,2.0,0
2019,8,RJ,0,1,4,1,44,2140.0,0,0,7,4,25,1,8.0,0
2018,11,RJ,0,1,4,5,44,1193.0,0,0,5,7,19,0,8.0,0
2018,6,RJ,0,1,4,9,44,1194.0,0,0,5,5,39,0,8.0,0
2019,1,RJ,0,1,4,9,44,1434.0,0,0,5,7,38,1,8.0,0
2019,5,RJ,0,1,4,7,44,1856.0,0,0,8,7,32,1,8.0,0
2018,2,RJ,0,1,4,7,40,6305.0,0,0,2,9,32,0,2.0,0
2018,1,RJ,0,1,4,5,44,1463.0,0,0,7,5,27,1,8.0,0
2018,12,RJ,0,1,4,1,44,1303.0,0,0,5,7,30,0,8.0,0
2018,3,RJ,0,1,4,1,44,1506.0,0,0,5,3,48,1,2.0,0
2019,4,RJ,0,1,4,6,40,18557.0,0,0,2,9,35,0,2.0,0
2018,3,RJ,0,1,4,1,44,1267.0,0,0,4,7,46,1,9.0,0
2018,5,RJ,0,1,4,3,44,1114.0,0,0,5,2,49,1,8.0,0
2019,2,RJ,0,1,4,3,44,1988.0,0,0,7,3,61,1,8.0,0
2018,11,RJ,0,1,4,3,36,1347.0,0,0,5,6,36,1,8.0,0
2019,5,RJ,0,1,4,3,44,1119.0,0,0,4,7,30,0,8.0,0
2019,2,RJ,0,1,4,9,36,998.0,0,0,4,7,27,1,2.0,0
2018,6,RJ,0,1,4,5,44,1150.0,0,0,3,7,33,0,4.0,0
2018,10,RJ,0,1,4,4,44,1170.0,0,0,7,7,38,1,9.0,0
2019,5,RJ,0,1,4,7,44,1315.0,0,0,4,9,34,0,2.0,0
2018,3,RJ,0,1,4,9,44,1221.0,0,0,4,7,38,0,2.0,0
2018,9,RJ,0,1,4,2,44,1172.0,0,0,5,7,21,1,9.0,0
2018,4,RJ,0,1,4,4,44,1180.0,0,0,5,6,26,1,8.0,0
2018,3,RJ,0,1,4,9,44,1049.0,0,0,3,7,54,0,8.0,0
2018,3,RJ,0,1,4,6,44,1170.0,0,0,4,7,55,0,8.0,0
2018,5,RJ,0,1,4,4,44,1100.0,0,0,5,6,36,1,8.0,0
2019,10,RJ,0,1,4,2,44,1250.0,0,0,4,7,24,0,4.0,0
2019,7,RJ,0,1,4,8,36,1497.0,0,0,5,5,35,1,4.0,0
2018,2,RJ,0,1,4,6,44,1136.0,0,0,7,6,23,1,8.0,0
2018,6,RJ,0,1,4,4,44,2173.0,0,0,5,9,26,1,4.0,0
2018,7,RJ,0,1,4,4,44,1150.0,0,0,5,7,32,0,2.0,0
2019,3,RJ,0,1,4,7,44,1404.0,0,0,5,6,28,1,4.0,0
2019,7,RJ,0,1,4,3,44,1283.0,0,0,5,7,24,1,8.0,0
2019,8,RJ,0,1,4,7,44,1239.0,0,0,5,6,38,0,8.0,0
2019,1,RJ,0,1,4,3,36,1697.0,0,0,5,7,22,0,2.0,0
2018,7,RJ,0,1,4,8,44,1408.0,0,0,5,7,33,1,4.0,0
2018,5,RJ,0,1,4,6,44,1150.0,0,1,5,5,30,1,8.0,0
2018,1,RJ,0,1,4,2,36,1774.0,0,0,5,8,29,1,9.0,0
2018,6,RJ,0,1,4,9,44,1195.0,0,0,4,7,33,0,8.0,0
2019,1,RJ,0,1,4,9,44,5678.0,0,0,2,9,33,1,8.0,0
2018,1,RJ,0,1,4,7,44,1255.0,0,0,7,7,56,1,8.0,0
2018,5,RJ,0,1,4,8,44,1169.0,0,0,7,6,28,1,9.0,0
2019,10,RJ,0,1,4,3,44,1246.0,0,0,5,7,27,0,8.0,0
2018,12,RJ,0,1,4,8,44,1194.0,0,0,5,5,44,0,2.0,0
2018,2,RJ,0,1,4,3,44,1433.0,0,0,5,2,67,1,4.0,0
2018,5,RJ,0,1,4,9,44,1782.0,0,0,5,5,32,1,2.0,0
2019,2,RJ,0,1,4,7,44,22727.0,0,0,2,7,49,1,8.0,0
2018,9,RJ,0,1,4,9,44,1180.0,0,0,5,7,21,1,8.0,0
2018,3,RJ,0,1,4,1,44,1080.0,0,0,5,7,22,1,8.0,0
2018,1,RJ,0,1,4,9,44,1150.0,0,0,4,7,26,0,9.0,0
2018,11,RJ,0,1,4,9,36,983.0,0,0,4,7,23,1,8.0,0
2018,6,RJ,0,1,4,9,42,2347.0,0,0,7,4,57,1,8.0,0
2018,6,RJ,0,1,4,2,44,1178.0,0,0,5,5,54,1,2.0,0
2019,7,RJ,0,1,4,2,44,1053.0,0,0,5,7,42,0,8.0,0
2019,8,RJ,0,1,4,3,44,1303.0,0,0,5,9,30,0,8.0,0
2018,9,RJ,0,1,4,9,44,1325.0,0,0,5,7,36,1,8.0,0
2019,10,RJ,0,1,4,1,44,1375.0,0,0,5,7,36,0,8.0,0
2019,6,RJ,0,1,4,9,44,1191.0,0,0,7,7,36,1,8.0,0
2019,11,RJ,0,1,4,4,40,1705.0,0,0,4,9,26,0,2.0,0
2019,1,RJ,0,1,4,2,44,1164.0,0,0,5,7,35,1,8.0,0
2018,12,RJ,0,1,4,7,44,1780.0,0,0,4,7,34,1,4.0,0
2018,8,RJ,0,1,4,1,44,1988.0,0,0,7,7,45,1,9.0,0
2019,3,RJ,0,1,4,3,44,1190.0,0,0,5,7,39,1,2.0,0
2019,8,RJ,0,1,4,9,44,1664.0,0,0,4,7,27,0,8.0,0
2019,7,RJ,0,1,4,5,44,1103.0,0,0,5,7,27,1,4.0,0
2018,7,RJ,0,1,4,9,44,1519.0,0,0,4,6,28,1,8.0,0
2018,1,RJ,0,1,4,9,36,937.0,0,0,4,7,25,1,8.0,0
2019,12,RJ,0,1,4,1,44,1660.0,0,0,5,7,30,1,2.0,0
2019,3,RJ,0,1,4,9,36,1080.0,0,0,4,7,22,0,2.0,0
2019,9,RJ,0,1,4,2,44,1185.0,0,0,4,7,24,0,6.0,0
2019,6,RJ,0,1,4,6,44,1925.0,0,0,4,7,35,1,8.0,0
2018,6,RJ,0,1,4,6,44,1316.0,0,0,7,6,26,1,2.0,0
2019,12,RJ,0,1,4,3,44,1246.0,0,0,5,7,25,0,9.0,0
2018,10,RJ,0,1,4,2,37,2008.0,0,0,3,7,51,1,8.0,0
2018,9,RJ,0,1,4,4,44,1150.0,0,0,5,7,51,1,8.0,0
2019,1,RJ,0,1,4,9,44,1582.0,0,0,7,6,27,1,8.0,0
2018,7,RJ,0,1,4,6,44,11540.0,0,0,2,9,40,1,2.0,0
2018,8,RJ,0,1,4,9,44,2050.0,0,0,4,8,31,1,8.0,0
2019,9,RJ,0,1,4,9,44,1840.0,0,0,7,4,32,1,8.0,0
2019,6,RJ,0,1,4,3,44,998.0,0,0,5,6,60,1,8.0,0
2019,10,RJ,0,1,4,6,44,2000.0,0,0,5,6,27,1,8.0,0
2019,7,RJ,0,1,4,7,44,23323.0,0,0,1,9,38,1,8.0,0
2018,7,RJ,0,1,4,1,44,1300.0,0,0,2,7,25,1,9.0,0
2018,10,RJ,0,1,4,6,40,3845.0,0,0,1,9,36,0,2.0,0
2018,8,RJ,0,1,4,1,44,1260.0,0,0,4,7,31,0,8.0,0
2018,3,RJ,0,1,4,4,44,1285.0,0,0,7,7,50,1,2.0,0
2018,12,RJ,0,1,4,2,44,1185.0,0,0,4,7,38,0,8.0,0
2019,4,RJ,0,1,4,9,44,1450.0,0,0,5,7,46,1,8.0,0
2019,7,RJ,0,1,4,2,44,1185.0,0,0,5,7,32,1,2.0,0
2019,10,RJ,0,1,4,6,44,1886.0,0,0,5,7,37,1,8.0,0
2018,1,RJ,0,1,4,2,44,1093.0,0,0,5,7,26,1,2.0,0
2018,12,RJ,0,1,4,7,36,1605.0,0,0,3,7,24,0,8.0,0
2019,6,RJ,0,1,4,6,44,3741.0,0,0,2,9,31,0,8.0,0
2019,12,RJ,0,1,4,7,44,1865.0,0,0,3,7,24,1,4.0,0
2019,12,RJ,0,1,4,4,44,4500.0,0,0,4,7,32,1,8.0,0
2019,7,RJ,0,1,4,4,35,1200.0,0,0,5,7,34,1,9.0,0
2018,6,RJ,0,1,4,9,36,937.0,0,0,4,7,20,0,8.0,0
2018,3,RJ,0,1,4,9,44,1221.0,0,0,4,7,38,0,2.0,0
2018,10,RJ,0,1,4,1,44,1150.0,0,0,5,7,18,1,9.0,0
2019,1,RJ,0,1,4,2,44,1000.0,0,0,5,7,27,0,2.0,0
2019,9,RJ,0,1,4,7,44,1244.0,0,0,7,7,24,0,4.0,0
2018,1,RJ,0,1,4,6,44,3750.0,0,0,5,9,35,0,2.0,0
2019,2,RJ,0,1,4,7,44,10472.0,0,0,3,7,48,1,8.0,0
2018,7,RJ,0,1,4,1,44,2200.0,0,0,2,9,23,0,2.0,0
2018,3,RJ,0,1,4,9,44,1150.0,0,0,5,4,50,1,8.0,0
2018,6,RJ,0,1,4,2,44,1962.0,0,0,4,7,32,0,2.0,0
2018,3,RJ,0,1,4,5,44,972.0,0,0,4,7,28,0,8.0,0
2019,8,RJ,0,1,4,3,44,1500.0,0,0,2,6,24,0,8.0,0
2019,9,RJ,0,3,4,5,44,1502.0,0,0,7,2,46,1,8.0,0
2019,4,RJ,0,1,4,2,44,4966.0,0,0,4,5,55,1,2.0,0
2019,2,RJ,0,1,4,2,44,1194.0,0,0,5,6,30,0,8.0,0
2019,11,RJ,0,1,4,6,44,1987.0,0,0,4,9,34,1,8.0,0
2018,12,RJ,0,1,4,7,44,1882.0,0,0,5,7,62,1,4.0,0
2019,8,RJ,0,1,4,4,44,1083.0,0,0,5,7,24,1,8.0,0
2019,9,RJ,0,1,4,4,44,2025.0,0,0,5,5,26,0,8.0,0
2019,12,RJ,0,1,4,3,44,1222.0,0,0,7,7,23,0,4.0,0
2019,6,RJ,0,1,4,1,44,1283.0,0,0,5,5,21,0,9.0,0
2018,10,RJ,0,1,4,8,44,1194.0,0,0,5,5,29,1,9.0,0
2019,12,RJ,0,1,4,5,44,2273.0,0,0,7,6,29,1,2.0,0
2018,5,RJ,0,1,4,4,44,1150.0,0,0,5,7,21,0,2.0,0
2018,1,RJ,0,1,4,4,44,1404.0,0,0,7,4,25,1,2.0,0
2018,3,RJ,0,1,4,4,44,1150.0,0,0,5,5,28,1,2.0,0
2019,10,RJ,0,1,4,1,44,1245.0,0,0,7,7,30,1,2.0,0
2019,4,RJ,0,1,4,3,44,1057.0,0,0,3,7,21,0,9.0,0
2018,12,RJ,0,1,4,9,44,1166.0,0,0,5,8,24,1,2.0,0
2018,1,RJ,0,1,4,6,44,1400.0,0,0,3,9,24,1,8.0,0
2019,2,RJ,0,1,4,6,44,1046.0,0,0,5,7,42,0,2.0,0
2019,12,RJ,0,1,4,4,44,1050.0,0,0,4,7,22,0,2.0,0
2018,10,RJ,0,1,4,4,42,1220.0,0,0,5,4,25,1,8.0,0
2019,11,RJ,0,1,4,8,44,1239.0,0,0,4,4,39,1,8.0,0
2019,9,RJ,0,3,4,1,44,2000.0,0,0,3,7,27,1,2.0,0
2019,5,RJ,0,1,4,4,44,1371.0,0,0,5,7,46,1,4.0,0
2019,6,RJ,0,1,4,1,44,1300.0,0,0,7,5,60,1,8.0,0
2018,9,RJ,0,1,4,3,44,708.0,0,0,5,6,47,1,2.0,0
2019,6,RJ,0,1,4,8,44,2378.0,0,0,9,7,26,1,8.0,0
2019,5,RJ,0,1,4,2,44,1250.0,0,0,4,7,24,1,8.0,0
2018,3,RJ,0,1,4,1,44,1500.0,0,0,4,7,24,0,9.0,0
2019,2,RJ,0,1,4,8,44,1183.0,0,0,5,6,58,0,8.0,0
2019,9,RJ,0,1,4,9,44,1874.0,0,0,2,9,33,1,8.0,0
2019,10,RJ,0,1,4,1,44,1246.0,0,0,4,7,37,1,2.0,0
2018,8,RJ,0,1,4,4,36,1194.0,0,0,4,7,25,1,4.0,0
2018,3,RJ,0,1,4,6,44,1908.0,0,0,9,7,26,1,2.0,0
2018,5,RJ,0,1,4,3,44,1220.0,0,0,5,5,30,1,9.0,0
2018,2,RJ,0,1,4,7,44,1453.0,0,0,7,7,54,1,8.0,0
2018,2,RJ,0,1,4,7,44,1962.0,0,0,7,2,36,1,9.0,0
2018,7,RJ,0,1,4,8,44,3001.0,0,0,4,7,39,0,2.0,0
2018,1,RJ,0,1,4,3,44,1421.0,0,0,7,5,52,1,2.0,0
2019,4,RJ,0,1,4,8,44,1148.0,0,0,4,7,45,1,2.0,0
2018,8,RJ,0,1,4,4,44,1036.0,0,0,5,7,47,1,8.0,0
2018,11,RJ,0,1,4,8,44,1194.0,0,0,5,4,59,0,8.0,0
2019,9,RJ,0,1,4,3,44,1900.0,0,0,5,7,28,1,8.0,0
2019,11,RJ,0,1,4,9,44,3158.0,0,0,2,9,51,0,8.0,0
2019,11,RJ,0,1,4,5,44,1775.0,0,0,4,7,31,1,4.0,0
2019,4,RJ,0,1,4,1,40,2561.0,0,0,5,9,34,0,9.0,0
2018,7,RJ,0,1,4,3,44,992.0,0,0,5,7,22,0,9.0,0
2018,4,RJ,0,1,4,3,44,1171.0,0,0,4,7,26,0,8.0,0
2018,9,RJ,0,1,4,4,44,1341.0,0,0,3,7,26,1,8.0,0
2018,12,RJ,0,1,4,4,44,1008.0,0,0,5,5,34,0,2.0,0
2018,7,RJ,0,1,4,2,44,1193.0,0,0,5,7,34,0,8.0,0
2019,10,RJ,0,1,4,4,20,1330.0,1,0,4,7,22,0,8.0,0
2019,5,RJ,0,1,4,9,44,1268.0,0,0,6,7,25,1,4.0,0
2018,3,RJ,0,1,4,9,44,1221.0,0,0,4,7,38,0,2.0,0
2018,8,RJ,0,1,4,3,44,1034.0,0,0,7,5,29,0,8.0,0
2019,5,RJ,0,1,4,8,30,897.0,0,0,2,9,43,0,4.0,0
2019,11,RJ,0,1,4,8,44,1031.0,0,0,5,7,52,1,8.0,0
2019,12,RJ,0,1,4,5,44,1252.0,0,0,7,9,36,1,2.0,0
2019,7,RJ,0,1,4,2,44,1482.0,0,0,3,7,31,1,8.0,0
2018,9,RJ,0,1,4,1,44,1922.0,0,0,4,7,37,0,9.0,0
2018,3,RJ,0,1,4,2,44,1283.0,0,0,5,4,43,0,8.0,0
2018,6,RJ,0,1,4,7,40,3448.0,0,0,3,9,46,0,8.0,0
2019,11,RJ,0,1,4,7,44,1232.0,0,0,7,6,43,1,4.0,0
2018,8,RJ,0,1,4,4,44,1140.0,0,0,4,7,30,1,2.0,0
2018,8,RJ,0,1,4,7,44,1404.0,0,0,5,7,28,1,2.0,0
2018,4,RJ,0,1,5,3,44,1971.0,0,0,7,7,42,1,2.0,0
2018,4,RJ,0,1,5,9,44,2384.0,0,0,9,8,35,1,8.0,0
2018,5,RJ,0,1,5,9,44,1332.0,0,0,5,7,29,1,8.0,0
2018,5,RJ,0,1,5,9,42,1995.0,0,0,7,7,27,1,2.0,0
2019,10,RJ,0,1,5,9,30,831.0,0,0,4,7,23,1,4.0,0
2018,11,RJ,0,1,5,5,44,1265.0,0,0,5,7,32,1,8.0,0
2018,11,RJ,0,1,5,5,44,1150.0,0,0,7,5,41,1,9.0,0
2019,1,RJ,0,1,5,5,24,562.0,0,0,5,6,19,0,8.0,0
2018,3,RJ,0,1,5,8,44,1140.0,0,0,5,4,34,1,8.0,0
2019,2,RJ,0,1,5,4,44,1600.0,0,0,4,7,31,0,2.0,0
2019,10,RJ,0,1,5,8,44,1170.0,0,0,7,4,40,1,8.0,0
2018,8,RJ,0,1,5,5,44,1194.0,0,0,5,4,23,1,8.0,0
2018,2,RJ,0,1,5,9,42,2347.0,0,0,7,7,40,1,2.0,0
2019,10,RJ,0,1,5,1,44,1074.0,0,0,4,7,24,0,8.0,0
2019,3,RJ,0,1,5,4,44,1170.0,0,0,7,4,30,1,2.0,0
2019,10,RJ,0,1,5,4,44,1522.0,0,0,5,3,32,0,9.0,0
2018,7,RJ,0,1,5,9,44,2310.0,0,0,7,7,34,1,8.0,0
2018,2,RJ,0,1,6,2,44,1127.0,0,0,9,6,52,1,2.0,0
2019,2,RJ,0,1,6,4,44,1185.0,0,0,4,7,27,0,2.0,0
2018,11,RJ,0,1,6,4,44,1185.0,0,0,5,7,32,1,9.0,0
2019,1,RJ,0,1,6,9,44,1435.0,0,0,9,5,36,1,8.0,0
2019,6,RJ,0,1,6,5,44,7013.0,0,0,3,9,29,0,2.0,0
2018,12,RJ,0,1,6,2,44,2500.0,0,0,2,9,28,1,8.0,0
2019,5,RJ,0,1,6,3,44,1521.0,0,0,4,8,27,0,2.0,0
2019,8,RJ,0,1,6,3,44,1570.0,0,0,3,7,29,0,2.0,0
2018,12,RJ,0,1,6,1,40,5500.0,0,0,2,9,25,1,2.0,0
2019,5,RJ,0,1,6,1,44,1185.0,0,0,5,5,21,1,8.0,0
2018,10,RJ,0,1,6,3,44,1237.0,0,0,5,7,35,1,2.0,0
2018,6,RJ,0,1,6,1,44,1193.0,0,0,5,7,33,1,2.0,0
2018,1,RJ,0,1,6,2,44,1034.0,0,0,5,6,19,0,2.0,0
2018,5,RJ,0,1,6,9,44,1150.0,0,0,5,5,28,1,8.0,0
2018,7,RJ,0,1,6,4,44,1742.0,0,0,4,9,36,0,8.0,0
2019,8,RJ,0,1,6,7,40,16000.0,0,0,1,9,52,1,2.0,0
2018,10,RJ,0,1,6,7,40,4000.0,0,0,2,9,25,1,4.0,0
2019,3,RJ,0,1,6,4,44,1307.0,0,0,4,7,25,0,8.0,0
2018,3,RJ,0,1,6,7,44,8196.0,0,0,4,7,28,1,2.0,0
2019,7,RJ,0,1,6,7,36,1007.0,0,1,4,8,44,1,8.0,0
2019,11,RJ,0,1,6,1,44,1261.0,0,0,5,5,19,0,8.0,0
2018,10,RJ,0,1,6,7,44,1694.0,0,0,4,3,56,1,2.0,0
2018,3,RJ,0,1,6,3,36,974.0,0,0,4,7,20,0,9.0,0
2018,10,RJ,0,1,6,6,40,6931.0,0,0,3,9,31,1,9.0,0
2018,6,RJ,0,1,6,9,44,1211.0,0,0,5,8,30,0,4.0,0
2018,10,RJ,0,1,6,1,44,1329.0,0,0,4,8,42,0,2.0,0
2019,9,RJ,0,1,6,2,40,1800.0,0,0,4,9,30,1,9.0,0
2018,9,RJ,0,1,6,3,44,3600.0,0,0,5,9,58,1,2.0,0
2018,1,RJ,0,1,6,7,44,1523.0,0,0,7,7,39,1,2.0,0
2019,9,RJ,0,1,6,9,36,1363.0,0,0,3,7,27,0,8.0,0
2018,7,RJ,0,1,6,3,44,1001.0,0,0,5,7,19,1,9.0,0
2018,3,RJ,0,1,6,9,44,5956.0,0,0,9,7,41,1,2.0,0
2018,7,RJ,0,1,6,4,44,1036.0,0,0,5,7,29,1,2.0,0
2019,2,RJ,0,1,6,2,44,1033.0,0,0,5,5,20,1,9.0,0
2018,7,RJ,0,1,6,7,44,3213.0,0,0,2,9,60,1,8.0,0
2019,10,RJ,0,1,6,5,44,1721.0,0,0,5,7,30,1,4.0,0
2019,7,RJ,0,1,6,5,44,1185.0,0,0,5,7,20,1,8.0,0
2019,4,RJ,0,1,6,5,44,1327.0,0,0,8,7,48,1,2.0,0
2018,6,RJ,0,1,6,2,44,1034.0,0,0,5,7,25,1,8.0,0
2018,5,RJ,0,1,6,1,44,1283.0,0,0,5,7,31,1,2.0,0
2019,3,RJ,0,1,6,1,40,1605.0,0,0,3,7,27,1,8.0,0
2019,3,RJ,0,1,6,4,44,1194.0,0,0,5,7,48,0,8.0,0
2019,11,RJ,0,1,6,5,44,2353.0,0,0,4,8,27,0,8.0,0
2018,9,RJ,0,1,6,6,44,1210.0,0,0,4,7,21,0,4.0,0
2018,3,RJ,0,1,6,5,42,1178.0,0,0,5,7,22,0,2.0,0
2018,12,RJ,0,1,6,7,40,5729.0,0,0,3,8,24,1,8.0,0
2018,1,RJ,0,1,6,3,44,1201.0,0,0,5,7,28,1,9.0,0
2018,5,RJ,0,1,6,8,36,1531.0,0,0,4,7,24,0,2.0,0
2018,5,RJ,0,1,6,3,44,1265.0,0,0,4,8,22,0,8.0,0
2019,5,RJ,0,1,6,4,44,1411.0,0,0,5,7,36,1,2.0,0
2019,12,RJ,0,1,6,3,44,1104.0,0,0,2,9,36,0,2.0,0
2019,11,RJ,0,1,6,1,44,1260.0,0,0,5,7,26,1,2.0,0
2018,6,RJ,0,1,6,2,44,1165.0,0,0,5,7,29,0,8.0,0
2018,9,RJ,0,1,6,9,44,1194.0,0,0,5,5,34,0,8.0,0
2018,2,RJ,0,1,6,9,30,780.0,0,0,4,7,26,0,4.0,0
2019,10,RJ,0,1,6,8,20,602.0,1,0,4,7,20,1,2.0,0
2018,1,RJ,0,1,6,6,44,1274.0,0,0,5,7,23,1,8.0,0
2019,11,RJ,0,1,6,4,44,998.0,0,0,4,7,31,1,2.0,0
2018,10,RJ,0,1,6,4,44,1200.0,0,0,7,3,47,0,8.0,0
2018,6,RJ,0,1,6,4,44,1238.0,0,0,5,7,36,0,8.0,0
2018,4,RJ,0,1,6,8,40,1300.0,0,0,3,9,28,1,9.0,0
2018,4,RJ,0,1,6,4,44,3449.0,0,0,2,9,29,0,2.0,0
2018,3,RJ,0,1,6,4,44,1159.0,0,0,3,7,36,0,2.0,0
2018,10,RJ,0,1,6,3,44,1420.0,0,0,8,7,30,1,2.0,0
2019,9,RJ,0,1,6,2,43,1234.0,0,0,5,5,38,1,8.0,0
2019,5,RJ,0,1,6,9,40,14116.0,0,0,2,9,30,0,2.0,0
2019,9,RJ,0,1,6,8,20,6818.0,0,0,2,9,35,1,2.0,0
2019,12,RJ,0,1,6,4,44,2512.0,0,0,3,7,40,1,8.0,0
2019,3,RJ,0,1,6,5,44,1259.0,0,0,5,4,29,0,9.0,0
2018,7,RJ,0,1,6,4,44,1150.0,0,0,5,5,47,1,2.0,0
2019,1,RJ,0,1,6,7,44,1731.0,0,0,5,7,39,1,8.0,0
2018,10,RJ,0,1,6,4,36,1395.0,0,0,5,5,24,1,4.0,0
2018,5,RJ,0,1,6,2,44,1136.0,0,0,4,7,29,0,8.0,0
2018,11,RJ,0,1,6,3,44,3044.0,0,0,2,9,26,0,8.0,0
2018,7,RJ,0,1,6,4,40,2550.0,0,0,2,9,37,1,2.0,0
2018,5,RJ,0,1,6,2,44,4285.0,0,0,4,9,40,1,2.0,0
2018,9,RJ,0,1,6,5,40,12651.0,0,0,2,9,38,1,2.0,0
2019,6,RJ,0,1,6,4,44,1283.0,0,0,5,7,24,1,2.0,0
2018,7,RJ,0,1,6,3,44,1190.0,0,0,5,5,52,1,8.0,0
2018,5,RJ,0,1,6,3,44,1238.0,0,0,4,6,20,1,8.0,0
2018,2,RJ,0,1,6,4,44,1034.0,0,0,5,7,20,0,8.0,0
2019,11,RJ,0,1,6,2,44,1375.0,0,0,4,7,39,0,8.0,0
2019,11,RJ,0,1,6,9,44,1239.0,0,0,5,5,57,1,2.0,0
2018,5,RJ,0,1,6,2,44,1118.0,0,0,5,7,21,1,2.0,0
2018,7,RJ,0,1,6,2,44,1265.0,0,0,5,8,32,0,8.0,0
2019,8,RJ,0,1,6,1,44,1654.0,0,0,7,7,48,1,9.0,0
2018,3,RJ,0,1,6,3,44,1072.0,0,0,5,7,22,1,2.0,0
2018,10,RJ,0,1,6,8,44,0.0,0,0,3,8,26,0,2.0,0
2018,5,RJ,0,1,6,2,36,1034.0,0,0,5,7,20,0,2.0,0
2018,3,RJ,0,1,6,3,44,1160.0,0,0,5,5,24,0,2.0,0
2019,11,RJ,0,1,6,2,44,1238.0,0,0,5,6,39,1,2.0,0
2018,6,RJ,0,1,6,3,40,2577.0,0,0,2,9,24,1,2.0,0
2019,5,RJ,0,1,6,6,44,1246.0,0,0,5,6,23,1,2.0,0
2019,6,RJ,0,1,6,1,44,1308.0,0,0,7,7,58,0,8.0,0
2018,6,RJ,0,1,6,1,44,1193.0,0,0,4,7,21,0,8.0,0
2018,4,RJ,0,1,6,2,44,1006.0,0,0,5,5,47,1,9.0,0
2019,11,RJ,0,1,6,3,44,1246.0,0,0,5,7,24,1,9.0,0
2018,4,RJ,0,1,6,4,44,1265.0,0,0,5,7,26,0,8.0,0
2019,12,RJ,0,1,6,2,44,1416.0,0,0,5,7,38,1,2.0,0
2018,4,RJ,0,1,6,9,44,1150.0,0,0,5,7,56,0,8.0,0
2018,11,RJ,0,1,6,5,44,1065.0,0,0,5,7,20,1,4.0,0
2019,10,RJ,0,1,6,5,20,877.0,0,0,5,7,19,1,4.0,0
2018,11,RJ,0,1,6,6,44,1138.0,0,0,4,5,30,1,8.0,0
2019,1,RJ,0,1,6,2,44,1443.0,0,0,3,7,40,1,8.0,0
2019,1,RJ,0,1,6,8,44,1802.0,0,0,3,7,34,0,2.0,0
2019,8,RJ,0,1,6,4,44,1122.0,0,0,4,7,31,0,9.0,0
2018,4,RJ,0,1,6,4,44,1265.0,0,0,1,7,47,1,2.0,0
2018,1,RJ,0,1,6,6,36,5187.0,0,0,3,7,46,1,8.0,0
2019,1,RJ,0,1,6,5,44,1008.0,0,0,5,7,37,0,8.0,0
2018,8,RJ,0,1,8,2,44,1194.0,0,0,4,7,26,0,4.0,0
2019,3,RJ,1,1,10,3,36,1303.0,0,0,5,7,27,0,2.0,1
2019,1,RJ,0,1,11,1,44,1325.0,0,0,4,7,27,0,4.0,0
2018,10,RJ,0,1,11,7,44,1263.0,0,0,7,5,41,1,4.0,0
2019,1,RJ,0,3,11,3,44,1676.0,0,0,5,7,60,1,2.0,0
2018,12,RJ,0,1,11,4,44,1094.0,0,0,5,7,29,1,2.0,0
2018,5,RJ,0,1,11,8,36,1251.0,0,0,3,6,23,0,8.0,0
2018,2,RJ,0,1,11,9,36,824.0,1,0,7,7,21,1,8.0,0
2018,7,RJ,0,1,11,9,20,581.0,1,0,4,7,20,0,8.0,0
2019,8,RJ,0,1,11,9,44,1404.0,0,0,5,6,23,0,2.0,0
2018,5,RJ,0,1,11,5,36,1274.0,0,0,5,7,30,1,8.0,0
2018,6,RJ,0,1,11,6,44,1237.0,0,0,3,7,42,0,2.0,0
2018,12,RJ,0,1,11,6,20,563.0,1,0,4,6,20,1,4.0,0
2019,8,RJ,0,1,11,3,40,5057.0,0,0,2,9,43,1,8.0,0
2018,7,RJ,0,1,11,9,20,581.0,1,0,4,7,20,0,8.0,0
2019,6,RJ,0,1,11,4,44,1500.0,0,0,5,4,40,1,9.0,0
2019,6,RJ,0,1,11,7,44,3000.0,0,0,4,9,34,1,8.0,0
2019,8,RJ,0,1,11,1,44,1700.0,0,0,3,7,25,1,8.0,0
2019,12,RJ,0,1,11,6,22,608.0,1,0,4,6,21,0,2.0,0
2018,1,RJ,0,1,11,2,44,3412.0,0,0,4,5,48,1,2.0,0
2019,10,RJ,0,1,11,2,44,1200.0,0,0,5,7,32,0,9.0,0
2019,4,RJ,0,1,11,6,44,1218.0,0,0,8,7,27,1,2.0,0
2018,12,RJ,0,1,11,5,44,1065.0,0,0,5,7,19,1,8.0,0
2019,10,RJ,0,1,11,1,44,1238.0,0,0,5,5,37,1,2.0,0
2018,12,RJ,0,1,11,4,44,1031.0,0,0,5,5,23,1,8.0,0
2018,7,RJ,0,1,11,9,20,581.0,1,0,4,7,20,0,8.0,0
2018,8,RJ,0,1,11,9,44,1077.0,0,0,5,9,19,0,8.0,0
2018,10,RJ,0,1,11,3,44,1034.0,0,0,5,7,21,1,2.0,0
2018,5,RJ,0,1,11,1,44,1180.0,0,0,4,7,20,0,4.0,0
2018,12,RJ,0,1,11,5,44,1065.0,0,0,5,7,19,1,8.0,0
2018,11,RJ,0,1,11,4,30,928.0,1,0,3,7,22,1,8.0,0
2019,2,RJ,0,1,11,4,44,1193.0,0,0,5,5,20,0,8.0,0
2019,10,RJ,0,1,11,7,36,2750.0,0,0,3,7,31,1,4.0,0
2018,5,RJ,0,1,11,9,44,1243.0,0,0,7,5,46,1,4.0,0
2019,3,RJ,0,1,11,4,44,1988.0,0,0,7,5,39,1,8.0,0
2018,8,RJ,0,1,11,2,44,1150.0,0,0,5,7,28,0,2.0,0
2019,12,RJ,0,1,11,8,40,4027.0,0,0,2,9,48,1,2.0,0
2019,5,RJ,0,1,11,3,44,1200.0,0,0,4,7,44,0,2.0,0
2018,2,RJ,0,1,11,9,36,824.0,1,0,7,7,21,1,8.0,0
2019,12,RJ,0,1,11,3,30,763.0,0,0,5,7,23,0,8.0,0
2018,7,RJ,0,1,11,9,20,581.0,1,0,4,7,20,0,8.0,0
2018,7,RJ,0,1,11,9,20,581.0,1,0,4,7,20,0,8.0,0
2018,12,RJ,0,1,11,5,44,1065.0,0,0,5,7,19,1,8.0,0
2018,8,RJ,0,1,11,2,44,3500.0,0,0,2,9,29,0,8.0,0
2019,7,RJ,0,1,11,9,40,1832.0,0,0,5,7,57,0,8.0,0
2018,12,RJ,0,1,11,1,44,1185.0,0,0,4,7,29,1,2.0,0
2019,9,RJ,0,1,11,3,44,1244.0,0,0,4,7,35,0,8.0,0
2018,7,RJ,0,1,11,9,20,581.0,1,0,4,7,20,0,8.0,0
2019,10,RJ,0,1,11,3,44,1200.0,0,0,4,7,21,0,2.0,0
2018,7,RJ,0,1,11,9,20,581.0,1,0,4,7,20,0,8.0,0
2019,11,RJ,0,1,11,9,44,1373.0,0,0,5,7,24,1,9.0,0
2018,11,RJ,0,1,11,8,44,1432.0,0,0,5,7,46,1,4.0,0
2019,7,RJ,0,1,11,8,24,581.0,1,0,4,6,17,1,4.0,0
2019,6,RJ,0,1,11,4,44,1283.0,0,0,4,5,25,0,2.0,0
2019,1,RJ,1,1,25,4,44,1300.0,0,0,5,7,26,0,4.0,1
2019,11,RJ,1,1,25,8,44,4172.0,0,0,3,9,25,1,2.0,1
2019,12,RJ,1,1,25,2,42,1409.0,0,0,5,5,47,0,8.0,1
2019,5,RJ,1,1,25,5,40,1020.0,0,0,3,7,28,1,8.0,1
2019,10,RJ,1,1,25,8,44,2000.0,0,0,4,7,23,0,8.0,1
2019,9,RJ,1,1,25,2,44,1300.0,0,0,4,7,24,0,8.0,1
2018,1,RJ,1,1,25,3,44,1350.0,0,0,7,7,32,1,8.0,1
2018,10,RJ,1,1,25,7,44,1200.0,0,0,5,9,36,0,8.0,1
2019,8,RJ,1,1,25,2,44,1300.0,0,0,4,7,33,0,8.0,1
2019,12,RJ,1,1,25,1,44,1234.0,0,0,5,7,40,1,8.0,1
2019,9,RJ,1,1,25,2,44,1300.0,0,0,4,7,24,0,8.0,1
2019,6,RJ,1,1,25,3,44,1515.0,0,0,7,7,21,1,9.0,1
2019,12,RJ,1,1,25,9,30,703.0,1,0,4,7,21,0,2.0,1
2019,11,RJ,1,1,25,2,44,1370.0,0,0,5,7,19,0,8.0,1
2019,3,RJ,1,1,25,7,40,3274.0,0,0,2,9,26,1,2.0,1
2018,1,RJ,1,1,25,9,36,4808.0,0,0,3,9,32,1,2.0,1
2018,10,RJ,1,1,25,9,40,6009.0,0,0,2,9,37,0,2.0,1
2018,2,RJ,1,1,25,1,44,1945.0,0,0,7,5,39,1,8.0,1
2019,8,RJ,1,1,25,4,44,1072.0,0,0,5,6,23,1,8.0,1
2018,10,RJ,1,1,25,4,44,1683.0,0,0,7,7,28,1,9.0,1
2019,2,RJ,1,1,25,3,44,1365.0,0,0,7,8,30,1,8.0,1
2018,2,RJ,1,1,25,8,30,2707.0,0,0,2,9,42,0,2.0,1
2018,3,RJ,1,1,25,6,44,3000.0,0,0,4,9,31,0,8.0,1
2019,2,RJ,1,1,25,4,44,2000.0,0,0,7,7,48,1,8.0,1
2019,11,RJ,1,1,25,4,40,3000.0,0,0,2,9,30,1,8.0,1
2019,2,RJ,1,1,25,3,44,1323.0,0,0,5,7,39,1,2.0,1
2018,11,RJ,1,1,25,3,44,1800.0,0,0,4,7,41,0,2.0,1
2018,11,RJ,1,1,25,1,44,1185.0,0,0,4,5,24,0,2.0,1
2019,12,RJ,1,1,25,1,44,1434.0,0,0,1,9,37,1,9.0,1
2019,4,RJ,1,1,25,4,44,1250.0,0,0,4,7,31,0,2.0,1
2018,4,RJ,1,1,25,6,40,560.0,1,0,4,8,21,1,4.0,1
2019,7,RJ,1,1,25,1,40,1283.0,0,0,4,7,53,0,8.0,1
2019,2,RJ,1,1,25,6,44,1149.0,0,0,4,6,30,0,8.0,1
2018,9,RJ,1,1,25,4,44,1194.0,0,0,5,2,32,1,4.0,1
2019,9,RJ,1,1,25,2,44,1300.0,0,0,4,7,24,0,8.0,1
2019,1,RJ,1,1,25,2,44,1237.0,0,0,5,6,24,1,2.0,1
2018,2,RJ,1,1,25,8,30,2707.0,0,0,2,9,42,0,2.0,1
2019,5,RJ,1,1,25,1,44,1170.0,0,0,7,6,26,1,4.0,1
2019,8,RJ,1,1,25,8,40,2625.0,0,0,4,7,45,0,4.0,1
2018,2,RJ,1,1,25,8,30,2707.0,0,0,2,9,42,0,2.0,1
2018,6,RJ,1,1,25,6,40,3795.0,0,0,4,9,26,1,8.0,1
2019,5,RJ,1,1,25,1,44,1072.0,0,0,5,5,23,1,8.0,1
2018,8,RJ,1,1,25,1,44,2108.0,0,0,7,4,45,1,8.0,1
2019,6,RJ,1,1,25,3,44,0.0,0,0,5,7,22,0,8.0,1
2018,10,RJ,0,1,43,1,44,1500.0,0,0,4,7,26,1,4.0,0
2018,12,RJ,0,1,43,1,40,8200.0,0,0,2,9,45,1,9.0,0
2018,4,RJ,0,1,43,7,44,1168.0,0,0,7,7,33,1,8.0,0
2018,1,RJ,0,1,43,6,44,1116.0,0,0,4,7,19,1,8.0,0
2018,12,RJ,0,1,43,3,44,1065.0,0,0,5,7,21,0,2.0,0
2019,4,RJ,0,1,43,4,35,1373.0,0,0,5,7,30,1,8.0,0
2019,7,RJ,0,1,43,5,22,1270.0,1,0,4,7,20,0,2.0,0
2018,6,RJ,0,1,43,3,20,6038.0,0,0,2,9,35,0,2.0,0
2019,3,RJ,0,1,43,2,44,0.0,0,0,5,5,42,1,8.0,0
2019,10,RJ,0,1,43,5,30,871.0,1,0,4,8,23,0,8.0,0
2019,6,RJ,0,1,43,9,20,937.0,0,0,5,9,31,1,8.0,0
2019,4,RJ,0,1,43,6,44,1600.0,0,0,5,7,37,0,8.0,0
2018,11,RJ,0,1,43,4,44,1300.0,0,0,7,7,50,1,2.0,0
2018,5,RJ,0,1,43,1,44,1034.0,0,0,5,7,27,1,2.0,0
2018,3,RJ,0,1,43,9,36,12376.0,0,0,3,7,40,1,4.0,0
2019,3,RJ,0,1,43,4,44,1300.0,0,0,5,7,31,1,4.0,0
2018,12,RJ,0,1,43,3,44,1065.0,0,0,5,7,21,0,2.0,0
2019,4,RJ,0,1,43,4,35,1373.0,0,0,5,7,30,1,8.0,0
2019,10,RJ,0,1,43,9,22,0.0,0,0,5,3,22,0,8.0,0
2019,3,RJ,0,1,43,6,44,1185.0,0,0,9,6,23,1,4.0,0
2018,12,RJ,0,1,43,1,40,8200.0,0,0,2,9,45,1,9.0,0
2019,10,RJ,0,1,33,4,44,1246.0,0,0,4,7,25,0,4.0,0
2019,2,RJ,0,1,33,7,36,3044.0,0,0,2,9,36,0,8.0,0
2019,9,RJ,0,1,4,2,44,1250.0,0,0,5,9,52,1,2.0,0
2019,1,RJ,0,1,4,1,44,1237.0,0,0,5,7,23,0,2.0,0
2018,9,RJ,0,1,11,1,44,1325.0,0,0,6,5,25,1,8.0,0
2018,4,RJ,1,1,2,1,44,1237.0,0,0,4,7,26,1,2.0,1
2019,5,RJ,1,1,1,5,20,653.0,1,0,5,6,19,1,8.0,1
2019,1,RJ,1,1,1,7,20,662.0,1,0,9,6,18,1,2.0,1
2018,11,RJ,1,1,1,4,44,1035.0,0,0,5,5,56,1,2.0,1
2019,5,RJ,1,1,1,5,20,653.0,1,0,5,6,19,1,8.0,1
2018,1,RJ,1,1,2,3,44,1262.0,0,0,2,7,52,1,8.0,1
2018,2,RJ,1,1,2,2,44,1001.0,0,0,5,7,25,1,2.0,1
2018,8,RJ,1,1,2,4,44,1180.0,0,0,4,7,20,0,2.0,1
2019,3,RJ,1,1,2,1,44,1600.0,0,0,4,7,29,1,9.0,1
2018,11,RJ,1,1,2,7,44,1326.0,0,0,7,7,34,1,2.0,1
2018,4,RJ,1,1,2,4,44,978.0,0,0,5,7,33,1,2.0,1
2018,9,RJ,1,1,2,1,44,1180.0,0,0,5,7,26,1,2.0,1
2019,8,RJ,1,1,2,6,44,1222.0,0,0,5,2,41,1,2.0,1
2019,6,RJ,1,1,2,4,44,1046.0,0,0,5,7,21,0,8.0,1
2018,4,RJ,1,1,2,3,44,1039.0,0,0,3,7,25,0,8.0,1
2019,1,RJ,1,1,2,6,44,1222.0,0,0,5,2,43,1,2.0,1
2018,11,RJ,1,1,2,1,44,1272.0,0,0,4,7,49,1,2.0,1
2018,8,RJ,1,1,2,9,40,12000.0,0,0,1,9,63,1,2.0,1
2019,5,RJ,1,1,2,5,36,1066.0,0,0,4,6,38,1,9.0,1
2018,2,RJ,1,1,2,6,44,1324.0,0,0,3,7,25,1,4.0,1
2018,4,RJ,0,1,4,3,44,2541.0,0,0,3,7,49,1,2.0,0
2019,12,RJ,0,1,4,2,44,1573.0,0,0,7,7,27,1,2.0,0
2019,1,RJ,0,1,4,5,44,1712.0,0,0,7,7,44,1,2.0,0
2019,11,RJ,0,1,4,2,44,1372.0,0,0,7,7,32,1,2.0,0
2018,3,RJ,0,1,4,1,44,1262.0,0,0,4,7,32,0,2.0,0
2018,10,RJ,0,1,4,6,44,1180.0,0,0,5,7,45,1,2.0,0
2019,4,RJ,0,1,4,9,44,1264.0,0,0,9,7,43,1,8.0,0
2018,6,RJ,0,1,4,9,44,1135.0,0,0,9,4,57,1,2.0,0
2018,8,RJ,0,1,4,5,44,2100.0,0,0,3,8,23,1,4.0,0
2018,3,RJ,0,1,4,9,44,1285.0,0,0,7,2,61,1,2.0,0
2019,4,RJ,0,1,4,3,44,46085.0,0,0,2,9,58,1,2.0,0
2018,9,RJ,0,1,4,1,44,1962.0,0,0,7,5,32,1,2.0,0
2018,8,RJ,0,1,4,6,44,1113.0,0,0,7,7,39,1,2.0,0
2019,4,RJ,0,1,4,3,44,3044.0,0,0,2,9,47,0,8.0,0
2018,10,RJ,0,1,4,5,44,1461.0,0,0,7,6,32,1,2.0,0
2018,3,RJ,0,1,4,4,44,1220.0,0,0,7,7,42,1,8.0,0
2019,5,RJ,0,1,6,4,44,1855.0,0,0,4,9,36,0,8.0,0
2019,12,RJ,0,1,6,1,44,1375.0,0,0,4,7,24,0,2.0,0
2019,5,RJ,0,1,6,2,44,2059.0,0,0,5,7,28,1,8.0,0
2019,6,RJ,0,1,6,3,30,833.0,0,0,5,7,29,0,4.0,0
2018,2,RJ,0,1,6,5,36,1189.0,0,0,3,7,32,0,8.0,0
2019,7,RJ,0,1,6,4,44,1283.0,0,0,7,7,22,1,2.0,0
2018,3,RJ,0,1,11,6,20,553.0,1,0,4,6,20,1,2.0,0
2019,6,RJ,0,1,43,4,44,998.0,0,0,4,7,29,0,9.0,0
2019,12,RJ,1,1,1,3,36,2190.0,0,0,4,9,19,0,8.0,1
2019,4,RJ,1,1,2,9,44,1366.0,0,0,9,7,29,1,4.0,1
2019,2,RJ,1,1,2,9,44,1275.0,0,0,9,7,27,1,2.0,1
2018,8,RJ,1,1,2,1,44,1375.0,0,0,3,7,27,1,2.0,1
2019,12,RJ,1,1,2,9,44,2637.0,0,0,7,6,35,1,4.0,1
2019,4,RJ,0,1,4,3,44,1283.0,0,0,5,7,23,1,2.0,0
2019,3,RJ,0,1,4,6,44,2267.0,0,0,3,7,24,1,8.0,0
2019,6,RJ,0,1,11,8,44,2074.0,0,0,7,7,43,1,2.0,0
2019,7,RJ,1,1,1,3,44,1034.0,0,0,5,7,29,0,8.0,1
2018,11,RJ,1,1,2,1,44,1225.0,0,0,5,7,23,1,2.0,1
2018,8,RJ,1,1,2,1,44,1237.0,0,0,5,7,50,1,9.0,1
2019,2,RJ,1,1,2,7,44,1496.0,0,0,7,2,52,1,2.0,1
2018,8,RJ,1,1,2,5,44,1215.0,0,0,7,7,27,1,8.0,1
2019,7,RJ,1,1,2,5,44,1450.0,0,0,7,7,24,1,8.0,1
2018,10,RJ,1,1,2,3,44,1161.0,0,0,7,7,18,1,9.0,1
2019,2,RJ,1,1,2,1,44,0.0,0,0,5,7,41,0,8.0,1
2018,4,RJ,0,1,4,9,40,1605.0,0,0,3,7,28,0,2.0,0
2018,11,RJ,0,1,4,9,44,1194.0,0,0,5,6,39,0,8.0,0
2019,7,RJ,0,1,4,9,44,1194.0,0,0,5,4,27,0,8.0,0
2018,4,RJ,0,1,4,9,36,1218.0,0,0,5,5,22,1,8.0,0
2018,3,RJ,0,1,4,4,44,1034.0,0,0,8,7,36,1,2.0,0
2019,3,RJ,0,1,4,5,44,1237.0,0,0,5,2,35,1,4.0,0
2019,3,RJ,0,1,4,4,44,1746.0,0,0,7,7,41,1,8.0,0
2019,8,RJ,0,1,6,1,44,1283.0,0,0,5,6,54,1,2.0,0
2018,3,RJ,0,1,6,2,44,2000.0,0,0,7,7,38,1,8.0,0
2018,1,RJ,1,1,2,1,44,1815.0,0,0,7,2,51,1,2.0,1
2019,7,RJ,0,1,8,6,44,1366.0,0,0,5,7,54,1,2.0,0
2019,10,RJ,0,1,11,3,44,1057.0,0,0,5,7,38,1,8.0,0
2019,4,RJ,0,1,11,7,30,937.0,1,0,9,9,21,1,8.0,0
2019,1,RJ,1,1,2,6,44,1237.0,0,0,5,7,33,1,8.0,1
2018,4,RJ,1,1,2,4,44,1224.0,0,0,7,7,18,1,8.0,1
2018,6,RJ,1,1,2,9,44,1194.0,0,0,5,4,45,0,8.0,1
2019,7,RJ,1,1,2,1,44,1377.0,0,0,4,9,27,0,8.0,1
2018,9,RJ,0,1,4,7,44,6114.0,0,0,2,9,38,0,2.0,0
2019,1,RJ,0,1,4,5,44,1666.0,0,0,9,7,36,1,8.0,0
2019,6,RJ,0,1,4,1,44,1540.0,0,0,8,7,48,1,2.0,0
2018,3,RJ,0,1,11,1,44,1193.0,0,0,5,7,33,1,2.0,0
2019,4,RJ,1,1,25,1,40,1219.0,0,0,7,7,38,1,8.0,1
2018,2,RJ,1,1,2,4,44,1180.0,0,0,4,7,29,0,2.0,1
2019,11,RJ,0,1,4,2,44,2160.0,0,0,7,7,29,1,2.0,0
2019,8,RJ,1,1,2,4,44,1783.0,0,0,7,7,38,1,2.0,1
2019,8,RJ,0,1,4,7,44,1277.0,0,0,5,4,53,1,8.0,0
2019,10,RJ,1,1,25,1,44,3035.0,0,0,4,7,25,1,2.0,1
2019,5,RJ,1,1,2,4,44,1300.0,0,0,5,7,22,0,2.0,1
2018,2,RJ,1,1,2,3,44,1143.0,0,0,5,5,53,0,8.0,1
2018,11,RJ,1,1,2,2,40,2000.0,0,0,2,9,27,1,2.0,1
2019,12,RJ,1,1,2,3,44,1090.0,0,0,5,7,31,1,2.0,1
2018,8,RJ,1,1,2,5,44,1238.0,0,0,8,4,22,1,2.0,1
2019,3,RJ,1,1,2,2,44,1040.0,0,0,5,7,43,0,2.0,1
2019,9,RJ,0,3,4,6,44,1238.0,0,0,5,7,38,0,4.0,0
2019,4,RJ,0,1,4,3,44,1889.0,0,0,7,7,43,1,2.0,0
2019,10,RJ,0,1,4,1,43,1040.0,0,0,5,7,29,0,8.0,0
2019,11,RJ,0,1,4,6,44,1162.0,0,0,8,5,48,1,8.0,0
2018,11,RJ,0,1,6,1,44,1874.0,0,0,5,7,65,1,2.0,0
2019,3,RJ,0,3,43,8,44,1193.0,0,0,5,7,24,1,8.0,0
2019,3,RJ,1,1,2,4,44,1042.0,0,0,7,7,33,1,4.0,1
2018,6,RJ,1,1,2,1,44,1411.0,0,0,7,6,28,1,4.0,1
2018,4,RJ,1,1,2,1,44,1176.0,0,0,2,9,28,1,2.0,1
2019,10,RJ,1,1,2,6,44,1126.0,0,0,4,6,22,1,8.0,1
2018,10,RJ,1,1,2,7,44,1600.0,0,0,3,8,20,1,2.0,1
2018,4,RJ,0,1,4,4,44,1009.0,0,0,5,7,25,1,8.0,0
2018,9,RJ,0,1,4,3,44,1300.0,0,0,1,7,30,0,2.0,0
2019,7,RJ,0,1,4,5,44,1280.0,0,0,4,7,31,0,2.0,0
2018,5,RJ,0,1,4,5,44,2000.0,0,0,8,7,53,0,8.0,0
2018,5,RJ,0,1,6,6,44,989.0,0,0,7,6,45,0,4.0,0
2019,10,RJ,0,1,11,2,44,1177.0,0,0,4,7,36,0,2.0,0
2019,2,RJ,1,1,2,4,44,1072.0,0,0,4,7,42,0,9.0,1
2019,9,RJ,1,1,2,4,44,0.0,0,0,4,7,28,0,4.0,1
2019,8,RJ,1,1,2,2,44,1223.0,0,0,5,7,42,0,9.0,1
2019,6,RJ,0,1,4,4,44,1080.0,0,0,5,2,52,0,2.0,0
2019,7,RJ,0,1,4,4,44,1971.0,0,0,2,9,45,0,4.0,0
2018,5,RJ,0,1,4,4,44,1890.0,0,0,3,7,52,1,2.0,0
2019,8,RJ,0,1,4,7,30,5988.0,0,0,2,9,32,1,8.0,0
2018,3,RJ,1,3,25,1,44,1045.0,0,0,5,5,30,0,8.0,1
2019,7,RJ,1,1,1,3,44,1356.0,0,0,5,7,25,1,2.0,1
2018,1,RJ,1,1,1,4,24,552.0,1,0,5,6,18,0,2.0,1
2018,7,RJ,1,1,1,4,44,1165.0,0,1,5,6,26,1,4.0,1
2019,2,RJ,1,1,2,9,44,1872.0,0,0,4,8,27,0,8.0,1
2019,3,RJ,1,1,2,2,44,1238.0,0,0,4,7,21,0,2.0,1
2019,3,RJ,1,1,2,3,44,1238.0,0,0,5,9,27,0,2.0,1
2019,1,RJ,1,1,2,6,44,1680.0,0,0,7,5,51,1,2.0,1
2019,12,RJ,1,1,2,3,44,1295.0,0,0,5,7,41,1,2.0,1
2019,2,RJ,1,1,2,5,44,1237.0,0,0,5,7,24,0,2.0,1
2019,1,RJ,1,1,2,6,44,1297.0,0,0,5,7,26,1,8.0,1
2019,2,RJ,1,1,2,3,44,2162.0,0,0,5,9,33,1,9.0,1
2019,1,RJ,1,1,2,5,44,1323.0,0,0,5,7,31,1,2.0,1
2018,12,RJ,1,1,2,2,44,1930.0,0,0,5,7,40,1,2.0,1
2019,5,RJ,0,1,4,2,44,1238.0,0,0,4,7,32,0,8.0,0
2019,5,RJ,0,1,4,9,44,1450.0,0,0,5,7,40,1,8.0,0
2019,7,RJ,0,1,4,9,39,2095.0,0,0,8,7,33,1,4.0,0
2019,1,RJ,0,1,4,4,44,1194.0,0,0,5,1,23,1,2.0,0
2019,3,RJ,0,1,4,2,44,1238.0,0,0,5,6,22,1,2.0,0
2019,7,RJ,0,1,4,2,44,1126.0,0,0,5,7,24,1,8.0,0
2019,11,RJ,0,1,4,9,44,2133.0,0,0,9,4,52,1,8.0,0
2019,3,RJ,0,1,4,4,44,1255.0,0,0,4,6,29,0,8.0,0
2018,4,RJ,0,1,4,5,44,1559.0,0,0,9,6,40,1,4.0,0
2018,11,RJ,0,1,6,2,44,1360.0,0,0,9,7,49,1,4.0,0
2019,7,RJ,0,1,6,3,44,1181.0,0,0,5,7,27,1,2.0,0
2019,7,RJ,0,1,6,5,44,1238.0,0,0,2,7,24,0,2.0,0
2018,8,RJ,0,1,6,7,44,1200.0,0,0,4,7,20,0,8.0,0
2018,1,RJ,0,1,11,3,36,1165.0,0,0,5,7,25,0,2.0,0
2018,10,RJ,0,1,11,6,44,1238.0,0,0,4,6,24,0,8.0,0
2019,5,RJ,1,1,25,7,44,1239.0,0,0,5,5,53,1,9.0,1
2019,5,RJ,1,1,25,7,44,1239.0,0,0,5,5,53,1,9.0,1
2018,11,SP,1,1,2,1,44,1771.0,0,0,5,8,31,0,8.0,1
2018,8,SP,1,1,2,1,44,1213.0,0,0,2,7,29,0,2.0,1
2018,5,SP,1,1,2,3,44,1316.0,0,0,5,7,30,0,2.0,1
2018,11,SP,0,1,4,2,44,1932.0,0,0,7,7,43,1,8.0,0
2019,5,SP,0,1,4,4,44,1330.0,0,0,5,7,26,1,2.0,0
2019,12,SP,0,1,4,7,44,1805.0,0,0,7,5,49,1,2.0,0
2018,2,SP,1,3,2,1,44,1170.0,0,0,6,2,52,1,2.0,1
2018,8,SP,0,1,33,6,44,1092.0,0,0,7,7,31,1,2.0,0
2018,12,SP,0,1,11,5,44,0.0,0,0,6,7,22,1,2.0,0
2018,6,SP,0,1,43,1,44,1200.0,0,0,5,6,23,1,2.0,0
2018,7,SP,1,1,2,3,44,1443.0,0,0,5,7,28,0,8.0,1
2019,4,SP,1,1,2,5,44,3700.0,0,0,1,9,30,1,2.0,1
2019,8,SP,0,1,4,2,44,1176.0,0,0,5,7,21,1,2.0,0
2019,4,SP,0,1,43,2,44,2101.0,0,0,9,6,24,1,9.0,0
2018,5,SP,1,3,2,3,44,1160.0,0,0,6,7,38,1,2.0,1
2018,7,SP,1,3,2,2,44,1160.0,0,0,6,7,25,1,2.0,1
2019,8,SP,1,1,2,5,44,1200.0,0,0,5,6,34,1,2.0,1
2019,6,SP,0,3,6,3,44,1220.0,0,0,6,2,19,1,4.0,0
2018,5,SP,1,1,1,9,44,2149.0,0,0,7,7,21,1,2.0,1
2018,1,SP,1,1,2,9,44,2149.0,0,0,7,7,19,1,2.0,1
2018,2,SP,1,1,2,4,44,2053.0,0,0,7,7,24,1,2.0,1
2018,1,SP,1,1,2,9,44,2149.0,0,0,7,7,19,1,2.0,1
2019,12,SP,0,1,4,6,44,2250.0,0,0,9,7,30,1,2.0,0
2018,2,SP,0,1,4,4,44,1279.0,0,0,5,7,26,0,2.0,0
2018,2,SP,0,3,4,1,44,1416.0,0,0,7,5,32,1,4.0,0
2019,5,SP,1,1,1,1,44,1440.0,0,0,7,7,18,1,9.0,1
2019,10,SP,1,1,1,1,44,1383.0,0,0,5,9,33,0,2.0,1
2018,8,SP,1,1,2,1,44,1461.0,0,0,5,7,44,0,2.0,1
2018,1,SP,1,1,2,7,44,1213.0,0,0,5,1,56,0,8.0,1
2018,8,SP,1,1,2,4,44,1540.0,0,0,3,9,26,0,4.0,1
2018,6,SP,1,1,2,1,44,2100.0,0,0,9,7,29,1,2.0,1
2019,2,SP,1,1,2,4,44,1374.0,0,0,5,7,32,1,9.0,1
2018,5,SP,1,1,2,4,44,8000.0,0,0,1,9,40,1,4.0,1
2019,3,SP,1,1,2,4,44,1540.0,0,0,9,7,30,1,4.0,1
2019,5,SP,1,1,2,5,44,1275.0,0,0,7,7,48,0,2.0,1
2019,4,SP,1,1,2,4,44,1179.0,0,0,5,5,36,1,2.0,1
2019,9,SP,1,1,2,3,44,1785.0,0,0,5,2,32,1,4.0,1
2019,11,SP,1,1,2,3,44,3000.0,0,0,3,8,47,1,2.0,1
2019,4,SP,1,1,2,5,44,1485.0,0,0,8,7,56,1,2.0,1
2018,10,SP,1,1,2,4,30,768.0,0,0,5,7,28,0,2.0,1
2019,2,SP,1,1,2,3,44,1217.0,0,0,5,6,20,0,8.0,1
2018,7,SP,1,1,2,3,44,1217.0,0,0,5,6,31,0,9.0,1
2018,12,SP,1,1,2,3,44,2000.0,0,0,7,7,39,1,2.0,1
2018,10,SP,0,1,4,5,44,1680.0,0,0,7,3,49,1,2.0,0
2019,2,SP,0,1,4,3,44,1107.0,0,0,5,9,63,1,2.0,0
2018,9,SP,0,1,4,1,44,1600.0,0,0,5,7,20,0,2.0,0
2019,5,SP,0,1,4,4,44,2237.0,0,0,7,7,36,1,8.0,0
2019,7,SP,0,3,4,3,44,6329.0,0,0,7,5,62,1,2.0,0
2019,11,SP,0,1,4,2,44,1500.0,0,0,5,7,30,1,2.0,0
2019,11,SP,0,1,4,6,44,1335.0,0,0,7,5,26,1,2.0,0
2019,8,SP,0,1,4,2,44,1792.0,0,0,7,7,33,1,2.0,0
2019,2,SP,0,1,4,2,44,1275.0,0,0,7,7,41,0,2.0,0
2019,4,SP,0,1,4,2,44,1453.0,0,0,5,5,34,0,8.0,0
2019,12,SP,0,1,4,6,44,3504.0,0,0,7,7,42,1,2.0,0
2018,7,SP,0,1,4,2,44,2300.0,0,0,9,7,29,1,8.0,0
2018,8,SP,0,1,4,3,44,2000.0,0,0,4,9,64,1,2.0,0
2018,12,SP,0,1,6,7,44,7346.0,0,0,2,9,41,0,2.0,0
2018,7,SP,0,1,11,1,44,1467.0,0,0,5,7,24,0,2.0,0
2019,12,SP,0,1,11,5,44,1097.0,0,0,4,7,19,1,2.0,0
2019,12,SP,1,1,25,9,24,1666.0,0,0,3,7,37,0,2.0,1
2019,12,SP,1,1,25,9,24,1666.0,0,0,3,7,37,0,2.0,1
2019,4,SP,0,1,43,1,44,1200.0,0,0,4,7,35,0,2.0,0
2019,5,SP,0,1,33,3,44,1300.0,0,0,5,7,33,1,2.0,0
2019,2,SP,1,1,2,4,44,1819.0,0,0,7,5,40,1,2.0,1
2018,11,SP,0,1,4,3,44,2180.0,0,0,7,5,22,1,2.0,0
2019,12,SP,0,1,11,9,44,1139.0,0,0,6,7,20,1,2.0,0
2019,3,SP,1,1,2,4,30,2302.0,0,0,4,8,22,0,2.0,1
2018,4,SP,1,1,2,6,36,1610.0,0,0,3,7,43,0,2.0,1
2018,6,SP,1,1,2,9,44,1236.0,0,0,7,7,21,1,4.0,1
2018,3,SP,1,3,2,2,44,1125.0,0,0,5,7,44,1,2.0,1
2019,7,SP,1,1,2,4,44,1349.0,0,0,7,7,19,0,2.0,1
2019,9,SP,1,1,2,3,44,1680.0,0,0,7,6,54,1,2.0,1
2019,6,SP,0,1,4,9,44,1297.0,0,0,7,6,30,0,4.0,0
2019,5,SP,0,1,4,1,44,1901.0,0,0,7,4,46,1,2.0,0
2019,5,SP,0,1,4,6,20,731.0,0,1,4,7,24,0,4.0,0
2018,5,SP,0,3,4,5,44,1695.0,0,0,6,6,42,0,2.0,0
2018,10,SP,0,1,4,1,44,1300.0,0,0,4,9,24,0,2.0,0
2019,6,SP,0,1,6,4,44,1321.0,0,0,7,7,27,1,2.0,0
2019,11,SP,0,1,6,9,44,2838.0,0,0,3,8,39,1,2.0,0
2019,2,SP,1,1,2,4,20,470.0,0,0,3,7,42,0,8.0,1
2019,12,SP,0,1,11,4,38,938.0,0,0,3,7,24,0,2.0,0
2018,11,SP,1,1,25,3,44,1336.0,0,0,5,7,26,0,2.0,1
2019,3,SP,1,1,2,1,44,1945.0,0,0,9,6,33,1,2.0,1
2019,2,SP,0,3,4,6,44,1120.0,0,0,6,4,33,0,2.0,0
2019,4,SP,1,1,2,2,44,1859.0,0,0,5,9,56,1,2.0,1
2018,9,SP,1,1,2,2,44,2400.0,0,0,5,5,41,0,2.0,1
2018,1,SP,1,1,2,1,44,1338.0,0,0,5,7,53,1,2.0,1
2019,11,SP,1,1,2,8,44,1841.0,0,0,7,7,21,1,2.0,1
2018,10,SP,1,1,2,3,30,2641.0,0,0,3,9,29,0,8.0,1
2019,5,SP,0,1,4,6,44,1785.0,0,0,7,5,28,1,8.0,0
2018,10,SP,0,1,4,1,44,1440.0,0,0,7,7,39,1,2.0,0
2018,5,SP,0,3,4,4,44,2187.0,0,0,7,7,26,1,2.0,0
2018,2,SP,1,1,1,3,44,1108.0,0,0,8,7,19,1,2.0,1
2019,7,SP,1,1,2,3,44,1269.0,0,0,5,7,23,1,9.0,1
2018,2,SP,1,1,2,5,44,1309.0,0,0,5,7,22,1,8.0,1
2018,4,SP,1,1,2,7,44,1271.0,0,0,3,7,27,0,2.0,1
2019,3,SP,1,1,2,7,44,1630.0,0,0,7,6,22,1,8.0,1
2018,4,SP,1,1,2,6,44,1296.0,0,0,5,7,23,1,2.0,1
2019,3,SP,0,1,4,5,44,2585.0,0,0,7,2,30,1,2.0,0
2019,1,SP,0,1,4,5,44,1409.0,0,0,4,6,30,0,8.0,0
2018,1,SP,0,1,11,5,44,1296.0,0,0,5,6,38,1,4.0,0
2018,5,SP,1,1,1,8,36,1046.0,0,0,4,8,18,0,2.0,1
2019,12,SP,1,1,1,5,44,998.0,0,0,5,7,28,1,2.0,1
2018,7,SP,1,1,2,6,44,1752.0,0,0,7,7,29,1,2.0,1
2019,12,SP,1,1,2,6,44,1841.0,0,0,7,5,37,1,2.0,1
2019,8,SP,1,1,2,3,44,1206.0,0,0,3,7,18,0,8.0,1
2018,5,SP,1,1,2,5,44,1111.0,0,0,5,7,20,1,9.0,1
2019,4,SP,1,1,2,1,44,1423.0,0,0,5,7,51,0,2.0,1
2019,2,SP,0,1,4,9,44,1491.0,0,0,7,4,32,1,4.0,0
2018,8,SP,0,1,4,2,44,1302.0,0,0,5,7,30,1,2.0,0
2019,6,SP,0,1,4,3,43,1379.0,0,0,7,6,23,1,4.0,0
2019,3,SP,0,1,4,6,44,2204.0,0,0,7,5,25,1,8.0,0
2019,10,SP,0,3,6,1,44,1402.0,0,0,6,3,29,1,2.0,0
2019,3,SP,0,1,6,7,20,561.0,0,1,5,9,39,1,8.0,0
2019,4,SP,0,1,11,3,44,1804.0,0,0,7,5,23,1,4.0,0
2019,1,SP,0,1,43,3,44,1361.0,0,0,4,7,39,1,2.0,0
2019,2,SP,1,1,2,5,44,2358.0,0,0,7,5,39,0,8.0,1
2019,5,SP,1,1,2,6,44,1889.0,0,0,7,4,36,1,8.0,1
2018,6,SP,1,3,2,2,44,1156.0,0,0,7,7,25,0,2.0,1
2019,11,SP,1,1,1,7,26,655.0,1,0,4,7,18,0,8.0,1
2019,2,SP,1,1,1,2,36,1062.0,0,0,4,7,19,0,2.0,1
2018,5,SP,1,1,2,2,44,2180.0,0,0,7,5,52,1,2.0,1
2019,8,SP,1,1,2,1,36,1092.0,0,0,4,7,30,0,2.0,1
2019,7,SP,1,1,2,2,44,1392.0,0,0,9,5,51,1,2.0,1
2019,10,SP,1,1,2,6,40,1675.0,0,0,2,8,21,1,2.0,1
2019,2,SP,1,1,2,1,44,2000.0,0,0,4,9,35,0,2.0,1
2019,7,SP,1,1,2,3,36,954.0,0,0,5,7,33,0,8.0,1
2019,8,SP,1,1,2,6,44,1210.0,0,0,5,6,49,0,2.0,1
2018,9,SP,1,1,2,4,44,1560.0,0,0,3,9,40,0,2.0,1
2018,3,SP,1,1,2,3,44,1236.0,0,0,4,5,35,0,2.0,1
2018,1,SP,1,1,2,5,44,4037.0,0,0,9,9,41,1,9.0,1
2019,2,SP,1,1,2,4,44,1980.0,0,0,9,5,48,1,2.0,1
2018,12,SP,1,1,2,1,44,1732.0,0,0,5,7,43,0,8.0,1
2019,7,SP,0,1,4,2,44,4000.0,0,0,3,7,38,1,2.0,0
2019,2,SP,0,1,4,2,44,1474.0,0,0,7,7,51,1,2.0,0
2019,5,SP,0,1,4,4,44,1778.0,0,0,7,7,54,1,2.0,0
2018,12,SP,0,1,4,6,44,1492.0,0,0,7,7,37,1,2.0,0
2019,4,SP,0,1,4,9,44,1445.0,0,0,7,7,27,1,8.0,0
2018,6,SP,0,1,4,1,40,1370.0,0,0,3,7,34,0,2.0,0
2019,6,SP,0,1,4,2,44,1333.0,0,0,3,7,39,1,9.0,0
2018,7,SP,0,1,4,9,40,1806.0,0,0,4,7,49,1,8.0,0
2019,8,SP,0,1,4,1,44,1577.0,0,0,4,7,20,1,2.0,0
2018,5,SP,0,1,6,4,44,1402.0,0,0,4,7,42,1,9.0,0
2019,9,SP,0,1,6,5,42,1354.0,0,0,5,7,60,1,2.0,0
2018,2,SP,0,1,6,8,36,937.0,0,0,4,7,21,0,2.0,0
2018,11,SP,0,1,6,1,44,1343.0,0,0,5,6,40,0,8.0,0
2019,12,SP,0,1,11,9,30,715.0,0,0,9,5,32,0,2.0,0
2018,5,SP,0,1,11,6,30,672.0,1,0,5,6,18,0,9.0,0
2018,10,SP,1,1,25,7,44,1913.0,0,0,3,7,49,1,2.0,1
2019,9,SP,1,1,2,3,44,1422.0,0,0,5,7,33,0,2.0,1
2019,8,SP,1,1,2,1,44,1221.0,0,0,3,7,40,1,9.0,1
2019,8,SP,1,1,2,1,44,1500.0,0,0,4,7,42,0,2.0,1
2019,1,SP,1,1,2,1,30,897.0,0,0,7,7,21,0,2.0,1
2018,8,SP,1,1,2,4,36,1125.0,0,0,5,3,28,0,2.0,1
2019,6,SP,1,1,2,3,24,730.0,0,0,5,7,34,1,2.0,1
2018,8,SP,0,1,4,3,44,1471.0,0,0,5,5,46,0,2.0,0
2018,10,SP,0,1,4,5,44,1634.0,0,0,7,7,37,0,8.0,0
2019,10,SP,0,1,4,1,44,1908.0,0,0,5,7,48,1,2.0,0
2019,11,SP,0,1,6,5,44,3464.0,0,0,2,9,29,0,2.0,0
2018,7,SP,0,1,6,1,36,1400.0,0,0,3,9,33,1,2.0,0
2018,7,SP,0,1,11,5,44,5500.0,0,0,7,8,25,1,2.0,0
2018,3,SP,0,3,43,1,44,1141.0,0,0,6,5,35,1,4.0,0
2018,1,SP,1,3,2,1,44,1170.0,0,0,6,5,49,1,2.0,1
2018,2,SP,0,1,4,1,44,1713.0,0,0,7,7,33,1,8.0,0
2019,9,SP,0,1,4,6,44,1353.0,0,0,7,7,34,0,2.0,0
2018,5,SP,1,1,1,5,44,1337.0,0,0,7,7,29,1,4.0,1
2019,1,SP,1,1,2,4,44,1120.0,0,0,5,7,23,1,8.0,1
2019,3,SP,1,1,2,1,44,1597.0,0,0,7,7,30,0,8.0,1
2019,3,SP,1,1,2,1,44,1800.0,0,0,4,9,42,0,2.0,1
2018,2,SP,1,1,2,5,40,4025.0,0,0,4,9,39,0,2.0,1
2019,5,SP,1,1,2,3,44,2500.0,0,0,4,9,32,0,8.0,1
2018,5,SP,0,1,4,3,44,1500.0,0,0,5,7,58,0,8.0,0
2018,12,SP,0,1,6,3,44,1100.0,0,0,5,7,42,0,8.0,0
2019,3,SP,0,1,6,4,44,1481.0,0,0,7,6,28,1,4.0,0
2019,7,SP,0,1,6,5,44,2300.0,0,0,3,8,33,1,2.0,0
2019,9,SP,1,1,25,1,44,1410.0,0,0,4,7,21,1,2.0,1
2018,7,SP,1,1,2,3,44,1630.0,0,0,5,9,30,0,2.0,1
2018,11,SP,1,1,2,7,40,1600.0,0,0,4,9,38,0,2.0,1
2018,2,SP,1,1,2,4,44,1312.0,0,0,5,7,26,0,8.0,1
2018,3,SP,1,1,2,1,40,1141.0,0,0,7,7,37,1,2.0,1
2018,2,SP,1,1,2,5,44,2222.0,0,0,3,9,28,1,2.0,1
2018,2,SP,1,1,2,3,44,1312.0,0,0,5,7,22,0,2.0,1
2019,9,SP,0,1,4,7,44,1538.0,0,0,7,4,31,1,2.0,0
2018,6,SP,0,1,4,6,36,1591.0,0,0,3,7,43,0,2.0,0
2019,3,SP,0,1,4,4,44,1463.0,0,0,7,7,40,1,4.0,0
2019,7,SP,1,1,25,6,44,1403.0,0,0,5,8,46,0,2.0,1
2019,3,SP,1,1,25,6,26,889.0,0,0,4,7,18,0,8.0,1
2018,2,SP,0,1,43,1,44,1421.0,0,0,7,7,29,1,2.0,0
2018,6,SP,1,1,2,6,39,3131.0,0,0,8,9,34,1,2.0,1
2019,2,SP,1,1,2,1,44,1316.0,0,0,7,7,27,1,2.0,1
2018,5,SP,1,1,2,8,44,1447.0,0,0,4,8,24,0,2.0,1
2019,6,SP,1,1,2,8,40,1733.0,0,0,4,8,31,0,8.0,1
2018,2,SP,1,1,2,1,44,1155.0,0,0,4,5,40,0,2.0,1
2018,7,SP,1,1,2,4,44,1332.0,0,0,4,6,42,1,2.0,1
2019,8,SP,1,1,2,6,44,1394.0,0,0,8,7,24,1,8.0,1
2018,4,SP,0,1,4,3,44,1289.0,0,0,5,7,58,1,2.0,0
2018,12,SP,0,1,4,7,44,0.0,0,0,2,9,35,0,2.0,0
2018,11,SP,0,3,4,3,44,1090.0,0,0,6,5,32,1,8.0,0
2018,4,SP,0,1,4,1,44,1113.0,0,0,2,7,46,0,2.0,0
2019,11,SP,0,1,4,3,44,2369.0,0,0,7,7,32,1,2.0,0
2019,1,SP,0,1,6,2,44,1785.0,0,0,5,7,24,0,2.0,0
2019,4,SP,0,1,6,6,36,998.0,0,0,4,7,19,0,2.0,0
2018,11,SP,0,1,11,4,44,1192.0,0,0,7,7,30,1,2.0,0
2019,9,SP,0,1,11,1,44,2128.0,0,0,7,7,43,1,2.0,0
2019,1,SP,0,1,11,5,44,1394.0,0,0,5,7,22,0,2.0,0
2018,10,SP,0,1,43,7,30,781.0,1,0,4,7,19,1,2.0,0
2019,11,SP,1,1,2,2,44,1315.0,0,0,7,7,46,0,2.0,1
2019,3,SP,1,1,2,8,44,1171.0,0,0,6,5,44,0,8.0,1
2019,3,SP,1,1,2,8,44,1171.0,0,0,6,5,38,1,8.0,1
2019,3,SP,1,1,2,8,44,1171.0,0,0,6,5,38,1,8.0,1
2019,3,SP,1,1,2,8,44,1171.0,0,0,6,5,44,0,8.0,1
2019,3,SP,1,1,2,8,44,1171.0,0,0,6,5,38,1,8.0,1
2018,6,SP,1,1,1,2,44,2800.0,0,0,7,7,27,1,2.0,1
2018,1,SP,1,1,1,3,44,1132.0,0,0,5,7,22,1,2.0,1
2019,9,SP,1,1,2,2,44,1600.0,0,0,4,7,33,0,2.0,1
2019,6,SP,1,1,2,3,44,1841.0,0,0,7,6,21,1,9.0,1
2018,10,SP,1,1,2,5,44,1130.0,0,0,6,4,26,1,2.0,1
2019,7,SP,1,3,2,1,22,1175.0,0,0,6,6,18,1,9.0,1
2018,12,SP,1,1,2,2,44,1336.0,0,0,5,7,36,0,8.0,1
2019,9,SP,1,1,2,2,44,1404.0,0,0,5,7,35,1,4.0,1
2018,7,SP,1,1,2,1,44,1294.0,0,0,7,7,50,0,2.0,1
2019,9,SP,0,1,6,6,44,1341.0,0,0,7,5,23,1,2.0,0
2019,1,SP,0,1,6,1,44,2063.0,0,0,7,8,34,1,8.0,0
2019,1,SP,0,1,6,1,44,1200.0,0,0,7,5,18,1,2.0,0
2018,4,SP,0,1,6,4,44,1409.0,0,0,4,7,24,1,9.0,0
2019,1,SP,0,1,6,5,44,1886.0,0,0,7,5,27,1,2.0,0
2019,4,SP,0,1,11,1,44,1200.0,0,0,4,7,58,0,2.0,0
2018,1,SP,0,1,11,6,44,1165.0,0,0,7,5,36,1,8.0,0
2019,2,SP,1,1,2,5,44,2615.0,0,0,7,7,33,1,2.0,1
2019,8,SP,0,1,4,2,44,2314.0,0,0,7,7,49,1,4.0,0
2018,9,SP,1,1,2,3,44,1587.0,0,0,2,9,32,1,2.0,1
2019,11,SP,1,1,1,1,44,1108.0,0,0,4,7,21,1,2.0,1
2019,7,SP,1,1,2,4,44,1559.0,0,0,7,7,33,1,2.0,1
2018,4,SP,1,1,2,8,27,1579.0,0,0,2,9,32,0,2.0,1
2019,10,SP,1,1,2,2,44,2074.0,0,0,7,7,47,1,2.0,1
2018,8,SP,1,1,2,4,40,1344.0,0,0,3,9,23,0,2.0,1
2019,3,SP,0,1,4,6,44,1647.0,0,0,7,6,65,1,2.0,0
2019,5,SP,0,1,4,2,44,1853.0,0,0,4,7,40,1,2.0,0
2018,11,SP,0,1,6,4,44,1224.0,0,0,7,5,32,1,2.0,0
2018,9,SP,0,1,43,5,44,1333.0,0,0,5,7,27,1,2.0,0
2019,9,SP,1,1,2,1,44,1601.0,0,0,7,7,37,1,2.0,1
2018,6,SP,1,1,2,6,44,1186.0,0,0,7,5,59,1,2.0,1
2019,3,SP,1,1,2,2,44,1146.0,0,0,5,7,41,0,2.0,1
2019,8,SP,1,1,2,3,44,2100.0,0,0,7,7,28,1,2.0,1
2019,9,SP,0,1,4,1,44,1129.0,0,0,5,7,21,0,2.0,0
2019,6,SP,0,1,4,1,33,1106.0,0,0,7,7,22,1,2.0,0
2018,7,SP,0,1,4,9,44,1487.0,0,0,6,7,53,1,2.0,0
2019,4,SP,0,1,11,4,44,2100.0,0,0,9,7,45,1,2.0,0
2018,2,SP,1,1,1,6,44,1108.0,0,0,6,7,26,1,2.0,1
2018,7,SP,1,1,2,3,44,1236.0,0,0,4,7,24,1,2.0,1
2019,8,SP,1,1,2,9,44,1180.0,0,0,7,4,44,1,4.0,1
2019,1,SP,1,1,2,3,44,2500.0,0,0,2,9,31,0,9.0,1
2018,12,SP,0,1,6,9,44,1334.0,0,0,5,5,29,1,2.0,0
2019,6,SP,0,1,6,3,44,1458.0,0,0,7,7,68,1,2.0,0
2018,8,SP,0,1,6,3,44,1600.0,0,0,2,9,30,0,2.0,0
2019,2,SP,0,1,11,4,44,1818.0,0,0,7,7,54,1,2.0,0
2019,6,SP,1,1,2,4,44,1440.0,0,0,7,7,53,1,8.0,1
2018,11,SP,1,1,25,5,44,1509.0,0,0,7,7,20,1,9.0,1
2018,6,SP,1,1,1,7,44,1332.0,0,0,4,3,29,1,2.0,1
2019,11,SP,1,1,1,7,44,1524.0,0,0,7,7,19,0,8.0,1
2019,9,SP,1,1,1,4,24,817.0,1,0,4,7,18,0,8.0,1
2018,3,SP,1,1,1,3,44,1269.0,0,0,5,7,18,1,8.0,1
2019,5,SP,1,1,2,2,44,1284.0,0,0,5,5,34,0,2.0,1
2018,9,SP,1,1,2,1,44,1110.0,0,0,5,6,33,0,8.0,1
2019,10,SP,1,1,2,6,44,1200.0,0,0,7,7,19,1,2.0,1
2019,7,SP,1,1,2,8,37,1150.0,0,0,4,7,23,0,2.0,1
2018,5,SP,1,1,2,9,44,1110.0,0,0,5,7,28,0,4.0,1
2018,4,SP,1,1,2,1,44,1331.0,0,0,5,7,22,1,9.0,1
2018,9,SP,1,1,2,4,44,1320.0,0,0,7,7,52,0,2.0,1
2018,5,SP,1,1,2,9,42,1379.0,0,0,9,7,41,1,2.0,1
2018,10,SP,1,1,2,5,44,1536.0,0,0,5,7,40,0,8.0,1
2019,11,SP,1,1,2,1,44,1400.0,0,0,5,9,31,1,2.0,1
2019,6,SP,1,1,2,9,36,1500.0,0,0,4,8,21,1,8.0,1
2018,1,SP,1,1,2,1,44,1524.0,0,0,7,4,34,1,8.0,1
2019,10,SP,1,1,2,1,44,4700.0,0,0,7,7,31,1,9.0,1
2018,2,SP,1,1,2,9,40,1700.0,0,0,4,7,30,0,8.0,1
2019,7,SP,1,1,2,9,44,1002.0,0,0,5,7,35,1,8.0,1
2019,10,SP,1,1,2,7,44,4616.0,0,0,4,9,39,1,2.0,1
2018,5,SP,1,1,2,6,40,1620.0,0,0,3,7,24,1,8.0,1
2019,7,SP,1,1,2,9,44,1002.0,0,0,5,7,35,1,8.0,1
2019,7,SP,1,1,2,4,44,1269.0,0,0,5,7,47,1,8.0,1
2019,8,SP,1,1,2,6,44,1205.0,0,0,5,7,47,0,8.0,1
2019,9,SP,1,1,2,8,44,720.0,0,0,5,7,27,0,6.0,1
2018,1,SP,1,1,2,6,44,1127.0,0,0,4,7,22,0,8.0,1
2019,9,SP,1,1,2,4,44,0.0,0,0,4,3,58,1,2.0,1
2018,8,SP,1,1,2,6,40,1407.0,0,0,4,7,22,0,2.0,1
2018,1,SP,1,1,2,6,44,1336.0,0,0,5,7,21,1,9.0,1
2018,10,SP,1,1,2,8,44,6560.0,0,0,1,9,34,1,2.0,1
2019,4,SP,1,1,2,4,44,1426.0,0,0,5,7,34,1,8.0,1
2019,9,SP,1,1,2,7,41,6640.0,0,0,3,9,51,1,2.0,1
2018,7,SP,1,1,2,9,38,1348.0,0,0,5,7,33,1,8.0,1
2018,11,SP,1,1,2,6,44,1503.0,0,0,7,7,30,1,2.0,1
2019,6,SP,1,1,2,9,36,1267.0,0,0,4,9,34,1,8.0,1
2018,4,SP,1,1,2,9,44,1296.0,0,0,5,5,36,0,9.0,1
2019,6,SP,1,1,2,6,44,5000.0,0,0,2,9,24,1,2.0,1
2018,8,SP,1,1,2,8,36,1269.0,0,0,3,7,24,0,4.0,1
2019,7,SP,1,1,2,8,44,1375.0,0,0,5,7,37,0,9.0,1
2019,10,SP,1,1,2,1,44,2000.0,0,0,4,7,35,0,2.0,1
2018,9,SP,1,1,2,5,44,1076.0,0,0,4,6,46,1,8.0,1
2019,5,SP,1,1,2,1,44,1342.0,0,0,5,7,18,1,8.0,1
2018,6,SP,1,1,2,9,44,2151.0,0,0,5,8,39,1,8.0,1
2018,6,SP,1,1,2,4,44,5000.0,0,0,2,9,30,0,6.0,1
2018,4,SP,1,1,2,6,40,2750.0,0,1,4,7,34,1,2.0,1
2019,11,SP,1,1,2,8,44,1382.0,0,0,4,7,28,1,2.0,1
2018,6,SP,1,1,2,6,40,5402.0,0,0,3,9,31,1,8.0,1
2019,11,SP,1,1,2,1,44,1400.0,0,0,4,7,36,0,2.0,1
2019,8,SP,1,1,2,9,38,1409.0,0,0,5,7,28,1,8.0,1
2018,12,SP,1,1,2,7,44,1633.0,0,0,4,7,27,1,8.0,1
2018,5,SP,1,1,2,7,44,1718.0,0,0,4,7,27,0,2.0,1
2018,7,SP,1,1,2,7,44,1220.0,0,0,7,7,21,1,8.0,1
2019,6,SP,1,1,2,8,44,1200.0,0,0,3,7,42,1,2.0,1
2019,11,SP,1,1,2,8,44,1382.0,0,0,4,7,28,1,2.0,1
2018,11,SP,1,1,2,6,44,2395.0,0,0,3,9,31,0,2.0,1
2018,10,SP,1,1,2,6,40,1669.0,0,1,7,7,36,1,2.0,1
2019,10,SP,1,1,2,6,44,1551.0,0,0,7,7,29,0,8.0,1
2019,7,SP,1,1,2,6,44,1172.0,0,0,5,7,35,0,8.0,1
2019,2,SP,1,1,2,7,40,17000.0,0,0,1,9,39,1,9.0,1
2019,11,SP,1,1,2,7,44,4700.0,0,0,3,8,43,1,8.0,1
2018,6,SP,1,1,2,1,40,4000.0,0,0,3,9,42,0,2.0,1
2019,5,SP,1,1,2,9,44,1614.0,0,0,5,7,46,0,8.0,1
2018,8,SP,1,1,2,7,44,1220.0,0,0,7,7,39,1,2.0,1
2019,6,SP,1,1,2,9,36,1267.0,0,0,4,9,34,1,8.0,1
2019,2,SP,1,1,2,1,44,2500.0,0,0,3,9,26,0,2.0,1
2018,7,SP,0,1,4,7,36,1194.0,0,1,4,8,23,0,4.0,0
2018,6,SP,0,1,4,2,44,6328.0,0,0,4,9,44,1,8.0,0
2018,2,SP,0,1,4,9,36,956.0,0,0,4,7,38,0,8.0,0
2019,2,SP,0,1,4,4,44,1391.0,0,0,3,7,27,1,4.0,0
2018,9,SP,0,1,4,9,40,1873.0,0,0,2,9,25,0,2.0,0
2018,6,SP,0,1,4,3,44,1424.0,0,0,8,7,44,1,2.0,0
2019,12,SP,0,1,4,6,36,1161.0,0,0,5,5,36,0,2.0,0
2018,8,SP,0,1,4,6,42,1828.0,0,0,4,7,42,1,8.0,0
2018,10,SP,0,1,4,8,44,1867.0,0,0,7,4,36,1,4.0,0
2019,11,SP,0,1,4,9,44,1670.0,0,0,4,7,33,0,4.0,0
2018,4,SP,0,1,4,4,44,1332.0,0,0,5,6,28,1,8.0,0
2018,8,SP,0,1,4,3,44,4183.0,0,0,1,9,41,1,2.0,0
2019,10,SP,0,1,4,7,44,1238.0,0,0,7,6,20,1,9.0,0
2018,8,SP,0,1,4,2,44,1341.0,0,0,7,1,40,1,2.0,0
2018,11,SP,0,1,4,1,44,2415.0,0,0,4,9,38,0,4.0,0
2018,8,SP,0,1,4,6,40,1587.0,0,0,2,7,30,1,8.0,0
2019,1,SP,0,1,4,2,44,1342.0,0,0,5,7,27,0,8.0,0
2019,7,SP,0,1,4,7,44,2684.0,0,0,7,7,34,1,2.0,0
2019,8,SP,0,1,4,4,44,1570.0,0,0,5,7,40,0,2.0,0
2019,5,SP,0,1,4,8,44,2085.0,0,0,7,8,38,0,2.0,0
2018,1,SP,0,1,4,9,36,957.0,0,0,4,7,25,0,8.0,0
2019,1,SP,0,1,4,6,44,6500.0,0,0,1,9,40,1,2.0,0
2018,6,SP,0,1,4,4,44,4737.0,0,0,3,7,28,0,8.0,0
2018,6,SP,0,1,4,9,40,1429.0,0,0,3,7,55,1,8.0,0
2019,5,SP,0,1,4,9,40,10854.0,0,0,2,9,44,1,2.0,0
2018,2,SP,0,1,5,9,44,1110.0,0,0,5,4,34,0,8.0,0
2019,8,SP,0,1,6,6,40,3800.0,0,0,2,9,42,1,8.0,0
2018,8,SP,0,1,6,8,36,1310.0,0,0,4,7,31,0,2.0,0
2018,10,SP,0,1,6,9,44,1110.0,0,0,5,7,41,0,8.0,0
2019,11,SP,0,1,6,9,36,1833.0,0,0,1,9,34,0,8.0,0
2018,7,SP,0,1,6,9,40,11082.0,0,0,2,9,39,1,6.0,0
2018,5,SP,0,1,6,9,36,1147.0,0,0,4,7,18,0,2.0,0
2019,1,SP,0,1,6,7,44,1110.0,0,0,5,4,37,0,8.0,0
2019,2,SP,0,1,6,7,40,6568.0,0,0,3,9,43,1,8.0,0
2019,7,SP,0,1,6,8,44,4000.0,0,0,3,9,33,1,2.0,0
2019,5,SP,0,1,6,5,44,1904.0,0,0,8,7,38,0,9.0,0
2018,6,SP,0,1,6,4,44,5951.0,0,0,1,9,36,0,2.0,0
2018,3,SP,0,1,6,6,44,1076.0,0,0,4,7,23,1,8.0,0
2018,3,SP,0,1,6,8,44,5595.0,0,0,2,9,28,0,2.0,0
2018,4,SP,0,1,6,4,44,1400.0,0,0,5,7,37,1,9.0,0
2019,9,SP,0,1,6,9,40,3249.0,0,0,2,8,24,1,4.0,0
2018,10,SP,0,1,6,1,44,2238.0,0,0,4,9,25,1,8.0,0
2019,1,SP,0,1,6,6,44,3030.0,0,0,2,9,27,0,2.0,0
2018,11,SP,0,1,6,4,36,977.0,0,0,4,7,27,1,8.0,0
2018,5,SP,0,1,11,6,44,1106.0,0,0,4,9,40,0,2.0,0
2018,3,SP,1,1,25,7,44,1458.0,0,0,7,7,29,1,8.0,1
2019,9,SP,1,1,25,7,38,1238.0,0,0,7,3,30,1,9.0,1
2019,1,SP,0,1,43,7,44,1290.0,0,0,4,7,49,1,2.0,0
2018,12,SP,0,1,43,6,43,1411.0,0,0,4,7,21,0,2.0,0
2018,6,SP,1,1,2,4,44,1140.0,0,0,4,5,42,0,2.0,1
2019,9,SP,1,1,2,3,44,1269.0,0,0,4,9,41,0,2.0,1
2019,3,SP,1,1,2,5,44,2120.0,0,0,7,7,26,1,8.0,1
2018,6,SP,0,1,4,2,44,1096.0,0,0,4,7,26,0,2.0,0
2019,12,SP,0,1,4,1,44,1036.0,0,0,5,7,18,0,2.0,0
2018,8,SP,0,3,6,1,44,1160.0,0,0,6,7,21,1,4.0,0
2019,12,SP,0,1,6,9,20,4616.0,0,0,2,9,34,1,2.0,0
2019,2,SP,1,1,1,1,22,820.0,0,0,3,6,29,1,2.0,1
2019,1,SP,1,1,2,3,44,1700.0,0,0,5,7,36,1,2.0,1
2019,2,SP,1,1,2,4,44,1440.0,0,0,7,3,54,1,2.0,1
2018,2,SP,1,1,2,4,44,1179.0,0,0,5,7,26,1,2.0,1
2019,1,SP,1,1,2,9,44,2645.0,0,0,4,9,35,0,2.0,1
2018,10,SP,1,1,2,9,44,1508.0,0,0,3,7,31,1,4.0,1
2019,2,SP,1,1,2,5,44,2400.0,0,0,7,7,33,1,2.0,1
2018,9,SP,1,1,2,9,44,1481.0,0,0,3,7,29,1,2.0,1
2019,8,SP,1,1,2,9,44,1893.0,0,0,7,5,43,1,2.0,1
2018,1,SP,1,1,2,2,44,1333.0,0,0,4,7,26,0,2.0,1
2018,4,SP,1,1,2,1,44,1175.0,0,0,7,7,25,0,2.0,1
2019,10,SP,1,1,2,1,44,1232.0,0,0,5,7,46,1,2.0,1
2019,7,SP,1,1,2,6,33,930.0,0,0,4,7,31,1,9.0,1
2018,9,SP,1,1,2,2,36,1180.0,0,0,5,7,24,0,2.0,1
2019,12,SP,1,1,2,6,44,1764.0,0,0,3,9,28,0,2.0,1
2018,9,SP,1,1,2,5,44,1489.0,0,0,5,7,28,1,9.0,1
2019,11,SP,1,1,2,1,44,1417.0,0,0,5,7,22,0,2.0,1
2019,12,SP,1,1,2,9,31,853.0,0,0,4,7,29,1,9.0,1
2019,2,SP,1,1,2,5,24,704.0,0,0,5,5,21,1,2.0,1
2019,7,SP,1,1,2,3,44,1386.0,0,0,5,7,47,0,2.0,1
2019,5,SP,1,1,2,1,44,1800.0,0,0,7,5,35,1,4.0,1
2019,5,SP,1,1,2,7,44,1380.0,0,0,5,5,29,1,2.0,1
2019,3,SP,1,1,2,5,44,1756.0,0,0,2,9,33,0,2.0,1
2018,1,SP,1,1,2,1,44,1095.0,0,0,3,7,20,0,2.0,1
2019,4,SP,0,1,4,4,44,1744.0,0,0,5,7,30,1,9.0,0
2019,4,SP,0,1,4,7,32,1158.0,0,0,4,7,28,0,9.0,0
2019,11,SP,0,1,4,7,44,2208.0,0,0,4,6,26,1,8.0,0
2018,8,SP,0,1,4,9,36,1263.0,0,1,4,7,29,1,2.0,0
2019,7,SP,0,1,4,8,44,1265.0,0,0,8,4,54,0,8.0,0
2019,4,SP,0,1,4,4,44,1333.0,0,0,9,7,23,1,4.0,0
2018,4,SP,0,1,4,5,44,1140.0,0,0,4,7,20,0,2.0,0
2018,11,SP,0,1,4,1,44,1234.0,0,0,7,7,22,1,2.0,0
2019,10,SP,0,1,4,3,44,1614.0,0,0,1,7,43,0,2.0,0
2019,2,SP,0,1,4,8,44,1363.0,0,0,7,4,31,1,2.0,0
2019,3,SP,0,1,4,9,36,1195.0,0,0,4,7,21,1,2.0,0
2019,11,SP,0,1,4,3,44,3481.0,0,0,3,9,43,1,2.0,0
2019,10,SP,0,1,4,7,44,1384.0,0,0,5,7,21,1,8.0,0
2018,11,SP,0,1,4,9,44,1545.0,0,0,7,5,37,1,8.0,0
2018,10,SP,0,1,5,6,44,1506.0,0,0,4,7,50,0,8.0,0
2019,7,SP,0,1,6,4,44,1187.0,0,0,7,7,29,1,2.0,0
2019,8,SP,0,1,6,7,44,1479.0,0,0,7,4,41,0,2.0,0
2019,12,SP,0,1,6,2,44,1333.0,0,0,5,7,20,0,2.0,0
2018,3,SP,0,1,6,9,44,2365.0,0,0,2,9,42,1,8.0,0
2019,11,SP,0,1,6,5,44,1944.0,0,0,7,7,28,1,9.0,0
2019,11,SP,0,1,6,2,44,1450.0,0,0,8,7,65,1,2.0,0
2018,6,SP,0,1,6,6,44,1400.0,0,0,7,7,24,1,9.0,0
2018,7,SP,0,1,6,1,44,1776.0,0,0,2,9,33,0,2.0,0
2018,2,SP,0,1,6,9,36,1154.0,0,0,4,7,20,0,2.0,0
2019,3,SP,0,1,11,8,20,998.0,1,0,4,6,17,1,8.0,0
2019,11,SP,0,1,11,2,44,1841.0,0,0,7,7,34,1,2.0,0
2018,11,SP,1,1,25,6,44,2395.0,0,0,7,5,34,1,8.0,1
2018,4,SP,1,1,25,6,44,1335.0,0,0,4,8,20,0,8.0,1
2018,7,SP,1,1,25,6,44,1296.0,0,0,5,7,37,1,2.0,1
2019,8,SP,0,1,43,8,20,544.0,1,0,4,4,15,1,2.0,0
2018,10,SP,1,1,1,6,44,1272.0,0,0,5,7,18,1,2.0,1
2019,12,SP,1,1,1,3,44,1467.0,0,0,5,7,22,1,2.0,1
2019,7,SP,1,1,2,1,44,1348.0,0,0,5,7,21,0,8.0,1
2018,9,SP,1,3,2,1,44,1108.0,0,0,6,3,58,1,2.0,1
2019,4,SP,1,1,2,2,44,1290.0,0,0,5,7,22,0,2.0,1
2018,6,SP,1,1,2,9,44,1108.0,0,0,6,2,30,1,8.0,1
2018,2,SP,1,1,2,1,44,2152.0,0,0,1,7,38,0,2.0,1
2019,12,SP,1,1,2,7,44,1373.0,0,0,4,7,19,1,2.0,1
2019,12,SP,1,1,2,7,44,1373.0,0,0,4,7,19,1,2.0,1
2018,9,SP,1,1,2,9,44,1108.0,0,0,6,2,60,1,8.0,1
2018,12,SP,1,1,2,1,20,700.0,0,0,4,9,25,0,2.0,1
2018,4,SP,1,1,2,6,36,940.0,0,0,5,7,28,0,8.0,1
2018,4,SP,1,1,2,4,44,1388.0,0,0,5,7,25,1,8.0,1
2019,11,SP,1,1,2,1,44,998.0,0,0,5,7,22,0,2.0,1
2019,3,SP,0,1,4,4,44,1552.0,0,0,5,7,19,1,2.0,0
2018,9,SP,0,1,4,4,44,1275.0,0,0,3,7,44,0,2.0,0
2018,3,SP,0,1,4,9,44,1108.0,0,0,6,2,42,1,2.0,0
2019,12,SP,0,1,4,4,44,2513.0,0,0,7,7,62,1,2.0,0
2018,12,SP,0,1,4,3,44,1257.0,0,0,6,4,42,1,2.0,0
2019,10,SP,0,1,4,1,44,1163.0,0,0,6,5,32,1,2.0,0
2019,12,SP,0,1,43,6,44,2860.0,0,0,7,7,40,1,2.0,0
2018,8,SP,1,1,2,1,22,621.0,0,0,4,8,22,0,2.0,1
2018,11,SP,1,1,2,4,44,1128.0,0,0,5,9,33,0,2.0,1
2018,9,SP,0,3,11,1,44,1119.0,0,0,6,7,22,1,2.0,0
2018,7,SP,1,1,1,4,30,2192.0,0,1,4,7,21,0,2.0,1
2019,12,SP,1,1,2,1,44,3140.0,0,0,2,9,26,0,4.0,1
2019,1,SP,1,1,2,6,44,1500.0,0,0,4,7,27,0,2.0,1
2019,1,SP,1,1,2,6,44,1500.0,0,0,4,7,27,0,2.0,1
2019,2,SP,0,1,4,2,44,1543.0,0,0,7,6,29,1,2.0,0
2019,8,SP,0,1,4,2,44,1500.0,0,0,2,7,29,0,9.0,0
2018,2,SP,0,1,11,3,44,1270.0,0,0,9,7,25,0,8.0,0
2019,3,SP,1,1,2,4,44,1195.0,0,0,4,7,29,1,2.0,1
2019,3,SP,1,1,1,3,44,1036.0,0,0,7,7,29,0,9.0,1
2018,5,SP,1,1,2,4,44,1316.0,0,0,5,5,25,0,2.0,1
2018,1,SP,1,1,2,5,20,477.0,1,0,4,6,18,1,2.0,1
2018,6,SP,1,1,2,1,44,2120.0,0,0,5,5,37,1,2.0,1
2019,3,SP,1,1,2,2,36,1527.0,0,0,5,6,50,1,2.0,1
2018,3,SP,1,1,2,2,44,1531.0,0,0,5,7,63,1,9.0,1
2018,2,SP,1,1,2,6,44,1109.0,0,0,7,7,18,0,2.0,1
2018,2,SP,1,1,2,6,44,1109.0,0,0,7,7,18,0,2.0,1
2019,2,SP,1,1,2,3,44,1610.0,0,0,7,7,54,1,2.0,1
2018,4,SP,1,1,2,2,44,1189.0,0,0,7,7,29,1,2.0,1
2018,10,SP,1,1,2,1,44,1496.0,0,0,7,7,25,1,2.0,1
2019,3,SP,1,1,2,6,44,1400.0,0,0,7,7,29,1,2.0,1
2018,3,SP,1,1,2,4,36,1362.0,0,0,4,7,25,0,2.0,1
2019,5,SP,0,1,4,3,44,1505.0,0,0,7,2,61,1,8.0,0
2018,11,SP,0,1,4,3,44,2540.0,0,0,2,9,31,1,2.0,0
2019,3,SP,0,1,4,6,42,1550.0,0,0,3,7,23,0,2.0,0
2018,12,SP,0,1,4,3,44,1430.0,0,0,7,6,26,0,2.0,0
2019,11,SP,0,1,4,3,34,1497.0,0,0,4,7,49,0,2.0,0
2018,7,SP,0,1,4,3,44,1379.0,0,0,3,7,32,1,2.0,0
2019,7,SP,0,1,4,1,44,1311.0,0,0,5,5,48,1,2.0,0
2019,7,SP,0,1,4,7,44,1561.0,0,1,7,7,39,1,2.0,0
2018,7,SP,0,1,6,8,44,1325.0,0,0,8,9,33,1,8.0,0
2019,11,SP,0,1,11,6,44,1113.0,0,0,4,7,24,1,2.0,0
2018,8,SP,0,1,4,1,36,1094.0,0,0,4,7,28,0,8.0,0
2019,6,SP,0,1,4,9,44,1216.0,0,0,6,6,20,1,8.0,0
2018,5,SP,1,1,1,3,44,1345.0,0,0,8,8,19,0,6.0,1
2018,2,SP,1,1,2,5,44,1334.0,0,0,8,6,25,1,2.0,1
2018,8,SP,1,1,2,9,44,1180.0,0,0,8,7,19,0,2.0,1
2019,9,SP,1,1,2,4,44,1442.0,0,0,7,7,21,0,2.0,1
2018,1,SP,1,1,2,1,42,1071.0,0,0,5,7,30,1,9.0,1
2018,9,SP,1,1,2,1,44,2200.0,0,0,7,7,41,1,9.0,1
2019,3,SP,1,1,2,3,44,1557.0,0,0,7,7,42,1,9.0,1
2019,8,SP,1,1,2,2,40,7075.0,0,0,1,9,56,1,2.0,1
2019,4,SP,0,1,4,4,40,2013.0,0,0,2,9,25,0,2.0,0
2019,12,SP,0,1,4,2,44,1805.0,0,0,5,7,61,1,2.0,0
2018,4,SP,0,1,4,7,44,2257.0,0,0,9,7,28,1,8.0,0
2018,9,SP,0,1,4,1,44,1338.0,0,0,4,7,22,1,2.0,0
2018,2,SP,0,1,6,8,44,1877.0,0,0,4,9,32,0,9.0,0
2018,3,SP,0,1,6,9,44,1290.0,0,0,8,7,42,1,2.0,0
2019,6,SP,1,3,25,4,44,1163.0,0,0,6,2,58,1,2.0,1
2019,6,SP,1,3,25,4,44,1163.0,0,0,6,2,58,1,2.0,1
2019,4,SP,1,1,25,4,44,1414.0,0,0,7,7,21,1,2.0,1
2019,4,SP,1,1,25,4,44,1414.0,0,0,7,7,21,1,2.0,1
2018,11,SP,1,1,2,5,36,1127.0,0,0,5,7,51,0,2.0,1
2018,7,SP,1,1,2,7,44,1302.0,0,0,4,7,49,1,2.0,1
2018,9,SP,1,1,2,5,44,1680.0,0,0,7,7,21,1,2.0,1
2019,4,SP,1,1,2,7,44,2200.0,0,0,5,7,36,1,2.0,1
2019,1,SP,1,1,2,6,44,3000.0,0,0,8,9,35,0,2.0,1
2019,10,SP,1,1,2,2,30,800.0,0,0,4,7,18,0,2.0,1
2018,5,SP,1,1,2,9,44,1108.0,0,0,6,2,24,0,2.0,1
2019,10,SP,1,1,2,5,36,1163.0,0,0,4,7,46,0,4.0,1
2018,5,SP,1,1,2,9,44,1108.0,0,0,6,2,24,0,2.0,1
2018,10,SP,1,1,2,7,44,1770.0,0,0,8,7,33,1,8.0,1
2019,12,SP,1,1,2,3,44,3483.0,0,0,2,9,26,1,2.0,1
2018,2,SP,1,1,2,7,36,3212.0,0,0,2,9,40,0,2.0,1
2018,12,SP,1,1,2,3,44,1450.0,0,0,5,7,24,0,8.0,1
2018,5,SP,1,1,2,4,44,1360.0,0,0,7,7,29,1,8.0,1
2018,2,SP,1,1,2,1,44,1203.0,0,0,5,7,25,1,4.0,1
2018,3,SP,1,1,2,1,44,1500.0,0,0,4,7,35,1,2.0,1
2019,2,SP,0,3,4,1,44,1158.0,0,0,3,8,24,0,2.0,0
2018,4,SP,0,1,4,2,44,1262.0,0,0,8,7,20,0,2.0,0
2019,11,SP,0,1,4,3,44,1446.0,0,0,5,7,26,0,9.0,0
2019,11,SP,0,1,4,4,44,1816.0,0,0,7,7,44,1,2.0,0
2018,9,SP,0,3,6,4,44,1295.0,0,0,6,7,39,0,2.0,0
2018,1,SP,0,1,6,4,44,1332.0,0,0,5,7,20,0,2.0,0
2019,12,SP,0,1,11,1,44,2804.0,0,0,7,7,36,1,2.0,0
2019,8,SP,1,1,2,5,27,769.0,0,0,3,9,41,0,2.0,1
2018,8,SP,1,1,2,3,40,1200.0,0,0,5,7,19,0,2.0,1
2019,9,SP,1,1,2,3,44,1350.0,0,0,7,7,30,0,4.0,1
2019,10,SP,1,1,2,1,44,1394.0,0,0,5,7,21,1,2.0,1
2019,11,SP,1,1,2,1,33,1046.0,0,0,5,7,41,0,8.0,1
2018,2,SP,1,1,2,6,40,1260.0,0,0,5,7,34,0,2.0,1
2018,5,SP,1,1,2,4,44,1500.0,0,0,5,4,45,0,2.0,1
2018,1,SP,1,1,2,3,22,1699.0,0,0,2,8,41,0,9.0,1
2018,3,SP,1,1,2,4,44,1500.0,0,0,1,7,23,0,2.0,1
2019,4,SP,1,1,2,3,44,1400.0,0,0,5,7,22,1,2.0,1
2018,5,SP,1,1,2,3,44,1417.0,0,0,7,7,23,1,8.0,1
2018,3,SP,1,1,2,6,44,1296.0,0,0,5,7,26,1,9.0,1
2018,8,SP,1,1,2,8,40,3452.0,0,0,3,9,28,0,2.0,1
2018,7,SP,0,1,4,2,44,1277.0,0,0,5,7,35,0,2.0,0
2019,11,SP,0,1,4,6,44,1394.0,0,0,5,7,36,0,2.0,0
2019,3,SP,0,1,4,5,44,2138.0,0,0,3,4,24,1,8.0,0
2019,7,SP,0,1,4,1,44,1331.0,0,0,7,7,35,1,2.0,0
2019,10,SP,0,1,4,2,44,1337.0,0,0,5,7,25,1,8.0,0
2019,9,SP,0,1,4,1,44,1749.0,0,0,7,7,33,1,2.0,0
2019,4,SP,0,1,4,3,44,1929.0,0,1,7,2,44,1,2.0,0
2018,10,SP,0,1,6,9,24,2414.0,0,0,2,9,32,1,1.0,0
2018,12,SP,0,1,6,5,44,1562.0,0,0,6,4,49,1,2.0,0
2018,1,SP,0,1,6,3,44,1472.0,0,0,5,7,29,1,2.0,0
2019,12,SP,1,1,2,2,44,1853.0,0,0,7,4,48,1,2.0,1
2019,5,SP,1,1,2,3,44,1900.0,0,0,4,7,32,0,2.0,1
2018,3,SP,0,1,11,3,44,1115.0,0,0,6,6,30,1,2.0,0
2018,1,SP,0,1,11,4,44,1478.0,0,0,7,7,21,1,2.0,0
2019,6,SP,1,1,2,2,44,2500.0,0,0,1,7,36,1,2.0,1
2019,7,SP,1,3,2,6,44,1287.0,0,0,3,7,53,1,2.0,1
2018,7,SP,0,1,4,3,44,1206.0,0,0,7,5,18,1,2.0,0
2019,5,SP,0,1,4,6,44,2538.0,0,0,7,2,35,1,8.0,0
2018,6,SP,0,1,4,1,44,1804.0,0,0,7,7,34,1,2.0,0
2019,7,SP,1,1,2,6,44,2285.0,0,0,7,7,46,1,2.0,1
2018,4,SP,1,1,2,3,44,1319.0,0,0,5,7,37,0,2.0,1
2018,10,SP,1,1,2,7,44,1049.0,0,0,7,7,22,1,2.0,1
2019,3,SP,1,1,2,6,44,1530.0,0,0,7,4,42,0,2.0,1
2019,6,SP,1,1,2,9,40,1240.0,0,0,5,7,35,0,2.0,1
2018,10,SP,1,1,2,7,44,1049.0,0,0,7,7,22,1,2.0,1
2019,5,SP,0,1,4,7,44,1527.0,0,0,7,7,21,1,8.0,0
2019,6,SP,0,1,4,6,44,1744.0,0,0,7,7,35,0,2.0,0
2018,11,SP,0,1,4,6,44,2244.0,0,0,8,7,37,1,2.0,0
2019,12,SP,0,1,4,9,44,1610.0,0,0,7,7,20,1,2.0,0
2019,5,SP,0,1,6,2,44,1602.0,0,0,3,7,21,0,2.0,0
2019,3,SP,1,1,1,5,26,654.0,1,0,5,6,15,1,8.0,1
2019,1,SP,1,1,2,1,42,1484.0,0,0,4,6,43,0,2.0,1
2019,10,SP,1,1,2,5,44,1309.0,0,0,5,7,23,1,8.0,1
2018,1,SP,1,1,2,6,44,1275.0,0,0,4,7,34,0,2.0,1
2018,1,SP,1,1,2,6,44,1275.0,0,0,4,7,34,0,2.0,1
2018,3,SP,1,1,2,3,44,1557.0,0,0,9,7,26,1,2.0,1
2019,5,SP,1,1,2,6,44,1864.0,0,0,7,7,32,1,2.0,1
2019,2,SP,1,1,2,7,44,1256.0,0,0,5,7,35,1,8.0,1
2019,2,SP,0,1,4,6,44,5754.0,0,0,9,9,44,1,2.0,0
2018,6,SP,0,1,4,1,40,3106.0,0,0,3,8,24,1,2.0,0
2018,6,SP,0,1,4,3,44,1122.0,0,0,5,7,53,0,9.0,0
2019,10,SP,0,1,6,6,44,2140.0,0,0,7,7,23,1,2.0,0
2018,4,SP,0,1,4,7,40,1094.0,0,0,5,7,27,1,2.0,0
2018,4,SP,0,3,6,1,44,1108.0,0,0,6,2,41,1,2.0,0
2018,4,SP,1,3,2,1,44,1143.0,0,0,6,3,24,1,8.0,1
2019,6,SP,1,1,1,5,44,1528.0,0,0,7,6,29,0,2.0,1
2019,1,SP,1,1,2,1,44,1375.0,0,0,5,7,25,0,8.0,1
2019,9,SP,1,1,2,2,44,1100.0,0,0,4,7,28,0,8.0,1
2019,9,SP,1,1,2,6,44,1205.0,0,0,5,7,19,0,8.0,1
2019,5,SP,1,1,2,4,44,1625.0,0,0,7,7,29,1,8.0,1
2019,6,SP,1,1,2,7,44,1282.0,0,0,5,6,40,0,2.0,1
2018,2,SP,1,1,2,1,44,1416.0,0,0,7,7,38,1,2.0,1
2018,9,SP,1,1,2,3,44,1500.0,0,0,7,4,42,1,8.0,1
2018,4,SP,0,1,4,6,44,2347.0,0,0,7,4,22,1,8.0,0
2018,6,SP,0,1,4,1,44,1470.0,0,0,4,7,27,0,8.0,0
2018,11,SP,0,1,4,1,44,1837.0,0,0,7,7,20,1,2.0,0
2019,2,SP,0,1,4,4,44,1500.0,0,0,5,9,24,0,2.0,0
2018,7,SP,0,1,4,4,44,1159.0,0,0,5,7,18,0,2.0,0
2019,10,SP,1,1,2,7,44,1412.0,0,0,4,7,20,0,9.0,1
2019,2,SP,1,1,2,8,44,1918.0,0,0,7,7,24,0,2.0,1
2018,3,SP,1,1,2,9,40,1535.0,0,0,7,7,35,1,8.0,1
2018,11,SP,1,1,2,8,44,1402.0,0,0,5,7,23,1,8.0,1
2018,6,SP,1,1,2,3,44,1275.0,0,1,5,5,35,0,8.0,1
2019,10,SP,1,1,2,7,44,1412.0,0,0,4,7,20,0,9.0,1
2018,5,SP,1,1,2,7,44,2386.0,0,0,4,8,22,0,2.0,1
2018,3,SP,0,1,4,7,44,1566.0,0,0,7,7,26,1,4.0,0
2018,3,SP,0,1,4,3,44,1320.0,0,0,7,7,29,1,2.0,0
2018,2,SP,0,1,4,4,44,1221.0,0,0,7,7,35,1,8.0,0
2019,2,SP,0,1,4,7,44,1886.0,0,0,4,9,24,1,6.0,0
2018,11,SP,0,1,4,5,44,1751.0,0,0,8,4,64,0,2.0,0
2019,11,SP,0,1,6,6,44,1208.0,0,0,4,7,19,0,2.0,0
2019,6,SP,0,1,6,7,44,7489.0,0,0,2,9,33,0,2.0,0
2018,6,SP,0,1,11,3,44,1576.0,0,0,5,7,24,0,2.0,0
2018,8,SP,0,1,43,7,30,1348.0,1,0,7,7,18,1,2.0,0
2019,7,SP,1,1,2,8,44,1675.0,0,0,7,7,32,1,9.0,1
2018,1,SP,1,3,2,6,44,1790.0,0,0,7,7,32,1,8.0,1
2019,8,SP,1,1,2,8,44,1841.0,0,0,7,6,52,1,9.0,1
2018,1,SP,1,3,2,6,44,1790.0,0,0,7,7,32,1,8.0,1
2019,9,SP,0,1,6,5,44,998.0,0,0,3,7,30,0,2.0,0
2019,11,SP,0,1,6,6,44,1513.0,0,0,7,7,22,1,9.0,0
2018,5,SP,1,1,2,1,44,1160.0,0,0,6,3,40,1,2.0,1
2019,12,SP,1,1,2,1,44,1322.0,0,0,4,7,34,0,2.0,1
2019,5,SP,0,1,4,1,44,1207.0,0,0,5,7,39,1,2.0,0
2018,7,SP,0,3,6,3,44,1160.0,0,0,6,5,26,1,4.0,0
2019,11,SP,0,1,6,8,30,1123.0,0,0,3,7,40,1,8.0,0
2019,4,SP,1,1,1,3,30,998.0,0,0,5,5,29,1,2.0,1
2019,10,SP,1,1,1,1,44,1449.0,0,0,5,7,49,1,2.0,1
2018,1,SP,1,1,1,8,30,651.0,1,0,4,6,16,0,2.0,1
2018,1,SP,1,1,1,1,36,1138.0,0,0,5,5,29,0,2.0,1
2019,11,SP,1,1,1,4,44,1449.0,0,0,5,7,22,0,2.0,1
2018,1,SP,1,1,1,8,30,651.0,1,0,4,6,16,0,2.0,1
2019,1,SP,1,1,1,8,44,1296.0,0,0,4,7,18,1,8.0,1
2019,3,SP,1,1,1,1,31,1012.0,0,0,5,7,20,0,2.0,1
2018,11,SP,1,1,1,4,44,1311.0,0,0,5,7,21,1,2.0,1
2019,10,SP,1,1,1,1,44,1449.0,0,0,5,7,19,0,2.0,1
2019,4,SP,1,1,2,9,44,1246.0,0,0,4,5,22,0,8.0,1
2018,11,SP,1,1,2,6,44,1406.0,0,0,9,5,27,1,2.0,1
2019,2,SP,1,1,2,4,44,1791.0,0,0,7,7,35,1,2.0,1
2019,5,SP,1,1,2,2,44,1403.0,0,0,5,7,30,0,2.0,1
2018,8,SP,1,1,2,9,44,1362.0,0,0,5,4,32,0,8.0,1
2018,7,SP,1,1,2,9,44,1301.0,0,0,5,5,37,0,8.0,1
2019,10,SP,1,1,2,2,44,1513.0,0,0,7,7,21,1,9.0,1
2019,12,SP,1,1,2,8,44,1348.0,0,0,5,7,36,1,4.0,1
2018,12,SP,1,1,2,3,40,2000.0,0,0,1,7,32,1,2.0,1
2019,1,SP,1,1,2,4,44,3267.0,0,0,2,9,27,0,2.0,1
2019,10,SP,1,1,2,4,44,1547.0,0,0,5,7,46,1,2.0,1
2019,4,SP,1,1,2,3,44,1600.0,0,0,7,7,35,1,8.0,1
2018,10,SP,1,1,2,1,44,1311.0,0,0,5,7,19,1,9.0,1
2019,5,SP,1,1,2,5,44,1347.0,0,0,3,7,20,1,2.0,1
2018,6,SP,1,1,2,5,44,1753.0,0,0,7,7,47,1,8.0,1
2019,3,SP,1,1,2,9,44,4478.0,0,0,2,9,25,1,2.0,1
2019,5,SP,1,1,2,3,44,1311.0,0,0,5,7,40,1,4.0,1
2019,10,SP,1,1,2,5,44,2100.0,0,0,2,7,28,0,9.0,1
2019,12,SP,1,1,2,8,44,1348.0,0,0,5,5,26,1,8.0,1
2019,7,SP,1,1,2,2,44,1578.0,0,0,5,7,28,1,2.0,1
2019,1,SP,1,1,2,1,44,1901.0,0,0,7,7,59,1,2.0,1
2019,9,SP,1,1,2,2,44,2060.0,0,0,7,7,37,1,2.0,1
2018,6,SP,1,1,2,4,44,2000.0,0,0,3,8,32,0,2.0,1
2019,8,SP,1,1,2,3,44,1403.0,0,0,8,5,34,1,2.0,1
2018,10,SP,1,1,2,5,44,0.0,0,0,1,7,40,1,2.0,1
2019,3,SP,1,1,2,4,44,6350.0,0,0,1,9,34,1,2.0,1
2018,11,SP,1,1,2,1,44,1296.0,0,0,3,7,35,1,9.0,1
2019,5,SP,1,1,2,5,44,998.0,0,0,7,7,39,1,8.0,1
2019,9,SP,1,1,2,9,44,1547.0,0,0,5,7,25,1,8.0,1
2018,3,SP,1,1,2,3,44,4000.0,0,0,3,8,32,1,2.0,1
2019,4,SP,1,1,2,9,40,7000.0,0,0,1,9,30,0,2.0,1
2018,6,SP,1,1,2,3,20,1700.0,0,0,2,9,24,1,2.0,1
2018,1,SP,1,1,2,9,44,1748.0,0,0,7,7,27,1,8.0,1
2018,6,SP,1,1,2,1,44,1344.0,0,0,5,7,25,0,2.0,1
2018,7,SP,1,1,2,8,36,4408.0,0,0,2,9,27,1,2.0,1
2018,3,SP,1,1,2,5,44,2286.0,0,0,5,7,40,1,2.0,1
2018,9,SP,1,1,2,2,44,1344.0,0,0,5,7,25,0,2.0,1
2019,7,SP,1,1,2,9,44,1437.0,0,0,5,7,39,0,8.0,1
2019,3,SP,1,1,2,1,44,2215.0,0,0,3,9,25,0,2.0,1
2019,7,SP,1,1,2,9,44,1309.0,0,0,5,7,23,0,9.0,1
2018,11,SP,1,1,2,1,44,1116.0,0,0,3,7,20,0,2.0,1
2019,4,SP,1,1,2,3,36,1204.0,0,0,3,7,25,0,8.0,1
2018,1,SP,1,1,2,6,44,1250.0,0,0,5,7,36,0,8.0,1
2018,12,SP,1,1,2,3,44,1618.0,0,0,5,7,39,0,4.0,1
2019,4,SP,1,1,2,7,44,15000.0,0,0,1,9,43,0,2.0,1
2019,1,SP,1,1,2,3,44,1344.0,0,0,5,7,25,1,8.0,1
2019,6,SP,1,1,2,6,44,1403.0,0,0,4,7,32,0,4.0,1
2018,2,SP,1,1,2,3,44,1265.0,0,0,5,7,45,1,2.0,1
2018,5,SP,1,1,2,5,44,1340.0,0,0,5,7,44,1,9.0,1
2019,4,SP,1,1,2,4,44,1547.0,0,0,5,7,28,1,8.0,1
2018,4,SP,1,1,2,9,44,1213.0,0,0,5,7,31,0,9.0,1
2018,8,SP,1,1,2,7,44,1110.0,0,0,5,5,53,0,2.0,1
2019,2,SP,1,1,2,4,44,1900.0,0,0,3,7,25,0,2.0,1
2018,11,SP,1,1,2,1,44,1116.0,0,0,3,7,20,0,2.0,1
2019,3,SP,1,1,2,4,44,1500.0,0,0,8,7,44,1,8.0,1
2018,1,SP,1,1,2,2,44,1569.0,0,0,5,9,27,0,4.0,1
2019,6,SP,1,1,2,1,40,1405.0,0,0,3,7,24,1,9.0,1
2018,2,SP,1,1,2,5,44,1277.0,0,0,4,7,31,0,2.0,1
2018,8,SP,1,1,2,1,44,2000.0,0,0,2,7,26,0,2.0,1
2018,4,SP,1,1,2,5,44,1110.0,0,0,5,7,29,0,2.0,1
2018,3,SP,1,1,2,5,44,1232.0,0,0,4,8,40,0,9.0,1
2019,9,SP,1,1,2,1,44,1450.0,0,0,5,7,45,1,2.0,1
2019,6,SP,1,1,2,9,38,1360.0,0,0,5,7,32,0,8.0,1
2019,7,SP,1,1,2,1,40,1800.0,0,0,2,8,24,1,2.0,1
2018,10,SP,1,1,2,7,44,1440.0,0,0,7,5,28,1,2.0,1
2018,7,SP,1,1,2,4,44,1386.0,0,0,4,7,34,0,2.0,1
2018,10,SP,1,1,2,2,44,2800.0,0,0,2,9,32,1,2.0,1
2019,7,SP,1,1,2,6,40,1852.0,0,0,2,9,30,0,9.0,1
2018,8,SP,1,1,2,2,44,1217.0,0,0,5,5,31,1,2.0,1
2019,8,SP,1,1,2,4,44,1637.0,0,0,5,7,25,1,2.0,1
2019,11,SP,1,1,2,1,44,1449.0,0,0,3,7,26,0,2.0,1
2018,9,SP,1,1,2,9,44,2000.0,0,0,3,9,30,1,9.0,1
2019,5,SP,1,1,2,6,44,3400.0,0,0,1,9,28,0,2.0,1
2018,1,SP,1,1,2,2,44,1265.0,0,0,5,7,30,0,2.0,1
2019,10,SP,1,1,2,4,44,1841.0,0,0,7,2,42,1,4.0,1
2019,9,SP,1,1,2,3,44,1449.0,0,0,5,7,23,0,2.0,1
2019,1,SP,1,1,2,9,44,1246.0,0,0,5,7,49,0,9.0,1
2018,10,SP,1,1,2,5,44,3286.0,0,0,5,8,25,0,2.0,1
2018,7,SP,1,1,2,8,44,1031.0,0,0,5,7,19,1,2.0,1
2018,12,SP,1,1,2,4,44,1403.0,0,0,4,7,41,0,8.0,1
2019,7,SP,0,1,4,4,44,1500.0,0,0,5,7,34,0,2.0,0
2019,1,SP,0,1,4,5,44,1311.0,0,0,5,7,43,1,2.0,0
2018,8,SP,0,1,4,4,44,2066.0,0,0,4,7,24,0,2.0,0
2018,5,SP,0,1,4,9,36,1232.0,0,0,4,7,21,1,8.0,0
2019,11,SP,0,1,4,5,44,1794.0,0,0,7,7,48,0,2.0,0
2018,8,SP,0,1,4,5,44,1344.0,0,0,5,7,25,1,2.0,0
2019,4,SP,0,1,4,9,44,1780.0,0,0,7,7,26,1,2.0,0
2018,6,SP,0,1,4,7,44,6040.0,0,0,1,8,36,0,2.0,0
2019,9,SP,0,1,4,8,40,1895.0,0,0,4,9,27,1,9.0,0
2018,7,SP,0,1,4,3,44,1525.0,0,0,1,7,23,1,8.0,0
2019,12,SP,0,1,4,1,22,1769.0,0,0,2,9,54,0,2.0,0
2019,2,SP,0,1,4,1,44,1218.0,0,0,4,7,27,0,2.0,0
2019,3,SP,0,1,4,5,44,1167.0,0,0,5,7,39,1,9.0,0
2018,3,SP,0,1,4,1,44,1569.0,0,0,5,7,20,0,2.0,0
2019,12,SP,0,1,4,6,44,4500.0,0,0,2,9,35,0,9.0,0
2018,4,SP,0,1,4,5,44,2271.0,0,0,5,7,47,0,2.0,0
2019,11,SP,0,1,4,9,44,1160.0,0,0,5,7,57,0,8.0,0
2019,6,SP,0,1,4,4,44,1600.0,0,0,7,5,48,0,8.0,0
2019,3,SP,0,1,4,6,44,3401.0,0,0,7,7,25,1,8.0,0
2018,10,SP,0,1,4,8,44,1486.0,0,0,5,7,42,1,9.0,0
2018,11,SP,0,1,4,2,44,1752.0,0,0,7,7,28,1,9.0,0
2018,3,SP,0,1,4,5,44,1265.0,0,0,5,7,20,1,8.0,0
2019,4,SP,0,1,4,8,36,2289.0,0,0,3,7,28,0,2.0,0
2018,6,SP,0,1,4,7,44,1296.0,0,0,5,6,39,1,2.0,0
2018,6,SP,0,1,4,6,44,2961.0,0,0,5,7,39,0,2.0,0
2018,6,SP,0,1,4,2,44,1234.0,0,0,5,7,28,1,2.0,0
2019,6,SP,0,1,4,8,44,1250.0,0,0,7,5,36,1,9.0,0
2018,1,SP,0,1,4,2,44,3972.0,0,0,7,7,40,1,2.0,0
2018,3,SP,0,1,4,9,44,1213.0,0,0,5,7,57,0,9.0,0
2019,4,SP,0,1,4,3,44,1403.0,0,0,5,6,52,0,9.0,0
2018,10,SP,0,1,4,9,44,1447.0,0,0,5,5,47,0,8.0,0
2019,9,SP,0,1,4,7,44,1977.0,0,0,7,5,43,1,2.0,0
2018,3,SP,0,1,4,8,40,4012.0,0,0,2,9,35,0,8.0,0
2018,1,SP,0,1,4,8,44,1076.0,0,0,5,5,28,0,8.0,0
2019,3,SP,0,1,4,1,44,1273.0,0,0,3,6,22,0,2.0,0
2019,2,SP,0,1,4,9,42,2270.0,0,0,7,7,37,0,2.0,0
2019,12,SP,0,1,4,2,44,0.0,0,0,4,9,40,1,2.0,0
2019,1,SP,0,1,4,5,44,1403.0,0,0,5,4,25,1,8.0,0
2019,7,SP,0,1,4,4,44,1497.0,0,0,4,8,21,1,8.0,0
2018,10,SP,0,1,4,4,44,1111.0,0,0,5,5,20,1,9.0,0
2018,2,SP,0,1,4,5,44,1448.0,0,0,5,7,36,1,2.0,0
2018,3,SP,0,1,4,5,44,1200.0,0,0,9,2,53,1,2.0,0
2018,6,SP,0,1,4,5,44,1486.0,0,0,5,5,52,0,2.0,0
2019,2,SP,0,1,4,1,44,1508.0,0,0,5,7,18,0,2.0,0
2019,3,SP,0,1,4,9,44,1414.0,0,0,4,6,27,1,8.0,0
2019,11,SP,0,1,4,1,44,1600.0,0,0,4,7,38,1,2.0,0
2018,10,SP,0,1,5,3,44,1344.0,0,0,6,6,46,1,4.0,0
2018,3,SP,0,1,6,5,44,2516.0,0,0,5,9,37,0,2.0,0
2018,11,SP,0,1,6,3,44,1681.0,0,0,5,6,34,0,2.0,0
2019,5,SP,0,1,6,2,44,1344.0,0,0,5,7,21,0,9.0,0
2018,12,SP,0,1,6,4,44,1452.0,0,0,4,7,33,0,2.0,0
2018,7,SP,0,1,6,6,40,43502.0,0,0,1,9,40,1,2.0,0
2019,4,SP,0,1,6,3,44,1400.0,0,0,4,9,44,0,2.0,0
2018,2,SP,0,1,6,4,44,2109.0,0,0,4,9,29,0,2.0,0
2018,1,SP,0,1,6,5,44,1318.0,0,0,4,7,20,0,8.0,0
2018,5,SP,0,1,6,8,36,957.0,0,0,4,8,55,0,2.0,0
2019,10,SP,0,1,6,7,44,1306.0,0,0,4,5,41,0,8.0,0
2019,1,SP,0,1,6,7,44,1344.0,0,0,5,7,22,1,8.0,0
2019,1,SP,0,1,6,8,44,1148.0,0,0,4,8,32,0,2.0,0
2018,6,SP,0,1,6,4,44,2000.0,0,0,4,9,31,0,2.0,0
2019,8,SP,0,1,6,9,44,3151.0,0,0,4,7,37,1,4.0,0
2018,11,SP,0,1,6,6,44,1153.0,0,0,3,7,32,0,9.0,0
2018,4,SP,0,1,6,5,44,1125.0,0,0,5,7,24,1,8.0,0
2019,6,SP,0,1,6,7,44,1453.0,0,0,5,7,39,0,2.0,0
2018,4,SP,0,1,6,4,40,4230.0,0,0,2,9,28,1,2.0,0
2019,6,SP,0,1,6,1,44,1403.0,0,0,4,7,26,0,2.0,0
2019,12,SP,0,1,6,5,44,3013.0,0,0,3,7,34,0,2.0,0
2018,4,SP,0,1,6,9,40,7183.0,0,0,2,9,28,1,2.0,0
2019,3,SP,0,1,6,1,44,1464.0,0,0,9,7,36,1,2.0,0
2019,12,SP,0,1,6,4,44,1407.0,0,0,5,9,34,1,2.0,0
2018,3,SP,0,1,6,4,44,1627.0,0,0,5,7,42,0,8.0,0
2019,1,SP,0,1,6,8,44,1465.0,0,0,5,7,19,1,2.0,0
2018,8,SP,0,1,6,7,44,1468.0,0,0,5,7,64,0,2.0,0
2019,9,SP,0,1,6,6,44,3456.0,0,0,3,9,51,0,8.0,0
2019,10,SP,0,1,6,4,44,2625.0,0,0,9,4,40,1,2.0,0
2018,5,SP,0,1,6,5,36,1337.0,0,0,3,7,38,1,2.0,0
2019,4,SP,0,1,6,1,44,2500.0,0,0,5,7,51,0,9.0,0
2018,6,SP,0,1,6,1,44,1265.0,0,0,5,7,19,0,2.0,0
2019,6,SP,0,1,6,3,44,2940.0,0,0,9,4,52,1,2.0,0
2018,1,SP,0,1,6,7,40,12480.0,0,0,2,9,37,1,2.0,0
2018,12,SP,0,1,6,8,44,2838.0,0,0,2,9,27,1,2.0,0
2019,1,SP,0,1,6,6,44,1462.0,0,0,7,7,24,1,8.0,0
2018,7,SP,0,1,6,5,44,1383.0,0,0,5,7,21,0,8.0,0
2018,9,SP,0,1,6,4,44,1344.0,0,0,8,7,21,1,9.0,0
2018,8,SP,0,1,11,9,44,1200.0,0,0,5,7,38,1,8.0,0
2019,8,SP,0,1,11,1,44,1200.0,0,0,7,7,34,1,8.0,0
2018,3,SP,0,1,11,9,36,957.0,0,0,4,7,18,0,4.0,0
2018,8,SP,0,1,11,3,44,1318.0,0,0,7,7,25,1,4.0,0
2019,3,SP,0,1,11,2,44,499.0,0,0,5,9,34,1,9.0,0
2019,9,SP,0,1,11,9,44,1780.0,0,0,7,7,36,1,8.0,0
2018,3,SP,0,1,11,9,36,957.0,0,0,4,7,18,0,4.0,0
2019,11,SP,0,1,11,3,44,1500.0,0,0,4,7,20,0,2.0,0
2018,8,SP,0,1,11,6,44,1194.0,0,0,5,6,45,0,9.0,0
2018,9,SP,1,1,25,3,36,1569.0,0,0,5,7,20,0,8.0,1
2019,8,SP,1,1,25,7,44,3025.0,0,0,7,7,34,1,2.0,1
2018,11,SP,1,1,25,4,44,4160.0,0,0,1,9,26,0,2.0,1
2018,1,SP,1,1,25,2,36,1569.0,0,0,5,7,18,0,8.0,1
2019,12,SP,0,1,43,5,36,1038.0,1,0,4,6,18,0,2.0,0
2018,6,SP,0,1,33,7,44,1296.0,0,0,5,7,50,0,2.0,0
2019,6,SP,0,1,33,9,40,6144.0,0,0,2,9,29,1,2.0,0
2018,9,SP,0,1,33,7,44,1296.0,0,0,4,7,30,1,2.0,0
2018,2,SP,0,1,4,4,44,1827.0,0,0,7,7,30,1,2.0,0
2019,4,SP,0,1,6,3,44,1217.0,0,0,5,7,31,1,2.0,0
2018,4,SP,1,1,2,1,44,1360.0,0,0,5,7,30,0,2.0,1
2018,4,SP,1,1,2,3,44,1723.0,0,0,7,7,36,1,2.0,1
2018,7,SP,1,1,2,2,44,1222.0,0,0,1,7,24,1,2.0,1
2018,5,SP,1,1,2,4,44,4500.0,0,0,2,7,57,1,4.0,1
2018,5,SP,0,1,4,2,44,1620.0,0,0,5,7,33,0,2.0,0
2019,2,SP,1,1,1,8,36,1213.0,0,0,7,7,20,1,2.0,1
2019,12,SP,1,1,2,6,44,1816.0,0,0,4,7,25,1,9.0,1
2018,5,SP,0,1,4,4,44,1239.0,0,0,5,7,24,1,2.0,0
2019,4,SP,1,1,2,1,44,1411.0,0,0,7,7,39,1,2.0,1
2019,12,SP,1,1,2,2,44,1320.0,0,0,5,7,23,1,9.0,1
2019,6,SP,1,3,2,5,44,1176.0,0,0,6,2,30,1,8.0,1
2018,1,SP,1,3,2,3,44,1200.0,0,0,4,7,22,0,2.0,1
2018,6,SP,0,3,43,2,44,1110.0,0,0,6,7,37,0,2.0,0
2019,6,SP,1,1,2,9,44,1165.0,0,0,6,5,44,1,8.0,1
2019,4,SP,1,1,2,9,44,1163.0,0,0,6,7,41,1,2.0,1
2018,12,SP,0,1,6,1,44,1242.0,0,0,4,7,22,1,2.0,0
2018,2,SP,1,1,2,6,44,4124.0,0,0,3,9,28,0,2.0,1
2019,3,SP,1,1,2,4,44,1556.0,0,0,7,7,25,0,9.0,1
2019,9,SP,0,1,6,7,44,1313.0,0,0,5,7,24,0,2.0,0
2018,12,SP,0,1,6,4,44,4792.0,0,0,2,9,43,0,2.0,0
2019,3,SP,0,1,11,7,44,1283.0,0,0,5,7,28,1,2.0,0
2018,12,SP,1,1,2,3,44,1336.0,0,0,5,7,23,1,4.0,1
2019,5,SP,1,1,2,2,44,1425.0,0,0,5,7,31,0,2.0,1
2019,9,SP,0,1,4,2,44,1289.0,0,0,5,7,35,0,9.0,0
2018,9,SP,0,1,4,3,36,1604.0,0,0,3,7,37,0,9.0,0
2018,11,SP,0,1,6,4,44,1416.0,0,0,5,7,21,1,2.0,0
2019,12,SP,0,1,11,2,44,1587.0,0,0,5,7,31,1,2.0,0
2019,11,SP,0,1,33,6,30,1250.0,0,0,4,7,27,0,4.0,0
2018,11,SP,1,1,1,1,44,1198.0,0,0,5,7,18,0,2.0,1
2019,12,SP,1,1,1,5,32,930.0,0,0,5,6,23,0,9.0,1
2018,2,SP,1,1,1,3,44,1150.0,0,0,7,6,29,1,2.0,1
2019,1,SP,1,1,2,1,44,1341.0,0,0,5,5,48,0,2.0,1
2018,1,SP,1,1,2,4,36,788.0,0,0,5,7,22,0,8.0,1
2018,3,SP,1,1,2,6,44,1332.0,0,0,4,7,30,0,8.0,1
2019,10,SP,1,1,2,1,44,1292.0,0,0,3,7,21,0,8.0,1
2018,3,SP,1,1,2,4,44,1331.0,0,0,5,7,20,1,8.0,1
2019,11,SP,1,1,2,8,44,1439.0,0,0,7,5,53,1,8.0,1
2018,4,SP,0,1,4,4,44,3496.0,0,0,7,8,29,1,2.0,0
2018,9,SP,0,1,6,1,44,1200.0,0,0,4,7,30,1,9.0,0
2018,3,SP,0,1,6,1,44,1350.0,0,0,6,7,30,1,8.0,0
2019,2,SP,0,1,11,5,44,1497.0,0,0,5,5,20,0,2.0,0
2018,1,SP,1,3,2,2,44,1155.0,0,0,6,6,20,1,2.0,1
2019,9,SP,1,3,2,5,44,0.0,0,0,6,5,38,1,2.0,1
2019,10,SP,0,3,11,1,44,1879.0,0,0,6,5,43,1,8.0,0
2019,9,SP,0,1,11,5,44,1073.0,0,0,5,7,32,1,2.0,0
2018,10,SP,0,1,6,2,44,1213.0,0,0,5,3,41,0,6.0,0
2018,11,SP,0,1,11,9,44,1095.0,0,0,6,5,38,0,8.0,0
2019,2,SP,1,1,2,6,36,1180.0,0,1,4,7,62,0,4.0,1
2019,4,SP,1,1,2,6,44,1526.0,0,0,7,6,29,1,2.0,1
2019,11,SP,1,1,2,1,44,2400.0,0,0,2,9,25,1,2.0,1
2018,1,SP,1,1,2,3,44,2105.0,0,0,9,6,24,1,2.0,1
2018,3,SP,1,3,2,4,44,1135.0,0,0,6,1,45,1,8.0,1
2018,6,SP,1,1,2,1,44,1100.0,0,0,5,8,19,1,2.0,1
2018,12,SP,1,1,2,4,44,1465.0,0,0,5,7,32,1,2.0,1
2019,5,SP,1,1,2,1,44,1179.0,0,0,7,2,47,1,4.0,1
2018,11,SP,1,1,2,1,44,3500.0,0,0,2,9,25,1,2.0,1
2019,4,SP,1,1,2,1,44,1690.0,0,0,7,7,39,1,2.0,1
2018,3,SP,1,1,2,1,44,1500.0,0,0,7,7,40,1,2.0,1
2019,5,SP,1,1,2,1,44,1179.0,0,0,6,2,44,1,2.0,1
2019,9,SP,0,1,4,7,42,1846.0,0,0,7,5,33,1,8.0,0
2018,4,SP,0,1,4,6,44,1891.0,0,0,8,7,24,1,2.0,0
2018,4,SP,0,1,4,6,44,1349.0,0,0,5,7,40,1,8.0,0
2019,7,SP,0,1,4,6,44,1733.0,0,0,4,9,37,0,8.0,0
2019,6,SP,0,1,4,2,44,1430.0,0,0,5,7,31,0,2.0,0
2018,9,SP,0,1,4,2,44,1440.0,0,0,7,7,45,1,2.0,0
2019,9,SP,0,1,4,2,44,1629.0,0,0,4,7,29,0,2.0,0
2018,3,SP,0,1,6,4,44,1794.0,0,0,7,7,32,1,2.0,0
2018,12,SP,0,1,11,3,44,1346.0,0,0,7,5,31,1,2.0,0
2019,2,SP,1,1,25,6,26,2246.0,0,0,3,9,36,1,2.0,1
2019,5,SP,0,1,43,1,44,1326.0,0,0,4,7,29,0,2.0,0
2018,8,SP,0,1,4,4,36,3536.0,0,0,5,7,40,1,2.0,0
2019,12,SP,0,1,4,9,44,1315.0,0,0,2,7,29,0,2.0,0
2018,8,SP,0,1,4,4,36,3536.0,0,0,5,7,40,1,2.0,0
2019,3,SP,0,1,4,4,44,1650.0,0,0,7,7,22,1,2.0,0
2018,12,SP,0,1,6,9,44,1264.0,0,0,2,7,22,1,2.0,0
2018,11,SP,0,1,11,8,44,1525.0,0,0,6,4,44,1,8.0,0
2019,11,SP,1,1,2,9,44,1296.0,0,0,7,7,21,0,8.0,1
2019,6,SP,1,1,2,2,44,1514.0,0,0,7,5,38,1,9.0,1
2018,3,SP,1,1,2,6,44,1042.0,0,0,7,7,20,1,8.0,1
2019,6,SP,1,1,2,3,44,1163.0,0,0,5,2,43,0,9.0,1
2018,2,SP,0,1,4,6,44,4679.0,0,0,3,9,44,1,2.0,0
2019,4,SP,0,1,4,4,44,7350.0,0,0,1,9,54,1,2.0,0
2018,11,SP,0,1,4,2,44,1123.0,0,0,5,7,55,0,2.0,0
2019,7,SP,1,1,1,5,44,1596.0,0,0,7,6,22,0,2.0,1
2018,12,SP,0,1,4,2,44,1991.0,0,0,7,5,43,1,8.0,0
2018,4,SP,0,1,4,3,44,1859.0,0,0,7,7,45,1,9.0,0
2018,1,SP,0,1,4,2,44,1888.0,0,0,7,7,40,1,2.0,0
2018,10,SP,0,1,11,9,44,1463.0,0,0,6,4,28,1,2.0,0
2018,4,SP,0,1,4,8,44,1108.0,0,0,6,3,32,1,2.0,0
2018,3,SP,0,1,4,9,44,1108.0,0,0,6,3,59,1,8.0,0
2019,10,SP,0,1,4,9,44,1165.0,0,0,6,2,55,1,2.0,0
2019,10,SP,0,1,6,6,44,1163.0,0,0,6,7,26,1,8.0,0
2019,12,SP,0,1,11,9,44,1165.0,0,0,6,3,21,0,4.0,0
2019,1,SP,1,1,25,4,44,1194.0,0,0,5,7,19,0,9.0,1
2018,5,SP,1,1,2,1,44,1284.0,0,0,7,7,19,1,2.0,1
2018,11,SP,1,1,2,6,44,2000.0,0,0,1,9,46,0,2.0,1
2018,5,SP,1,1,2,5,44,2489.0,0,0,9,6,42,1,8.0,1
2019,7,SP,0,1,4,8,44,5250.0,0,0,7,7,33,1,2.0,0
2019,8,SP,0,1,6,6,44,1201.0,0,0,5,6,21,0,2.0,0
2019,7,SP,0,1,6,1,44,1987.0,0,0,7,5,54,1,2.0,0
2019,6,SP,1,1,2,1,44,3000.0,0,0,2,9,34,0,2.0,1
2019,12,SP,1,1,2,3,44,2207.0,0,0,7,7,31,1,8.0,1
2018,6,SP,1,1,2,3,44,1250.0,0,0,2,8,34,0,8.0,1
2018,11,SP,0,1,4,8,44,2867.0,0,0,7,5,49,1,2.0,0
2019,6,SP,0,1,4,2,44,1550.0,0,0,4,6,21,0,2.0,0
2019,8,SP,1,1,2,3,44,1100.0,0,0,4,7,23,0,9.0,1
2019,9,SP,1,1,2,1,44,1600.0,0,0,5,5,46,0,9.0,1
2018,10,SP,1,1,2,7,44,1449.0,0,0,5,7,32,1,8.0,1
2019,8,SP,1,1,2,3,44,1100.0,0,0,4,7,23,0,9.0,1
2019,1,SP,1,1,2,1,44,1448.0,0,0,7,7,33,1,8.0,1
2018,8,SP,1,1,2,5,44,1415.0,0,0,3,7,40,1,8.0,1
2019,2,SP,1,1,2,1,44,7000.0,0,0,2,9,31,0,2.0,1
2018,11,SP,1,1,2,9,44,1109.0,0,0,4,7,30,0,8.0,1
2019,4,SP,1,1,2,4,44,1800.0,0,0,4,7,29,0,2.0,1
2019,4,SP,1,3,2,4,44,1752.0,0,0,7,6,56,1,8.0,1
2019,7,SP,1,1,2,4,44,1389.0,0,0,5,7,19,0,8.0,1
2018,3,SP,1,1,2,5,44,1179.0,0,0,7,6,30,1,8.0,1
2018,3,SP,1,1,2,5,44,1329.0,0,0,5,6,23,1,9.0,1
2018,8,SP,1,1,2,3,44,1215.0,0,0,4,7,30,0,2.0,1
2019,10,SP,1,1,2,1,44,1264.0,0,0,4,7,43,0,8.0,1
2019,9,SP,1,1,2,8,44,1859.0,0,0,5,7,22,0,8.0,1
2019,12,SP,0,1,4,7,44,3782.0,0,0,3,9,31,1,8.0,0
2019,11,SP,0,1,4,8,44,1477.0,0,0,5,7,55,0,2.0,0
2018,7,SP,0,1,4,3,44,1440.0,0,0,7,7,38,1,8.0,0
2018,2,SP,0,1,4,2,40,1200.0,0,0,3,6,22,1,4.0,0
2018,4,SP,0,1,4,9,44,1109.0,0,1,4,7,37,1,8.0,0
2019,10,SP,0,1,4,6,44,5331.0,0,0,3,9,40,1,9.0,0
2018,1,SP,0,1,4,3,44,1600.0,0,0,8,6,36,1,8.0,0
2018,8,SP,0,1,4,5,40,4917.0,0,0,1,7,36,1,2.0,0
2018,1,SP,0,1,4,1,44,1723.0,0,0,7,7,28,1,2.0,0
2018,5,SP,0,1,4,3,44,1249.0,0,0,4,7,25,1,2.0,0
2019,3,SP,0,1,4,3,44,2472.0,0,0,4,7,27,1,2.0,0
2019,2,SP,0,1,4,8,44,1377.0,0,0,5,4,43,0,8.0,0
2018,2,SP,0,1,4,5,44,1239.0,0,0,5,6,21,0,8.0,0
2019,2,SP,0,1,4,6,44,1225.0,0,0,7,7,24,0,8.0,0
2018,4,SP,0,1,4,9,44,1180.0,0,0,4,8,32,0,8.0,0
2018,1,SP,0,1,6,1,44,962.0,0,0,5,7,37,0,4.0,0
2019,6,SP,0,1,6,6,42,1790.0,0,0,7,7,37,1,9.0,0
2019,2,SP,0,1,6,3,44,1243.0,0,0,5,6,27,0,8.0,0
2018,11,SP,0,1,6,9,40,10648.0,0,0,2,9,41,1,2.0,0
2018,9,SP,0,1,6,9,44,1489.0,0,0,3,7,30,0,2.0,0
2019,4,SP,0,1,11,7,44,1000.0,0,0,7,7,31,0,8.0,0
2018,5,SP,1,1,25,8,44,1153.0,0,0,5,3,29,1,8.0,1
2019,10,SP,1,1,25,3,44,1260.0,0,0,6,6,47,1,2.0,1
2018,9,SP,0,1,33,3,44,1253.0,0,0,5,7,36,0,8.0,0
2018,8,SP,1,3,2,3,44,2000.0,0,0,6,7,37,1,2.0,1
2018,12,SP,1,1,2,5,44,1790.0,0,0,7,2,30,1,2.0,1
2019,10,SP,0,1,6,8,44,9767.0,0,0,4,9,38,1,2.0,0
2019,2,SP,0,1,11,6,24,998.0,1,0,4,8,23,0,2.0,0
2018,1,SP,1,3,2,1,44,1150.0,0,0,6,5,38,1,8.0,1
2019,1,SP,0,1,4,3,44,1179.0,0,0,4,7,28,0,8.0,0
2019,8,SP,0,1,4,2,44,1296.0,0,0,3,9,28,1,2.0,0
2018,4,SP,0,1,11,1,44,1269.0,0,0,5,7,29,1,2.0,0
2018,11,SP,0,1,11,5,44,1505.0,0,0,4,7,18,0,2.0,0
2018,8,SP,1,1,1,4,42,1433.0,0,0,3,7,30,0,9.0,1
2019,3,SP,1,1,2,8,40,3060.0,0,0,2,9,24,0,8.0,1
2019,7,SP,1,1,2,4,44,1714.0,0,0,7,2,20,1,8.0,1
2018,10,SP,1,1,2,5,44,1440.0,0,0,5,7,21,1,9.0,1
2018,11,SP,1,1,2,7,36,3060.0,0,0,2,9,43,0,8.0,1
2019,8,SP,1,1,2,8,44,1490.0,0,0,7,7,48,1,2.0,1
2018,11,SP,1,1,2,9,44,1108.0,0,0,5,4,24,1,8.0,1
2019,11,SP,0,1,4,4,44,1348.0,0,0,5,7,21,1,8.0,0
2019,12,SP,0,1,4,9,44,1581.0,0,0,7,7,39,1,8.0,0
2019,11,SP,0,1,4,4,44,1684.0,0,0,7,7,30,1,8.0,0
2019,12,SP,0,1,5,3,43,1408.0,0,0,5,7,20,1,2.0,0
2018,1,SP,0,1,6,5,44,7500.0,0,0,1,9,25,1,2.0,0
2018,9,SP,0,1,6,7,36,1300.0,0,0,5,7,45,0,4.0,0
2019,7,SP,0,1,6,6,44,2049.0,0,0,7,7,40,1,2.0,0
2019,12,SP,0,1,11,9,28,635.0,1,0,9,6,20,1,4.0,0
2019,12,SP,0,1,11,9,28,635.0,1,0,9,6,20,1,4.0,0
2018,8,SP,1,1,2,1,44,0.0,0,0,6,5,33,1,8.0,1
2019,4,SP,1,1,2,4,44,1315.0,0,0,7,7,26,1,2.0,1
2019,2,SP,1,1,2,8,40,993.0,0,0,3,7,37,0,9.0,1
2018,4,SP,0,3,4,2,44,1201.0,0,0,5,3,36,1,2.0,0
2019,5,SP,0,3,6,6,44,1315.0,0,0,6,5,20,1,4.0,0
2019,8,SP,1,1,1,3,40,1200.0,0,0,4,8,29,0,2.0,1
2018,5,SP,1,1,1,2,44,1200.0,0,0,4,8,18,0,9.0,1
2018,1,SP,1,1,2,1,44,1500.0,0,0,7,7,41,1,8.0,1
2019,2,SP,1,1,2,5,44,1528.0,0,0,3,7,21,0,4.0,1
2019,6,SP,1,1,2,3,44,1347.0,0,0,4,7,35,0,2.0,1
2018,2,SP,1,1,2,6,44,1471.0,0,0,7,7,37,1,2.0,1
2019,8,SP,1,1,2,8,44,1233.0,0,0,4,7,45,0,8.0,1
2019,11,SP,1,1,2,3,44,1217.0,0,0,7,7,58,1,8.0,1
2018,8,SP,1,1,2,8,44,991.0,0,0,7,4,28,1,8.0,1
2018,2,SP,1,1,2,1,44,1330.0,0,0,5,4,31,1,8.0,1
2019,4,SP,1,1,2,7,44,1416.0,0,0,5,7,35,1,8.0,1
2018,2,SP,1,1,2,7,44,1914.0,0,0,3,8,21,1,9.0,1
2019,9,SP,1,1,2,6,44,6364.0,0,0,1,9,41,1,8.0,1
2019,4,SP,1,1,2,4,30,806.0,1,0,4,7,19,0,4.0,1
2019,3,SP,1,1,2,3,44,1269.0,0,0,5,7,52,1,2.0,1
2019,1,SP,1,1,2,8,42,1944.0,0,0,7,7,24,1,8.0,1
2018,5,SP,0,1,4,5,44,2818.0,0,0,5,9,37,1,2.0,0
2018,3,SP,0,1,4,6,44,3788.0,0,0,4,7,31,1,2.0,0
2019,3,SP,0,1,4,4,44,3000.0,0,0,3,7,42,1,2.0,0
2019,6,SP,0,3,4,1,43,1613.0,0,0,4,9,21,1,2.0,0
2018,4,SP,0,1,4,4,44,1391.0,0,0,8,7,29,1,8.0,0
2019,6,SP,0,1,4,2,44,1343.0,0,0,5,7,44,1,8.0,0
2019,5,SP,0,1,4,8,44,1348.0,0,0,5,6,51,1,8.0,0
2019,10,SP,0,1,6,4,44,2900.0,0,0,2,9,41,0,2.0,0
2019,9,SP,0,1,6,1,30,766.0,0,0,5,7,19,1,8.0,0
2018,7,SP,0,1,6,3,44,1262.0,0,0,5,7,23,0,2.0,0
2018,6,SP,0,1,7,7,42,2932.0,0,0,7,4,49,1,2.0,0
2018,6,SP,0,1,11,3,44,1321.0,0,0,5,7,27,1,8.0,0
2018,7,SP,0,3,6,2,44,1095.0,0,0,6,7,56,0,2.0,0
2019,8,SP,1,1,2,1,44,1900.0,0,0,7,7,40,1,2.0,1
2018,5,SP,1,1,2,5,44,1645.0,0,0,3,9,48,1,2.0,1
2018,2,SP,0,1,4,1,44,1300.0,0,0,6,7,35,1,2.0,0
2018,12,SP,0,1,11,1,44,2045.0,0,0,7,7,62,1,8.0,0
2019,8,SP,0,3,43,5,44,1164.0,0,0,6,7,25,0,2.0,0
2019,2,SP,1,1,2,6,44,1547.0,0,0,5,7,25,0,9.0,1
2018,11,SP,1,1,2,1,44,674.0,0,0,5,7,20,1,9.0,1
2018,2,SP,0,1,4,1,44,1500.0,0,0,6,7,34,1,2.0,0
2019,9,SP,0,1,4,4,44,1506.0,0,0,5,7,20,1,2.0,0
2018,9,SP,0,1,6,4,44,1348.0,0,0,5,7,36,0,9.0,0
2019,11,SP,1,1,2,1,44,1163.0,0,0,5,6,47,0,2.0,1
2018,7,SP,0,1,4,4,44,1108.0,0,0,7,5,27,1,4.0,0
2018,1,SP,0,1,43,4,40,1221.0,0,0,4,7,31,0,2.0,0
2018,10,SP,1,1,2,2,44,1657.0,0,0,7,7,25,1,2.0,1
2019,6,SP,0,1,4,5,44,1601.0,0,0,7,7,18,1,9.0,0
2018,6,SP,0,1,4,1,44,2202.0,0,0,8,7,23,1,2.0,0
2019,5,SP,0,1,6,5,44,2643.0,0,0,9,6,38,1,2.0,0
2019,11,SP,0,1,11,5,44,1976.0,0,0,7,5,46,1,2.0,0
2019,11,SP,0,1,11,5,44,1976.0,0,0,7,5,46,1,2.0,0
2018,5,SP,1,1,25,1,44,918.0,0,0,6,3,34,1,8.0,1
2018,6,SP,1,3,2,2,44,1090.0,0,0,6,5,29,1,2.0,1
2019,7,SP,1,1,2,9,22,509.0,0,0,5,5,23,0,8.0,1
2019,7,SP,1,1,2,9,22,509.0,0,0,5,5,63,0,8.0,1
2018,3,SP,1,1,2,6,44,1332.0,0,0,8,7,36,1,2.0,1
2019,10,SP,1,1,2,4,44,1269.0,0,0,5,7,24,1,4.0,1
2018,5,SP,1,1,2,9,44,1194.0,0,0,5,7,28,0,4.0,1
2019,5,SP,1,1,2,5,44,3585.0,0,0,1,8,46,1,2.0,1
2019,3,SP,1,1,2,1,44,1204.0,0,0,5,7,18,0,2.0,1
2019,8,SP,1,1,2,7,44,1409.0,0,0,5,7,24,1,2.0,1
2018,5,SP,1,1,2,1,44,1289.0,0,0,5,7,30,1,9.0,1
2019,3,SP,1,1,2,5,44,2025.0,0,0,7,5,41,1,8.0,1
2018,4,SP,0,1,4,6,44,1346.0,0,0,7,7,30,1,4.0,0
2018,8,SP,0,1,4,4,44,1217.0,0,0,5,4,71,1,8.0,0
2018,6,SP,0,1,4,8,44,1858.0,0,0,4,7,27,0,4.0,0
2018,8,SP,0,1,4,4,44,3394.0,0,0,5,7,47,1,2.0,0
2019,12,SP,0,1,4,3,44,1445.0,0,0,4,6,23,1,9.0,0
2019,4,SP,0,1,4,4,44,1307.0,0,0,7,7,25,1,4.0,0
2018,11,SP,0,1,4,7,44,1685.0,0,0,4,5,31,0,8.0,0
2019,2,SP,0,1,4,7,44,1409.0,0,0,5,7,41,1,2.0,0
2019,11,SP,0,1,4,1,44,1292.0,0,0,5,7,29,0,2.0,0
2018,1,SP,0,1,4,8,40,6327.0,0,0,2,9,30,1,2.0,0
2018,3,SP,0,1,4,1,44,1365.0,0,0,5,7,20,1,2.0,0
2018,9,SP,0,1,6,2,44,1752.0,0,0,7,7,43,1,8.0,0
2018,9,SP,0,1,6,8,44,1685.0,0,0,7,7,36,1,8.0,0
2018,1,SP,0,1,6,6,44,1476.0,0,0,8,7,32,1,9.0,0
2019,10,SP,0,1,43,6,44,1391.0,0,0,4,6,27,1,8.0,0
2019,11,SP,1,1,2,6,30,998.0,1,0,4,6,17,0,8.0,1
2018,10,SP,0,1,6,4,44,1487.0,0,0,7,7,29,1,8.0,0
2019,8,SP,0,1,6,2,44,1238.0,0,0,4,7,21,0,8.0,0
2019,4,SP,1,1,25,1,40,3198.0,0,0,2,9,29,0,2.0,1
2018,7,SP,1,3,2,4,44,0.0,0,0,6,5,34,0,8.0,1
2018,8,SP,1,1,2,7,40,1600.0,0,0,4,9,30,0,2.0,1
2019,2,SP,1,1,2,9,40,1481.0,0,0,5,7,25,0,2.0,1
2018,5,SP,0,1,4,4,44,1314.0,0,0,5,7,24,0,2.0,0
2018,12,SP,0,1,11,9,24,2421.0,0,0,3,9,25,0,2.0,0
2019,4,SP,1,3,25,1,44,1163.0,0,0,2,7,59,0,2.0,1
2018,12,SP,1,1,2,1,44,1169.0,0,0,7,2,57,1,2.0,1
2018,7,SP,1,1,2,9,44,1169.0,0,0,7,6,19,1,2.0,1
2019,8,SP,0,1,4,1,44,998.0,0,0,3,5,36,0,6.0,0
2018,11,SP,1,1,2,5,44,1199.0,0,0,4,7,32,0,2.0,1
2018,2,SP,1,1,2,4,44,1130.0,0,0,8,4,18,1,2.0,1
2019,7,SP,0,1,4,2,44,1412.0,0,0,9,5,26,1,8.0,0
2019,11,SP,0,3,4,2,44,1180.0,0,0,6,5,42,1,2.0,0
2018,12,SP,0,1,6,4,44,1408.0,0,0,5,7,21,0,2.0,0
2018,3,SP,1,1,2,1,44,1600.0,0,0,1,6,20,1,8.0,1
2019,11,SP,1,1,2,4,44,1512.0,0,0,7,7,29,1,2.0,1
2018,1,SP,1,1,2,1,44,1337.0,0,0,4,7,35,1,2.0,1
2019,11,SP,1,1,2,2,44,1841.0,0,0,7,6,49,1,2.0,1
2018,4,SP,1,1,2,3,44,2163.0,0,0,7,7,50,1,2.0,1
2019,1,SP,0,1,4,5,44,1405.0,0,0,8,6,27,0,2.0,0
2018,12,SP,0,1,4,8,44,1582.0,0,0,6,4,38,1,2.0,0
2018,11,SP,0,1,4,3,44,1574.0,0,0,5,7,23,1,2.0,0
2019,8,SP,0,1,4,1,44,1723.0,0,0,5,9,54,1,2.0,0
2019,12,SP,0,1,4,5,25,603.0,0,0,3,7,45,0,2.0,0
2018,8,SP,0,1,4,8,44,1094.0,0,0,6,4,40,0,2.0,0
2018,10,SP,0,3,6,1,20,640.0,0,0,5,3,56,0,2.0,0
2018,8,SP,0,1,6,2,44,1098.0,0,0,5,7,34,0,2.0,0
2018,12,SP,0,1,11,1,44,2050.0,0,0,7,7,46,1,2.0,0
2018,2,SP,0,1,11,6,44,1342.0,0,0,8,3,29,0,2.0,0
2018,5,SP,1,1,25,8,44,1094.0,0,0,6,7,23,1,2.0,1
2018,3,SP,1,1,2,4,44,1830.0,0,0,2,9,21,0,9.0,1
2018,11,SP,1,1,2,8,44,1498.0,0,0,8,7,25,1,8.0,1
2018,10,SP,1,1,1,1,40,1404.0,0,0,1,9,30,1,2.0,1
2019,2,SP,1,1,2,1,44,2140.0,0,0,7,5,46,1,2.0,1
2018,10,SP,1,1,2,1,36,954.0,0,0,4,7,33,0,2.0,1
2019,12,SP,1,1,2,1,44,1361.0,0,0,5,5,20,1,2.0,1
2018,1,SP,1,1,2,5,44,1188.0,0,0,7,7,20,1,2.0,1
2019,6,SP,1,1,2,1,44,1600.0,0,0,7,7,26,1,2.0,1
2018,10,SP,1,1,2,2,44,1800.0,0,0,7,5,36,1,2.0,1
2019,4,SP,1,1,2,1,44,1312.0,0,0,5,6,21,1,2.0,1
2019,6,SP,1,1,2,1,44,1293.0,0,0,5,8,19,1,2.0,1
2018,4,SP,1,1,2,5,44,1746.0,0,0,7,7,50,0,2.0,1
2019,12,SP,1,1,2,1,44,1512.0,0,0,4,7,33,0,2.0,1
2018,6,SP,1,1,2,3,44,1022.0,0,0,5,7,18,0,2.0,1
2019,5,SP,1,1,2,1,44,2300.0,0,0,7,7,41,0,9.0,1
2018,1,SP,1,1,2,3,44,2320.0,0,0,5,9,22,0,2.0,1
2018,8,SP,1,1,2,4,44,1312.0,0,0,7,7,24,1,2.0,1
2018,1,SP,1,1,2,2,44,1445.0,0,0,4,7,19,1,2.0,1
2018,2,SP,1,1,2,2,44,1295.0,0,0,4,9,23,0,2.0,1
2018,1,SP,1,1,2,4,44,1703.0,0,0,7,6,39,1,2.0,1
2018,11,SP,1,1,2,6,44,1502.0,0,0,5,7,27,1,2.0,1
2018,3,SP,1,1,2,1,44,2500.0,0,0,9,7,40,1,2.0,1
2018,1,SP,1,1,2,3,44,1480.0,0,0,8,7,25,1,4.0,1
2019,9,SP,1,1,2,2,44,1293.0,0,0,5,7,25,0,2.0,1
2018,2,SP,1,1,2,4,44,2000.0,0,0,7,7,33,1,2.0,1
2018,7,SP,1,1,2,1,44,1345.0,0,0,5,7,45,1,2.0,1
2019,10,SP,0,1,4,1,44,1323.0,0,0,7,7,20,1,2.0,0
2019,2,SP,0,1,4,4,44,1691.0,0,0,7,6,18,1,9.0,0
2018,8,SP,0,1,4,2,44,3000.0,0,0,1,9,46,1,2.0,0
2019,3,SP,0,1,4,1,42,1406.0,0,0,5,7,32,0,2.0,0
2019,1,SP,0,1,4,1,44,1440.0,0,0,7,7,21,1,2.0,0
2018,8,SP,0,1,4,5,44,1205.0,0,0,7,7,35,0,2.0,0
2018,4,SP,0,1,4,2,44,1291.0,0,0,7,7,26,0,4.0,0
2018,4,SP,0,1,4,4,22,1345.0,0,0,4,7,29,1,2.0,0
2018,12,SP,0,1,4,5,44,1406.0,0,0,5,7,32,0,2.0,0
2018,12,SP,0,1,4,2,44,1658.0,0,0,7,7,35,0,2.0,0
2019,7,SP,0,1,4,1,44,1450.0,0,0,7,2,37,0,2.0,0
2018,6,SP,0,1,4,3,44,2073.0,0,0,2,9,51,0,2.0,0
2018,9,SP,0,1,4,1,44,1345.0,0,0,5,5,23,0,2.0,0
2018,12,SP,0,1,4,1,44,1169.0,0,0,7,7,20,1,4.0,0
2019,1,SP,0,1,4,4,44,1312.0,0,0,5,6,24,0,2.0,0
2019,3,SP,0,1,4,2,44,1440.0,0,0,7,4,21,1,2.0,0
2018,5,SP,0,1,4,2,44,1237.0,0,0,5,6,38,1,2.0,0
2019,2,SP,0,1,4,6,44,1498.0,0,0,4,7,26,1,2.0,0
2018,4,SP,0,1,4,5,44,1595.0,0,0,7,7,27,1,2.0,0
2019,2,SP,0,1,6,6,44,1169.0,0,0,7,7,53,0,2.0,0
2019,9,SP,0,1,6,4,44,3436.0,0,0,2,9,34,0,2.0,0
2018,2,SP,0,1,6,4,44,5536.0,0,0,2,9,61,1,2.0,0
2019,1,SP,0,1,6,3,44,1224.0,0,0,3,7,24,0,2.0,0
2019,5,SP,0,1,6,1,28,849.0,0,0,5,7,21,0,2.0,0
2019,6,SP,0,3,6,2,44,1200.0,0,0,6,4,40,1,8.0,0
2019,8,SP,0,1,11,9,36,1363.0,0,0,5,5,53,0,2.0,0
2018,9,SP,0,3,11,5,44,1150.0,0,0,6,3,51,0,8.0,0
2018,2,SP,0,1,11,4,44,1100.0,0,0,6,5,19,1,2.0,0
2018,8,SP,0,3,11,3,44,1150.0,0,0,6,1,53,1,2.0,0
2018,12,SP,1,1,2,4,44,1323.0,0,0,4,7,35,0,2.0,1
2018,12,SP,0,1,11,8,44,954.0,0,0,3,5,39,0,4.0,0
2018,7,SP,1,1,1,1,44,1290.0,0,0,9,7,19,1,2.0,1
2019,6,SP,1,1,2,6,44,1458.0,0,0,7,4,34,0,8.0,1
2018,10,SP,1,1,2,3,44,1440.0,0,0,7,3,42,1,2.0,1
2019,4,SP,1,1,2,5,44,3066.0,0,0,7,5,42,1,2.0,1
2018,1,SP,0,1,4,6,44,1365.0,0,0,5,7,39,1,2.0,0
2018,9,SP,1,1,2,3,44,1217.0,0,0,5,7,20,1,2.0,1
2019,12,SP,1,1,1,4,44,1360.0,0,0,4,7,18,0,2.0,1
2019,7,SP,1,1,2,7,44,1630.0,0,0,7,7,22,1,8.0,1
2018,12,SP,0,1,5,5,44,1491.0,0,0,4,7,25,1,9.0,0
2019,8,SP,1,1,2,6,44,1160.0,0,0,5,7,59,0,8.0,1
2018,6,SP,0,1,4,9,43,2829.0,0,0,4,7,29,1,4.0,0
2019,2,SP,1,1,2,1,44,1369.0,0,0,5,3,26,0,2.0,1
2018,4,SP,1,1,1,2,44,1279.0,0,0,8,7,18,1,2.0,1
2019,3,SP,1,3,2,9,44,671.0,0,0,7,7,42,1,8.0,1
2018,8,SP,1,3,2,1,44,1170.0,0,0,6,4,34,1,4.0,1
2019,11,SP,0,1,4,1,44,2215.0,0,0,7,7,45,1,2.0,0
2019,7,SP,0,1,6,3,44,20061.0,0,0,3,9,25,1,9.0,0
2019,5,SP,0,1,6,9,44,1936.0,0,0,6,7,36,1,2.0,0
2019,11,SP,0,3,11,9,44,3542.0,0,0,7,5,56,1,2.0,0
2019,8,SP,0,1,11,1,44,2614.0,0,0,7,6,49,1,2.0,0
2018,10,SP,0,1,4,1,44,1451.0,0,0,6,5,27,1,2.0,0
2018,10,SP,1,1,2,4,44,1339.0,0,0,4,7,41,0,2.0,1
2019,3,SP,1,1,2,8,30,1578.0,0,0,2,9,26,0,2.0,1
2019,3,SP,0,1,11,3,44,998.0,0,0,6,6,53,1,2.0,0
2018,8,SP,0,1,4,6,44,1755.0,0,0,7,7,27,1,8.0,0
2018,8,SP,0,1,4,6,44,1755.0,0,0,7,5,24,1,8.0,0
2018,8,SP,0,1,4,6,44,1755.0,0,0,7,5,24,1,8.0,0
2019,3,SP,1,1,2,3,44,1655.0,0,0,7,6,60,1,2.0,1
2019,2,SP,1,1,2,8,44,4608.0,0,0,8,9,38,1,2.0,1
2018,7,SP,1,1,2,2,44,1500.0,0,0,9,7,42,1,2.0,1
2019,12,SP,1,1,2,3,44,1295.0,0,0,4,7,25,0,2.0,1
2018,7,SP,1,1,2,4,44,2762.0,0,0,7,7,31,1,8.0,1
2018,7,SP,1,1,2,4,44,1791.0,0,0,7,7,39,1,8.0,1
2018,6,SP,1,1,2,1,44,1220.0,0,0,5,5,53,1,2.0,1
2018,7,SP,1,1,2,2,44,1383.0,0,0,7,7,22,1,2.0,1
2018,11,SP,1,1,2,4,23,599.0,0,0,5,7,23,0,2.0,1
2018,2,SP,1,1,2,6,44,1486.0,0,0,5,7,44,0,2.0,1
2018,6,SP,1,1,2,8,44,1996.0,0,0,7,7,56,1,4.0,1
2018,2,SP,0,1,4,6,44,1108.0,0,0,5,7,47,0,2.0,0
2019,6,SP,0,1,4,1,44,1791.0,0,0,7,5,51,1,2.0,0
2018,4,SP,0,1,4,6,44,2866.0,0,0,7,2,65,1,8.0,0
2018,3,SP,0,3,6,2,44,1125.0,0,0,6,2,58,0,4.0,0
2018,8,SP,0,1,4,2,44,1300.0,0,0,7,7,35,0,2.0,0
2019,7,SP,1,1,1,1,44,1273.0,0,0,5,7,31,0,8.0,1
2018,4,SP,1,1,2,9,44,1170.0,0,0,8,3,55,1,4.0,1
2019,4,SP,1,1,2,9,44,1423.0,0,0,6,5,55,1,9.0,1
2019,3,SP,0,1,4,1,44,1567.0,0,0,5,7,21,1,2.0,0
2019,5,SP,1,1,25,6,44,1612.0,0,0,7,7,38,1,2.0,1
2019,3,SP,1,1,2,5,44,2985.0,0,0,7,7,43,1,8.0,1
2018,5,SP,1,1,2,1,44,1302.0,0,0,5,6,31,1,8.0,1
2019,6,SP,1,1,2,4,40,3568.0,0,0,2,9,32,0,2.0,1
2019,5,SP,1,1,2,6,44,1800.0,0,0,4,7,25,1,2.0,1
2019,8,SP,1,1,2,6,44,1500.0,0,0,4,7,29,0,8.0,1
2018,12,SP,1,1,2,5,44,1433.0,0,0,5,7,33,1,4.0,1
2019,7,SP,0,1,6,1,37,1500.0,0,0,4,8,27,0,8.0,0
2018,6,SP,0,1,6,2,44,1547.0,0,0,9,7,26,1,2.0,0
2018,6,SP,0,1,6,7,20,710.0,1,0,4,7,19,0,8.0,0
2019,3,SP,0,1,11,1,44,1313.0,0,0,5,6,33,0,2.0,0
2019,4,SP,1,1,1,3,44,1310.0,0,0,5,7,21,0,2.0,1
2018,2,SP,1,1,1,4,44,1109.0,0,0,7,7,19,0,2.0,1
2018,3,SP,1,1,1,3,44,1215.0,0,0,3,7,19,1,8.0,1
2019,5,SP,1,1,1,8,44,1126.0,0,0,7,7,21,1,8.0,1
2019,2,SP,1,1,1,6,36,850.0,1,0,4,7,18,1,2.0,1
2019,2,SP,1,1,1,6,36,850.0,1,0,4,7,18,1,2.0,1
2019,12,SP,1,1,1,4,44,1452.0,0,0,5,7,19,0,8.0,1
2019,4,SP,1,1,1,9,36,1050.0,0,0,4,7,20,1,8.0,1
2018,12,SP,1,1,1,1,44,1368.0,0,0,5,7,29,1,2.0,1
2019,5,SP,1,1,1,8,44,1126.0,0,0,7,7,21,1,8.0,1
2018,8,SP,1,1,1,8,36,1530.0,0,0,3,7,19,0,2.0,1
2018,12,SP,1,1,2,6,44,1245.0,0,0,7,6,18,0,4.0,1
2018,2,SP,1,1,2,6,44,1352.0,0,0,7,7,27,1,4.0,1
2018,10,SP,1,1,2,8,44,1082.0,0,0,7,7,28,1,8.0,1
2018,6,SP,1,1,2,4,44,1609.0,0,0,4,9,47,1,2.0,1
2019,8,SP,1,1,2,5,44,1775.0,0,0,4,7,32,0,2.0,1
2019,2,SP,1,1,2,5,44,1065.0,0,0,7,6,56,1,4.0,1
2019,2,SP,1,1,2,3,44,1490.0,0,1,5,7,25,1,2.0,1
2019,3,SP,1,1,2,6,44,1918.0,0,0,5,7,22,0,2.0,1
2019,6,SP,1,1,2,4,44,2300.0,0,0,4,9,24,0,9.0,1
2018,10,SP,1,1,2,5,44,4000.0,0,0,3,9,33,1,2.0,1
2019,2,SP,1,1,2,4,44,1340.0,0,0,5,5,41,0,8.0,1
2018,5,SP,1,1,2,4,44,1218.0,0,0,7,4,39,1,8.0,1
2019,3,SP,1,1,2,5,44,2800.0,0,0,9,9,45,1,2.0,1
2019,6,SP,1,1,2,2,44,1435.0,0,0,4,7,22,0,2.0,1
2018,9,SP,1,1,2,1,44,1800.0,0,0,7,6,34,1,8.0,1
2018,11,SP,1,1,2,3,44,1683.0,0,0,5,7,22,0,9.0,1
2018,12,SP,1,1,2,4,44,1577.0,0,0,4,7,29,1,4.0,1
2019,6,SP,1,1,2,5,44,1411.0,0,0,5,7,19,1,4.0,1
2018,7,SP,1,1,2,3,44,1752.0,0,0,7,7,56,1,2.0,1
2018,3,SP,1,1,2,4,44,1387.0,0,0,4,7,32,0,4.0,1
2018,4,SP,1,1,2,2,44,1242.0,0,0,4,8,21,0,2.0,1
2019,3,SP,1,1,2,6,44,1566.0,0,0,8,7,30,1,8.0,1
2018,4,SP,1,1,2,1,25,2404.0,0,0,3,9,42,0,2.0,1
2019,12,SP,1,1,2,8,44,22300.0,0,0,1,9,40,1,2.0,1
2019,6,SP,1,1,2,3,44,1348.0,0,0,5,7,33,1,8.0,1
2018,1,SP,1,1,2,4,44,1809.0,0,0,4,9,23,1,4.0,1
2019,5,SP,1,1,2,1,44,1452.0,0,0,5,7,19,1,2.0,1
2019,9,SP,1,1,2,3,44,1375.0,0,0,7,7,45,1,2.0,1
2019,9,SP,1,1,2,6,44,1596.0,0,1,7,7,36,1,2.0,1
2018,8,SP,1,1,2,4,44,1725.0,0,0,7,7,39,1,2.0,1
2018,5,SP,1,1,2,5,44,1598.0,0,0,4,7,34,1,2.0,1
2018,12,SP,1,1,2,1,44,1872.0,0,0,3,7,24,1,8.0,1
2018,1,SP,1,1,2,2,44,1046.0,0,0,5,7,36,0,8.0,1
2019,9,SP,1,1,2,6,44,2011.0,0,1,7,7,32,1,2.0,1
2018,2,SP,1,1,2,5,44,2000.0,0,0,3,9,37,1,4.0,1
2018,4,SP,1,1,2,3,44,1976.0,0,0,7,7,45,1,9.0,1
2018,1,SP,1,1,2,9,43,8109.0,0,0,2,9,24,1,2.0,1
2019,4,SP,1,1,2,6,44,1315.0,0,0,7,6,39,1,9.0,1
2018,7,SP,1,1,2,5,44,1522.0,0,0,3,7,35,0,9.0,1
2018,10,SP,1,1,2,3,44,1239.0,0,0,4,7,35,0,2.0,1
2018,4,SP,1,1,2,1,25,2404.0,0,0,3,9,42,0,2.0,1
2019,7,SP,1,1,2,5,44,2450.0,0,0,7,7,45,1,8.0,1
2018,5,SP,1,1,2,8,36,1689.0,0,0,4,7,29,0,2.0,1
2018,9,SP,1,1,2,4,44,1500.0,0,0,4,7,29,0,8.0,1
2018,12,SP,1,1,2,4,44,1342.0,0,0,7,7,26,1,8.0,1
2018,6,SP,1,1,2,4,44,1905.0,0,0,5,5,28,1,2.0,1
2019,9,SP,1,1,2,2,44,1322.0,0,0,5,3,40,1,8.0,1
2019,2,SP,1,1,2,4,44,1452.0,0,0,5,7,22,1,8.0,1
2018,3,SP,1,1,2,6,44,1329.0,0,0,5,6,23,1,2.0,1
2019,6,SP,1,1,2,5,44,1315.0,0,0,7,7,48,1,2.0,1
2018,3,SP,1,1,2,6,44,1329.0,0,0,5,6,23,1,2.0,1
2019,6,SP,1,1,2,3,44,1800.0,0,0,7,6,29,1,2.0,1
2018,5,SP,1,1,2,9,44,1144.0,0,0,4,7,20,0,8.0,1
2019,8,SP,1,1,2,7,44,1579.0,0,0,7,7,32,1,2.0,1
2019,5,SP,1,1,2,6,44,1300.0,0,0,4,7,31,0,9.0,1
2019,11,SP,1,1,2,1,44,1452.0,0,0,3,7,23,0,8.0,1
2019,8,SP,1,1,2,4,44,1550.0,0,0,7,7,19,1,2.0,1
2018,8,SP,1,1,2,6,44,1493.0,0,0,8,7,46,1,2.0,1
2018,11,SP,1,1,2,5,44,1249.0,0,0,5,7,42,1,4.0,1
2019,12,SP,1,1,2,7,44,1369.0,0,0,5,7,19,0,9.0,1
2018,2,SP,1,1,2,6,40,1550.0,0,0,3,7,51,1,2.0,1
2019,9,SP,1,1,2,7,44,2095.0,0,0,4,9,38,0,2.0,1
2018,2,SP,1,1,2,1,44,1181.0,0,0,5,7,28,1,2.0,1
2019,3,SP,1,1,2,3,44,1931.0,0,0,5,7,29,1,2.0,1
2019,1,SP,1,1,2,6,24,888.0,0,0,5,7,27,1,9.0,1
2019,8,SP,1,1,2,6,44,1200.0,0,0,5,7,35,0,2.0,1
2018,1,SP,1,1,2,6,44,2577.0,0,0,3,9,36,1,8.0,1
2019,3,SP,1,1,2,3,44,1245.0,0,0,5,6,40,0,8.0,1
2019,12,SP,1,1,2,1,44,1414.0,0,0,7,7,30,1,8.0,1
2019,6,SP,1,1,2,5,44,1525.0,0,0,3,9,39,0,9.0,1
2018,8,SP,0,1,4,7,44,8914.0,0,0,7,7,50,1,8.0,0
2018,3,SP,0,1,4,6,44,5693.0,0,0,7,8,33,1,2.0,0
2018,10,SP,0,1,4,6,44,1995.0,0,0,4,7,42,1,8.0,0
2018,8,SP,0,1,4,4,44,1121.0,0,0,7,6,20,1,2.0,0
2019,7,SP,0,1,4,5,44,1667.0,0,0,8,7,27,1,2.0,0
2019,11,SP,0,1,4,9,44,1551.0,0,0,5,7,45,0,8.0,0
2019,7,SP,0,1,4,4,44,1200.0,0,0,2,9,36,0,2.0,0
2018,6,SP,0,1,4,5,44,1643.0,0,0,8,7,34,1,2.0,0
2019,8,SP,0,1,4,4,44,2049.0,0,0,8,7,47,1,2.0,0
2018,8,SP,0,1,4,2,44,1828.0,0,0,5,5,51,1,8.0,0
2018,2,SP,0,1,4,6,44,1251.0,0,0,7,6,32,0,8.0,0
2018,4,SP,0,1,4,7,42,2518.0,0,0,3,7,26,0,2.0,0
2019,3,SP,0,1,4,2,44,1242.0,0,0,7,7,18,1,9.0,0
2018,6,SP,0,1,4,2,44,1250.0,0,0,5,7,39,0,8.0,0
2018,2,SP,0,1,4,9,36,994.0,0,0,4,7,21,0,8.0,0
2019,8,SP,0,1,4,2,20,2026.0,0,0,2,9,38,0,9.0,0
2018,4,SP,0,1,4,8,36,930.0,0,1,3,6,39,0,2.0,0
2019,5,SP,0,1,4,7,44,1651.0,0,0,4,7,39,1,4.0,0
2018,9,SP,0,1,4,9,40,4201.0,0,0,3,9,29,1,2.0,0
2019,4,SP,0,1,4,5,44,1440.0,0,0,7,7,31,1,8.0,0
2018,8,SP,0,1,4,5,44,1279.0,0,0,4,7,21,0,9.0,0
2019,4,SP,0,1,4,9,44,1662.0,0,0,5,7,22,1,2.0,0
2018,4,SP,0,1,4,2,44,1750.0,0,0,7,5,26,1,8.0,0
2018,5,SP,0,1,4,2,44,1160.0,0,0,3,7,24,0,2.0,0
2019,7,SP,0,1,4,7,44,52500.0,0,0,1,9,53,0,2.0,0
2018,5,SP,0,1,4,5,44,1108.0,0,0,5,7,28,1,9.0,0
2019,5,SP,0,1,4,9,44,1315.0,0,0,7,7,33,1,2.0,0
2019,2,SP,0,1,4,4,44,1452.0,0,0,7,7,22,1,8.0,0
2018,5,SP,0,1,4,4,44,1664.0,0,0,5,7,21,0,2.0,0
2019,12,SP,0,1,4,6,44,1383.0,0,0,7,7,36,1,9.0,0
2018,1,SP,0,1,4,2,44,1334.0,0,0,5,7,22,1,9.0,0
2019,6,SP,0,1,4,2,44,1760.0,0,0,7,7,48,1,4.0,0
2019,3,SP,0,1,4,5,44,1258.0,0,0,5,7,18,1,8.0,0
2018,11,SP,0,1,4,1,44,1315.0,0,0,7,7,55,1,9.0,0
2018,11,SP,0,1,4,1,44,1560.0,0,0,5,7,34,1,2.0,0
2019,4,SP,0,1,4,9,44,1662.0,0,0,5,8,28,1,2.0,0
2019,6,SP,0,1,4,7,44,1269.0,0,0,7,6,33,1,2.0,0
2019,1,SP,0,1,4,2,44,1315.0,0,0,4,7,24,0,8.0,0
2018,4,SP,0,1,4,3,44,1435.0,0,0,4,7,27,0,8.0,0
2018,12,SP,0,1,4,4,44,1409.0,0,0,7,7,48,1,8.0,0
2018,9,SP,0,1,4,4,44,2020.0,0,0,7,7,40,1,8.0,0
2019,4,SP,0,1,4,5,44,1413.0,0,0,4,9,42,0,4.0,0
2019,11,SP,0,1,4,3,36,1099.0,0,0,5,7,49,0,2.0,0
2018,2,SP,0,1,4,1,44,2130.0,0,0,3,7,37,1,9.0,0
2018,10,SP,0,1,4,6,44,1734.0,0,0,5,7,35,0,8.0,0
2019,5,SP,0,1,4,9,35,3267.0,0,0,5,8,41,0,2.0,0
2019,10,SP,0,1,4,3,44,1370.0,0,0,5,7,20,0,9.0,0
2018,2,SP,0,1,5,6,44,2314.0,0,0,8,7,27,1,2.0,0
2019,3,SP,0,1,5,4,44,1454.0,0,0,5,5,24,1,2.0,0
2018,8,SP,0,1,5,6,44,1279.0,0,0,7,7,28,0,4.0,0
2018,3,SP,0,1,6,9,40,4507.0,0,0,3,9,32,1,8.0,0
2019,12,SP,0,1,6,5,44,1458.0,0,0,4,7,26,0,2.0,0
2019,6,SP,0,1,6,3,44,1229.0,0,0,5,7,33,0,8.0,0
2018,7,SP,0,1,6,3,44,2480.0,0,0,4,7,27,1,4.0,0
2019,12,SP,0,1,6,8,36,703.0,1,0,3,7,20,1,2.0,0
2018,11,SP,0,1,6,3,44,2000.0,0,0,1,7,29,1,2.0,0
2019,3,SP,0,1,6,2,44,1483.0,0,0,7,7,20,1,9.0,0
2019,9,SP,0,1,6,4,44,2043.0,0,0,5,7,28,1,2.0,0
2018,9,SP,0,1,6,1,44,1587.0,0,0,2,9,20,1,9.0,0
2019,7,SP,0,1,6,6,44,1342.0,0,0,5,7,22,0,2.0,0
2019,10,SP,0,1,6,5,30,998.0,1,0,8,7,19,1,8.0,0
2018,9,SP,0,1,6,6,44,1638.0,0,0,4,7,29,1,8.0,0
2018,6,SP,0,1,6,9,36,1620.0,0,0,4,7,20,1,8.0,0
2018,9,SP,0,1,6,2,44,1945.0,0,0,7,5,28,1,2.0,0
2019,8,SP,0,1,6,3,44,1375.0,0,0,4,7,19,1,2.0,0
2018,7,SP,0,1,6,7,44,2310.0,0,0,4,7,43,1,2.0,0
2019,8,SP,0,1,6,5,44,2201.0,0,0,8,7,38,0,2.0,0
2019,5,SP,0,1,6,3,44,4351.0,0,0,1,4,38,1,8.0,0
2019,7,SP,0,1,6,1,44,1513.0,0,0,9,7,25,1,9.0,0
2019,6,SP,0,1,11,6,44,1315.0,0,0,7,7,46,1,8.0,0
2019,1,SP,0,1,11,5,44,1256.0,0,0,7,7,35,1,2.0,0
2018,12,SP,0,1,11,4,44,1315.0,0,0,5,7,19,0,2.0,0
2019,12,SP,0,1,11,1,44,1401.0,0,0,4,7,26,1,4.0,0
2018,9,SP,0,1,11,5,44,1305.0,0,0,4,7,31,0,2.0,0
2019,10,SP,0,1,11,3,44,1369.0,0,0,5,7,19,1,9.0,0
2019,10,SP,0,1,11,1,44,1400.0,0,0,7,5,22,1,2.0,0
2019,5,SP,1,1,25,4,40,3877.0,0,0,2,9,30,0,2.0,1
2019,7,SP,0,1,33,4,44,2621.0,0,0,4,7,32,0,2.0,0
2018,7,SP,0,1,33,5,44,3381.0,0,0,3,7,50,1,2.0,0
2018,4,SP,0,1,33,5,44,1283.0,0,0,5,7,24,1,4.0,0
2018,12,SP,0,1,4,1,44,1166.0,0,0,6,5,36,0,8.0,0
2018,5,SP,0,3,4,1,44,1133.0,0,0,6,6,36,1,8.0,0
2018,9,SP,1,3,2,5,44,1194.0,0,0,7,5,27,0,4.0,1
2018,5,SP,1,3,2,5,44,1194.0,0,0,7,5,23,1,9.0,1
2019,4,SP,1,1,2,4,44,1366.0,0,0,6,7,38,1,2.0,1
2018,12,SP,1,1,2,1,44,1297.0,0,0,5,7,21,1,2.0,1
2019,4,SP,0,1,4,5,44,1444.0,0,0,6,5,22,1,8.0,0
2018,10,SP,0,1,6,4,44,1497.0,0,0,3,7,30,0,2.0,0
2018,3,SP,0,1,11,2,44,1125.0,0,0,5,7,29,1,2.0,0
2019,10,SP,1,1,1,8,44,5200.0,0,0,3,9,28,1,2.0,1
2019,12,SP,1,1,1,8,44,1577.0,0,0,3,9,20,1,2.0,1
2019,5,SP,1,1,2,2,44,1120.0,0,0,4,7,32,0,9.0,1
2019,5,SP,1,1,2,9,44,5000.0,0,0,3,9,25,1,8.0,1
2019,4,SP,1,1,2,5,44,1695.0,0,0,7,4,50,1,2.0,1
2019,4,SP,1,1,2,9,44,2400.0,0,0,3,8,26,1,8.0,1
2019,7,SP,1,1,2,1,44,1419.0,0,0,5,7,20,0,2.0,1
2019,3,SP,1,1,2,6,44,2214.0,0,0,7,4,40,1,2.0,1
2019,11,SP,1,1,2,3,44,1269.0,0,0,5,7,47,0,2.0,1
2018,4,SP,1,1,2,5,44,4846.0,0,0,3,9,32,1,2.0,1
2018,10,SP,1,1,2,4,44,1900.0,0,0,4,8,34,1,8.0,1
2019,11,SP,1,1,2,3,44,1984.0,0,0,4,7,21,1,2.0,1
2019,4,SP,0,1,4,9,40,21883.0,0,0,1,9,48,1,2.0,0
2018,2,SP,0,1,4,4,44,1416.0,0,0,7,5,18,1,8.0,0
2019,6,SP,0,1,6,1,44,1404.0,0,0,8,6,37,1,8.0,0
2018,12,SP,0,1,6,1,44,1318.0,0,0,5,9,29,0,2.0,0
2019,12,SP,0,1,11,4,44,1600.0,0,0,7,4,25,1,2.0,0
2018,3,SP,0,1,11,3,44,4500.0,0,0,7,9,40,1,2.0,0
2018,4,SP,1,1,25,5,40,1300.0,0,0,4,7,27,0,8.0,1
2018,5,SP,0,1,33,1,44,1357.0,0,0,7,5,29,0,2.0,0
2018,9,SP,1,1,2,7,44,1108.0,0,0,6,4,32,1,2.0,1
2019,10,SP,1,1,2,6,44,1678.0,0,0,4,7,22,1,2.0,1
2018,9,SP,1,1,2,5,44,2000.0,0,0,2,9,28,1,2.0,1
2019,6,SP,1,1,2,6,44,1599.0,0,0,4,3,38,1,2.0,1
2018,5,SP,0,1,4,6,44,1237.0,0,0,6,6,40,1,2.0,0
2019,6,SP,0,1,4,1,44,1185.0,0,0,4,7,27,0,2.0,0
2019,6,SP,0,1,43,1,44,1496.0,0,0,7,5,41,1,2.0,0
2019,1,SP,1,1,2,5,44,1276.0,0,0,7,7,27,1,2.0,1
2018,2,SP,1,1,2,9,44,1073.0,0,0,7,5,20,1,8.0,1
2018,2,SP,1,1,2,3,44,1144.0,0,0,5,4,36,0,2.0,1
2018,3,SP,0,3,4,3,44,1748.0,0,0,7,6,42,1,2.0,0
2018,1,SP,1,1,1,2,44,1307.0,0,0,7,7,18,1,4.0,1
2018,1,SP,1,3,2,3,44,1128.0,0,0,6,4,28,0,2.0,1
2019,2,SP,1,1,2,4,44,1246.0,0,0,5,4,43,0,8.0,1
2019,2,SP,1,1,2,1,44,1133.0,0,0,4,7,22,0,2.0,1
2019,1,SP,1,3,2,4,44,1141.0,0,0,6,5,44,0,9.0,1
2018,8,SP,0,1,4,4,44,1483.0,0,0,7,4,56,1,2.0,0
2019,8,SP,0,1,4,1,44,1163.0,0,0,7,4,23,1,2.0,0
2018,2,SP,0,3,4,4,44,1183.0,0,0,7,7,20,1,2.0,0
2018,8,SP,0,3,4,4,44,1108.0,0,0,5,7,36,1,2.0,0
2018,4,SP,1,1,25,4,44,1130.0,0,0,7,3,42,1,2.0,1
2018,4,SP,1,1,2,1,44,1620.0,0,0,6,5,43,1,2.0,1
2019,10,SP,1,1,2,2,44,1136.0,0,0,7,6,27,1,9.0,1
2019,10,SP,1,1,2,7,44,1422.0,0,0,5,7,31,0,9.0,1
2019,10,SP,1,1,2,2,44,1420.0,0,0,5,7,27,0,2.0,1
2019,9,SP,1,1,2,5,40,2287.0,0,0,7,7,35,1,2.0,1
2019,2,SP,1,1,2,2,44,1752.0,0,0,4,9,21,0,2.0,1
2019,9,SP,0,1,4,3,44,1595.0,0,0,5,6,34,0,8.0,0
2018,12,SP,1,1,2,3,38,1207.0,0,0,5,7,58,0,8.0,1
2018,12,SP,1,1,2,1,44,1354.0,0,0,5,7,29,1,2.0,1
2018,11,SP,1,1,1,6,44,1108.0,0,0,7,6,21,0,2.0,1
2019,4,SP,1,1,1,3,44,1550.0,0,0,5,7,19,0,2.0,1
2019,1,SP,1,1,2,3,44,2300.0,0,0,7,7,24,1,2.0,1
2018,3,SP,1,1,2,8,44,1155.0,0,0,7,7,22,1,4.0,1
2019,1,SP,1,1,2,1,44,1526.0,0,0,7,9,41,1,2.0,1
2019,4,SP,1,1,2,6,44,1110.0,0,0,5,7,31,0,2.0,1
2019,11,SP,1,1,2,5,44,1409.0,0,0,5,7,38,0,9.0,1
2018,3,SP,1,1,2,5,44,1251.0,0,0,7,3,44,0,8.0,1
2019,1,SP,1,1,2,2,44,1615.0,0,0,7,6,48,1,8.0,1
2019,11,SP,1,1,2,3,44,2200.0,0,0,7,7,28,1,8.0,1
2019,2,SP,1,1,2,7,44,1349.0,0,0,5,5,23,1,2.0,1
2018,9,SP,1,1,2,6,44,7000.0,0,0,2,9,36,1,2.0,1
2019,11,SP,1,1,2,6,40,10000.0,0,0,2,9,33,1,9.0,1
2018,2,SP,1,1,2,6,44,1345.0,0,0,5,7,18,1,4.0,1
2018,8,SP,1,1,2,6,44,1984.0,0,0,7,7,22,1,2.0,1
2019,3,SP,1,1,2,3,44,1600.0,0,0,4,7,21,0,2.0,1
2018,8,SP,1,1,2,5,40,1613.0,0,0,5,7,26,0,2.0,1
2018,10,SP,1,1,2,2,38,1215.0,0,0,7,7,27,0,8.0,1
2019,5,SP,1,1,2,4,44,1490.0,0,0,5,7,28,0,9.0,1
2018,6,SP,1,1,2,8,44,1955.0,0,0,9,7,50,1,4.0,1
2018,3,SP,1,1,2,3,44,1352.0,0,0,4,7,20,0,4.0,1
2019,9,SP,1,1,2,4,44,1264.0,0,0,5,7,29,0,8.0,1
2018,8,SP,1,1,2,6,44,1984.0,0,0,7,7,22,1,2.0,1
2018,6,SP,1,1,2,3,44,1339.0,0,0,5,7,22,0,9.0,1
2018,2,SP,1,1,2,4,44,3000.0,0,0,8,8,39,1,2.0,1
2018,1,SP,0,1,4,8,44,1529.0,0,0,3,7,34,1,2.0,0
2019,6,SP,0,1,4,2,44,1879.0,0,0,1,7,39,0,2.0,0
2019,6,SP,0,1,4,7,44,1733.0,0,0,8,7,35,1,2.0,0
2018,6,SP,0,1,4,4,44,1930.0,0,0,4,7,27,0,8.0,0
2018,7,SP,0,1,4,6,44,3202.0,0,0,9,7,54,1,8.0,0
2019,8,SP,0,1,4,5,44,1423.0,0,0,5,7,42,0,2.0,0
2019,3,SP,0,1,4,6,44,2286.0,0,0,7,7,23,1,2.0,0
2018,2,SP,0,1,4,6,42,3444.0,0,0,4,7,49,0,2.0,0
2019,7,SP,0,1,4,5,44,2600.0,0,0,4,7,28,1,2.0,0
2018,7,SP,0,1,4,3,44,1348.0,0,0,5,7,35,0,2.0,0
2019,3,SP,0,1,6,2,22,1700.0,0,0,5,4,76,0,2.0,0
2019,11,SP,0,1,6,3,44,1419.0,0,0,7,8,25,1,9.0,0
2018,8,SP,0,1,6,3,44,1518.0,0,0,8,7,22,1,2.0,0
2019,4,SP,0,1,6,1,44,1500.0,0,0,4,7,20,0,2.0,0
2019,10,SP,0,1,6,1,44,1380.0,0,0,4,7,41,0,2.0,0
2019,6,SP,0,1,6,1,44,1752.0,0,0,7,5,48,1,2.0,0
2019,11,SP,0,1,6,5,40,1622.0,0,0,5,7,35,0,2.0,0
2019,2,SP,0,1,6,4,44,1569.0,0,0,5,9,35,0,2.0,0
2018,1,SP,0,1,11,6,44,1455.0,0,0,4,7,25,0,9.0,0
2019,3,SP,1,1,25,9,44,1579.0,0,0,7,7,42,1,2.0,1
2019,10,SP,1,1,25,1,40,2000.0,0,0,2,9,44,1,9.0,1
2019,1,SP,1,1,25,9,44,1130.0,0,0,7,6,32,1,8.0,1
2019,4,SP,1,1,25,4,44,1483.0,0,0,7,7,37,1,8.0,1
2018,3,SP,1,1,2,8,44,1135.0,0,0,6,7,48,1,8.0,1
2019,2,SP,1,1,2,1,44,1440.0,0,0,7,7,62,1,2.0,1
2019,4,SP,1,1,2,4,44,2653.0,0,0,2,9,29,0,8.0,1
2018,7,SP,1,1,2,2,44,1707.0,0,0,5,7,39,0,2.0,1
2018,9,SP,1,1,1,1,30,800.0,0,0,5,7,18,0,2.0,1
2018,5,SP,0,1,4,6,44,1586.0,0,0,7,1,52,1,2.0,0
2019,5,SP,1,1,25,6,44,1458.0,0,0,7,7,23,1,2.0,1
2019,5,SP,1,1,25,6,44,1458.0,0,0,7,7,23,1,2.0,1
2019,3,SP,1,1,2,6,44,1293.0,0,0,7,2,36,0,2.0,1
2019,8,SP,1,1,2,9,20,454.0,1,0,9,6,17,0,2.0,1
2019,8,SP,0,1,4,3,44,2729.0,0,0,8,4,34,1,2.0,0
2019,6,SP,0,1,8,9,44,1425.0,0,0,6,3,42,1,2.0,0
2018,1,SP,1,1,1,1,44,1430.0,0,0,7,5,27,1,2.0,1
2019,7,SP,1,1,2,1,44,1500.0,0,0,6,4,39,1,2.0,1
2019,1,SP,1,1,2,6,44,1156.0,0,0,6,4,43,1,2.0,1
2019,2,SP,0,3,4,3,44,2270.0,0,0,4,9,23,1,2.0,0
2019,11,SP,0,1,4,6,44,1315.0,0,1,4,7,31,1,2.0,0
2019,10,SP,0,1,4,1,44,2504.0,0,0,6,5,30,1,2.0,0
2019,10,SP,1,1,2,3,44,1360.0,0,1,5,7,31,1,8.0,1
2019,9,SP,1,1,2,3,36,1466.0,0,0,4,5,35,1,4.0,1
2018,4,SP,0,1,4,5,24,710.0,0,0,5,7,21,0,2.0,0
2019,12,SP,0,1,4,1,44,1331.0,0,0,5,7,41,0,2.0,0
2019,8,SP,0,1,6,6,44,1584.0,0,0,5,7,25,1,8.0,0
2019,4,SP,1,1,1,2,44,1315.0,0,0,5,7,18,0,8.0,1
2019,1,SP,1,1,2,5,44,1295.0,0,0,5,6,44,1,2.0,1
2019,2,SP,1,1,2,2,44,1500.0,0,0,4,7,24,0,8.0,1
2019,8,SP,1,1,2,5,44,1282.0,0,0,5,7,29,0,8.0,1
2019,2,SP,1,1,2,3,44,1919.0,0,0,4,6,38,0,8.0,1
2018,6,SP,1,1,2,3,44,1250.0,0,0,4,7,23,1,4.0,1
2019,9,SP,0,1,4,4,44,3581.0,0,0,7,5,69,1,2.0,0
2018,2,SP,1,1,25,5,44,1100.0,0,0,7,5,32,0,2.0,1
2019,1,SP,0,1,33,4,44,1432.0,0,0,4,8,24,0,2.0,0
2019,2,SP,0,1,33,3,44,1465.0,0,0,7,7,54,1,4.0,0
2018,11,SP,1,1,2,7,44,1346.0,0,0,7,7,37,1,2.0,1
2018,12,SP,1,1,2,5,44,1219.0,0,0,7,6,33,1,2.0,1
2018,4,SP,1,1,2,3,44,1425.0,0,0,7,7,27,1,9.0,1
2018,11,SP,1,1,2,4,44,1219.0,0,0,4,7,30,0,2.0,1
2019,3,SP,1,1,2,6,20,740.0,1,0,4,7,21,1,2.0,1
2018,5,SP,1,1,2,3,44,1050.0,0,0,4,7,23,0,2.0,1
2019,12,SP,1,1,2,4,44,1696.0,0,0,7,7,42,0,2.0,1
2019,5,SP,0,1,4,3,44,1441.0,0,0,7,5,53,1,8.0,0
2018,4,SP,0,1,4,1,44,1145.0,0,0,5,7,32,0,2.0,0
2019,8,SP,0,1,4,3,44,1043.0,0,0,5,7,19,1,9.0,0
2019,3,SP,0,1,11,5,44,1601.0,0,0,5,7,31,1,2.0,0
2018,10,SP,0,1,11,4,44,1158.0,0,0,5,7,47,0,2.0,0
2019,12,SP,1,1,25,2,44,1307.0,0,0,5,7,42,0,2.0,1
2019,2,SP,1,1,2,7,44,1099.0,0,0,6,4,32,1,2.0,1
2018,4,SP,1,3,2,1,44,1417.0,0,0,7,7,51,1,2.0,1
2019,11,SP,0,1,4,2,44,1368.0,0,0,4,7,20,1,2.0,0
2019,4,SP,0,1,4,3,44,468.0,0,0,5,7,34,1,2.0,0
2019,9,SP,0,1,4,1,44,1000.0,0,0,5,7,22,1,2.0,0
2019,11,SP,0,3,6,2,44,1132.0,0,0,6,5,41,1,2.0,0
2019,5,SP,0,1,11,8,44,1290.0,0,0,4,7,21,0,2.0,0
2019,11,SP,1,1,2,9,44,1955.0,0,0,7,7,44,1,8.0,1
2018,11,SP,1,1,2,1,40,1165.0,0,0,4,8,22,1,8.0,1
2018,3,SP,1,1,2,8,44,1499.0,0,0,4,7,42,0,9.0,1
2018,10,SP,1,1,2,8,44,1319.0,0,0,4,5,20,1,8.0,1
2019,9,SP,0,1,4,5,44,3014.0,0,0,4,9,30,0,9.0,0
2018,11,SP,0,1,4,8,36,4892.0,0,0,2,9,42,1,4.0,0
2018,6,SP,0,1,11,7,36,1684.0,0,0,3,7,33,0,2.0,0
2018,10,SP,0,3,11,4,44,1033.0,0,0,5,7,42,0,2.0,0
2018,4,SP,1,1,2,6,44,954.0,0,0,3,7,23,0,4.0,1
2018,7,SP,1,1,2,8,44,1489.0,0,0,4,7,41,1,8.0,1
2018,11,SP,0,1,4,8,44,1142.0,0,0,6,7,48,0,2.0,0
2018,7,SP,0,1,6,7,40,2316.0,0,0,2,9,29,0,2.0,0
2018,7,SP,0,1,6,3,44,1285.0,0,0,7,7,30,1,2.0,0
2019,1,SP,0,1,11,7,44,1290.0,0,0,7,7,26,1,2.0,0
2019,5,SP,0,1,11,6,30,998.0,1,0,7,5,18,1,4.0,0
2018,4,SP,0,1,11,5,44,1091.0,0,0,6,6,26,0,2.0,0
2018,4,SP,1,1,1,1,44,1207.0,0,0,7,7,29,1,2.0,1
2019,3,SP,1,1,2,4,44,1270.0,0,0,5,7,22,0,2.0,1
2019,9,SP,1,1,2,1,44,1449.0,0,0,7,6,38,1,2.0,1
2018,1,SP,1,1,2,3,44,1248.0,0,0,7,7,22,1,9.0,1
2019,12,SP,0,1,4,1,44,1163.0,0,0,6,7,61,0,2.0,0
2018,5,SP,0,1,4,5,44,1400.0,0,0,5,7,47,1,8.0,0
2018,1,SP,0,1,4,4,44,1304.0,0,0,7,7,33,0,2.0,0
2019,1,SP,0,3,4,4,44,1108.0,0,0,6,7,38,0,2.0,0
2018,6,SP,0,1,4,2,44,1207.0,0,0,5,7,28,0,2.0,0
2019,9,SP,0,1,6,5,44,1163.0,0,0,6,3,44,1,2.0,0
2019,10,SP,0,1,6,2,44,1455.0,0,0,5,7,22,1,2.0,0
2019,6,SP,1,1,25,6,44,1332.0,0,0,4,7,38,0,2.0,1
2019,8,SP,1,1,2,8,44,1217.0,0,0,8,6,25,0,2.0,1
2019,4,SP,1,1,2,8,44,1370.0,0,0,8,5,34,1,2.0,1
2018,4,SP,1,1,1,1,44,1700.0,0,0,4,7,29,0,2.0,1
2019,5,SP,1,1,2,5,44,1396.0,0,0,7,7,22,1,2.0,1
2019,10,SP,1,1,2,1,44,1401.0,0,0,5,9,38,0,2.0,1
2018,10,SP,1,1,2,5,44,1497.0,0,0,7,4,19,1,9.0,1
2018,3,SP,1,1,2,3,44,2000.0,0,0,3,5,62,1,2.0,1
2019,9,SP,1,1,2,6,44,2032.0,0,0,4,9,29,0,8.0,1
2019,10,SP,1,1,2,4,44,1359.0,0,0,7,7,26,1,2.0,1
2019,3,SP,1,1,2,7,44,1500.0,0,0,4,9,26,0,2.0,1
2019,8,SP,0,1,4,5,44,1635.0,0,0,7,7,43,1,8.0,0
2019,8,SP,0,1,4,8,44,1212.0,0,0,7,7,25,1,8.0,0
2019,7,SP,0,1,4,1,44,1000.0,0,0,9,7,30,1,2.0,0
2018,7,SP,0,1,4,1,44,3033.0,0,0,2,9,29,0,8.0,0
2018,5,SP,0,1,4,2,44,1224.0,0,0,3,7,18,1,2.0,0
2019,1,SP,0,1,4,3,40,1305.0,0,0,3,7,43,0,2.0,0
2018,4,SP,0,1,4,8,44,1165.0,0,0,4,7,18,1,2.0,0
2019,3,SP,0,1,4,3,44,1610.0,0,0,7,7,22,1,2.0,0
2018,8,SP,0,1,6,6,44,1800.0,0,0,4,7,34,1,8.0,0
2019,10,SP,0,1,6,6,36,1194.0,0,0,4,7,24,0,8.0,0
2018,10,SP,0,1,6,8,44,1350.0,0,0,7,5,36,1,8.0,0
2018,8,SP,1,1,10,4,44,1326.0,0,0,7,6,19,0,8.0,1
2018,4,SP,0,1,11,7,26,1049.0,1,0,5,6,18,1,8.0,0
2018,8,SP,1,1,25,7,30,1000.0,1,0,7,7,18,1,2.0,1
2019,4,SP,1,1,2,1,25,680.0,0,0,5,7,26,0,8.0,1
2019,6,SP,1,1,2,1,44,1245.0,0,0,5,7,23,1,2.0,1
2019,10,SP,1,1,2,6,44,1294.0,0,0,4,7,29,0,2.0,1
2019,7,SP,1,1,2,4,44,1160.0,0,0,7,5,35,1,2.0,1
2019,12,SP,1,1,2,9,44,1160.0,0,0,5,3,51,0,8.0,1
2019,3,SP,1,1,2,1,44,1800.0,0,0,7,7,31,1,2.0,1
2019,2,SP,1,1,2,5,44,1500.0,0,0,4,7,23,1,2.0,1
2019,3,SP,0,1,4,6,42,4135.0,0,0,7,7,35,1,2.0,0
2018,11,SP,0,1,4,3,44,1752.0,0,0,7,6,28,1,4.0,0
2018,6,SP,1,1,2,6,44,954.0,0,0,6,5,35,1,2.0,1
2018,1,SP,1,1,2,4,44,2900.0,0,0,4,9,33,0,2.0,1
2019,2,SP,0,1,4,8,44,1160.0,0,0,5,5,40,0,9.0,0
2019,7,SP,0,1,4,8,44,1160.0,0,0,5,7,47,0,9.0,0
2019,5,SP,1,3,1,4,44,1200.0,0,0,6,6,20,1,2.0,1
2019,10,SP,1,1,2,3,44,1500.0,0,0,7,7,29,1,2.0,1
2019,5,SP,0,3,6,4,44,1130.0,0,0,6,3,56,1,4.0,0
2019,1,SP,1,1,1,7,40,1542.0,1,0,9,6,16,1,2.0,1
2018,11,SP,1,1,1,3,44,1202.0,0,0,2,9,20,0,2.0,1
2018,11,SP,1,1,2,5,44,1481.0,0,0,7,7,51,1,2.0,1
2019,3,SP,1,1,2,5,44,1631.0,0,0,5,5,58,1,4.0,1
2018,5,SP,1,1,2,6,44,1491.0,0,0,4,9,44,1,2.0,1
2019,4,SP,1,1,2,4,44,3704.0,0,0,3,7,32,1,8.0,1
2019,4,SP,1,1,2,3,44,1158.0,0,0,4,6,20,0,2.0,1
2019,4,SP,1,1,2,4,44,1621.0,0,0,7,7,21,1,2.0,1
2019,6,SP,1,1,2,1,44,1398.0,0,0,5,7,41,0,2.0,1
2018,11,SP,1,1,2,9,44,11200.0,0,0,8,9,30,1,2.0,1
2018,12,SP,1,1,2,5,40,1788.0,0,0,3,7,35,0,2.0,1
2019,11,SP,1,1,2,4,44,1409.0,0,0,5,7,41,1,2.0,1
2019,8,SP,1,1,2,5,44,2192.0,0,0,8,7,34,1,2.0,1
2018,10,SP,0,1,4,9,36,1179.0,0,0,4,7,27,0,2.0,0
2018,6,SP,0,1,4,2,44,1592.0,0,0,5,7,24,1,2.0,0
2018,1,SP,0,1,4,9,36,1179.0,0,0,4,7,27,0,2.0,0
2019,8,SP,0,1,4,5,44,1300.0,0,0,4,7,23,0,2.0,0
2018,6,SP,0,1,4,4,44,2230.0,0,0,4,7,46,0,2.0,0
2019,10,SP,0,1,4,8,43,616.0,0,0,9,7,39,1,2.0,0
2019,5,SP,0,1,5,6,44,1404.0,0,0,5,5,35,1,8.0,0
2019,6,SP,0,1,6,3,44,1250.0,0,0,4,7,25,0,2.0,0
2019,12,SP,0,1,6,2,44,1380.0,0,0,5,6,39,0,2.0,0
2018,8,SP,0,1,6,5,44,954.0,0,0,3,7,19,1,9.0,0
2019,9,SP,0,1,6,6,44,1636.0,0,0,5,7,22,1,2.0,0
2018,1,SP,0,1,11,2,44,1260.0,0,0,4,7,20,0,2.0,0
2019,3,SP,1,1,25,6,44,1000.0,0,0,3,7,19,1,9.0,1
2018,7,SP,0,1,33,3,44,1108.0,0,0,6,5,65,1,2.0,0
2018,1,SP,1,1,2,1,44,1540.0,0,0,7,7,34,1,4.0,1
2018,11,SP,1,1,2,5,44,2025.0,0,0,7,7,40,1,9.0,1
2019,9,SP,1,1,2,7,44,1478.0,0,0,7,6,21,1,8.0,1
2019,10,SP,1,1,2,3,44,1425.0,0,0,4,7,20,0,8.0,1
2018,9,SP,1,1,2,1,44,1860.0,0,0,8,5,33,1,4.0,1
2018,11,SP,1,1,2,5,44,2025.0,0,0,7,7,40,1,9.0,1
2018,2,SP,0,1,4,8,44,1531.0,0,0,7,7,22,0,2.0,0
2019,7,SP,0,1,4,1,44,1500.0,0,0,4,7,32,0,2.0,0
2018,2,SP,0,1,4,6,44,9176.0,0,0,8,5,28,1,2.0,0
2018,5,SP,0,1,6,4,44,2500.0,0,0,8,7,39,1,2.0,0
2019,5,SP,0,1,6,7,36,1261.0,0,0,4,7,32,0,9.0,0
2018,3,SP,1,1,2,7,44,1412.0,0,0,7,8,20,1,2.0,1
2018,2,SP,1,1,2,2,44,1345.0,0,0,4,5,23,1,2.0,1
2018,12,SP,1,1,1,3,44,1171.0,0,0,7,7,18,1,2.0,1
2018,2,SP,1,1,2,6,44,1110.0,0,0,5,6,21,0,2.0,1
2018,11,SP,0,1,11,6,44,1110.0,0,0,5,7,35,0,2.0,0
2018,11,SP,0,1,11,6,44,1110.0,0,0,5,7,35,0,2.0,0
2018,11,SP,0,1,43,4,20,1031.0,1,0,5,6,18,1,2.0,0
2019,10,SP,1,1,2,3,44,1541.0,0,0,2,7,41,0,9.0,1
2018,10,SP,1,1,2,1,44,2159.0,0,0,9,7,58,1,2.0,1
2018,2,SP,1,1,2,4,44,1079.0,0,0,7,7,35,1,4.0,1
2018,1,SP,1,1,2,1,36,1585.0,0,0,3,9,35,0,4.0,1
2019,4,SP,1,1,2,1,44,2200.0,0,0,9,7,51,1,2.0,1
2019,12,SP,1,1,2,1,36,1350.0,0,0,5,2,28,1,2.0,1
2018,3,SP,0,1,4,1,44,1236.0,0,0,5,7,36,1,2.0,0
2018,11,SP,0,1,4,4,44,1597.0,0,0,4,6,20,0,2.0,0
2018,9,SP,0,1,6,2,44,1105.0,0,0,3,8,54,0,2.0,0
2018,1,SP,0,1,6,7,44,1244.0,0,0,4,7,27,1,2.0,0
2018,11,SP,1,1,2,6,44,2500.0,0,0,9,8,46,1,2.0,1
2019,8,SP,1,1,2,9,40,1300.0,0,0,4,9,24,0,8.0,1
2018,10,SP,1,1,2,9,40,1758.0,0,0,3,9,27,0,8.0,1
2018,10,SP,1,1,2,1,44,1347.0,0,0,7,7,29,1,2.0,1
2019,4,SP,0,1,4,9,40,1620.0,0,0,3,8,46,0,2.0,0
2018,3,SP,0,1,4,9,44,1406.0,0,0,5,5,33,0,8.0,0
2018,9,SP,0,1,6,5,44,1752.0,0,0,7,5,24,1,9.0,0
2018,2,SP,1,1,2,2,44,1243.0,0,0,7,7,42,0,2.0,1
2019,11,SP,0,1,6,2,44,1557.0,0,0,4,7,25,0,2.0,0
2019,1,SP,0,1,4,6,44,4276.0,0,0,7,7,35,1,2.0,0
2019,3,SP,1,1,2,4,44,1396.0,0,0,4,2,18,0,4.0,1
2018,10,SP,1,1,2,5,44,1396.0,0,0,4,7,29,1,8.0,1
2019,7,SP,1,1,2,7,44,1540.0,0,0,5,7,48,0,8.0,1
2019,9,SP,1,1,2,6,44,1465.0,0,0,8,5,31,1,8.0,1
2018,10,SP,1,1,2,4,44,1658.0,0,0,5,7,47,0,2.0,1
2018,6,SP,1,1,2,7,44,1804.0,0,0,7,7,37,0,9.0,1
2018,9,SP,1,1,2,8,44,4500.0,0,0,7,9,32,0,8.0,1
2019,1,SP,0,1,4,5,44,1675.0,0,0,4,7,33,0,8.0,0
2018,4,SP,0,1,4,5,44,1789.0,0,0,7,7,27,1,8.0,0
2019,9,SP,1,1,2,9,28,1621.0,0,0,2,9,38,1,9.0,1
2019,2,SP,1,1,2,4,44,1348.0,0,0,3,7,23,1,9.0,1
2018,2,SP,1,1,2,7,44,3524.0,0,0,7,7,20,1,8.0,1
2018,6,SP,1,1,2,9,36,2759.0,0,0,2,9,26,0,2.0,1
2018,3,SP,1,1,2,5,44,1076.0,0,0,7,4,34,0,2.0,1
2019,3,SP,1,1,2,1,44,1223.0,0,0,3,7,25,1,2.0,1
2019,4,SP,1,1,2,4,44,1491.0,0,0,4,7,24,0,2.0,1
2019,1,SP,1,1,2,1,44,1504.0,0,0,5,7,20,0,2.0,1
2019,10,SP,1,1,2,4,44,1539.0,0,0,7,7,24,1,2.0,1
2018,3,SP,1,1,2,1,44,1741.0,0,0,7,4,45,1,4.0,1
2019,6,SP,1,1,2,6,44,1300.0,0,0,7,2,36,1,2.0,1
2019,7,SP,1,1,2,7,44,2900.0,0,0,3,8,24,1,2.0,1
2019,6,SP,1,1,2,3,44,1269.0,0,0,5,7,27,1,8.0,1
2019,5,SP,0,1,4,5,44,1396.0,0,0,7,7,25,1,2.0,0
2019,5,SP,0,1,4,7,44,1514.0,0,0,9,6,31,1,2.0,0
2019,6,SP,0,1,4,1,44,1385.0,0,0,3,5,28,1,2.0,0
2019,3,SP,0,3,6,1,44,1510.0,0,0,7,7,34,1,2.0,0
2019,7,SP,0,1,6,9,36,2897.0,0,0,2,9,39,0,2.0,0
2018,8,SP,0,1,6,1,44,1223.0,0,0,5,5,31,0,9.0,0
2018,11,SP,0,1,6,7,42,1288.0,0,0,5,7,24,0,2.0,0
2019,11,SP,0,1,11,5,44,1410.0,0,0,7,7,32,1,8.0,0
2018,4,SP,0,1,43,3,44,1700.0,0,0,7,5,53,1,2.0,0
2019,6,SP,1,3,2,1,44,1200.0,0,0,6,3,68,1,8.0,1
2018,2,SP,1,1,2,2,44,1251.0,0,0,7,7,21,1,2.0,1
2018,1,SP,0,1,4,1,44,1500.0,0,0,1,9,67,1,2.0,0
2018,2,SP,1,1,2,1,40,1149.0,0,0,7,7,63,0,2.0,1
2018,3,SP,1,1,2,5,44,2000.0,0,0,7,8,36,1,2.0,1
2018,2,SP,1,1,2,9,44,1123.0,0,0,6,4,24,1,2.0,1
2019,12,SP,1,1,2,1,44,1933.0,0,0,5,5,43,1,8.0,1
2018,6,SP,0,1,4,2,44,1307.0,0,0,2,9,27,0,2.0,0
2019,2,SP,0,1,4,8,44,1169.0,0,0,7,6,28,1,2.0,0
2019,9,SP,0,1,4,3,44,1900.0,0,0,7,7,55,1,2.0,0
2018,1,SP,0,1,4,7,44,1373.0,0,0,7,7,33,0,2.0,0
2018,2,SP,0,1,4,4,44,1700.0,0,0,7,7,37,1,2.0,0
2018,12,SP,0,1,4,2,44,1375.0,0,0,1,4,43,0,2.0,0
2019,8,SP,0,1,6,5,44,1166.0,0,0,7,7,26,0,2.0,0
2019,1,SP,1,1,1,3,44,1413.0,0,0,8,7,21,1,9.0,1
2019,1,SP,1,1,1,4,44,1549.0,0,0,7,7,18,1,4.0,1
2019,9,SP,1,1,1,7,44,1172.0,0,0,7,7,19,1,8.0,1
2018,11,SP,1,1,1,3,44,1246.0,0,0,5,7,30,0,8.0,1
2018,7,SP,1,1,1,4,44,1106.0,0,0,5,7,23,1,4.0,1
2018,2,SP,1,1,1,9,44,6200.0,0,0,2,9,25,0,9.0,1
2019,10,SP,1,1,2,2,44,1406.0,0,0,5,8,20,0,2.0,1
2018,1,SP,1,1,2,1,36,1224.0,0,0,3,7,19,0,2.0,1
2019,2,SP,1,1,2,3,44,1347.0,0,0,3,7,37,0,8.0,1
2019,10,SP,1,1,2,1,44,1189.0,0,0,3,4,23,1,2.0,1
2019,7,SP,1,1,2,5,44,2300.0,0,0,7,7,39,1,9.0,1
2018,12,SP,1,1,2,2,44,1345.0,0,0,5,7,26,0,2.0,1
2018,12,SP,1,1,2,5,44,1300.0,0,0,7,7,40,0,2.0,1
2018,6,SP,1,1,2,6,44,1227.0,0,0,7,7,37,1,8.0,1
2019,9,SP,1,1,2,3,44,1205.0,0,0,5,7,23,0,8.0,1
2019,8,SP,1,1,2,8,44,1129.0,0,0,4,5,33,1,2.0,1
2018,12,SP,1,1,2,3,44,1269.0,0,0,3,7,26,1,9.0,1
2018,10,SP,1,1,2,1,44,2300.0,0,0,1,9,32,1,2.0,1
2018,7,SP,1,1,2,7,44,2161.0,0,0,7,5,55,1,8.0,1
2018,12,SP,1,1,2,9,44,1354.0,0,0,4,7,38,0,2.0,1
2019,10,SP,1,1,2,3,44,1610.0,0,0,4,7,39,0,1.0,1
2018,9,SP,1,1,2,9,36,3541.0,0,0,2,9,22,0,8.0,1
2019,7,SP,1,1,2,3,44,1518.0,0,0,4,7,28,1,9.0,1
2018,11,SP,1,1,2,9,44,1346.0,0,0,4,7,29,0,9.0,1
2019,12,SP,1,1,2,1,36,1673.0,0,0,3,7,41,0,8.0,1
2019,5,SP,1,1,2,8,44,1328.0,0,0,7,7,22,0,8.0,1
2019,10,SP,1,1,2,6,44,1455.0,0,1,5,4,45,0,8.0,1
2019,3,SP,1,1,2,7,44,1322.0,0,0,5,6,34,0,2.0,1
2018,10,SP,1,1,2,6,44,2665.0,0,0,4,9,23,0,9.0,1
2018,8,SP,1,1,2,2,44,1261.0,0,0,5,7,23,0,2.0,1
2019,12,SP,1,1,2,9,44,1409.0,0,0,5,7,46,1,4.0,1
2018,3,SP,1,1,2,6,44,1340.0,0,0,5,8,19,1,2.0,1
2019,7,SP,1,1,2,2,44,1367.0,0,0,5,8,19,0,2.0,1
2018,7,SP,1,1,2,3,44,1520.0,0,0,3,7,34,1,2.0,1
2019,7,SP,0,1,4,1,44,1500.0,0,0,9,7,30,1,2.0,0
2019,1,SP,0,1,4,2,44,1250.0,0,0,7,7,27,1,9.0,0
2018,5,SP,0,1,4,6,44,1171.0,0,0,6,4,45,1,4.0,0
2018,2,SP,0,1,4,1,44,1319.0,0,0,2,7,20,0,2.0,0
2018,8,SP,0,1,4,9,44,0.0,0,0,7,7,33,1,8.0,0
2018,11,SP,0,1,4,3,44,3064.0,0,0,2,9,36,0,2.0,0
2019,5,SP,0,1,4,6,44,2564.0,0,0,1,9,24,0,2.0,0
2018,5,SP,0,1,4,6,44,1341.0,0,0,7,7,21,1,2.0,0
2018,1,SP,0,1,4,2,44,1046.0,0,0,4,7,26,0,2.0,0
2019,2,SP,0,1,4,8,44,1587.0,0,0,4,7,26,0,9.0,0
2019,8,SP,0,1,4,6,44,1348.0,0,0,5,4,65,1,4.0,0
2018,4,SP,0,1,4,8,44,2347.0,0,0,7,6,32,1,8.0,0
2018,5,SP,0,1,4,3,44,1139.0,0,0,4,6,19,1,2.0,0
2019,6,SP,0,1,4,5,44,3112.0,0,0,7,7,46,1,8.0,0
2018,4,SP,0,1,4,3,44,5645.0,0,0,1,9,54,0,2.0,0
2019,1,SP,0,1,4,6,44,1171.0,0,0,6,4,37,1,2.0,0
2018,1,SP,0,1,4,7,44,13093.0,0,0,8,9,44,1,2.0,0
2018,6,SP,0,1,4,7,44,1904.0,0,0,4,7,27,1,2.0,0
2018,12,SP,0,1,4,6,44,1066.0,0,0,7,6,44,1,2.0,0
2018,9,SP,0,1,4,8,44,1110.0,0,0,5,3,58,0,2.0,0
2018,5,SP,0,1,4,6,44,2568.0,0,0,7,7,55,1,2.0,0
2019,9,SP,0,1,4,7,44,2492.0,0,0,9,7,35,1,2.0,0
2019,3,SP,0,1,4,4,44,2795.0,0,0,9,5,26,1,8.0,0
2019,4,SP,0,1,4,7,44,2618.0,0,0,7,7,33,1,2.0,0
2019,8,SP,0,1,4,6,44,1348.0,0,0,5,5,45,1,2.0,0
2019,8,SP,0,1,4,4,44,1400.0,0,0,3,5,44,0,2.0,0
2019,2,SP,0,1,5,6,44,2039.0,0,0,7,5,37,1,2.0,0
2019,5,SP,0,1,6,4,36,1316.0,0,0,3,7,29,0,2.0,0
2018,6,SP,0,1,6,1,44,1400.0,0,0,3,7,33,1,2.0,0
2018,3,SP,0,1,6,5,44,1863.0,0,0,9,5,52,1,2.0,0
2018,11,SP,0,1,6,6,44,1445.0,0,0,4,7,24,0,2.0,0
2019,8,SP,0,1,6,5,44,1233.0,0,0,5,7,37,0,4.0,0
2019,12,SP,0,1,6,3,44,1540.0,0,0,5,7,29,1,2.0,0
2018,8,SP,0,1,6,5,44,2025.0,0,0,7,2,54,1,2.0,0
2019,3,SP,0,1,6,2,44,1407.0,0,0,5,7,25,1,9.0,0
2019,6,SP,0,1,6,3,44,1414.0,0,0,5,6,21,0,8.0,0
2018,6,SP,0,1,6,7,44,1358.0,0,0,4,7,29,1,8.0,0
2018,4,SP,0,1,6,5,36,1631.0,0,0,3,9,25,0,2.0,0
2019,10,SP,0,1,6,6,44,1516.0,0,0,9,7,19,1,2.0,0
2018,3,SP,0,1,6,6,44,1318.0,0,0,5,7,40,1,9.0,0
2019,3,SP,0,1,11,4,44,1448.0,0,0,5,4,54,0,2.0,0
2018,3,SP,0,1,11,4,26,603.0,1,0,4,7,16,0,9.0,0
2019,7,SP,0,1,11,4,44,1621.0,0,0,7,7,19,1,2.0,0
2018,12,SP,0,1,11,2,44,1454.0,0,0,5,7,61,0,9.0,0
2019,5,SP,0,1,11,7,44,1117.0,0,0,7,5,21,1,2.0,0
2018,3,SP,0,1,11,6,44,1450.0,0,0,4,8,24,0,2.0,0
2019,7,SP,0,1,11,8,44,1394.0,0,0,7,6,35,0,8.0,0
2018,9,SP,1,1,25,9,36,937.0,0,0,4,9,35,0,2.0,1
2018,11,SP,0,1,33,9,40,2836.0,0,0,2,7,29,0,2.0,0
2018,11,SP,0,1,33,3,44,1128.0,0,0,5,7,35,0,8.0,0
2018,11,SP,1,1,2,4,44,1107.0,0,0,4,7,21,1,9.0,1
2019,7,SP,0,1,4,5,44,2092.0,0,0,7,7,28,1,2.0,0
2019,3,SP,1,1,2,2,44,1800.0,0,0,9,7,33,1,2.0,1
2019,10,SP,1,3,2,1,44,1560.0,0,0,3,7,20,0,2.0,1
2019,1,SP,1,1,2,8,38,1409.0,0,0,5,5,36,1,2.0,1
2019,5,SP,0,1,4,2,44,1459.0,0,0,4,7,26,1,2.0,0
2019,6,SP,0,1,11,5,44,1346.0,0,0,7,4,20,1,2.0,0
2019,5,SP,1,1,25,7,44,1346.0,0,0,7,7,21,0,8.0,1
2019,6,SP,1,1,25,7,44,1410.0,0,0,7,7,18,1,2.0,1
2018,6,SP,0,1,6,3,40,1109.0,0,0,3,7,41,0,2.0,0
2019,12,SP,0,1,43,1,44,1705.0,0,0,7,7,36,1,2.0,0
2018,5,SP,1,1,2,8,44,2014.0,0,0,7,5,52,1,2.0,1
2018,11,SP,1,1,2,6,44,1548.0,0,0,7,7,44,1,8.0,1
2018,5,SP,1,1,2,1,44,1211.0,0,0,7,7,55,0,2.0,1
2018,8,SP,1,1,2,3,44,2420.0,0,0,7,7,51,1,8.0,1
2018,5,SP,1,1,2,5,44,1233.0,0,0,4,7,33,0,2.0,1
2018,3,SP,1,1,25,1,34,600.0,0,0,2,9,50,1,2.0,1
2018,1,SP,1,1,25,4,44,2068.0,0,0,9,7,41,1,2.0,1
2018,1,SP,1,1,25,4,44,2068.0,0,0,9,7,41,1,2.0,1
2018,9,SP,0,1,43,2,44,2200.0,0,0,7,7,48,1,2.0,0
2018,4,SP,1,1,1,4,44,1352.0,0,0,5,2,31,0,4.0,1
2019,4,SP,1,1,2,1,44,1316.0,0,0,3,7,37,0,2.0,1
2018,2,SP,1,1,2,5,44,1076.0,0,0,7,7,20,1,2.0,1
2019,8,SP,1,1,2,1,44,1269.0,0,0,5,7,36,1,9.0,1
2018,1,SP,1,1,2,1,44,1443.0,0,0,8,4,23,1,8.0,1
2019,9,SP,1,1,2,4,44,1398.0,0,0,5,7,29,0,2.0,1
2018,2,SP,1,1,2,5,44,1076.0,0,0,7,7,20,1,2.0,1
2018,12,SP,1,1,2,3,36,973.0,0,0,4,6,21,0,1.0,1
2019,12,SP,1,1,2,6,40,2195.0,0,0,3,9,21,1,2.0,1
2019,7,SP,1,1,2,3,44,1299.0,0,0,5,9,33,0,2.0,1
2019,8,SP,1,1,2,3,44,2400.0,0,0,1,9,34,1,2.0,1
2018,3,SP,1,1,2,6,44,1400.0,0,0,5,7,27,1,4.0,1
2019,1,SP,1,1,2,3,44,1293.0,0,0,5,7,19,0,8.0,1
2018,7,SP,1,1,2,1,44,1569.0,0,0,1,7,31,0,2.0,1
2018,8,SP,1,1,2,7,44,1108.0,0,0,3,7,28,1,2.0,1
2018,8,SP,1,1,2,3,44,1600.0,0,0,4,9,45,0,2.0,1
2019,2,SP,1,1,2,5,44,1722.0,0,0,7,7,39,1,9.0,1
2019,11,SP,1,1,2,1,44,1090.0,0,0,5,7,25,0,2.0,1
2018,2,SP,1,1,2,6,44,1330.0,0,0,5,7,37,1,2.0,1
2019,12,SP,1,1,2,4,44,0.0,0,0,5,7,24,1,8.0,1
2019,8,SP,1,1,2,8,44,2020.0,0,0,7,3,37,1,8.0,1
2018,4,SP,1,1,2,7,44,1679.0,0,0,3,9,26,0,8.0,1
2019,5,SP,0,1,4,7,44,1176.0,0,0,3,5,24,1,9.0,0
2018,11,SP,0,1,4,5,44,1108.0,0,0,7,7,21,1,8.0,0
2019,2,SP,0,1,4,2,44,1619.0,0,0,5,7,39,0,2.0,0
2018,4,SP,0,1,4,4,44,1420.0,0,0,5,7,31,1,2.0,0
2018,11,SP,0,1,4,3,44,1584.0,0,0,5,7,49,0,2.0,0
2018,5,SP,0,1,4,2,44,3577.0,0,0,4,7,52,0,2.0,0
2018,4,SP,0,1,4,4,44,1526.0,0,0,7,7,30,0,8.0,0
2019,12,SP,0,1,4,3,44,1163.0,0,0,4,7,21,0,2.0,0
2018,5,SP,0,1,4,4,44,1135.0,0,0,7,7,48,0,2.0,0
2019,3,SP,0,1,4,3,44,2600.0,0,0,7,7,56,1,8.0,0
2019,1,SP,0,1,4,1,44,1554.0,0,0,4,7,33,0,4.0,0
2018,5,SP,0,1,4,1,44,2231.0,0,0,9,7,42,1,8.0,0
2019,4,SP,0,1,4,2,44,1273.0,0,0,4,5,22,0,2.0,0
2019,8,SP,0,1,6,4,22,763.0,0,1,4,7,45,0,2.0,0
2018,2,SP,0,1,6,6,44,1140.0,0,0,5,7,50,0,6.0,0
2018,5,SP,0,1,6,5,44,1100.0,0,0,7,7,20,1,2.0,0
2018,12,SP,0,1,6,5,22,0.0,0,0,2,9,45,0,2.0,0
2018,12,SP,0,1,6,6,44,4000.0,0,0,3,7,52,1,4.0,0
2018,12,SP,0,1,6,4,44,1490.0,0,0,5,7,23,0,4.0,0
2018,8,SP,0,1,6,3,44,1350.0,0,0,5,6,35,0,2.0,0
2019,3,SP,0,1,6,6,44,1843.0,0,0,8,7,39,1,8.0,0
2019,6,SP,0,1,6,1,44,1163.0,0,0,6,3,59,1,2.0,0
2018,6,SP,0,1,6,9,36,2737.0,0,0,2,9,36,0,8.0,0
2018,2,SP,0,1,6,2,44,1396.0,0,0,5,7,22,0,2.0,0
2018,9,SP,0,1,11,3,44,1421.0,0,0,7,5,48,1,2.0,0
2018,6,SP,0,1,11,3,44,1254.0,0,0,7,7,36,1,9.0,0
2019,9,SP,1,1,25,6,44,1493.0,0,0,7,7,37,1,4.0,1
2018,10,SP,1,1,25,6,44,3111.0,0,0,2,9,35,0,2.0,1
2018,7,SP,0,1,33,2,44,2120.0,0,0,2,9,30,1,2.0,0
2018,4,SP,1,1,2,6,44,1749.0,0,0,8,5,25,1,8.0,1
2018,5,SP,1,1,2,4,44,1168.0,0,0,5,7,24,0,2.0,1
2019,4,SP,1,1,2,8,44,1225.0,0,0,4,7,19,1,2.0,1
2019,3,SP,0,3,4,1,44,1182.0,0,0,6,7,41,1,2.0,0
2018,5,SP,0,1,4,5,44,1376.0,0,0,5,7,35,1,2.0,0
2019,8,SP,0,1,6,9,44,1220.0,0,0,7,4,35,0,2.0,0
2019,2,SP,0,1,6,6,36,998.0,0,1,5,7,20,1,2.0,0
2018,11,SP,1,1,1,3,44,1403.0,0,0,5,7,19,0,2.0,1
2019,12,SP,1,1,2,6,44,1561.0,0,0,4,7,35,0,2.0,1
2018,1,SP,1,3,2,1,44,1108.0,0,0,6,4,28,1,8.0,1
2018,8,SP,1,3,2,1,44,1723.0,0,0,7,7,40,1,8.0,1
2018,2,SP,0,1,4,5,44,2211.0,0,0,4,7,29,1,2.0,0
2018,4,SP,0,1,4,1,44,1650.0,0,0,8,7,50,1,2.0,0
2019,7,SP,0,1,4,2,41,1100.0,0,0,5,7,29,0,2.0,0
2018,3,SP,1,1,1,5,44,1467.0,0,0,4,5,20,0,2.0,1
2018,8,SP,0,1,4,7,44,1180.0,0,0,4,7,21,0,8.0,0
2019,6,SP,0,1,4,5,44,1599.0,0,0,7,7,45,1,2.0,0
2018,3,SP,0,1,4,3,44,1406.0,0,0,7,7,26,1,8.0,0
2019,5,SP,0,1,4,7,44,4543.0,0,0,3,7,25,0,2.0,0
2019,9,SP,0,1,6,5,44,2139.0,0,0,7,5,38,1,8.0,0
2019,3,SP,0,1,4,9,40,942.0,0,0,5,7,50,0,2.0,0
2019,1,SP,0,1,4,9,24,605.0,0,0,5,7,33,1,4.0,0
2018,12,SP,0,1,6,2,44,1110.0,0,0,5,7,30,1,8.0,0
2018,10,SP,0,1,6,9,44,1142.0,0,0,7,7,38,1,2.0,0
2019,12,SP,0,1,11,9,44,1160.0,0,0,5,7,50,0,2.0,0
2019,4,SP,0,3,4,6,44,1108.0,0,0,6,3,46,1,9.0,0
2018,3,SP,1,1,2,7,44,1357.0,0,0,7,3,20,1,2.0,1
2019,11,SP,1,1,2,4,44,1454.0,0,0,8,7,18,1,2.0,1
2018,6,SP,0,1,4,9,44,1608.0,0,0,7,2,43,1,2.0,0
2019,9,SP,1,1,25,9,44,1163.0,0,0,6,2,30,1,2.0,1
2019,2,SP,1,1,2,2,44,1556.0,0,0,7,7,26,1,2.0,1
2018,4,SP,1,3,2,6,44,1108.0,0,0,6,4,53,1,2.0,1
2018,8,SP,0,3,11,7,44,1700.0,0,0,6,7,33,1,2.0,0
2019,5,SP,1,1,2,8,40,3072.0,0,0,4,9,32,0,2.0,1
2018,1,SP,0,1,4,8,40,2400.0,0,0,4,7,29,0,2.0,0
2019,8,SP,1,1,1,7,44,1600.0,0,0,4,8,27,1,8.0,1
2019,11,SP,1,1,2,9,44,1300.0,0,0,4,7,38,0,9.0,1
2018,3,SP,1,1,2,7,44,1060.0,0,0,5,7,47,0,9.0,1
2018,3,SP,1,1,2,7,44,1060.0,0,0,5,7,47,0,9.0,1
2019,4,SP,0,1,4,6,44,4590.0,0,0,9,7,64,1,2.0,0
2019,5,SP,0,1,6,7,40,1126.0,0,0,5,9,28,0,9.0,0
2018,1,SP,0,1,6,2,44,1650.0,0,0,3,7,49,0,9.0,0
2018,12,SP,1,1,2,3,44,954.0,0,0,7,5,39,1,2.0,1
2019,3,SP,1,1,2,4,44,1342.0,0,0,4,7,38,1,9.0,1
2019,2,SP,0,1,4,3,44,2701.0,0,0,8,7,44,1,2.0,0
2019,4,SP,0,1,4,5,44,1845.0,0,0,7,5,41,1,2.0,0
2018,11,SP,0,1,4,4,44,3500.0,0,0,2,9,40,1,9.0,0
2019,10,SP,0,1,6,3,44,1269.0,0,0,5,7,21,1,2.0,0
2018,6,SP,0,1,6,4,44,1295.0,0,0,3,7,41,1,2.0,0
2019,6,SP,0,1,6,6,44,1513.0,0,0,7,7,33,1,2.0,0
2019,1,SP,0,3,4,1,44,1120.0,0,0,6,4,39,1,8.0,0
2019,1,SP,1,1,2,4,44,1591.0,0,0,7,7,49,1,2.0,1
2018,11,SP,0,1,11,2,44,1980.0,0,0,7,7,39,1,2.0,0
2019,3,SP,1,1,1,9,31,1022.0,0,0,4,7,20,1,9.0,1
2018,5,SP,1,1,1,1,44,1163.0,0,0,5,7,21,0,2.0,1
2019,3,SP,1,1,1,7,30,681.0,1,0,4,7,17,0,8.0,1
2018,7,SP,1,1,2,3,44,1416.0,0,0,7,5,24,1,8.0,1
2018,8,SP,1,1,2,1,44,1752.0,0,0,7,3,42,1,8.0,1
2019,8,SP,1,1,2,7,44,1422.0,0,0,5,7,19,1,4.0,1
2019,1,SP,1,1,2,1,44,1352.0,0,0,5,7,51,1,2.0,1
2018,4,SP,1,1,2,6,44,1846.0,0,0,7,7,44,1,2.0,1
2019,5,SP,1,1,2,2,44,1220.0,0,0,4,5,26,0,2.0,1
2019,9,SP,1,1,2,1,36,1409.0,0,0,3,6,35,1,2.0,1
2019,8,SP,1,1,2,6,44,1623.0,0,0,7,6,30,1,2.0,1
2018,10,SP,1,1,2,4,44,1107.0,0,0,5,7,30,0,2.0,1
2019,4,SP,1,1,2,7,44,1352.0,0,0,3,7,24,0,8.0,1
2018,1,SP,1,1,2,3,44,965.0,0,0,7,7,29,1,2.0,1
2018,10,SP,1,1,2,9,44,1327.0,0,0,5,6,28,1,8.0,1
2019,10,SP,1,1,2,2,44,8100.0,0,0,2,9,61,1,2.0,1
2018,3,SP,1,1,2,2,44,1239.0,0,0,7,7,40,1,8.0,1
2018,8,SP,0,1,4,9,44,0.0,0,0,5,9,45,1,2.0,0
2018,5,SP,0,1,4,4,44,1416.0,0,0,7,4,54,1,9.0,0
2019,12,SP,0,1,4,1,44,1345.0,0,0,4,9,22,0,9.0,0
2018,11,SP,0,1,4,6,44,3175.0,0,0,7,7,47,1,2.0,0
2019,7,SP,0,1,4,1,44,2205.0,0,0,4,7,24,1,2.0,0
2018,8,SP,0,1,4,4,44,5644.0,0,0,7,5,50,1,2.0,0
2019,1,SP,0,1,4,4,44,1670.0,0,0,7,7,37,1,2.0,0
2019,5,SP,0,1,4,4,44,1545.0,0,0,5,7,50,0,2.0,0
2018,1,SP,0,1,4,1,44,6707.0,0,0,1,7,46,0,2.0,0
2018,7,SP,0,1,6,5,36,937.0,0,0,5,7,37,1,4.0,0
2019,7,SP,0,1,6,4,44,1879.0,0,0,3,9,21,1,8.0,0
2018,9,SP,0,1,6,2,44,1270.0,0,0,5,7,24,0,2.0,0
2018,8,SP,0,1,6,9,44,1349.0,0,0,5,9,36,1,2.0,0
2018,1,SP,0,1,6,6,40,2405.0,0,0,3,9,26,1,2.0,0
2019,2,SP,0,1,6,6,44,1206.0,0,0,5,5,52,0,8.0,0
2019,9,SP,0,1,6,1,44,1566.0,0,0,1,7,38,0,2.0,0
2018,10,SP,0,1,6,1,22,555.0,0,0,5,6,30,0,2.0,0
2018,7,SP,1,1,25,9,44,1110.0,0,0,5,5,56,1,4.0,1
2018,6,SP,1,1,1,9,44,1108.0,0,0,6,4,19,1,8.0,1
2018,1,SP,1,1,2,9,44,1108.0,0,0,6,5,32,0,8.0,1
2019,5,SP,1,1,2,9,44,1163.0,0,0,6,7,21,1,8.0,1
2019,5,SP,1,1,2,9,44,1163.0,0,0,6,7,21,1,8.0,1
2019,8,SP,1,1,2,9,44,1163.0,0,0,6,4,37,1,2.0,1
2019,3,SP,1,1,2,7,44,1234.0,0,0,9,5,43,1,8.0,1
2018,8,SP,1,1,2,9,44,1108.0,0,0,6,7,24,1,2.0,1
2019,8,SP,1,1,2,9,44,1163.0,0,0,6,4,37,1,2.0,1
2019,5,SP,1,1,2,9,44,1163.0,0,0,6,7,21,1,8.0,1
2018,1,SP,1,1,2,9,44,1076.0,0,0,6,2,41,1,8.0,1
2019,5,SP,1,1,2,9,44,1163.0,0,0,6,7,21,1,8.0,1
2018,6,SP,1,1,2,9,44,1108.0,0,0,6,1,40,1,4.0,1
2019,5,SP,1,1,2,9,44,1163.0,0,0,6,7,21,1,8.0,1
2018,8,SP,1,1,2,9,44,1108.0,0,0,6,7,24,1,2.0,1
2018,5,SP,0,1,4,9,44,1764.0,0,0,7,7,30,1,2.0,0
2018,4,SP,0,1,4,9,44,1108.0,0,0,6,5,24,1,8.0,0
2018,4,SP,0,1,4,6,44,1620.0,0,0,7,3,28,1,2.0,0
2019,4,SP,0,1,4,9,44,1163.0,0,0,6,3,29,0,8.0,0
2018,12,SP,0,1,43,2,44,1039.0,0,0,5,7,25,0,2.0,0
2019,2,SP,1,1,1,3,44,1127.0,0,0,4,7,29,1,8.0,1
2018,1,SP,1,1,2,1,44,1276.0,0,0,4,4,25,1,8.0,1
2019,3,SP,1,1,2,6,44,1409.0,0,0,3,7,29,1,8.0,1
2019,10,SP,1,1,2,1,44,2000.0,0,0,1,8,21,0,8.0,1
2018,6,SP,1,1,2,4,44,1404.0,0,0,4,7,21,0,2.0,1
2018,8,SP,1,1,2,1,44,1244.0,0,0,3,7,35,0,2.0,1
2018,4,SP,1,1,2,5,44,1522.0,0,0,4,9,28,0,9.0,1
2018,7,SP,1,1,2,1,44,1400.0,0,0,4,9,29,0,8.0,1
2018,3,SP,1,1,2,4,44,1349.0,0,0,4,7,19,0,2.0,1
2018,3,SP,1,1,2,5,44,1434.0,0,0,7,7,22,1,8.0,1
2018,1,SP,1,1,2,9,44,1606.0,0,0,7,5,35,1,8.0,1
2019,5,SP,1,1,2,4,36,1152.0,0,0,3,7,21,0,2.0,1
2019,10,SP,0,1,4,1,44,1326.0,0,0,5,7,24,0,9.0,0
2019,5,SP,0,1,4,1,44,1399.0,0,0,9,7,23,1,8.0,0
2019,11,SP,0,1,4,5,44,1932.0,0,0,7,6,35,1,8.0,0
2019,8,SP,0,1,4,3,44,2842.0,0,0,1,7,26,1,2.0,0
2018,8,SP,0,1,4,2,44,1262.0,0,1,5,7,28,0,2.0,0
2018,12,SP,0,1,4,7,44,2600.0,0,0,2,8,44,0,8.0,0
2018,4,SP,0,1,4,1,44,1280.0,0,0,5,7,20,1,9.0,0
2018,4,SP,0,1,4,2,44,1210.0,0,0,5,5,52,0,8.0,0
2018,8,SP,0,1,6,1,44,1000.0,0,0,3,5,23,1,4.0,0
2018,10,SP,0,1,6,1,24,688.0,0,0,5,8,19,0,8.0,0
2019,5,SP,0,1,6,6,44,1294.0,0,0,4,7,29,1,2.0,0
2019,10,SP,0,1,6,1,44,1452.0,0,0,9,7,46,1,2.0,0
2019,5,SP,0,1,6,4,44,1417.0,0,0,5,7,42,0,4.0,0
2018,3,SP,0,1,11,1,44,1150.0,0,0,7,6,30,1,8.0,0
2018,12,SP,0,1,4,8,44,1192.0,0,0,6,4,24,1,9.0,0
2018,7,SP,0,1,6,8,44,1108.0,0,0,5,3,28,0,9.0,0
2018,12,SP,0,1,11,8,44,1674.0,0,0,7,2,43,1,9.0,0
2018,4,SP,1,3,2,1,44,1200.0,0,0,6,2,38,1,4.0,1
2019,12,SP,0,1,43,1,32,1600.0,0,0,3,7,34,0,2.0,0
2018,4,SP,1,1,2,2,44,1207.0,0,0,9,5,28,1,2.0,1
2019,6,SP,1,1,2,2,44,1163.0,0,0,5,7,48,0,2.0,1
2018,8,SP,0,1,43,2,44,1109.0,0,0,4,7,23,0,2.0,0
2019,1,SP,1,1,1,3,44,1439.0,0,0,4,7,19,1,8.0,1
2018,10,SP,0,1,4,2,44,1500.0,0,0,1,7,29,0,2.0,0
2018,1,SP,0,1,4,7,44,1648.0,0,0,7,5,32,1,2.0,0
2018,4,SP,1,1,2,5,44,1350.0,0,0,5,7,34,0,2.0,1
2018,11,SP,1,3,2,2,44,1175.0,0,0,6,7,41,0,2.0,1
2019,8,SP,1,1,2,3,44,1411.0,0,0,5,5,29,0,8.0,1
2019,1,SP,1,1,2,1,44,1411.0,0,0,5,7,23,0,2.0,1
2019,10,SP,1,1,2,1,36,1152.0,0,0,9,7,29,0,2.0,1
2018,4,SP,1,1,2,3,44,1499.0,0,0,8,5,41,1,2.0,1
2019,12,SP,0,1,4,6,44,3160.0,0,0,4,8,37,1,2.0,0
2019,12,SP,0,1,4,1,44,1165.0,0,0,3,7,33,1,2.0,0
2019,6,SP,0,1,4,1,44,1293.0,0,0,3,7,20,1,2.0,0
2018,12,SP,0,1,4,4,44,1923.0,0,0,1,9,59,1,2.0,0
2018,5,SP,0,1,11,3,44,1328.0,0,0,7,7,31,1,8.0,0
2018,8,SP,0,1,11,3,36,1431.0,0,0,4,7,21,1,2.0,0
2018,3,SP,1,1,2,5,44,1322.0,0,0,8,7,36,1,8.0,1
2019,11,SP,1,1,2,1,44,1108.0,0,0,5,7,24,0,2.0,1
2019,12,SP,1,1,2,4,44,1360.0,0,0,5,7,21,0,9.0,1
2019,4,SP,1,1,2,2,44,1440.0,0,0,5,7,38,0,8.0,1
2019,6,SP,1,1,2,1,44,1700.0,0,0,9,7,30,1,9.0,1
2019,11,SP,1,1,2,6,44,1660.0,0,0,3,7,38,1,2.0,1
2018,7,SP,0,3,6,2,44,1108.0,0,0,6,2,40,1,2.0,0
2019,6,SP,1,1,2,1,44,998.0,0,0,5,9,30,1,9.0,1
2018,8,SP,1,1,2,1,44,1600.0,0,0,7,6,42,1,2.0,1
2019,3,SP,1,1,2,5,44,1526.0,0,0,5,7,46,1,2.0,1
2018,6,SP,1,1,2,8,44,2312.0,0,0,3,7,33,0,2.0,1
2019,4,SP,1,1,2,3,44,1641.0,0,0,5,7,22,1,2.0,1
2019,3,SP,1,1,2,3,44,1320.0,0,0,3,9,33,0,9.0,1
2018,2,SP,1,1,2,6,44,1516.0,0,0,4,7,20,1,2.0,1
2018,2,SP,1,1,2,6,44,1516.0,0,0,4,7,20,1,2.0,1
2019,10,SP,1,1,2,3,44,3600.0,0,0,1,9,43,0,2.0,1
2018,1,SP,1,1,2,4,44,1759.0,0,0,4,7,23,1,8.0,1
2018,11,SP,1,1,2,6,44,1504.0,0,0,4,7,25,0,4.0,1
2019,8,SP,1,1,2,6,44,1409.0,0,0,5,5,25,1,2.0,1
2018,6,SP,1,1,2,1,44,1339.0,0,0,4,7,44,0,2.0,1
2019,12,SP,1,1,2,7,40,2038.0,0,0,3,7,29,0,2.0,1
2018,9,SP,1,1,2,1,44,1283.0,0,0,4,7,26,1,2.0,1
2018,3,SP,1,1,2,2,44,1160.0,0,0,5,7,46,0,2.0,1
2018,5,SP,1,1,2,1,44,4069.0,0,0,1,7,24,0,8.0,1
2019,9,SP,1,1,2,1,44,1560.0,0,0,4,6,58,1,2.0,1
2019,5,SP,1,1,2,1,44,1195.0,0,0,4,7,21,0,6.0,1
2018,2,SP,1,1,2,4,27,907.0,0,0,5,7,50,0,8.0,1
2018,9,SP,1,1,2,4,44,1420.0,0,0,7,7,22,1,2.0,1
2018,2,SP,1,1,2,6,44,1516.0,0,0,4,7,20,1,2.0,1
2019,8,SP,1,1,2,3,44,1649.0,0,0,5,7,22,1,2.0,1
2018,2,SP,1,1,2,3,38,1348.0,0,0,5,7,41,1,2.0,1
2018,5,SP,1,1,2,1,44,1240.0,0,0,5,7,29,0,2.0,1
2018,6,SP,1,1,2,8,44,1050.0,0,0,7,7,27,1,8.0,1
2019,2,SP,0,1,4,8,44,3428.0,0,0,3,7,32,1,2.0,0
2019,9,SP,0,1,4,6,36,2246.0,0,0,3,7,48,0,2.0,0
2018,11,SP,0,1,4,3,44,1165.0,0,0,3,7,31,0,2.0,0
2018,6,SP,0,1,4,7,44,1695.0,0,0,7,7,31,1,2.0,0
2019,12,SP,0,1,4,6,44,1645.0,0,0,9,7,37,1,8.0,0
2019,6,SP,0,1,4,6,44,11974.0,0,0,8,7,36,1,2.0,0
2019,4,SP,0,1,4,9,44,1307.0,0,0,6,3,39,1,8.0,0
2018,1,SP,0,1,4,4,44,1289.0,0,0,5,7,27,0,8.0,0
2018,12,SP,0,1,4,4,44,1246.0,0,0,5,7,23,1,2.0,0
2018,3,SP,0,1,4,9,44,1349.0,0,0,5,5,25,1,8.0,0
2019,6,SP,0,1,4,2,44,1160.0,0,0,5,7,23,1,9.0,0
2018,5,SP,0,1,4,4,44,1416.0,0,0,7,4,35,1,2.0,0
2019,9,SP,0,1,5,5,44,1504.0,0,0,4,7,26,0,8.0,0
2019,12,SP,0,1,6,5,44,1160.0,0,0,5,6,61,0,8.0,0
2019,7,SP,0,1,6,4,44,1195.0,0,0,3,7,42,0,2.0,0
2019,6,SP,0,1,6,7,44,1409.0,0,0,5,7,41,1,2.0,0
2018,9,SP,0,1,6,9,36,937.0,0,0,4,7,18,0,8.0,0
2018,2,SP,0,1,6,6,36,1348.0,0,0,5,7,32,1,4.0,0
2019,3,SP,0,1,6,4,44,1160.0,0,0,5,7,44,0,2.0,0
2018,4,SP,0,1,6,6,36,977.0,0,0,4,7,23,1,2.0,0
2018,5,SP,0,1,6,4,44,1278.0,0,0,5,7,22,1,8.0,0
2019,11,SP,0,1,6,1,36,999.0,0,0,4,7,23,0,2.0,0
2019,11,SP,0,1,6,8,44,1547.0,0,0,5,7,32,1,2.0,0
2018,9,SP,0,1,6,9,36,937.0,0,0,4,7,18,0,8.0,0
2018,1,SP,0,1,11,5,44,2486.0,0,0,7,7,51,1,2.0,0
2019,8,SP,0,1,11,6,44,1401.0,0,0,8,7,26,1,2.0,0
2019,2,SP,0,3,11,4,44,1170.0,0,0,6,7,25,1,2.0,0
2018,4,SP,0,1,11,6,20,477.0,1,0,4,7,19,0,2.0,0
2018,3,SP,1,1,25,6,44,2233.0,0,0,7,7,39,1,8.0,1
2019,10,SP,0,1,33,6,44,2419.0,0,0,7,7,49,1,2.0,0
2018,12,SP,1,1,1,6,44,1048.0,0,0,5,5,18,0,4.0,1
2019,9,SP,1,1,2,6,44,1599.0,0,0,7,7,24,1,8.0,1
2019,11,SP,1,1,2,4,44,1355.0,0,0,5,7,22,1,2.0,1
2019,10,SP,1,1,2,6,44,2673.0,0,0,3,9,29,0,2.0,1
2019,9,SP,1,1,2,4,44,2420.0,0,0,9,7,43,1,8.0,1
2018,8,SP,1,1,2,4,44,2640.0,0,0,9,8,49,1,2.0,1
2019,2,SP,1,1,2,2,44,1300.0,0,0,5,7,28,1,2.0,1
2018,10,SP,1,1,2,9,44,1108.0,0,0,6,5,21,1,2.0,1
2018,2,SP,1,1,2,4,21,517.0,0,0,3,7,18,0,8.0,1
2018,10,SP,1,1,2,9,44,1108.0,0,0,6,5,21,1,2.0,1
2019,2,SP,1,1,2,6,44,1661.0,0,0,7,7,40,1,2.0,1
2019,3,SP,0,1,4,2,44,1414.0,0,0,7,7,20,1,2.0,0
2019,7,SP,0,1,4,2,44,4243.0,0,0,4,9,33,0,2.0,0
2018,2,SP,0,1,4,5,44,0.0,0,0,6,4,26,1,2.0,0
2018,1,SP,0,1,4,5,44,1558.0,0,0,2,7,28,0,2.0,0
2018,6,SP,0,1,4,4,44,1067.0,0,0,7,5,62,1,8.0,0
2019,8,SP,0,1,4,1,44,3575.0,0,0,7,7,36,1,2.0,0
2019,1,SP,0,3,4,4,44,3609.0,0,0,6,2,35,1,2.0,0
2018,3,SP,0,1,6,8,40,1915.0,0,0,4,9,58,1,2.0,0
2018,6,SP,0,1,6,9,44,1108.0,0,0,6,3,51,0,2.0,0
2019,9,SP,0,1,11,6,44,2741.0,0,0,9,7,37,1,2.0,0
2019,9,SP,0,1,11,6,44,2741.0,0,0,9,7,37,1,2.0,0
2019,10,SP,0,1,43,2,44,2200.0,0,0,9,7,48,1,2.0,0
2019,10,SP,0,1,43,2,44,2200.0,0,0,9,7,48,1,2.0,0
2018,5,SP,0,1,43,1,44,3080.0,0,0,7,7,56,1,8.0,0
2019,9,SP,1,1,1,6,44,1177.0,0,0,7,7,18,1,2.0,1
2018,4,SP,1,1,2,4,44,1160.0,0,0,3,7,31,1,9.0,1
2019,9,SP,1,1,2,6,44,1751.0,0,0,7,5,29,1,8.0,1
2019,10,SP,0,1,4,2,44,1948.0,0,0,7,6,49,1,2.0,0
2018,5,SP,0,1,4,5,44,1296.0,0,0,3,5,25,1,2.0,0
2018,6,SP,0,1,11,5,44,3429.0,0,0,3,7,40,1,2.0,0
2018,3,SP,1,1,2,1,44,1723.0,0,0,7,7,37,1,2.0,1
2018,4,SP,0,1,6,4,25,700.0,0,0,5,7,35,0,8.0,0
2019,10,SP,1,1,2,1,44,1399.0,0,0,7,5,27,1,2.0,1
2019,3,SP,1,1,2,4,44,1816.0,0,0,7,7,34,1,2.0,1
2019,4,SP,0,1,4,1,44,1348.0,0,0,5,5,46,1,2.0,0
2019,2,SP,0,1,4,7,44,2606.0,0,0,8,7,42,1,2.0,0
2018,1,SP,0,1,6,1,44,1400.0,0,0,9,5,51,1,2.0,0
2018,7,SP,1,1,1,8,20,494.0,1,0,4,6,18,0,8.0,1
2019,3,SP,1,3,2,5,44,1174.0,0,0,6,6,23,1,4.0,1
2019,11,SP,1,3,2,2,44,1884.0,0,0,6,4,41,1,8.0,1
2018,8,SP,0,1,4,3,44,1445.0,0,0,5,7,23,0,8.0,0
2018,8,SP,0,1,6,6,36,1473.0,0,0,3,7,55,0,2.0,0
2019,5,SP,0,1,4,8,44,1430.0,0,0,7,7,20,1,4.0,0
2018,7,SP,1,1,2,9,44,1108.0,0,0,6,2,34,1,2.0,1
2018,7,SP,1,1,2,9,44,1108.0,0,0,6,2,34,1,2.0,1
2018,7,SP,1,1,2,9,44,1108.0,0,0,6,2,34,1,2.0,1
2018,7,SP,1,1,2,9,44,1108.0,0,0,6,2,34,1,2.0,1
2018,7,SP,1,1,2,9,44,1108.0,0,0,6,2,34,1,2.0,1
2019,8,SP,0,1,4,1,44,1268.0,0,0,7,7,19,1,2.0,0
2018,7,SP,1,3,1,5,44,1143.0,0,0,6,5,34,0,2.0,1
2019,2,SP,0,3,4,2,44,1200.0,0,0,6,7,19,1,2.0,0
2018,2,SP,0,1,4,8,44,1535.0,0,0,7,9,32,1,2.0,0
2018,2,SP,0,1,11,6,44,1347.0,0,0,7,5,21,1,8.0,0
2019,7,SP,0,3,11,1,44,1207.0,0,0,6,3,49,1,4.0,0
2018,7,SP,1,3,25,1,44,1166.0,0,0,6,3,34,0,8.0,1
2018,12,SP,0,1,4,9,44,1663.0,0,0,7,7,25,1,2.0,0
2018,3,SP,0,1,43,1,44,1120.0,0,0,6,7,39,0,8.0,0
2018,2,SP,1,1,2,8,44,1217.0,0,0,6,7,36,1,8.0,1
2018,6,SP,0,1,6,8,44,1117.0,0,0,7,4,25,0,8.0,0
2019,1,SP,1,1,1,1,44,1264.0,0,0,5,7,20,1,2.0,1
2019,9,SP,0,3,4,3,44,1221.0,0,0,6,7,59,1,2.0,0
2019,2,SP,1,1,2,4,44,1902.0,0,0,7,5,60,1,2.0,1
2019,1,SP,1,1,2,4,44,1397.0,0,0,5,7,25,0,9.0,1
2018,4,SP,0,3,4,3,44,1174.0,0,0,6,5,34,0,2.0,0
2018,5,SP,0,1,6,3,44,1441.0,0,0,7,7,28,1,2.0,0
2018,9,SP,1,1,1,5,44,988.0,0,0,7,7,18,1,2.0,1
2018,7,SP,1,1,2,8,30,1125.0,1,0,4,7,21,1,8.0,1
2019,8,SP,1,1,2,2,44,1500.0,0,0,9,7,28,1,4.0,1
2019,1,SP,1,1,1,1,44,1100.0,0,0,5,7,18,1,2.0,1
2019,5,SP,1,1,2,3,44,1752.0,0,0,7,7,36,1,2.0,1
2019,4,SP,1,1,2,1,44,1350.0,0,0,6,7,27,1,8.0,1
2019,5,SP,1,1,2,3,44,2153.0,0,0,7,7,29,1,2.0,1
2019,4,SP,0,1,4,9,44,3396.0,0,0,3,7,37,0,8.0,0
2018,12,SP,0,1,4,1,44,1606.0,0,0,3,7,46,0,2.0,0
2018,5,SP,0,1,6,2,44,1265.0,0,0,5,7,52,0,2.0,0
2019,6,SP,0,1,11,9,44,1388.0,0,0,7,7,24,1,2.0,0
2019,3,SP,0,1,11,1,44,1825.0,0,0,5,5,30,1,8.0,0
2019,11,SP,1,1,2,1,44,2640.0,0,0,7,5,31,1,2.0,1
2019,5,SP,1,1,2,1,44,1817.0,0,0,8,5,36,1,2.0,1
2018,9,SP,0,1,4,2,44,1693.0,0,0,7,7,58,1,2.0,0
2018,3,SP,0,1,6,1,40,1076.0,0,0,5,7,60,0,2.0,0
2018,3,SP,1,1,2,4,44,1261.0,0,0,5,5,29,0,8.0,1
2018,3,SP,0,1,4,6,44,5055.0,0,0,1,7,33,1,2.0,0
2019,8,SP,0,1,6,5,30,562.0,1,0,4,7,16,0,8.0,0
2019,7,SP,1,1,2,1,44,1957.0,0,0,7,6,34,1,2.0,1
2018,6,SP,1,1,2,3,44,2000.0,0,0,7,7,24,1,8.0,1
2018,11,SP,1,1,2,4,44,6000.0,0,0,9,5,26,1,9.0,1
2019,10,SP,1,1,2,4,44,1574.0,0,0,5,7,44,0,2.0,1
2018,11,SP,0,1,4,3,44,1200.0,0,0,5,7,46,1,2.0,0
2018,11,SP,0,1,4,6,44,2500.0,0,0,4,9,44,0,9.0,0
2019,2,SP,1,1,1,4,44,1386.0,0,0,1,7,26,1,2.0,1
2018,11,SP,1,1,1,4,26,788.0,0,0,4,7,36,1,9.0,1
2019,1,SP,1,1,2,1,44,2206.0,0,0,7,7,29,1,2.0,1
2019,9,SP,1,1,2,1,44,1174.0,0,0,5,5,20,1,4.0,1
2019,7,SP,1,1,2,6,44,1396.0,0,0,4,7,31,0,8.0,1
2019,1,SP,1,1,2,6,44,1448.0,0,0,5,2,45,0,8.0,1
2019,5,SP,1,1,2,1,44,2329.0,0,0,7,7,49,1,2.0,1
2019,11,SP,1,1,2,6,44,1386.0,0,0,4,7,28,0,2.0,1
2019,5,SP,1,1,2,3,44,1082.0,0,0,5,7,28,0,4.0,1
2019,10,SP,1,1,2,6,44,1207.0,0,0,7,7,20,1,4.0,1
2018,5,SP,1,1,2,8,44,1110.0,0,0,5,4,36,0,8.0,1
2018,5,SP,1,1,2,8,36,1224.0,0,0,4,7,25,0,1.0,1
2018,12,SP,1,1,2,2,44,1500.0,0,0,5,4,30,0,8.0,1
2019,9,SP,1,1,2,4,36,1396.0,0,0,5,7,19,0,2.0,1
2018,2,SP,1,1,2,6,44,1177.0,0,0,7,7,23,1,4.0,1
2019,4,SP,1,1,2,9,44,1267.0,0,0,5,7,27,1,8.0,1
2018,10,SP,1,1,2,3,44,1752.0,0,0,7,5,24,1,9.0,1
2019,4,SP,1,1,2,2,44,1250.0,0,0,3,7,34,0,2.0,1
2018,10,SP,1,1,2,1,44,7856.0,0,0,2,9,43,1,2.0,1
2019,7,SP,1,1,2,3,44,1800.0,0,0,4,7,26,1,2.0,1
2018,5,SP,1,1,2,1,44,1177.0,0,0,3,7,21,0,2.0,1
2019,8,SP,1,1,2,5,44,1596.0,0,0,7,7,39,0,9.0,1
2019,10,SP,1,1,2,9,36,1127.0,0,0,4,9,25,0,8.0,1
2018,2,SP,1,1,2,3,44,1240.0,0,0,4,7,43,0,2.0,1
2019,7,SP,1,1,2,5,43,3448.0,0,0,7,7,38,0,2.0,1
2019,4,SP,1,1,2,5,44,1396.0,0,0,5,7,43,1,2.0,1
2019,2,SP,1,1,2,6,44,1117.0,0,0,5,7,19,1,8.0,1
2019,6,SP,1,1,2,9,44,1642.0,0,0,7,7,27,1,8.0,1
2018,9,SP,1,1,2,1,44,988.0,0,0,3,7,20,0,2.0,1
2018,9,SP,1,1,2,8,44,1349.0,0,0,5,6,33,1,8.0,1
2019,10,SP,1,1,2,6,44,1207.0,0,0,7,7,20,1,4.0,1
2018,8,SP,0,1,4,7,44,0.0,0,0,8,7,36,1,8.0,0
2018,6,SP,0,1,4,6,42,2745.0,0,0,2,9,22,0,2.0,0
2019,2,SP,0,1,4,5,44,1348.0,0,0,5,7,27,1,8.0,0
2019,6,SP,0,1,4,2,44,1284.0,0,0,5,6,27,0,2.0,0
2018,8,SP,0,1,4,8,44,4590.0,0,0,4,9,36,0,8.0,0
2019,4,SP,0,1,4,4,44,1831.0,0,0,5,7,29,1,2.0,0
2019,11,SP,0,1,4,4,44,1348.0,0,0,3,7,23,1,8.0,0
2019,2,SP,0,1,4,6,44,1733.0,0,0,7,7,31,1,2.0,0
2018,10,SP,0,1,4,5,44,1110.0,0,0,5,7,41,0,8.0,0
2019,7,SP,0,1,4,3,44,1160.0,0,0,5,7,31,0,8.0,0
2018,4,SP,0,1,4,5,44,3000.0,0,0,3,9,41,1,2.0,0
2018,5,SP,0,1,4,2,44,1202.0,0,0,5,6,22,1,2.0,0
2019,3,SP,0,1,4,6,44,1881.0,0,0,5,4,34,1,2.0,0
2018,1,SP,0,1,4,4,44,1428.0,0,0,4,7,29,1,2.0,0
2019,5,SP,0,1,4,5,44,3394.0,0,0,9,5,56,1,4.0,0
2018,5,SP,0,1,4,2,44,1240.0,0,0,5,7,20,1,8.0,0
2019,7,SP,0,1,4,3,44,1310.0,0,0,4,7,22,0,8.0,0
2019,10,SP,0,1,4,9,44,2266.0,0,1,4,7,39,0,2.0,0
2018,6,SP,0,1,5,1,44,1093.0,0,0,7,6,18,1,2.0,0
2018,11,SP,0,1,5,6,44,1349.0,0,0,5,7,30,1,8.0,0
2019,10,SP,0,1,5,9,44,1824.0,0,0,7,7,28,1,2.0,0
2018,8,SP,0,1,6,4,44,1152.0,0,0,5,7,21,1,2.0,0
2019,10,SP,0,1,6,8,36,1060.0,0,0,4,7,23,0,2.0,0
2019,4,SP,0,1,6,2,44,1465.0,0,0,3,7,22,0,8.0,0
2018,12,SP,0,1,6,4,44,2015.0,0,0,7,5,27,1,4.0,0
2019,7,SP,0,1,6,5,44,1400.0,0,0,5,7,18,1,8.0,0
2019,2,SP,0,1,6,2,44,3163.0,0,0,5,7,32,0,8.0,0
2019,2,SP,0,1,6,4,44,1356.0,0,0,4,7,27,0,2.0,0
2019,7,SP,0,1,6,4,44,2765.0,0,0,4,7,41,1,2.0,0
2019,7,SP,0,1,6,5,36,1602.0,0,0,3,7,38,0,8.0,0
2018,3,SP,0,1,11,1,44,1723.0,0,0,7,7,33,1,8.0,0
2018,4,SP,0,1,11,5,44,1731.0,0,0,7,7,41,1,9.0,0
2019,4,SP,0,1,11,8,36,1016.0,0,0,4,7,24,0,2.0,0
2018,5,SP,0,1,11,1,44,1221.0,0,0,2,7,18,0,2.0,0
2019,8,SP,0,1,11,4,44,1514.0,0,0,7,7,24,1,8.0,0
2018,1,SP,1,1,25,6,44,5460.0,0,0,2,9,23,0,2.0,1
2018,11,SP,1,1,25,8,30,650.0,1,0,4,7,18,1,8.0,1
2018,10,SP,1,1,25,9,40,1242.0,0,0,3,5,51,0,8.0,1
2018,7,SP,0,1,43,9,40,1242.0,0,0,3,7,57,0,2.0,0
2018,1,SP,0,1,33,3,44,2056.0,0,0,4,7,26,1,2.0,0
2019,3,SP,0,1,33,4,44,2062.0,0,0,4,8,23,0,8.0,0
2018,5,SP,0,1,4,8,44,1458.0,0,0,7,7,24,1,2.0,0
2019,1,SP,0,1,4,3,44,1800.0,0,0,3,5,53,1,2.0,0
2018,5,SP,0,1,6,6,36,954.0,1,0,4,7,21,1,2.0,0
2019,4,SP,0,1,6,5,44,1573.0,0,0,4,9,32,0,2.0,0
2018,3,SP,0,1,6,6,44,1322.0,0,0,5,5,33,0,2.0,0
2018,8,SP,0,1,6,4,44,1322.0,0,0,5,6,40,0,2.0,0
2018,5,SP,1,1,2,1,44,1800.0,0,0,5,6,42,0,2.0,1
2019,3,SP,1,1,2,6,24,1166.0,0,0,3,9,27,1,2.0,1
2019,7,SP,1,1,2,6,36,3012.0,0,0,2,9,41,0,2.0,1
2019,2,SP,1,1,2,3,44,1212.0,0,0,5,7,39,0,2.0,1
2019,12,SP,1,1,2,1,36,1355.0,0,0,5,8,19,0,4.0,1
2018,9,SP,0,1,4,5,44,1297.0,0,0,5,8,21,0,8.0,0
2018,9,SP,0,1,4,1,44,1060.0,0,0,5,6,19,1,2.0,0
2019,9,SP,0,1,4,3,44,1408.0,0,0,5,7,43,0,2.0,0
2018,4,SP,0,1,4,5,44,1486.0,0,0,5,7,32,1,2.0,0
2018,2,SP,0,1,6,1,44,1593.0,0,0,4,7,46,1,2.0,0
2019,1,SP,0,1,6,5,44,1777.0,0,0,5,7,60,0,2.0,0
2019,9,SP,0,1,11,1,44,1342.0,0,0,2,7,37,0,2.0,0
2018,12,SP,0,1,11,2,36,954.0,0,0,5,7,18,0,2.0,0
2019,6,SP,1,1,2,1,44,1999.0,0,0,7,5,59,1,2.0,1
2019,2,SP,1,1,2,6,44,1440.0,0,0,7,7,21,1,2.0,1
2019,2,SP,1,1,2,6,44,1440.0,0,0,7,7,21,1,2.0,1
2019,2,SP,1,1,2,6,44,1440.0,0,0,7,7,21,1,2.0,1
2019,9,SP,0,1,11,4,44,1210.0,0,0,6,3,25,1,8.0,0
2019,8,SP,1,3,2,1,44,1125.0,0,0,6,6,55,1,2.0,1
2019,11,SP,0,1,4,2,36,998.0,0,0,5,7,29,0,8.0,0
2018,1,SP,0,1,4,1,44,997.0,0,0,7,7,20,0,2.0,0
2018,7,SP,1,1,2,8,44,1251.0,0,0,4,9,35,1,2.0,1
2018,7,SP,0,1,11,8,44,1137.0,0,0,6,7,21,1,9.0,0
2019,3,SP,0,1,4,1,44,1388.0,0,0,7,7,21,1,2.0,0
2018,8,SP,1,3,2,4,44,1128.0,0,0,6,3,40,1,4.0,1
2019,12,SP,1,3,2,6,44,1168.0,0,0,6,6,24,1,2.0,1
2018,1,SP,0,1,6,6,44,1095.0,0,0,7,5,38,0,2.0,0
2018,10,SP,0,3,11,3,44,1600.0,0,0,5,6,46,0,2.0,0
2018,4,SP,1,3,2,1,44,1108.0,0,0,6,5,35,1,9.0,1
2018,5,SP,1,1,2,2,44,1215.0,0,0,7,7,32,1,2.0,1
2018,10,SP,1,1,2,3,44,1434.0,0,0,8,7,61,1,2.0,1
2019,7,SP,0,3,4,4,44,1165.0,0,0,6,5,37,1,2.0,0
2018,1,SP,0,1,43,1,44,1614.0,0,0,7,5,45,1,9.0,0
2018,1,SP,1,1,2,1,32,1021.0,0,0,5,6,22,1,8.0,1
2018,9,SP,1,1,2,1,44,1440.0,0,0,5,5,31,1,2.0,1
2019,10,SP,1,1,2,7,44,3956.0,0,0,3,7,51,1,2.0,1
2019,3,SP,1,1,2,3,44,3692.0,0,0,2,9,28,0,2.0,1
2019,5,SP,1,1,2,3,44,1311.0,0,0,5,7,27,1,2.0,1
2019,11,SP,1,1,2,6,44,2220.0,0,0,7,7,48,1,8.0,1
2018,4,SP,1,1,2,6,44,1660.0,0,0,7,7,38,1,2.0,1
2019,11,SP,1,1,2,7,44,1870.0,0,0,7,7,24,1,2.0,1
2019,8,SP,1,1,2,1,44,1497.0,0,0,5,2,44,0,8.0,1
2019,4,SP,1,1,2,3,44,4389.0,0,0,7,7,58,1,2.0,1
2018,1,SP,1,1,2,5,44,1500.0,0,0,7,7,28,1,2.0,1
2018,4,SP,1,1,2,3,44,1262.0,0,0,5,8,26,0,4.0,1
2019,8,SP,1,1,2,3,44,1403.0,0,0,4,7,36,0,2.0,1
2019,8,SP,0,1,4,1,44,3000.0,0,0,1,7,33,1,9.0,0
2018,2,SP,0,1,4,7,44,1486.0,0,0,5,6,36,1,9.0,0
2019,6,SP,1,1,25,9,44,1332.0,0,0,5,4,35,0,8.0,1
2019,4,SP,1,1,2,3,44,1160.0,0,0,5,7,26,0,2.0,1
2019,4,SP,1,1,2,3,44,1160.0,0,0,5,7,26,0,2.0,1
2018,3,SP,1,1,2,1,44,1513.0,0,0,7,7,35,1,2.0,1
2019,1,SP,1,1,2,1,44,1311.0,0,0,5,6,35,0,2.0,1
2018,11,SP,1,1,2,6,44,1171.0,0,0,5,6,44,1,8.0,1
2019,8,SP,1,1,2,1,22,1331.0,0,0,2,9,23,0,2.0,1
2018,3,SP,0,1,4,6,44,1514.0,0,0,7,7,34,0,4.0,0
2019,4,SP,1,1,1,2,44,1490.0,0,0,8,7,19,1,9.0,1
2018,1,SP,1,1,2,6,37,636.0,0,0,5,4,35,0,9.0,1
2018,5,SP,1,1,2,4,20,593.0,0,0,3,9,23,0,6.0,1
2019,4,SP,1,1,2,1,44,1600.0,0,0,7,7,33,1,2.0,1
2018,1,SP,1,1,2,6,44,1433.0,0,0,4,7,26,0,2.0,1
2018,7,SP,0,1,4,3,44,3500.0,0,0,7,5,41,1,2.0,0
2019,11,SP,1,1,2,1,44,2800.0,0,0,7,7,53,1,8.0,1
2019,7,SP,1,1,2,3,44,1691.0,0,0,6,4,41,1,2.0,1
2019,11,SP,0,1,11,9,44,3395.0,0,0,6,5,40,1,9.0,0
2019,2,SP,1,1,1,2,44,1200.0,0,0,5,7,24,0,2.0,1
2018,9,SP,1,1,2,1,44,1560.0,0,0,3,7,21,1,2.0,1
2018,12,SP,0,1,4,1,44,1500.0,0,0,5,7,27,1,2.0,0
2019,10,SP,1,1,2,1,44,1269.0,0,0,5,6,44,1,2.0,1
2019,10,SP,1,3,2,6,44,1365.0,0,0,6,7,30,0,2.0,1
2019,2,SP,1,1,2,5,22,1809.0,0,0,2,9,28,0,9.0,1
2019,10,SP,1,3,2,6,44,1365.0,0,0,6,7,30,0,2.0,1
2018,7,SP,0,1,4,2,44,1339.0,0,0,5,7,25,0,2.0,0
2019,6,SP,0,1,4,1,44,1116.0,0,0,7,7,29,1,2.0,0
2018,10,SP,0,1,4,1,44,1338.0,0,0,5,7,26,0,2.0,0
2018,10,SP,1,1,2,1,44,1338.0,0,0,5,6,29,0,2.0,1
2019,4,SP,1,1,2,4,44,1130.0,0,0,6,6,24,1,2.0,1
2018,4,SP,0,1,11,1,44,1121.0,0,0,5,6,23,1,2.0,0
2019,12,SP,0,3,11,1,44,1197.0,0,0,6,4,19,0,2.0,0
2019,5,SP,1,1,1,1,44,1144.0,0,0,5,7,22,0,2.0,1
2018,3,SP,1,1,2,3,44,3500.0,0,0,5,6,52,1,2.0,1
2018,5,SP,1,1,2,2,44,1110.0,0,0,5,7,29,1,2.0,1
2019,11,SP,1,1,2,1,36,964.0,0,0,5,7,36,0,2.0,1
2018,8,SP,1,1,2,1,44,1753.0,0,0,7,5,70,1,9.0,1
2018,2,SP,1,1,2,4,44,1108.0,0,0,3,4,50,0,2.0,1
2019,1,SP,1,1,2,5,20,674.0,1,0,7,7,18,1,2.0,1
2018,4,SP,0,1,4,6,44,1349.0,0,0,3,7,30,1,2.0,0
2019,12,SP,0,1,4,4,36,1087.0,0,0,5,5,35,0,2.0,0
2018,5,SP,0,1,4,5,44,3000.0,0,0,3,9,24,0,2.0,0
2019,3,SP,0,1,5,2,44,1280.0,0,0,8,7,35,1,8.0,0
2018,10,SP,0,1,6,1,44,1200.0,0,0,5,7,38,1,2.0,0
2018,6,SP,0,1,6,4,44,1345.0,0,0,3,7,40,1,2.0,0
2018,6,SP,0,1,6,3,44,1747.0,0,0,7,7,32,1,2.0,0
2018,3,SP,1,1,25,5,44,1416.0,0,0,3,7,45,1,4.0,1
2018,6,SP,0,1,11,2,44,1252.0,0,0,7,7,61,0,2.0,0
2018,10,SP,1,1,1,6,30,814.0,1,0,4,7,21,0,2.0,1
2019,12,SP,1,1,1,1,44,1459.0,0,0,4,7,19,0,2.0,1
2019,11,SP,1,1,1,6,44,2326.0,0,0,4,9,29,1,2.0,1
2018,6,SP,1,1,1,9,44,2252.0,0,0,7,7,25,1,2.0,1
2018,3,SP,1,1,1,6,30,651.0,1,0,4,6,17,0,2.0,1
2019,4,SP,1,1,2,9,44,1511.0,0,0,6,5,26,1,8.0,1
2019,12,SP,1,1,2,6,40,1401.0,0,0,7,7,26,1,2.0,1
2018,6,SP,1,1,2,5,44,1338.0,0,0,5,7,31,0,9.0,1
2019,5,SP,1,1,2,4,20,8594.0,0,0,2,9,44,0,9.0,1
2019,4,SP,1,1,2,9,44,1511.0,0,0,6,5,26,1,8.0,1
2018,7,SP,1,1,2,3,40,2604.0,0,0,2,9,39,1,2.0,1
2019,3,SP,1,1,2,5,40,4811.0,0,0,4,9,28,0,2.0,1
2019,6,SP,1,1,2,4,30,816.0,0,0,5,7,20,1,8.0,1
2019,5,SP,1,1,2,4,43,1789.0,0,0,8,7,26,1,9.0,1
2018,10,SP,1,1,2,8,44,1597.0,0,0,7,7,20,1,2.0,1
2018,1,SP,1,1,2,2,44,1355.0,0,0,8,7,29,1,2.0,1
2019,3,SP,1,1,2,6,44,2116.0,0,0,7,7,32,1,2.0,1
2019,12,SP,1,1,2,3,44,1395.0,0,0,1,7,25,0,2.0,1
2019,3,SP,1,1,2,1,44,1280.0,0,0,5,7,18,1,8.0,1
2018,7,SP,1,1,2,6,44,1150.0,0,0,8,7,32,1,2.0,1
2019,2,SP,1,1,2,9,36,1899.0,0,0,3,8,43,0,4.0,1
2019,6,SP,1,1,2,5,44,2102.0,0,0,4,9,40,1,2.0,1
2019,5,SP,1,1,2,2,44,2276.0,0,0,6,3,37,1,2.0,1
2019,12,SP,1,1,2,5,44,1645.0,0,0,4,7,26,0,2.0,1
2019,8,SP,1,1,2,3,42,1800.0,0,0,4,7,32,0,2.0,1
2018,4,SP,1,1,2,5,40,2318.0,0,0,4,9,25,0,2.0,1
2018,5,SP,0,1,4,3,44,1854.0,0,0,4,7,31,0,2.0,0
2019,8,SP,0,1,4,3,43,1255.0,0,0,5,7,39,0,2.0,0
2018,11,SP,0,1,4,1,25,1600.0,0,0,4,8,45,0,2.0,0
2019,12,SP,0,1,4,1,44,4879.0,0,0,1,8,39,1,8.0,0
2018,2,SP,0,1,4,1,44,1233.0,0,0,1,7,21,0,2.0,0
2018,5,SP,0,1,4,2,44,2000.0,0,0,4,6,20,1,2.0,0
2018,11,SP,0,1,4,7,44,1200.0,0,0,8,5,33,1,8.0,0
2019,4,SP,0,1,4,7,44,1973.0,0,0,7,7,33,1,2.0,0
2019,9,SP,0,1,4,1,44,1451.0,0,0,5,7,35,1,2.0,0
2018,3,SP,0,1,4,1,44,1500.0,0,0,2,9,57,1,2.0,0
2019,2,SP,0,1,4,5,44,1675.0,0,0,5,7,35,0,2.0,0
2018,1,SP,0,1,4,3,44,3187.0,0,0,7,7,42,1,2.0,0
2019,8,SP,0,1,4,5,44,2932.0,0,0,7,7,49,1,2.0,0
2019,12,SP,0,1,4,6,44,1840.0,0,0,7,3,51,1,8.0,0
2018,8,SP,0,1,4,1,44,1590.0,0,0,7,7,34,1,2.0,0
2018,12,SP,0,1,4,5,44,1591.0,0,0,7,9,39,1,2.0,0
2018,12,SP,0,1,4,3,44,1556.0,0,0,7,3,33,1,2.0,0
2018,2,SP,0,1,4,3,44,1109.0,0,0,5,7,22,1,2.0,0
2019,10,SP,0,1,5,5,44,2860.0,0,0,7,7,37,1,2.0,0
2018,7,SP,0,1,6,3,44,2703.0,0,0,9,7,61,1,2.0,0
2018,3,SP,0,1,6,6,44,1338.0,0,0,5,7,54,0,9.0,0
2018,7,SP,0,1,6,2,40,3291.0,0,0,4,7,41,0,2.0,0
2019,5,SP,0,1,6,2,44,1396.0,0,0,5,7,25,1,4.0,0
2019,3,SP,0,1,6,9,44,5297.0,0,0,2,9,45,1,2.0,0
2018,7,SP,0,1,6,1,20,4029.0,0,0,2,9,38,1,9.0,0
2018,1,SP,0,3,11,5,44,1113.0,0,0,5,7,19,0,2.0,0
2019,7,SP,0,1,11,4,44,1792.0,0,0,7,6,57,1,2.0,0
2019,11,SP,0,1,43,1,44,1760.0,0,0,6,7,60,1,4.0,0
2018,9,SP,1,1,2,1,44,1366.0,0,0,4,7,20,1,2.0,1
2019,8,SP,1,1,2,4,22,1163.0,0,0,5,7,25,0,2.0,1
2018,9,SP,1,1,2,1,44,1366.0,0,0,4,7,20,1,2.0,1
2019,4,SP,0,1,4,1,44,1352.0,0,0,5,7,45,1,2.0,0
2019,8,SP,0,3,11,1,44,1172.0,0,0,6,3,32,1,2.0,0
2019,9,SP,1,1,1,1,44,1163.0,0,0,5,7,23,1,2.0,1
2018,2,SP,1,3,2,4,44,1108.0,0,0,6,7,22,1,2.0,1
2019,1,SP,0,1,6,4,20,1458.0,0,0,3,9,34,0,2.0,0
2018,8,SP,1,1,2,2,44,1300.0,0,0,8,7,32,1,2.0,1
2019,8,SP,1,1,2,2,44,2216.0,0,0,7,5,45,1,8.0,1
2018,8,SP,1,1,2,5,44,1194.0,0,0,5,7,59,0,2.0,1
2018,9,SP,0,1,4,5,44,1015.0,0,0,5,6,46,0,8.0,0
2018,7,SP,1,1,1,5,44,1200.0,0,0,4,7,24,1,2.0,1
2018,11,SP,1,1,2,3,44,1860.0,0,0,7,7,27,1,8.0,1
2019,1,SP,1,1,1,2,44,1512.0,0,0,5,7,20,1,8.0,1
2018,4,SP,1,1,2,2,37,1161.0,0,0,5,7,45,0,8.0,1
2019,6,SP,1,1,2,9,44,1163.0,0,0,6,3,48,1,2.0,1
2019,6,SP,1,1,2,9,44,1163.0,0,0,6,3,48,1,2.0,1
2019,6,SP,1,1,2,9,44,1163.0,0,0,6,3,48,1,2.0,1
2019,7,SP,1,1,2,2,44,1240.0,0,0,5,6,32,0,4.0,1
2019,2,SP,1,1,2,6,44,1752.0,0,0,7,5,38,1,8.0,1
2018,9,SP,1,1,2,9,44,1108.0,0,0,6,2,40,0,2.0,1
2019,1,SP,1,1,2,9,44,1459.0,0,0,6,7,23,1,2.0,1
2018,3,SP,1,1,2,4,44,1290.0,0,0,5,7,21,1,9.0,1
2019,1,SP,0,1,4,9,44,1108.0,0,0,6,2,53,1,2.0,0
2018,9,SP,0,1,4,5,44,1527.0,0,0,7,5,23,1,9.0,0
2019,1,SP,0,1,4,9,44,1108.0,0,0,6,2,53,1,2.0,0
2018,3,SP,0,1,4,9,44,1108.0,0,0,6,2,23,1,2.0,0
2018,12,SP,0,1,4,9,44,1108.0,0,0,6,2,22,1,2.0,0
2019,5,SP,0,1,4,4,44,1647.0,0,0,4,5,31,0,2.0,0
2019,1,SP,0,1,4,9,44,1108.0,0,0,6,2,36,1,8.0,0
2018,12,SP,0,1,5,9,44,1108.0,0,0,6,2,28,0,8.0,0
2019,7,SP,0,1,6,9,44,1163.0,0,0,6,3,22,0,2.0,0
2018,12,SP,0,1,11,7,44,1716.0,0,0,6,5,55,1,2.0,0
2019,8,SP,1,1,25,2,29,2058.0,0,0,2,9,46,0,2.0,1
2018,11,SP,1,1,1,3,44,1333.0,0,0,5,6,29,1,2.0,1
2018,1,SP,1,1,2,3,44,1112.0,0,0,7,7,24,1,2.0,1
2018,8,SP,0,3,4,1,44,1150.0,0,0,6,7,24,1,2.0,0
2018,1,SP,1,1,2,9,44,1016.0,0,0,6,2,38,1,8.0,1
2019,11,SP,0,1,11,9,44,2103.0,0,0,9,7,34,1,8.0,0
2018,4,SP,1,1,25,8,44,1509.0,0,0,7,5,43,1,8.0,1
2018,8,SP,1,1,2,9,44,1644.0,0,0,7,7,39,1,2.0,1
2018,5,SP,1,1,1,1,44,1339.0,0,0,5,8,19,1,2.0,1
2019,9,SP,1,1,2,5,44,1264.0,0,0,7,9,18,0,2.0,1
2019,2,SP,1,1,2,8,36,1016.0,0,0,4,7,18,0,2.0,1
2019,8,SP,1,1,2,6,44,1400.0,0,0,4,7,34,0,4.0,1
2019,2,SP,1,1,2,8,36,1016.0,0,0,4,7,18,0,2.0,1
2018,11,SP,0,1,4,9,44,1256.0,0,0,5,7,42,1,2.0,0
2019,6,SP,0,1,4,8,36,1035.0,0,0,4,7,26,0,8.0,0
2019,4,SP,0,1,4,8,36,1119.0,0,0,4,7,32,0,2.0,0
2019,9,SP,0,3,4,4,44,1810.0,0,0,3,9,30,0,9.0,0
2018,4,SP,0,1,4,1,44,1239.0,0,0,5,5,18,0,8.0,0
2019,5,SP,0,1,4,6,44,2531.0,0,0,7,7,47,1,2.0,0
2019,10,SP,0,1,4,6,44,1882.0,0,0,4,7,46,0,2.0,0
2018,8,SP,0,1,4,7,44,1240.0,0,0,7,7,23,1,8.0,0
2019,9,SP,0,1,6,9,36,1016.0,0,0,4,7,24,1,2.0,0
2018,10,SP,0,1,6,9,44,1110.0,0,0,5,6,34,0,4.0,0
2019,7,SP,0,1,11,9,36,1016.0,0,0,4,7,22,0,8.0,0
2019,7,SP,0,1,11,9,36,1016.0,0,0,4,7,22,0,8.0,0
2018,12,SP,0,1,43,5,44,1752.0,0,0,7,5,32,1,8.0,0
2019,7,SP,0,1,6,4,44,1108.0,0,0,6,7,31,0,8.0,0
2019,5,SP,1,1,2,7,44,1163.0,0,0,6,4,30,1,4.0,1
2019,6,SP,1,1,2,1,44,1980.0,0,0,9,5,27,1,2.0,1
2018,12,SP,0,1,11,7,44,1108.0,0,0,6,3,52,1,8.0,0
2018,12,SP,0,1,11,9,44,1766.0,0,0,9,4,47,1,8.0,0
2018,2,SP,0,1,4,4,44,1108.0,0,0,7,7,21,0,4.0,0
2018,10,SP,0,1,11,4,44,1136.0,0,0,7,4,25,0,8.0,0
2018,11,SP,0,3,4,2,44,1640.0,0,0,6,4,50,1,2.0,0
2018,6,SP,0,1,4,8,44,1648.0,0,0,6,3,55,1,2.0,0
2018,5,SP,1,1,1,5,44,1100.0,0,0,7,7,20,1,4.0,1
2019,4,SP,1,1,1,5,44,1182.0,0,0,7,6,29,1,2.0,1
2019,10,SP,0,1,4,1,44,1398.0,0,0,5,7,32,1,2.0,0
2019,7,SP,0,1,6,4,44,1163.0,0,0,6,7,37,1,2.0,0
2019,5,SP,0,1,6,3,44,1398.0,0,0,5,7,31,0,2.0,0
2019,9,SP,1,1,2,4,44,1163.0,0,0,8,7,40,0,8.0,1
2019,10,SP,1,1,2,7,44,1180.0,0,0,8,7,21,1,8.0,1
2019,4,SP,1,1,2,1,44,1255.0,0,0,5,7,19,0,2.0,1
2019,4,SP,0,1,4,4,44,1797.0,0,0,3,5,41,1,2.0,0
2019,3,SP,0,1,11,6,44,1392.0,0,0,5,7,28,1,4.0,0
2018,2,SP,1,1,2,4,44,1927.0,0,0,7,5,38,1,2.0,1
2018,1,SP,0,3,6,1,44,1108.0,0,0,6,2,31,1,2.0,0
2019,1,SP,1,1,2,9,44,1115.0,0,0,6,7,40,1,8.0,1
2018,3,SP,0,1,4,5,44,2439.0,0,0,7,7,46,1,8.0,0
2018,10,SP,1,1,1,6,30,672.0,1,0,4,6,15,0,8.0,1
2018,10,SP,1,1,1,6,30,672.0,1,0,4,6,15,0,8.0,1
2018,12,SP,1,1,1,1,40,1800.0,0,0,5,5,20,1,8.0,1
2018,10,SP,1,1,1,6,30,672.0,1,0,4,6,15,0,8.0,1
2018,10,SP,1,1,1,6,30,672.0,1,0,4,6,15,0,8.0,1
2018,8,SP,1,1,2,2,44,5250.0,0,0,2,9,62,0,2.0,1
2019,9,SP,1,1,2,2,44,1357.0,0,0,5,7,42,1,8.0,1
2019,7,SP,1,1,2,1,44,1331.0,0,0,5,7,22,0,4.0,1
2019,3,SP,1,1,2,3,44,1100.0,0,0,7,7,20,0,9.0,1
2018,10,SP,0,1,4,3,44,1293.0,0,0,1,7,28,1,2.0,0
2019,7,SP,0,1,4,4,44,1500.0,0,0,8,6,34,1,2.0,0
2019,4,SP,0,1,4,2,44,1700.0,0,0,7,7,32,1,2.0,0
2019,6,SP,0,1,4,2,44,1354.0,0,0,4,7,21,0,9.0,0
2019,7,SP,0,1,4,5,44,1500.0,0,0,5,7,40,0,9.0,0
2018,11,SP,0,1,4,4,44,1838.0,0,0,4,4,46,0,9.0,0
2018,7,SP,0,1,4,3,44,1268.0,0,0,5,7,29,0,2.0,0
2019,4,SP,0,1,4,4,44,1530.0,0,0,5,7,33,0,2.0,0
2019,5,SP,0,1,4,1,44,1809.0,0,0,7,5,65,1,2.0,0
2018,5,SP,0,1,4,4,44,1719.0,0,0,5,7,28,0,2.0,0
2019,1,SP,0,1,6,5,44,1500.0,0,0,8,7,43,1,9.0,0
2019,2,SP,0,1,6,3,44,1348.0,0,0,5,7,37,1,2.0,0
2019,8,SP,0,1,11,4,30,817.0,1,0,4,6,17,1,2.0,0
2019,12,SP,0,1,11,2,44,1360.0,0,0,4,5,19,1,2.0,0
2018,4,SP,0,1,4,1,44,1115.0,0,0,6,7,37,1,8.0,0
2018,4,SP,1,1,2,3,36,954.0,0,0,5,7,55,0,8.0,1
2019,11,SP,1,1,2,1,44,1513.0,0,0,7,5,38,1,2.0,1
2018,3,SP,0,1,4,1,44,1500.0,0,0,4,9,26,0,2.0,0
2018,10,SP,1,1,1,5,44,1408.0,0,0,7,8,20,1,2.0,1
2019,2,SP,1,1,2,5,44,2695.0,0,0,3,7,28,1,2.0,1
2018,8,SP,1,1,2,6,40,1292.0,0,0,4,7,21,0,8.0,1
2018,5,SP,1,1,2,6,44,1324.0,0,0,5,7,21,1,2.0,1
2018,2,SP,1,1,2,1,44,1085.0,0,0,5,7,25,0,2.0,1
2018,5,SP,1,1,2,6,44,1324.0,0,0,5,7,21,1,2.0,1
2019,2,SP,1,1,2,9,40,1518.0,0,0,2,9,31,1,2.0,1
2019,9,SP,1,1,2,3,44,1390.0,0,0,5,7,41,0,2.0,1
2019,8,SP,1,1,2,6,40,2804.0,0,0,2,9,38,1,2.0,1
2019,8,SP,1,1,2,4,44,1513.0,0,0,7,5,38,1,2.0,1
2018,4,SP,0,1,4,1,44,2450.0,0,0,1,7,39,1,9.0,0
2019,8,SP,0,1,4,9,44,1577.0,0,0,7,7,24,1,2.0,0
2019,5,SP,0,1,4,3,44,1390.0,0,0,5,7,23,1,2.0,0
2018,10,SP,0,1,4,3,44,1217.0,0,0,4,7,27,0,6.0,0
2018,3,SP,0,1,4,1,44,1347.0,0,0,7,6,29,1,8.0,0
2018,7,SP,0,1,4,1,44,1555.0,0,0,5,7,32,0,2.0,0
2019,8,SP,0,1,4,3,44,1484.0,0,0,7,7,56,1,2.0,0
2019,6,SP,0,1,4,4,44,1633.0,0,0,5,7,24,1,2.0,0
2019,1,SP,0,1,4,1,36,1633.0,0,0,5,7,23,0,2.0,0
2019,10,SP,0,1,4,4,44,1800.0,0,0,5,7,24,1,4.0,0
2019,3,SP,0,1,6,4,44,1300.0,0,0,1,7,31,0,2.0,0
2018,5,SP,0,1,6,1,44,1279.0,0,0,5,7,26,0,2.0,0
2018,3,SP,0,1,6,1,44,1555.0,0,0,5,7,23,1,2.0,0
2019,1,SP,0,1,11,2,44,1344.0,0,0,5,7,43,1,8.0,0
2019,9,SP,0,1,11,2,44,1330.0,0,0,5,7,22,0,2.0,0
2019,1,SP,0,1,11,6,44,1226.0,0,0,7,5,34,1,8.0,0
2018,2,SP,0,1,11,2,30,814.0,0,0,5,7,34,1,2.0,0
2018,11,SP,0,1,33,5,44,1535.0,0,0,7,7,53,0,8.0,0
2019,12,SP,0,1,33,1,44,1558.0,0,0,9,7,31,1,2.0,0
2019,11,SP,0,1,4,4,44,1251.0,0,0,5,7,56,0,8.0,0
2018,7,SP,1,1,2,9,44,1160.0,0,0,7,6,19,1,2.0,1
2019,11,SP,1,1,2,9,44,3000.0,0,0,2,8,40,1,2.0,1
2018,5,SP,1,1,2,1,44,1076.0,0,0,3,7,20,0,2.0,1
2019,2,SP,0,1,4,9,44,1160.0,0,0,7,5,29,0,8.0,0
2019,10,SP,1,1,2,8,44,1526.0,0,0,6,7,37,1,2.0,1
2018,6,SP,0,1,4,9,44,1227.0,0,0,6,7,29,1,8.0,0
2019,11,SP,0,1,4,2,44,1563.0,0,0,8,7,37,1,2.0,0
2019,6,SP,1,1,2,2,44,1347.0,0,0,4,9,22,1,2.0,1
2018,1,SP,1,3,2,8,44,1126.0,0,0,6,2,19,1,8.0,1
2018,9,SP,1,3,2,1,44,2073.0,0,0,9,4,59,1,2.0,1
2019,12,SP,0,3,4,1,44,1200.0,0,0,6,6,54,1,8.0,0
2019,1,SP,0,3,6,6,44,1148.0,0,0,6,4,25,1,8.0,0
2019,9,SP,0,1,11,6,44,1280.0,0,0,5,7,21,1,8.0,0
2018,5,SP,0,1,6,3,44,1592.0,0,0,4,9,29,0,2.0,0
2019,5,SP,0,1,43,1,44,1390.0,0,0,5,7,22,0,2.0,0
2018,9,SP,1,1,1,4,20,504.0,1,0,4,6,17,1,2.0,1
2019,12,SP,1,3,1,1,44,1164.0,0,0,6,7,24,1,8.0,1
2018,8,SP,1,1,2,4,44,1244.0,0,0,8,7,32,1,8.0,1
2019,5,SP,1,1,2,1,44,1302.0,0,0,7,7,31,1,2.0,1
2019,11,SP,1,1,2,1,44,1158.0,0,0,5,7,48,0,9.0,1
2018,3,SP,0,3,4,3,44,1108.0,0,0,6,4,59,1,2.0,0
2019,9,SP,0,3,4,4,44,1164.0,0,0,6,6,40,1,2.0,0
2018,8,SP,0,1,4,3,44,954.0,0,0,7,7,22,1,8.0,0
2019,10,SP,0,1,6,4,44,1354.0,0,0,5,7,50,0,2.0,0
2019,2,SP,1,1,25,1,44,1700.0,0,0,7,7,26,1,2.0,1
2018,5,SP,0,3,6,2,44,1200.0,0,0,6,3,20,1,8.0,0
2018,11,SP,1,1,2,5,44,1800.0,0,0,7,7,43,1,2.0,1
2018,12,SP,0,1,4,1,44,1730.0,0,0,7,7,28,1,2.0,0
2019,11,SP,0,1,4,3,44,3365.0,0,0,4,9,33,0,9.0,0
2018,6,SP,1,1,2,1,36,1141.0,0,0,4,9,40,0,2.0,1
2019,1,SP,1,1,2,7,42,1445.0,0,0,7,7,22,1,9.0,1
2019,10,SP,0,1,11,5,44,1546.0,0,0,7,7,19,1,2.0,0
2019,1,SP,1,1,1,3,21,555.0,1,0,4,6,16,0,2.0,1
2018,8,SP,1,1,1,4,44,1342.0,0,0,4,9,21,0,2.0,1
2018,8,SP,1,1,1,4,20,867.0,0,0,5,7,20,0,8.0,1
2018,1,SP,1,1,2,9,30,1104.0,0,0,3,9,30,0,2.0,1
2019,2,SP,1,1,2,4,44,3700.0,0,0,3,7,29,1,8.0,1
2019,3,SP,1,1,2,3,44,1500.0,0,0,4,8,23,1,2.0,1
2018,11,SP,1,3,2,1,40,1440.0,0,0,7,6,37,1,8.0,1
2019,7,SP,1,1,2,3,44,1750.0,0,0,3,7,28,0,2.0,1
2019,7,SP,1,1,2,1,44,1407.0,0,0,5,7,34,1,8.0,1
2018,1,SP,1,1,2,9,44,1044.0,0,0,5,7,37,0,2.0,1
2018,5,SP,1,1,2,1,44,1146.0,0,0,5,7,22,1,2.0,1
2018,2,SP,1,1,2,4,36,954.0,0,0,5,7,21,0,2.0,1
2018,8,SP,1,1,2,5,44,1260.0,0,0,5,7,19,1,4.0,1
2018,4,SP,1,1,2,8,36,997.0,0,0,4,7,22,0,2.0,1
2018,3,SP,1,1,2,2,44,1213.0,0,0,5,7,24,0,2.0,1
2018,1,SP,1,1,2,1,44,1579.0,0,0,5,7,20,1,2.0,1
2018,2,SP,1,1,2,7,44,18000.0,0,0,4,9,37,1,2.0,1
2018,10,SP,1,1,2,2,44,1342.0,0,0,7,5,31,1,9.0,1
2019,3,SP,1,1,2,5,44,1345.0,0,0,4,7,30,0,2.0,1
2019,4,SP,1,1,2,4,44,1508.0,0,0,3,7,21,0,2.0,1
2019,3,SP,1,1,2,7,36,1048.0,0,0,4,7,20,0,2.0,1
2019,5,SP,1,1,2,6,44,2367.0,0,0,5,9,31,1,2.0,1
2019,3,SP,1,1,2,7,36,1048.0,0,0,4,7,20,0,2.0,1
2018,12,SP,1,1,2,1,44,3500.0,0,0,4,9,41,1,8.0,1
2018,8,SP,1,1,2,1,44,1752.0,0,0,7,7,38,1,8.0,1
2018,2,SP,1,1,2,1,44,1600.0,0,0,5,9,47,0,2.0,1
2018,2,SP,1,1,2,2,44,1115.0,0,0,5,5,38,0,9.0,1
2018,10,SP,1,1,2,1,44,2436.0,0,0,5,7,50,1,9.0,1
2018,1,SP,1,1,2,1,44,2359.0,0,0,5,7,24,1,8.0,1
2019,5,SP,1,1,2,3,44,1443.0,0,0,5,7,22,0,2.0,1
2019,6,SP,1,1,2,6,44,1246.0,0,0,5,7,35,1,8.0,1
2019,9,SP,1,1,2,4,44,1312.0,0,0,8,7,22,1,9.0,1
2018,3,SP,1,1,2,3,44,1342.0,0,0,5,7,22,1,2.0,1
2019,8,SP,1,1,2,1,44,1268.0,0,0,5,7,28,0,2.0,1
2019,11,SP,1,1,2,1,44,1500.0,0,0,5,7,28,0,2.0,1
2019,5,SP,1,1,2,2,44,1268.0,0,0,7,2,37,1,9.0,1
2018,10,SP,1,1,2,3,44,1200.0,0,0,5,7,31,1,2.0,1
2019,7,SP,1,1,2,3,36,1335.0,0,0,5,7,32,0,2.0,1
2019,6,SP,1,1,2,1,36,1600.0,0,0,9,7,26,1,2.0,1
2018,1,SP,1,1,2,9,44,1503.0,0,0,7,7,27,1,4.0,1
2019,3,SP,1,1,2,2,36,1268.0,0,0,5,7,40,0,2.0,1
2018,8,SP,1,1,2,1,44,1213.0,0,0,5,7,23,0,2.0,1
2018,9,SP,1,1,2,8,44,2391.0,0,0,5,7,41,1,4.0,1
2019,10,SP,1,1,2,3,44,1335.0,0,0,5,7,39,0,9.0,1
2018,3,SP,1,1,2,7,36,1012.0,0,0,4,7,54,0,2.0,1
2019,12,SP,1,1,2,4,36,3000.0,0,0,3,9,36,0,9.0,1
2018,7,SP,1,1,2,1,44,1440.0,0,0,4,7,42,1,2.0,1
2018,4,SP,1,1,2,1,44,2973.0,0,0,2,9,33,0,2.0,1
2018,2,SP,1,1,2,2,44,1253.0,0,0,5,7,28,1,8.0,1
2019,6,SP,1,3,2,1,44,1286.0,0,0,4,8,24,0,4.0,1
2018,5,SP,1,1,2,2,30,2154.0,0,0,2,9,28,0,2.0,1
2018,6,SP,1,1,2,2,44,2259.0,0,0,2,9,31,1,2.0,1
2018,4,SP,1,1,2,4,44,1119.0,0,0,3,7,23,0,9.0,1
2019,3,SP,1,1,2,2,44,1312.0,0,0,5,3,38,0,2.0,1
2018,11,SP,1,1,2,5,44,1279.0,0,0,5,5,27,1,2.0,1
2019,5,SP,1,1,2,9,44,1160.0,0,0,5,5,20,1,2.0,1
2018,1,SP,1,1,2,9,30,1104.0,0,0,3,9,30,0,2.0,1
2018,7,SP,1,1,2,6,44,1697.0,0,0,7,7,29,1,2.0,1
2019,6,SP,1,1,2,1,44,1268.0,0,0,5,7,20,0,2.0,1
2019,2,SP,1,1,2,3,44,1268.0,0,0,5,9,25,0,4.0,1
2018,4,SP,0,1,4,1,44,1332.0,0,0,5,5,23,1,2.0,0
2018,4,SP,0,1,4,4,44,1376.0,0,0,5,7,43,1,2.0,0
2018,10,SP,0,1,4,9,36,937.0,0,0,4,7,20,0,8.0,0
2019,6,SP,0,1,4,8,44,1649.0,0,0,7,7,38,1,8.0,0
2018,7,SP,0,1,4,4,44,1679.0,0,0,7,4,42,1,9.0,0
2019,9,SP,0,1,4,8,36,1234.0,0,0,5,7,43,1,9.0,0
2018,12,SP,0,1,4,3,40,1787.0,0,0,3,9,27,1,2.0,0
2018,9,SP,0,1,4,2,44,1217.0,0,0,5,7,22,1,2.0,0
2018,4,SP,0,1,4,8,36,1235.0,0,0,5,7,42,1,2.0,0
2019,6,SP,0,1,4,2,44,1164.0,0,0,4,7,36,1,2.0,0
2019,12,SP,0,1,4,8,40,1140.0,0,0,5,7,38,1,2.0,0
2019,9,SP,0,1,4,5,36,1679.0,0,0,5,6,51,1,2.0,0
2019,6,SP,0,1,4,4,44,1510.0,0,0,5,7,30,1,4.0,0
2019,3,SP,0,1,4,1,44,2053.0,0,0,7,7,29,1,2.0,0
2019,12,SP,0,1,4,3,44,1335.0,0,0,5,2,21,0,4.0,0
2019,9,SP,0,1,4,1,44,1268.0,0,0,4,7,27,0,2.0,0
2018,1,SP,0,1,4,6,44,1342.0,0,0,5,7,27,0,9.0,0
2019,9,SP,0,1,4,1,25,1003.0,0,0,3,9,38,0,9.0,0
2018,10,SP,0,1,4,8,36,1257.0,0,0,5,7,31,1,9.0,0
2018,10,SP,0,1,4,3,44,1260.0,0,0,5,5,38,0,2.0,0
2018,3,SP,0,1,4,9,36,1051.0,0,0,4,7,21,0,8.0,0
2018,9,SP,0,1,4,2,44,1437.0,0,0,7,7,31,1,2.0,0
2019,2,SP,0,1,4,1,44,1200.0,0,0,4,7,21,0,2.0,0
2018,5,SP,0,1,4,3,44,1614.0,0,0,7,7,65,1,2.0,0
2019,4,SP,0,1,4,1,22,1500.0,0,0,4,7,60,0,2.0,0
2018,8,SP,0,1,4,7,22,1799.0,0,0,7,7,29,1,2.0,0
2019,2,SP,0,1,4,4,44,1606.0,0,0,5,5,47,0,2.0,0
2019,3,SP,0,1,4,2,44,2227.0,0,0,3,7,26,1,9.0,0
2019,3,SP,0,1,4,4,44,1353.0,0,0,4,7,20,1,8.0,0
2018,5,SP,0,1,4,6,44,4100.0,0,0,3,7,34,1,2.0,0
2019,1,SP,0,1,4,4,44,1310.0,0,0,4,7,25,0,2.0,0
2019,4,SP,0,1,4,5,44,1440.0,0,0,7,6,35,1,2.0,0
2018,12,SP,0,1,6,4,44,1180.0,0,0,4,7,19,0,2.0,0
2019,10,SP,0,1,6,9,36,998.0,0,0,4,7,19,1,2.0,0
2019,12,SP,0,1,6,3,44,1835.0,0,0,5,7,23,0,9.0,0
2019,12,SP,0,1,6,3,44,3800.0,0,0,1,9,48,0,2.0,0
2019,5,SP,0,1,6,6,44,2924.0,0,1,4,7,57,1,2.0,0
2018,9,SP,0,1,6,1,36,922.0,0,0,5,7,39,0,2.0,0
2019,1,SP,0,1,6,8,40,1273.0,0,0,3,7,30,0,2.0,0
2018,3,SP,0,1,6,2,36,1208.0,0,0,5,7,30,1,8.0,0
2019,3,SP,0,1,6,2,44,1647.0,0,0,7,7,37,1,4.0,0
2018,5,SP,0,1,6,1,40,1500.0,0,0,4,8,34,0,2.0,0
2018,9,SP,0,1,6,5,44,1394.0,0,0,5,8,26,1,4.0,0
2019,12,SP,0,1,6,9,44,1828.0,0,0,5,6,42,0,8.0,0
2019,5,SP,0,1,6,2,44,1441.0,0,0,7,5,27,1,2.0,0
2018,4,SP,0,1,6,6,44,1500.0,0,0,5,9,29,1,9.0,0
2019,6,SP,0,1,6,5,44,2373.0,0,0,3,7,34,1,2.0,0
2019,3,SP,0,1,6,4,44,1402.0,0,0,5,9,29,1,2.0,0
2018,9,SP,0,1,6,1,44,1723.0,0,0,7,7,46,1,2.0,0
2019,10,SP,0,1,6,6,44,1481.0,0,0,5,7,31,1,2.0,0
2019,6,SP,0,1,6,3,30,756.0,1,0,4,7,19,0,2.0,0
2018,12,SP,0,1,6,1,44,2588.0,0,0,3,9,28,1,2.0,0
2019,7,SP,0,1,6,4,44,1450.0,0,0,5,7,26,0,2.0,0
2019,1,SP,0,1,6,6,44,1906.0,0,0,4,7,28,0,2.0,0
2019,2,SP,0,1,6,6,44,1409.0,0,0,4,7,31,0,8.0,0
2018,10,SP,0,1,6,2,44,1420.0,0,0,5,8,31,0,2.0,0
2018,12,SP,0,1,11,9,20,477.0,1,0,3,6,17,0,2.0,0
2018,6,SP,0,1,11,9,36,1701.0,0,0,3,7,32,1,8.0,0
2019,5,SP,0,1,11,7,44,2065.0,0,0,7,5,32,1,2.0,0
2018,12,SP,0,1,11,5,44,1752.0,0,0,7,7,31,1,2.0,0
2019,5,SP,0,1,11,5,44,1212.0,0,0,7,7,29,1,8.0,0
2018,12,SP,0,1,11,9,20,477.0,1,0,3,6,17,0,2.0,0
2019,2,SP,1,1,25,9,36,1524.0,0,0,4,7,44,0,2.0,1
2018,8,SP,0,1,43,4,36,849.0,1,0,4,7,19,1,2.0,0
2018,3,SP,0,1,43,5,20,1031.0,1,0,5,6,18,1,2.0,0
2019,8,SP,0,1,33,3,44,1529.0,0,0,4,8,29,0,2.0,0
2019,8,SP,0,1,11,4,36,1236.0,0,0,4,7,35,0,2.0,0
2019,6,SP,1,1,2,1,44,2420.0,0,0,7,7,41,1,2.0,1
2019,6,SP,1,1,1,4,44,1539.0,0,0,5,7,24,0,2.0,1
2018,7,SP,1,1,1,4,44,1204.0,0,0,5,7,19,0,2.0,1
2019,3,SP,1,1,1,4,26,747.0,0,0,5,7,18,1,8.0,1
2018,1,SP,1,1,2,1,44,1271.0,0,0,5,6,44,0,8.0,1
2019,1,SP,1,1,2,9,36,1499.0,0,0,7,7,25,0,9.0,1
2018,9,SP,1,1,2,5,44,1486.0,0,0,5,7,35,1,2.0,1
2019,10,SP,1,1,2,4,44,1497.0,0,0,7,7,55,0,2.0,1
2019,12,SP,1,1,2,8,44,3725.0,0,0,3,7,42,1,2.0,1
2019,8,SP,1,1,2,3,40,1350.0,0,0,2,8,25,1,2.0,1
2019,7,SP,1,1,2,9,44,1160.0,0,0,5,2,55,0,2.0,1
2018,10,SP,1,1,2,9,42,1110.0,0,0,5,6,49,1,4.0,1
2018,6,SP,1,1,2,4,44,1613.0,0,0,4,7,34,0,2.0,1
2018,5,SP,1,1,2,1,44,1249.0,0,0,5,7,26,0,2.0,1
2019,4,SP,1,1,2,3,44,1282.0,0,0,5,7,51,1,2.0,1
2018,5,SP,1,1,2,1,44,1249.0,0,0,5,7,26,0,2.0,1
2019,11,SP,0,1,4,3,44,1923.0,0,0,4,7,23,0,8.0,0
2019,11,SP,0,1,4,2,44,1392.0,0,0,5,7,26,0,2.0,0
2018,8,SP,0,1,4,6,44,1265.0,0,0,5,7,40,0,2.0,0
2019,6,SP,0,1,4,1,44,1968.0,0,0,7,7,33,1,9.0,0
2018,11,SP,0,1,4,5,42,2914.0,0,0,9,7,52,1,2.0,0
2019,7,SP,0,1,4,7,44,2112.0,0,0,8,7,31,1,2.0,0
2019,1,SP,0,1,4,6,44,1408.0,0,0,5,5,53,1,8.0,0
2018,9,SP,0,1,4,2,44,1327.0,0,0,5,7,34,0,2.0,0
2018,10,SP,0,1,4,8,44,1985.0,0,0,7,5,36,1,2.0,0
2018,7,SP,0,1,4,7,40,2056.0,0,0,2,8,25,0,2.0,0
2019,6,SP,0,1,4,3,44,2084.0,0,0,4,7,27,0,8.0,0
2019,11,SP,0,1,6,2,44,1380.0,0,0,5,7,25,0,9.0,0
2019,6,SP,0,1,6,3,44,1167.0,0,0,5,6,23,1,2.0,0
2018,8,SP,1,1,2,3,44,2675.0,0,0,7,5,30,1,2.0,1
2019,9,SP,1,1,2,4,26,889.0,0,0,4,7,37,0,8.0,1
2019,2,SP,0,1,4,8,44,1597.0,0,0,7,4,31,1,8.0,0
2018,3,SP,0,1,6,6,44,1439.0,0,0,4,7,18,1,8.0,0
2018,4,SP,1,1,2,4,44,1191.0,0,0,4,5,40,1,2.0,1
2019,4,SP,1,1,1,4,44,1530.0,0,0,5,7,18,1,2.0,1
2018,11,SP,1,1,2,1,44,1752.0,0,0,7,4,38,1,2.0,1
2018,8,SP,1,1,2,8,42,1801.0,0,0,8,7,22,1,8.0,1
2018,6,SP,1,1,2,7,44,1535.0,0,0,8,7,38,1,2.0,1
2018,8,SP,1,1,2,8,42,1801.0,0,0,8,7,22,1,8.0,1
2019,8,SP,1,1,2,4,44,1451.0,0,0,4,7,37,1,2.0,1
2018,8,SP,1,1,2,8,42,1801.0,0,0,8,7,22,1,8.0,1
2019,8,SP,1,1,2,7,44,1403.0,0,0,7,7,37,1,2.0,1
2018,4,SP,1,1,2,4,44,1469.0,0,0,7,7,32,1,2.0,1
2018,3,SP,1,1,2,2,44,1332.0,0,0,7,7,42,0,2.0,1
2018,8,SP,0,1,4,1,44,1338.0,0,0,7,7,34,1,8.0,0
2018,11,SP,1,1,10,1,44,1112.0,0,0,7,7,34,1,2.0,1
2019,9,SP,0,1,11,6,44,1154.0,0,0,5,7,41,1,8.0,0
2018,10,SP,0,1,11,6,44,1396.0,0,0,5,5,41,0,2.0,0
2018,9,SP,0,1,11,4,44,1535.0,0,0,8,7,38,1,8.0,0
2018,5,SP,1,1,1,2,44,1121.0,0,0,5,7,20,0,2.0,1
2018,3,SP,1,1,2,2,44,1192.0,0,0,5,9,27,1,2.0,1
2018,4,SP,1,1,2,1,44,1188.0,0,0,5,7,30,0,2.0,1
2018,10,SP,0,1,4,1,44,1283.0,0,0,5,7,29,0,8.0,0
2019,9,SP,0,1,4,2,44,1186.0,0,0,5,7,50,0,2.0,0
2018,11,SP,0,1,6,5,44,1400.0,0,0,8,7,20,1,9.0,0
2019,2,SP,1,1,1,9,44,1192.0,0,0,6,3,43,0,8.0,1
2018,3,SP,1,1,2,8,44,1172.0,0,0,6,3,54,1,2.0,1
2019,11,SP,1,1,2,1,44,1311.0,0,0,5,7,24,1,2.0,1
2019,2,SP,1,1,2,9,44,1172.0,0,0,5,7,20,1,9.0,1
2019,4,SP,1,1,2,4,44,1398.0,0,0,5,7,30,1,8.0,1
2019,6,SP,1,1,2,1,44,1510.0,0,0,7,5,41,1,2.0,1
2019,9,SP,1,1,2,3,44,1160.0,0,0,5,5,46,0,2.0,1
2019,9,SP,1,1,2,5,44,1488.0,0,0,5,7,27,0,9.0,1
2018,8,SP,1,1,2,6,44,1066.0,0,0,5,8,36,1,8.0,1
2019,4,SP,1,1,2,3,44,1556.0,0,0,7,7,37,0,2.0,1
2018,9,SP,1,1,2,3,44,1211.0,0,0,7,7,21,1,2.0,1
2019,9,SP,1,1,2,4,44,1556.0,0,0,5,3,50,1,6.0,1
2018,9,SP,1,1,2,1,44,2150.0,0,0,7,7,41,1,2.0,1
2019,9,SP,1,1,2,5,44,1488.0,0,0,5,7,27,0,9.0,1
2018,3,SP,0,1,4,1,44,1700.0,0,0,4,7,24,0,2.0,0
2019,9,SP,0,1,4,4,44,1352.0,0,0,7,6,23,1,8.0,0
2018,11,SP,0,1,4,4,44,1441.0,0,0,7,7,27,1,9.0,0
2018,5,SP,0,1,4,5,44,2237.0,0,0,8,6,53,1,2.0,0
2019,2,SP,0,1,4,1,44,1489.0,0,0,5,7,37,0,8.0,0
2018,2,SP,0,1,4,3,44,1426.0,0,0,5,7,25,0,2.0,0
2019,1,SP,0,1,4,3,44,1489.0,0,0,5,8,22,0,2.0,0
2018,3,SP,0,1,6,4,44,1936.0,0,0,4,7,34,0,8.0,0
2019,1,SP,0,1,6,2,44,3571.0,0,0,2,9,30,0,2.0,0
2019,5,SP,0,1,11,7,44,1160.0,0,0,5,3,28,0,8.0,0
2018,6,SP,0,1,11,3,44,1697.0,0,0,7,5,58,1,2.0,0
2019,1,SP,1,1,2,5,44,1142.0,0,0,7,7,30,0,2.0,1
2019,2,SP,1,1,2,3,44,1480.0,0,0,7,7,20,1,9.0,1
2018,4,SP,1,3,2,1,44,1304.0,0,0,6,5,30,1,2.0,1
2019,11,SP,1,1,2,2,44,1713.0,0,0,1,7,61,1,2.0,1
2019,4,SP,1,1,2,5,44,1410.0,0,0,5,5,38,0,2.0,1
2019,2,SP,0,1,6,1,22,554.0,0,0,8,6,18,1,2.0,0
2018,5,SP,0,1,6,1,44,1498.0,0,0,5,7,47,1,4.0,0
2018,8,SP,1,1,2,8,44,1108.0,0,0,6,2,24,1,8.0,1
2019,11,SP,1,1,2,1,44,1400.0,0,0,5,7,36,0,2.0,1
2018,5,SP,1,1,2,9,44,1117.0,0,0,6,2,28,1,2.0,1
2018,12,SP,1,3,2,7,44,1355.0,0,0,9,5,27,1,2.0,1
2019,6,SP,1,1,2,6,44,1200.0,0,0,6,4,47,1,8.0,1
2018,6,SP,1,3,2,7,44,1086.0,0,0,6,3,40,1,2.0,1
2019,12,SP,1,3,2,7,44,1163.0,0,0,6,4,29,1,9.0,1
2019,6,SP,1,1,2,6,44,1200.0,0,0,6,4,47,1,8.0,1
2019,6,SP,0,1,4,3,44,2236.0,0,0,9,7,58,1,2.0,0
2018,3,SP,0,1,4,8,44,1108.0,0,0,6,3,36,1,2.0,0
2018,10,SP,0,1,6,9,44,1119.0,0,0,6,4,19,1,2.0,0
2019,6,SP,1,1,2,1,44,1400.0,0,0,2,9,31,1,2.0,1
2019,4,SP,1,1,2,5,44,1104.0,0,0,5,7,32,1,2.0,1
2019,8,SP,0,1,4,1,44,1278.0,0,0,5,7,25,1,2.0,0
2018,2,SP,0,1,4,1,44,1575.0,0,0,7,7,25,1,2.0,0
2018,7,SP,0,1,6,6,44,1482.0,0,0,8,7,41,1,8.0,0
2018,4,SP,1,1,2,1,44,2000.0,0,0,8,7,28,1,2.0,1
2019,12,SP,0,1,4,5,44,2269.0,0,0,7,4,22,1,2.0,0
2019,4,SP,0,1,43,4,34,771.0,1,0,4,6,18,0,2.0,0
2019,12,SP,1,1,2,7,44,1211.0,0,0,5,7,31,1,9.0,1
2018,1,SP,1,1,2,2,44,1262.0,0,0,5,7,25,0,2.0,1
2019,10,SP,0,1,4,8,44,1169.0,0,0,4,7,25,0,2.0,0
2018,3,SP,0,1,4,4,44,1416.0,0,0,7,3,30,1,4.0,0
2018,1,SP,0,1,4,5,44,1879.0,0,0,7,7,26,0,8.0,0
2018,10,SP,0,1,43,3,44,1820.0,0,0,7,5,50,1,2.0,0
2019,3,SP,1,1,2,6,44,1133.0,0,0,8,7,24,0,2.0,1
2018,5,SP,1,1,1,8,36,959.0,0,0,4,7,21,1,2.0,1
2018,1,SP,1,1,2,1,44,1175.0,0,0,7,7,66,0,8.0,1
2018,1,SP,1,1,2,5,44,3000.0,0,0,8,5,55,1,2.0,1
2019,11,SP,1,1,2,1,44,4358.0,0,0,7,5,55,1,2.0,1
2019,3,SP,1,1,2,7,44,1791.0,0,0,7,4,46,1,4.0,1
2019,10,SP,1,1,2,8,40,1668.0,0,0,2,9,42,1,8.0,1
2019,1,SP,1,1,2,8,36,1096.0,0,0,4,7,26,0,8.0,1
2019,10,SP,1,1,2,8,44,1674.0,0,0,7,7,45,1,8.0,1
2018,7,SP,1,1,2,7,36,1156.0,0,0,4,7,27,0,8.0,1
2018,5,SP,1,1,2,4,44,1785.0,0,0,1,7,34,1,8.0,1
2019,1,SP,1,1,2,7,44,383.0,0,0,5,7,25,0,2.0,1
2018,1,SP,1,1,2,3,44,4500.0,0,0,2,9,45,0,2.0,1
2019,10,SP,1,1,2,2,44,1500.0,0,0,5,7,31,1,2.0,1
2019,3,SP,1,1,2,6,44,1409.0,0,0,5,7,54,1,8.0,1
2019,3,SP,0,1,4,2,44,1283.0,0,0,5,7,18,0,8.0,0
2018,6,SP,0,1,4,3,44,7448.0,0,0,4,7,33,1,2.0,0
2018,9,SP,0,1,4,5,44,1600.0,0,0,4,7,22,1,2.0,0
2018,6,SP,0,1,4,9,44,1682.0,0,0,4,7,30,0,8.0,0
2019,2,SP,0,1,4,6,44,1191.0,0,0,3,7,38,0,2.0,0
2018,5,SP,0,1,6,1,44,1600.0,0,0,3,8,29,1,8.0,0
2018,7,SP,0,1,6,8,30,1260.0,1,0,4,6,18,0,4.0,0
2019,3,SP,0,1,6,5,44,1049.0,0,0,4,8,19,1,2.0,0
2018,9,SP,0,1,6,6,44,1108.0,0,0,7,7,32,0,2.0,0
2019,6,SP,0,1,6,7,44,1826.0,0,0,7,2,35,1,2.0,0
2019,5,SP,0,1,6,4,24,1929.0,0,0,3,7,27,1,2.0,0
2019,11,SP,0,1,11,8,40,3001.0,0,0,3,9,26,1,8.0,0
2018,5,SP,1,1,2,7,44,1180.0,0,0,6,4,39,1,8.0,1
2018,1,SP,1,1,2,4,44,1591.0,0,0,7,5,34,1,2.0,1
2019,9,SP,0,1,4,2,44,2370.0,0,0,1,7,50,1,2.0,0
2018,3,SP,0,1,43,7,36,880.0,0,0,5,7,44,0,2.0,0
2018,12,SP,0,1,33,4,44,2060.0,0,0,4,7,29,0,9.0,0
2018,10,SP,1,1,1,1,44,1407.0,0,0,5,7,18,1,8.0,1
2019,4,SP,1,1,1,4,44,1175.0,0,0,5,7,22,1,2.0,1
2019,12,SP,1,1,1,4,44,1325.0,0,0,5,6,19,1,4.0,1
2018,11,SP,1,1,1,8,20,502.0,1,0,4,6,15,0,2.0,1
2018,8,SP,1,1,2,5,44,1769.0,0,0,7,4,28,1,8.0,1
2019,6,SP,1,1,2,3,44,1513.0,0,0,7,4,26,1,2.0,1
2018,10,SP,1,1,2,4,40,3046.0,0,0,3,7,35,1,8.0,1
2018,4,SP,1,1,2,2,44,2000.0,0,0,4,9,25,0,8.0,1
2018,6,SP,1,1,2,9,44,1018.0,0,0,5,7,28,0,8.0,1
2018,12,SP,1,1,2,7,44,1500.0,0,0,5,7,25,1,2.0,1
2018,9,SP,1,1,2,2,44,1401.0,0,0,5,7,56,1,9.0,1
2018,3,SP,1,1,2,4,44,1296.0,0,0,5,5,54,1,2.0,1
2019,8,SP,1,1,2,4,24,835.0,0,0,5,7,23,0,8.0,1
2018,10,SP,1,1,2,6,44,1440.0,0,0,7,7,27,1,8.0,1
2019,12,SP,1,1,2,4,44,1360.0,0,0,5,7,19,0,8.0,1
2019,4,SP,1,1,2,1,44,1325.0,0,0,5,7,25,1,8.0,1
2018,5,SP,1,1,2,1,44,1314.0,0,0,5,7,23,0,8.0,1
2019,9,SP,1,1,2,6,44,1163.0,0,0,7,1,37,1,8.0,1
2018,1,SP,1,1,2,3,44,1300.0,0,0,4,7,23,1,2.0,1
2018,11,SP,1,1,2,3,44,3829.0,0,0,5,7,32,1,2.0,1
2018,5,SP,1,1,2,7,44,3722.0,0,0,5,5,30,1,2.0,1
2018,11,SP,1,1,2,9,44,1110.0,0,0,5,7,37,0,8.0,1
2019,1,SP,1,1,2,2,44,1325.0,0,0,5,7,28,1,4.0,1
2018,5,SP,1,1,2,9,44,1546.0,0,0,4,7,34,0,8.0,1
2018,10,SP,1,1,2,5,44,1350.0,0,0,5,5,52,1,4.0,1
2018,2,SP,1,1,2,1,44,1396.0,0,0,5,5,27,0,2.0,1
2019,11,SP,1,1,2,1,44,1586.0,0,0,9,6,31,1,2.0,1
2018,3,SP,1,1,2,8,44,2917.0,0,0,2,9,32,0,2.0,1
2019,12,SP,1,1,2,1,44,1325.0,0,0,5,7,29,1,9.0,1
2019,7,SP,1,1,2,8,44,1020.0,0,0,5,7,24,1,8.0,1
2019,11,SP,1,1,2,3,44,5083.0,0,0,2,9,26,1,2.0,1
2019,8,SP,1,1,2,8,44,1160.0,0,0,5,5,35,1,8.0,1
2019,7,SP,1,1,2,9,44,1868.0,0,0,4,8,25,0,8.0,1
2019,4,SP,1,1,2,9,44,1348.0,0,0,5,7,46,1,2.0,1
2018,4,SP,1,1,2,2,44,1300.0,0,0,4,7,33,0,9.0,1
2018,8,SP,1,1,2,7,44,2092.0,0,0,3,9,21,1,2.0,1
2018,8,SP,1,1,2,1,44,1400.0,0,0,4,7,28,0,2.0,1
2018,11,SP,1,1,2,9,44,1664.0,0,0,4,6,28,1,8.0,1
2018,4,SP,1,1,2,6,44,1108.0,0,0,7,7,19,1,2.0,1
2018,4,SP,1,1,2,3,44,1537.0,0,0,4,7,26,0,2.0,1
2018,2,SP,1,1,2,8,41,1127.0,0,0,5,2,47,1,8.0,1
2018,11,SP,1,1,2,4,40,3300.0,0,0,4,9,27,1,4.0,1
2018,6,SP,1,1,2,9,44,1018.0,0,0,5,7,28,0,8.0,1
2018,3,SP,0,1,4,2,44,3179.0,0,0,4,7,54,0,8.0,0
2018,6,SP,0,1,4,5,44,1577.0,0,0,5,5,48,1,8.0,0
2019,4,SP,0,1,4,9,44,3496.0,0,0,5,4,59,0,8.0,0
2018,4,SP,0,1,4,1,44,1298.0,0,0,9,2,33,1,2.0,0
2018,1,SP,0,1,4,2,44,1728.0,0,0,7,7,41,1,8.0,0
2018,11,SP,0,1,4,1,44,1110.0,0,0,5,2,42,1,8.0,0
2018,8,SP,0,1,4,2,44,1168.0,0,0,4,6,27,0,2.0,0
2018,1,SP,0,1,4,1,44,1737.0,0,0,7,5,51,1,8.0,0
2019,8,SP,0,1,4,3,44,1585.0,0,0,1,7,55,1,2.0,0
2019,5,SP,0,1,4,2,44,1364.0,0,0,5,7,53,0,8.0,0
2018,9,SP,0,1,4,6,44,1440.0,0,0,7,7,28,1,2.0,0
2019,3,SP,0,1,4,7,44,7302.0,0,0,3,9,56,1,2.0,0
2018,11,SP,0,1,4,3,44,1713.0,0,0,4,8,25,1,2.0,0
2019,2,SP,0,1,4,5,24,1930.0,0,0,3,7,35,0,4.0,0
2018,6,SP,0,1,4,2,44,1341.0,0,0,5,5,48,1,2.0,0
2018,4,SP,0,1,4,4,44,1277.0,0,0,5,6,25,1,2.0,0
2019,4,SP,0,1,4,4,44,1160.0,0,0,5,5,46,0,2.0,0
2018,5,SP,0,1,4,1,44,1249.0,0,0,5,7,22,0,4.0,0
2019,3,SP,0,1,4,3,40,1252.0,0,0,3,7,43,0,2.0,0
2019,7,SP,0,1,6,3,44,1500.0,0,0,8,7,26,1,8.0,0
2018,3,SP,0,1,6,4,44,2300.0,0,0,2,9,40,0,2.0,0
2019,3,SP,0,1,6,2,44,2100.0,0,0,1,7,39,0,8.0,0
2019,7,SP,0,1,6,8,44,1567.0,0,0,5,7,49,0,2.0,0
2019,7,SP,0,1,6,6,44,1163.0,0,0,7,7,33,1,9.0,0
2018,9,SP,0,1,6,3,44,1137.0,0,0,5,7,23,0,8.0,0
2019,12,SP,0,1,6,1,43,1401.0,0,0,3,7,46,1,9.0,0
2018,2,SP,0,1,6,4,44,1249.0,0,0,4,7,18,1,8.0,0
2018,8,SP,0,1,6,9,44,1296.0,0,0,4,7,26,1,8.0,0
2018,2,SP,0,1,6,9,44,1296.0,0,0,4,6,49,1,2.0,0
2018,1,SP,0,1,6,5,25,1829.0,0,0,3,8,27,0,2.0,0
2019,9,SP,0,1,6,7,44,2794.0,0,0,3,7,28,0,8.0,0
2019,10,SP,0,1,6,8,44,1273.0,0,0,5,4,35,0,8.0,0
2019,9,SP,0,1,6,9,44,1160.0,0,0,5,4,24,0,2.0,0
2018,3,SP,0,1,6,9,36,1198.0,0,0,5,4,23,0,8.0,0
2019,5,SP,0,1,6,3,44,1450.0,0,0,1,7,36,1,8.0,0
2019,8,SP,0,1,6,4,44,1399.0,0,0,5,7,38,0,9.0,0
2019,3,SP,0,1,8,8,44,1589.0,0,0,4,7,30,1,2.0,0
2019,9,SP,0,1,8,1,40,1799.0,0,0,4,7,50,1,2.0,0
2018,9,SP,0,1,11,5,30,739.0,1,0,4,6,18,1,8.0,0
2019,1,SP,0,1,11,7,44,2000.0,0,0,5,7,49,1,2.0,0
2018,9,SP,0,1,11,3,26,770.0,1,0,5,7,19,1,2.0,0
2018,3,SP,0,1,11,6,44,2600.0,0,0,8,8,51,1,2.0,0
2018,10,SP,0,1,11,6,44,1229.0,0,0,5,7,24,1,8.0,0
2018,8,SP,0,1,11,5,44,1106.0,0,0,5,7,33,0,2.0,0
2019,5,SP,0,1,11,1,44,1753.0,0,0,7,7,42,1,8.0,0
2018,3,SP,0,1,11,2,44,1496.0,0,0,7,7,28,0,4.0,0
2019,7,SP,0,1,33,3,44,1524.0,0,0,3,7,51,0,2.0,0
2019,3,SP,0,1,4,3,44,1485.0,0,0,5,7,32,1,2.0,0
2018,7,SP,0,3,4,1,44,1170.0,0,0,6,1,42,1,8.0,0
2018,6,SP,1,1,2,1,44,1040.0,0,0,7,7,20,0,2.0,1
2018,12,SP,1,1,1,3,44,1423.0,0,0,4,7,21,0,2.0,1
2018,5,SP,1,1,1,9,30,733.0,0,0,4,8,21,1,8.0,1
2018,9,SP,1,1,2,8,40,1592.0,0,1,4,8,31,0,2.0,1
2019,4,SP,1,1,2,5,44,2242.0,0,0,7,7,57,1,2.0,1
2018,12,SP,1,1,2,4,36,1296.0,0,0,5,7,40,1,8.0,1
2018,12,SP,1,3,2,2,40,1281.0,0,0,1,7,25,0,8.0,1
2019,11,SP,1,1,2,5,44,2057.0,0,0,7,4,30,1,9.0,1
2019,9,SP,1,1,2,1,36,941.0,0,1,5,6,29,1,8.0,1
2019,9,SP,1,1,2,8,44,5569.0,0,0,7,7,46,1,4.0,1
2019,2,SP,1,1,2,2,26,1354.0,0,0,3,7,21,1,8.0,1
2019,12,SP,1,1,2,2,44,1383.0,0,0,5,8,23,1,8.0,1
2018,10,SP,1,1,2,4,44,1129.0,0,0,4,7,19,1,8.0,1
2019,10,SP,1,1,2,5,22,0.0,0,0,5,5,44,0,2.0,1
2019,5,SP,1,1,2,5,44,1850.0,0,0,5,6,35,0,2.0,1
2019,3,SP,1,1,2,3,44,1354.0,0,0,5,7,19,0,9.0,1
2018,8,SP,1,1,2,9,36,880.0,0,0,4,7,25,0,8.0,1
2019,8,SP,1,1,2,2,44,1273.0,0,0,3,5,38,0,4.0,1
2018,8,SP,1,1,2,3,44,1100.0,0,0,5,6,19,0,8.0,1
2019,5,SP,1,1,2,2,44,1331.0,0,0,5,9,20,1,2.0,1
2019,9,SP,1,1,2,4,30,924.0,0,0,5,7,39,1,2.0,1
2019,6,SP,1,1,2,1,44,1345.0,0,0,4,4,41,1,9.0,1
2018,3,SP,1,1,2,1,44,1280.0,0,0,5,7,39,1,8.0,1
2018,4,SP,1,1,2,1,44,1620.0,0,0,7,7,40,1,2.0,1
2018,11,SP,1,1,2,8,36,2773.0,0,0,2,9,27,0,2.0,1
2019,7,SP,1,1,2,6,44,1308.0,0,0,3,9,26,0,2.0,1
2018,1,SP,1,1,2,1,44,2788.0,0,0,5,7,27,1,8.0,1
2018,10,SP,1,1,2,3,44,1270.0,0,0,4,8,29,0,8.0,1
2018,7,SP,1,1,2,4,44,1110.0,0,0,7,7,35,1,4.0,1
2018,9,SP,1,1,2,9,36,937.0,0,0,4,7,50,0,6.0,1
2018,7,SP,1,1,2,9,44,1584.0,0,0,4,7,33,1,4.0,1
2019,10,SP,1,1,2,4,44,1500.0,0,0,5,7,18,1,8.0,1
2018,1,SP,1,1,2,2,44,1076.0,0,0,4,7,19,1,8.0,1
2018,9,SP,1,1,2,9,44,1584.0,0,0,4,9,62,1,2.0,1
2019,10,SP,0,1,4,6,44,1991.0,0,0,7,4,37,1,4.0,0
2019,6,SP,0,1,4,9,40,1108.0,0,0,5,7,26,1,8.0,0
2019,8,SP,0,1,4,9,44,1119.0,0,0,5,7,20,0,2.0,0
2019,2,SP,0,1,4,9,36,998.0,0,0,4,7,26,0,1.0,0
2018,10,SP,0,1,4,4,44,1296.0,0,0,5,5,25,1,2.0,0
2018,1,SP,0,1,4,4,44,1433.0,0,0,5,9,49,0,9.0,0
2019,9,SP,0,1,4,9,36,1290.0,0,0,5,7,34,1,8.0,0
2019,10,SP,0,1,4,1,44,2060.0,0,0,3,7,37,1,2.0,0
2018,1,SP,0,1,4,7,44,1514.0,0,0,4,7,23,1,8.0,0
2019,9,SP,0,1,4,6,44,1160.0,0,0,5,7,36,1,2.0,0
2018,1,SP,0,1,4,3,44,2541.0,0,0,7,7,39,1,8.0,0
2019,12,SP,0,1,4,1,44,1152.0,0,0,7,8,22,1,2.0,0
2019,4,SP,0,1,4,3,44,1924.0,0,0,5,7,23,0,2.0,0
2018,1,SP,0,1,4,1,22,0.0,1,0,7,4,16,1,8.0,0
2019,5,SP,0,1,4,8,44,1066.0,0,0,5,7,35,0,4.0,0
2019,4,SP,0,1,4,3,44,1618.0,0,0,5,9,55,0,8.0,0
2018,11,SP,0,1,4,3,44,1270.0,0,0,5,7,27,0,8.0,0
2019,12,SP,0,1,4,6,44,1632.0,0,0,7,6,43,1,8.0,0
2018,9,SP,0,1,4,6,36,734.0,0,0,5,7,42,1,8.0,0
2018,10,SP,0,1,4,2,44,1982.0,0,0,7,6,37,1,2.0,0
2018,12,SP,0,1,6,4,44,2317.0,0,0,7,7,60,1,4.0,0
2018,1,SP,0,1,6,5,40,1221.0,0,0,4,9,35,0,9.0,0
2018,2,SP,0,1,6,4,44,1047.0,0,0,5,7,29,0,2.0,0
2019,11,SP,0,1,6,3,44,1186.0,0,0,3,7,19,0,2.0,0
2018,4,SP,0,1,6,6,44,1232.0,0,0,3,9,39,0,9.0,0
2018,10,SP,0,1,6,9,36,1958.0,0,0,3,7,47,0,2.0,0
2018,6,SP,0,1,6,3,44,1433.0,0,0,5,7,35,0,2.0,0
2019,6,SP,0,1,6,5,44,1500.0,0,0,5,9,25,0,9.0,0
2018,11,SP,0,1,11,2,44,1284.0,0,0,5,7,41,1,2.0,0
2018,10,SP,0,1,11,4,44,1957.0,0,0,7,5,37,1,8.0,0
2019,1,SP,1,1,25,4,44,1229.0,0,0,4,9,30,0,2.0,1
2018,5,SP,0,1,43,8,30,651.0,1,0,4,6,17,1,4.0,0
2019,5,SP,0,1,43,1,44,1320.0,0,0,4,9,29,0,8.0,0
2019,12,SP,1,3,2,2,44,1350.0,0,0,6,5,23,1,2.0,1
2019,9,SP,0,1,4,3,44,1473.0,0,0,5,7,23,1,2.0,0
2018,5,SP,1,1,1,7,44,1441.0,0,0,7,7,19,1,4.0,1
2018,5,SP,1,1,1,8,44,1110.0,0,0,5,5,27,0,8.0,1
2019,11,SP,1,1,1,1,24,633.0,0,0,5,7,45,0,2.0,1
2019,7,SP,1,1,1,8,44,1346.0,0,0,5,7,18,1,8.0,1
2018,4,SP,1,1,1,1,44,1022.0,0,0,5,7,18,1,4.0,1
2018,7,SP,1,1,2,9,40,2348.0,0,0,7,7,42,1,4.0,1
2019,7,SP,1,1,2,9,36,816.0,0,0,4,7,36,0,2.0,1
2019,1,SP,1,1,2,7,44,1654.0,0,0,4,7,22,1,8.0,1
2019,10,SP,1,1,2,7,44,1210.0,0,0,7,7,27,0,2.0,1
2018,3,SP,1,1,2,9,36,977.0,0,0,4,7,18,1,8.0,1
2018,4,SP,1,1,2,6,30,5724.0,0,0,1,9,28,1,8.0,1
2019,3,SP,1,1,2,5,44,1457.0,0,0,5,7,41,0,2.0,1
2018,3,SP,1,1,2,2,44,1723.0,0,0,7,5,42,1,8.0,1
2019,8,SP,1,1,2,1,44,1600.0,0,0,1,7,45,0,9.0,1
2019,4,SP,1,1,2,4,44,1362.0,0,0,5,7,26,0,2.0,1
2019,8,SP,1,1,2,1,44,1380.0,0,0,5,7,32,0,4.0,1
2018,11,SP,1,1,2,3,44,1470.0,0,0,5,7,26,1,9.0,1
2019,4,SP,1,1,2,5,44,1416.0,0,0,5,7,22,0,8.0,1
2018,2,SP,1,1,2,1,44,1545.0,0,0,7,7,24,1,9.0,1
2019,11,SP,1,1,2,5,44,843.0,0,0,5,7,40,1,9.0,1
2018,4,SP,1,1,2,3,36,1072.0,0,0,4,7,19,0,8.0,1
2019,6,SP,1,1,2,4,44,1600.0,0,0,4,9,26,0,2.0,1
2018,9,SP,1,1,2,5,44,2574.0,0,0,7,7,35,1,8.0,1
2018,5,SP,1,1,2,1,44,1711.0,0,0,7,7,39,1,4.0,1
2018,1,SP,1,1,2,4,44,1723.0,0,0,7,5,39,1,4.0,1
2018,10,SP,1,1,2,4,44,1108.0,0,0,5,5,41,0,2.0,1
2018,7,SP,1,1,2,6,44,2822.0,0,0,7,7,40,1,4.0,1
2019,7,SP,1,1,2,9,36,816.0,0,0,4,7,36,0,2.0,1
2018,11,SP,1,1,2,1,44,1212.0,0,0,4,8,33,0,2.0,1
2019,2,SP,1,3,2,1,44,1108.0,0,0,6,7,41,1,2.0,1
2018,9,SP,1,1,2,7,44,1496.0,0,0,7,7,39,0,2.0,1
2018,4,SP,1,1,2,5,44,1428.0,0,0,7,7,43,1,8.0,1
2018,2,SP,1,1,2,7,44,1110.0,0,0,5,7,43,0,2.0,1
2018,12,SP,1,1,2,7,44,1441.0,0,0,7,7,21,1,9.0,1
2019,7,SP,1,1,2,1,44,1380.0,0,0,2,7,50,0,8.0,1
2019,8,SP,1,1,2,6,38,1427.0,0,0,2,9,51,1,2.0,1
2018,11,SP,1,1,2,6,44,1349.0,0,0,3,7,18,0,8.0,1
2019,5,SP,1,1,2,2,44,3500.0,0,0,1,9,41,0,2.0,1
2018,11,SP,1,1,2,9,36,780.0,0,0,4,9,26,1,4.0,1
2019,7,SP,1,1,2,4,40,1398.0,0,0,3,7,33,0,9.0,1
2019,7,SP,1,1,2,2,44,4554.0,0,0,4,8,22,1,2.0,1
2018,8,SP,0,1,4,9,43,2957.0,0,0,4,7,54,1,2.0,0
2018,3,SP,0,1,4,6,44,1984.0,0,0,4,7,41,1,8.0,0
2019,6,SP,0,1,4,4,44,1380.0,0,0,4,6,22,0,2.0,0
2018,9,SP,0,1,4,2,44,1473.0,0,0,5,5,54,0,8.0,0
2019,1,SP,0,1,4,4,44,1375.0,0,0,4,7,24,0,8.0,0
2019,7,SP,0,1,4,5,44,3034.0,0,0,2,9,30,0,2.0,0
2018,7,SP,0,1,4,2,33,1718.0,0,0,2,9,37,1,2.0,0
2018,9,SP,0,1,4,9,40,0.0,0,1,7,3,62,1,2.0,0
2018,6,SP,0,1,4,6,44,1440.0,0,0,7,4,22,1,8.0,0
2018,2,SP,0,1,4,7,41,6096.0,0,0,3,7,31,1,2.0,0
2019,2,SP,0,1,4,6,44,3719.0,0,0,2,9,27,0,2.0,0
2019,4,SP,0,1,4,6,44,1510.0,0,0,4,7,25,0,4.0,0
2018,12,SP,0,1,4,6,30,1690.0,0,0,4,9,35,0,2.0,0
2018,2,SP,0,1,4,3,44,1582.0,0,0,3,7,36,1,2.0,0
2019,2,SP,0,1,4,9,40,4923.0,0,0,4,9,28,1,9.0,0
2018,1,SP,0,1,4,5,36,1309.0,0,0,5,7,32,1,2.0,0
2018,5,SP,0,1,4,1,44,1200.0,0,0,5,7,20,0,9.0,0
2018,7,SP,0,1,4,2,44,1783.0,0,0,7,7,44,1,8.0,0
2018,12,SP,0,1,4,5,44,1830.0,0,0,7,7,35,1,8.0,0
2018,11,SP,0,1,4,4,44,1592.0,0,0,8,7,32,0,2.0,0
2019,3,SP,0,1,5,9,36,998.0,0,0,4,7,31,1,8.0,0
2019,11,SP,0,1,6,1,40,1250.0,0,0,7,7,25,1,2.0,0
2018,7,SP,0,1,6,4,44,1314.0,0,0,7,6,37,1,8.0,0
2019,5,SP,0,1,6,9,36,998.0,0,0,4,7,18,0,2.0,0
2018,7,SP,0,1,6,5,40,970.0,0,0,5,7,22,1,8.0,0
2018,12,SP,0,1,6,8,36,1220.0,0,0,4,7,32,0,2.0,0
2018,1,SP,0,1,6,8,36,1019.0,0,0,4,7,22,0,8.0,0
2019,2,SP,0,1,6,4,44,1416.0,0,0,5,7,31,1,8.0,0
2018,4,SP,0,1,6,7,44,2997.0,0,0,5,7,41,0,8.0,0
2019,2,SP,0,1,6,9,44,3261.0,0,0,7,5,45,1,2.0,0
2018,1,SP,0,1,6,4,40,17832.0,0,0,1,9,57,1,2.0,0
2018,3,SP,0,1,6,9,36,937.0,0,0,4,7,41,1,8.0,0
2018,2,SP,0,1,6,1,44,1110.0,0,0,5,7,57,0,9.0,0
2019,5,SP,0,1,6,9,36,998.0,0,0,4,7,18,0,2.0,0
2019,6,SP,0,1,6,9,40,1681.0,0,0,5,7,22,0,9.0,0
2018,6,SP,0,1,6,8,36,991.0,0,1,5,7,47,0,2.0,0
2018,2,SP,0,1,6,2,44,1262.0,0,0,5,7,34,0,2.0,0
2019,6,SP,0,1,6,8,36,1019.0,0,0,4,7,22,0,8.0,0
2019,5,SP,0,1,6,9,36,998.0,0,0,4,7,18,0,2.0,0
2019,8,SP,0,1,11,3,44,1380.0,0,0,7,6,34,0,8.0,0
2018,6,SP,0,1,11,5,44,1213.0,0,0,5,7,21,1,2.0,0
2019,5,SP,0,1,11,7,44,1944.0,0,0,7,5,52,1,2.0,0
2018,9,SP,0,1,11,2,44,1323.0,0,0,4,7,20,1,2.0,0
2018,9,SP,0,1,11,9,30,715.0,1,0,4,7,21,0,2.0,0
2019,4,SP,0,1,11,3,44,1217.0,0,0,5,7,30,1,2.0,0
2018,7,SP,0,1,11,5,44,1100.0,0,0,8,7,50,0,2.0,0
2018,6,SP,0,1,33,2,44,1262.0,0,0,5,6,30,0,8.0,0
2019,3,SP,1,1,1,9,44,1827.0,0,0,4,8,18,0,2.0,1
2018,5,SP,1,1,1,9,36,880.0,0,0,4,7,23,1,2.0,1
2018,5,SP,1,1,1,9,36,880.0,0,0,4,7,23,1,2.0,1
2019,10,SP,1,1,2,2,44,1358.0,0,0,5,8,26,0,2.0,1
2019,3,SP,1,1,2,8,44,1217.0,0,0,4,7,21,1,2.0,1
2019,9,SP,1,1,2,8,44,25000.0,0,0,1,9,47,1,9.0,1
2018,1,SP,1,1,2,1,44,3200.0,0,0,3,8,48,1,2.0,1
2018,11,SP,1,1,2,9,44,2000.0,0,0,3,7,37,1,8.0,1
2018,3,SP,1,1,2,9,44,3298.0,0,0,3,9,26,1,8.0,1
2018,5,SP,1,1,2,9,44,1793.0,0,0,4,9,35,1,9.0,1
2019,3,SP,1,1,2,8,44,1217.0,0,0,4,7,21,1,2.0,1
2019,12,SP,1,1,2,2,44,1163.0,0,0,7,7,29,1,2.0,1
2019,12,SP,1,1,2,6,44,2287.0,0,0,5,5,39,1,2.0,1
2018,12,SP,1,1,2,1,44,1404.0,0,0,9,7,33,1,8.0,1
2019,1,SP,1,1,2,5,44,1130.0,0,0,4,7,22,0,2.0,1
2019,7,SP,1,1,2,8,44,1212.0,0,0,4,7,18,1,4.0,1
2018,3,SP,1,1,2,9,44,1141.0,0,0,5,3,39,1,8.0,1
2019,2,SP,1,1,2,7,44,1547.0,0,0,5,7,30,1,4.0,1
2018,8,SP,1,1,2,1,44,1067.0,0,0,5,7,22,0,2.0,1
2018,11,SP,1,1,2,1,40,2000.0,0,0,3,8,22,0,2.0,1
2019,10,SP,0,1,4,2,40,7663.0,0,0,2,9,49,0,2.0,0
2018,1,SP,0,1,4,5,44,1440.0,0,0,4,7,23,1,2.0,0
2019,10,SP,0,1,4,6,44,2069.0,0,0,5,7,50,1,8.0,0
2019,10,SP,0,1,4,9,44,2838.0,0,0,9,7,41,1,8.0,0
2018,7,SP,0,1,4,9,44,4224.0,0,0,5,7,32,0,9.0,0
2019,8,SP,0,1,4,9,36,1513.0,0,0,5,5,40,1,4.0,0
2018,8,SP,0,1,4,1,36,977.0,0,0,4,7,47,0,8.0,0
2019,3,SP,0,1,4,9,44,2164.0,0,0,3,9,28,0,2.0,0
2018,7,SP,0,1,4,1,44,2464.0,0,0,7,7,49,1,2.0,0
2018,9,SP,0,1,4,9,36,3228.0,0,0,4,9,46,0,2.0,0
2019,9,SP,0,1,4,9,44,2626.0,0,0,7,7,44,1,8.0,0
2019,7,SP,0,1,4,9,44,20442.0,0,0,1,9,41,0,9.0,0
2018,10,SP,0,1,4,3,44,1081.0,0,0,4,8,18,1,2.0,0
2019,1,SP,0,1,4,7,44,18441.0,0,0,2,9,47,0,2.0,0
2018,6,SP,0,1,4,9,44,1179.0,0,0,5,7,25,1,2.0,0
2018,10,SP,0,1,4,6,44,4370.0,0,0,2,9,25,0,2.0,0
2019,6,SP,0,1,4,5,36,1095.0,0,0,4,7,24,0,9.0,0
2018,3,SP,0,1,4,9,44,3451.0,0,0,5,4,27,1,8.0,0
2019,8,SP,0,1,4,8,36,1814.0,0,0,3,7,43,0,2.0,0
2018,2,SP,0,1,4,4,44,1563.0,0,0,9,7,20,1,2.0,0
2018,6,SP,0,1,4,6,44,2550.0,0,0,9,6,45,1,2.0,0
2018,1,SP,0,1,4,9,44,3483.0,0,0,7,7,29,1,8.0,0
2019,8,SP,0,1,4,9,44,1206.0,0,0,5,6,38,0,8.0,0
2019,12,SP,0,1,6,5,36,0.0,0,0,5,9,20,1,2.0,0
2019,3,SP,0,1,6,7,44,1409.0,0,0,5,7,25,1,8.0,0
2018,7,SP,0,1,6,1,44,1262.0,0,0,5,7,18,1,8.0,0
2019,12,SP,0,1,6,6,35,16405.0,0,0,2,9,38,1,2.0,0
2019,6,SP,0,1,6,4,44,1300.0,0,0,3,7,19,0,2.0,0
2018,5,SP,0,1,6,9,44,1170.0,0,0,5,4,48,0,4.0,0
2018,12,SP,0,1,6,9,26,1432.0,0,0,4,9,42,0,8.0,0
2018,9,SP,0,1,6,7,36,977.0,0,0,4,7,28,0,9.0,0
2019,4,SP,0,1,6,4,20,1149.0,0,0,5,7,24,0,8.0,0
2019,5,SP,0,1,6,9,40,2055.0,0,0,3,7,27,1,2.0,0
2018,12,SP,0,1,6,6,44,1110.0,0,0,5,7,47,1,4.0,0
2019,2,SP,0,1,6,8,36,998.0,0,0,4,7,26,0,8.0,0
2019,8,SP,0,1,8,4,44,1431.0,0,0,7,4,69,1,4.0,0
2019,4,SP,0,1,11,8,36,1016.0,0,0,4,7,18,0,2.0,0
2019,4,SP,0,1,11,8,36,1016.0,0,0,4,7,18,0,2.0,0
2018,5,SP,0,1,11,8,36,977.0,0,0,4,7,18,0,8.0,0
2019,6,SP,0,1,11,9,36,1787.0,0,0,5,7,43,1,4.0,0
2018,2,SP,0,1,43,5,44,1110.0,0,0,5,2,29,0,2.0,0
2019,4,SP,1,1,1,3,44,1521.0,0,0,7,5,19,1,2.0,1
2018,8,SP,1,1,2,3,44,1378.0,0,0,5,6,27,1,2.0,1
2018,2,SP,1,3,2,1,44,1172.0,0,0,6,2,33,1,2.0,1
2018,10,SP,1,1,2,3,44,1300.0,0,0,4,7,60,1,2.0,1
2018,9,SP,1,3,2,1,44,1171.0,0,0,6,5,30,1,2.0,1
2018,2,SP,1,1,2,1,44,1415.0,0,0,4,7,44,1,2.0,1
2019,4,SP,1,1,2,1,20,998.0,0,0,4,8,25,0,2.0,1
2019,4,SP,1,1,2,5,44,2260.0,0,0,4,7,38,1,4.0,1
2019,2,SP,1,1,2,3,44,1501.0,0,0,7,7,35,1,2.0,1
2018,1,SP,1,1,2,1,44,1400.0,0,0,1,5,26,1,2.0,1
2018,5,SP,1,1,2,8,44,1265.0,0,0,8,5,45,0,4.0,1
2019,9,SP,1,1,2,1,44,1350.0,0,0,4,8,24,0,2.0,1
2018,8,SP,0,1,4,9,42,8739.0,0,0,2,7,36,1,8.0,0
2019,4,SP,0,1,4,5,44,1592.0,0,0,6,5,53,1,8.0,0
2018,1,SP,0,1,4,2,44,1325.0,0,0,5,7,51,0,9.0,0
2019,10,SP,0,1,4,5,40,2009.0,0,0,3,9,26,0,9.0,0
2019,10,SP,0,1,4,1,44,1900.0,0,0,7,9,27,1,2.0,0
2018,11,SP,0,1,4,5,44,7686.0,0,0,3,9,38,1,2.0,0
2019,4,SP,0,1,4,1,44,1600.0,0,0,9,5,23,1,2.0,0
2018,3,SP,0,1,6,8,44,1265.0,0,0,8,7,32,0,2.0,0
2018,10,SP,0,1,6,5,44,1191.0,0,0,4,7,31,1,2.0,0
2018,7,SP,0,1,11,1,44,1617.0,0,0,5,7,30,1,2.0,0
2019,8,SP,1,1,25,9,44,1859.0,0,0,8,7,42,1,4.0,1
2018,2,SP,0,1,43,7,44,1347.0,0,0,4,5,40,1,2.0,0
2019,3,SP,1,1,2,6,36,1649.0,0,0,3,8,30,0,2.0,1
2019,11,SP,0,1,4,1,44,1360.0,0,0,5,7,49,0,2.0,0
2018,12,SP,0,1,4,4,44,1325.0,0,0,5,5,51,0,4.0,0
2019,3,SP,0,1,4,3,44,3135.0,0,0,5,7,58,1,2.0,0
2019,7,SP,0,1,4,3,44,1198.0,0,0,5,7,34,1,2.0,0
2018,9,SP,0,1,6,3,44,1175.0,0,0,8,7,21,1,2.0,0
2018,1,SP,0,1,6,3,44,1116.0,0,0,5,6,30,0,2.0,0
2019,3,SP,0,1,6,2,44,1307.0,0,0,8,7,21,0,2.0,0
2019,4,SP,0,3,11,1,44,1269.0,0,0,6,5,19,1,2.0,0
2019,4,SP,0,3,11,1,44,1269.0,0,0,6,5,34,0,2.0,0
2019,11,SP,1,1,2,2,44,1464.0,0,0,5,7,18,0,8.0,1
2018,5,SP,1,1,2,7,44,3238.0,0,0,3,9,29,0,2.0,1
2018,11,SP,0,1,4,9,44,2237.0,0,0,7,4,36,1,2.0,0
2018,3,SP,0,1,4,2,44,1192.0,0,0,5,7,28,1,2.0,0
2019,12,SP,1,3,2,1,44,1170.0,0,0,6,7,30,1,9.0,1
2018,10,SP,1,1,2,1,44,1778.0,0,0,7,4,31,1,8.0,1
2019,12,SP,0,3,11,3,44,1337.0,0,0,6,5,35,0,9.0,0
2018,4,SP,0,3,11,4,44,1128.0,0,0,6,7,34,0,2.0,0
2018,6,SP,1,3,25,4,44,305.0,0,0,6,5,56,1,2.0,1
2018,7,SP,1,3,25,4,44,523.0,0,0,6,5,39,1,2.0,1
2019,6,SP,1,1,1,1,44,2154.0,0,0,7,3,53,1,8.0,1
2018,12,SP,1,1,1,4,36,1125.0,0,0,5,4,29,1,8.0,1
2019,10,SP,1,1,1,4,44,1286.0,0,0,5,7,29,1,2.0,1
2019,10,SP,1,1,1,6,44,1404.0,0,0,4,7,18,1,2.0,1
2019,3,SP,1,1,1,2,40,1200.0,0,0,4,8,18,0,2.0,1
2018,6,SP,1,1,1,1,44,1120.0,0,0,4,9,22,0,2.0,1
2018,11,SP,1,1,2,3,44,1375.0,0,0,5,7,38,0,8.0,1
2018,6,SP,1,1,2,1,44,1336.0,0,0,5,5,33,1,8.0,1
2019,9,SP,1,1,2,5,44,1264.0,0,0,2,9,47,0,2.0,1
2018,12,SP,1,1,2,1,44,1800.0,0,0,7,4,58,1,2.0,1
2019,6,SP,1,1,2,4,44,2000.0,0,0,1,9,31,0,2.0,1
2018,11,SP,1,1,2,2,44,1290.0,0,0,1,7,32,1,8.0,1
2019,10,SP,1,1,2,3,44,1181.0,0,0,4,7,19,1,2.0,1
2019,9,SP,1,1,2,3,44,1257.0,0,0,5,7,34,0,2.0,1
2018,8,SP,1,1,2,1,44,1500.0,0,0,5,7,29,0,2.0,1
2019,7,SP,1,1,2,2,44,1353.0,0,0,5,7,20,0,2.0,1
2019,3,SP,1,1,2,5,44,1550.0,0,0,7,7,27,1,4.0,1
2018,11,SP,1,1,2,2,44,2285.0,0,0,7,4,44,1,2.0,1
2018,4,SP,1,1,2,3,44,1269.0,0,0,3,5,20,1,2.0,1
2018,10,SP,1,1,2,3,44,1396.0,0,0,5,7,19,0,2.0,1
2018,2,SP,1,1,2,4,44,1496.0,0,0,7,7,24,1,2.0,1
2019,12,SP,1,1,2,4,44,1284.0,0,0,5,3,50,0,2.0,1
2018,9,SP,1,1,2,3,44,2500.0,0,0,5,7,30,1,8.0,1
2018,6,SP,1,1,2,9,44,1150.0,0,0,5,4,33,1,2.0,1
2019,6,SP,1,1,2,8,36,1733.0,0,0,3,7,28,0,2.0,1
2019,1,SP,1,1,2,1,44,2156.0,0,0,5,7,32,1,2.0,1
2019,8,SP,1,1,2,3,44,1430.0,0,0,5,7,31,0,2.0,1
2018,4,SP,1,1,2,1,44,1518.0,0,0,9,7,44,1,8.0,1
2018,10,SP,1,1,2,2,44,1375.0,0,0,7,7,18,1,2.0,1
2018,11,SP,1,1,2,2,44,1336.0,0,0,4,7,21,0,8.0,1
2019,1,SP,1,1,2,4,44,1136.0,0,0,5,2,41,0,2.0,1
2019,2,SP,0,1,4,2,44,1526.0,0,0,5,5,35,1,2.0,0
2019,2,SP,0,1,4,1,44,1287.0,0,0,3,9,40,0,2.0,0
2019,2,SP,0,1,4,2,44,1538.0,0,0,5,5,49,0,4.0,0
2019,8,SP,0,1,4,5,44,1572.0,0,0,3,7,21,0,8.0,0
2018,4,SP,0,1,4,4,44,1094.0,0,0,4,7,21,1,9.0,0
2018,2,SP,0,1,4,3,44,1723.0,0,0,7,7,32,1,2.0,0
2019,11,SP,0,1,4,4,44,2500.0,0,0,3,7,33,1,2.0,0
2019,5,SP,0,1,4,6,44,1336.0,0,0,5,5,45,0,2.0,0
2018,4,SP,0,1,4,4,44,1047.0,0,0,5,7,41,1,2.0,0
2018,6,SP,0,1,4,8,44,2150.0,0,0,7,5,43,1,2.0,0
2018,2,SP,0,1,4,3,44,1723.0,0,0,7,7,32,1,2.0,0
2018,7,SP,0,1,4,4,44,1709.0,0,0,5,9,40,1,2.0,0
2019,6,SP,0,1,4,4,44,1246.0,0,0,5,7,50,1,8.0,0
2018,8,SP,0,1,4,9,36,2529.0,0,0,2,9,28,0,2.0,0
2019,5,SP,0,1,4,7,44,1635.0,0,0,7,7,23,1,2.0,0
2019,1,SP,0,1,4,5,44,2039.0,0,0,5,8,31,1,2.0,0
2018,6,SP,0,1,6,4,36,954.0,0,0,5,7,21,0,9.0,0
2018,1,SP,0,1,6,5,44,1723.0,0,0,7,7,32,1,9.0,0
2018,2,SP,0,1,6,4,44,1355.0,0,0,5,7,60,0,2.0,0
2019,3,SP,0,1,6,3,44,1654.0,0,0,5,7,32,1,2.0,0
2019,9,SP,0,1,6,1,44,1697.0,0,0,7,7,32,1,9.0,0
2018,11,SP,0,1,6,6,44,1447.0,0,0,5,7,21,1,8.0,0
2019,7,SP,0,1,6,1,44,1300.0,0,0,7,9,28,1,2.0,0
2019,8,SP,0,1,6,3,44,2934.0,0,0,2,9,53,0,2.0,0
2018,12,SP,0,1,6,6,44,1529.0,0,0,4,7,21,0,8.0,0
2018,10,SP,0,1,6,1,44,1336.0,0,0,5,7,25,0,2.0,0
2019,10,SP,0,1,6,7,30,703.0,1,0,4,7,17,0,4.0,0
2019,11,SP,0,1,6,5,44,1598.0,0,0,4,7,22,0,9.0,0
2019,12,SP,0,1,11,1,44,1465.0,0,0,5,6,19,0,2.0,0
2018,6,SP,0,1,11,8,20,464.0,1,0,7,6,18,1,1.0,0
2018,10,SP,0,1,11,6,44,1336.0,0,0,4,5,44,1,9.0,0
2018,1,SP,0,1,11,4,44,1200.0,0,0,5,7,28,0,2.0,0
2019,7,SP,1,1,25,2,44,1430.0,0,0,5,7,44,0,2.0,1
2018,8,SP,1,1,25,1,42,1281.0,0,0,5,5,23,0,8.0,1
2018,3,SP,1,1,25,3,44,1771.0,0,0,3,7,19,0,2.0,1
2018,6,SP,0,1,43,8,44,2150.0,0,0,7,7,28,1,2.0,0
2018,4,SP,0,1,33,8,44,1758.0,0,0,3,7,39,1,2.0,0
2018,9,SP,1,1,1,1,44,1500.0,0,0,1,7,29,1,6.0,1
2019,6,SP,1,1,1,1,44,1393.0,0,0,4,4,29,1,8.0,1
2018,3,SP,1,1,1,9,30,733.0,0,0,4,7,31,0,2.0,1
2018,3,SP,1,1,1,9,30,733.0,0,0,4,7,31,0,2.0,1
2018,11,SP,1,1,2,6,36,1135.0,0,0,5,7,22,0,4.0,1
2019,1,SP,1,1,2,4,44,1251.0,0,0,5,7,59,0,9.0,1
2018,8,SP,1,1,2,1,44,1606.0,0,0,5,6,23,1,2.0,1
2018,1,SP,1,1,2,2,44,1130.0,0,0,5,7,22,0,2.0,1
2019,9,SP,1,1,2,6,44,1552.0,0,0,5,7,22,0,2.0,1
2019,9,SP,1,1,2,1,36,2514.0,0,0,2,9,44,0,2.0,1
2018,8,SP,1,1,2,7,36,937.0,0,0,4,7,26,0,8.0,1
2019,7,SP,1,1,2,2,44,1784.0,0,0,7,5,32,1,8.0,1
2019,8,SP,1,1,2,1,44,1900.0,0,0,7,7,31,1,2.0,1
2018,11,SP,1,1,2,5,34,1108.0,0,0,5,7,39,0,8.0,1
2019,8,SP,1,1,2,1,44,1393.0,0,0,5,7,21,0,8.0,1
2018,12,SP,1,1,2,2,44,1108.0,0,0,4,7,24,0,2.0,1
2018,10,SP,1,1,2,6,30,1142.0,0,0,7,7,21,1,9.0,1
2019,9,SP,1,1,2,1,36,1139.0,0,0,5,8,28,0,2.0,1
2019,12,SP,1,1,2,1,44,1393.0,0,0,5,7,19,0,2.0,1
2018,1,SP,1,1,2,2,44,1374.0,0,0,5,7,26,0,2.0,1
2019,2,SP,1,1,2,3,20,666.0,0,0,2,9,42,0,2.0,1
2018,9,SP,1,1,2,5,44,1246.0,0,0,5,6,33,0,8.0,1
2018,5,SP,1,1,2,1,40,1800.0,0,0,3,7,32,1,8.0,1
2019,1,SP,1,1,2,6,43,1596.0,0,0,7,1,29,1,2.0,1
2019,7,SP,1,1,2,1,44,1347.0,0,0,5,7,38,1,2.0,1
2018,10,SP,1,1,2,2,44,1155.0,0,0,7,7,33,1,4.0,1
2018,7,SP,1,1,2,4,44,1344.0,0,0,5,7,27,0,2.0,1
2019,1,SP,1,1,2,1,44,1527.0,0,0,7,5,23,1,2.0,1
2019,1,SP,1,1,2,4,44,1065.0,0,0,5,8,41,0,2.0,1
2018,4,SP,1,1,2,1,44,1192.0,0,0,5,7,35,1,2.0,1
2019,3,SP,1,1,2,4,44,1330.0,0,0,5,7,20,1,8.0,1
2019,7,SP,1,1,2,3,44,1547.0,0,0,5,7,39,1,9.0,1
2019,2,SP,0,1,4,6,44,1440.0,0,0,7,7,30,1,2.0,0
2018,8,SP,0,1,4,2,44,490.0,0,0,5,8,48,0,2.0,0
2019,12,SP,0,1,4,1,44,2071.0,0,0,7,7,52,1,2.0,0
2019,10,SP,0,1,4,3,44,1350.0,0,0,5,7,24,1,8.0,0
2019,10,SP,0,1,4,4,44,3109.0,0,0,2,9,24,1,2.0,0
2018,2,SP,0,1,4,9,44,1110.0,0,0,5,2,52,0,2.0,0
2019,6,SP,0,1,4,2,44,1441.0,0,0,7,6,32,1,8.0,0
2018,5,SP,0,1,4,4,44,1723.0,0,0,7,7,51,1,2.0,0
2018,12,SP,0,1,4,3,44,1345.0,0,0,8,7,33,1,2.0,0
2019,7,SP,0,1,4,1,44,1163.0,0,0,5,7,26,0,2.0,0
2019,8,SP,0,1,4,5,44,3286.0,0,0,7,7,43,1,2.0,0
2019,4,SP,0,1,4,6,44,1310.0,0,0,4,6,20,1,2.0,0
2019,6,SP,0,1,4,1,43,1171.0,0,0,5,7,53,1,2.0,0
2019,3,SP,0,1,4,4,43,1393.0,0,0,8,7,26,1,2.0,0
2019,2,SP,0,1,4,1,44,1706.0,0,0,5,7,49,1,9.0,0
2018,5,SP,0,1,4,6,44,1486.0,0,0,4,7,24,1,2.0,0
2018,2,SP,0,1,4,9,44,2648.0,0,0,7,7,50,1,2.0,0
2019,9,SP,0,1,4,2,44,1723.0,0,0,7,7,36,1,2.0,0
2018,2,SP,0,1,4,3,44,1748.0,0,0,7,9,44,1,8.0,0
2019,2,SP,0,1,4,9,43,3173.0,0,0,2,9,30,0,2.0,0
2018,4,SP,0,1,4,3,44,1450.0,0,0,7,5,36,1,9.0,0
2018,3,SP,0,1,4,4,44,1122.0,0,0,5,7,20,1,2.0,0
2018,11,SP,0,1,5,6,44,1547.0,0,0,4,7,29,0,2.0,0
2019,8,SP,0,1,6,4,44,1888.0,0,0,7,7,37,1,2.0,0
2019,11,SP,0,1,6,4,44,1525.0,0,0,4,7,27,0,8.0,0
2018,8,SP,0,1,6,4,44,1747.0,0,0,9,7,37,1,2.0,0
2018,10,SP,0,1,6,9,36,941.0,0,0,4,7,21,0,8.0,0
2019,11,SP,0,1,6,7,44,6000.0,0,0,1,9,41,1,2.0,0
2018,8,SP,0,1,6,3,44,1753.0,0,0,7,7,32,1,8.0,0
2018,12,SP,0,1,11,3,44,1601.0,0,0,4,7,27,0,8.0,0
2018,5,SP,0,1,11,1,44,1142.0,0,0,5,7,34,0,2.0,0
2019,10,SP,1,1,1,9,44,1232.0,0,0,5,7,26,1,8.0,1
2019,1,SP,1,1,2,9,44,1160.0,0,0,5,4,42,0,4.0,1
2018,3,SP,1,1,2,4,44,1999.0,0,0,7,6,40,1,2.0,1
2018,1,SP,1,1,2,4,44,2917.0,0,0,7,3,42,1,8.0,1
2018,10,SP,0,1,4,4,44,3249.0,0,0,7,4,61,1,2.0,0
2018,4,SP,0,1,4,5,44,937.0,0,0,5,7,18,0,2.0,0
2019,7,SP,1,3,2,2,44,1200.0,0,0,6,7,22,1,9.0,1
2019,9,SP,0,3,6,1,44,1200.0,0,0,6,7,55,0,2.0,0
2018,7,SP,1,1,2,1,44,1630.0,0,0,5,8,21,1,2.0,1
2018,8,SP,1,3,2,5,44,1300.0,0,0,9,5,22,1,2.0,1
2018,3,SP,1,1,2,3,44,1349.0,0,0,5,7,29,0,2.0,1
2019,1,SP,0,1,4,3,44,2341.0,0,0,1,7,60,1,8.0,0
2019,11,SP,1,1,2,1,44,1230.0,0,0,6,7,28,1,2.0,1
2019,11,SP,0,1,4,5,44,1165.0,0,0,7,7,24,0,2.0,0
2018,5,SP,1,1,1,3,44,1239.0,0,0,5,7,18,1,8.0,1
2018,4,SP,1,1,1,9,44,3602.0,0,0,1,9,40,1,9.0,1
2019,8,SP,1,1,1,5,44,1497.0,0,0,5,7,18,0,2.0,1
2018,1,SP,1,1,1,4,40,2000.0,0,0,4,8,19,0,2.0,1
2019,3,SP,1,1,1,5,44,1628.0,0,0,7,5,18,1,8.0,1
2018,2,SP,1,1,1,9,20,0.0,0,0,2,9,34,0,2.0,1
2018,12,SP,1,1,1,4,36,1133.0,0,0,5,6,23,0,8.0,1
2018,4,SP,1,1,1,9,40,2000.0,0,0,4,7,25,0,2.0,1
2018,3,SP,1,1,1,2,44,1279.0,0,0,4,7,49,0,9.0,1
2019,2,SP,1,1,1,2,44,1200.0,0,0,5,7,19,1,9.0,1
2019,5,SP,1,1,1,1,44,1127.0,0,0,4,7,18,1,9.0,1
2019,1,SP,1,1,1,4,44,1153.0,0,0,7,7,18,0,8.0,1
2018,11,SP,1,1,1,7,44,12000.0,0,0,1,9,28,1,2.0,1
2019,1,SP,1,1,1,6,44,4000.0,0,0,1,9,21,1,9.0,1
2019,1,SP,1,1,1,3,44,1396.0,0,0,5,5,19,1,8.0,1
2018,4,SP,1,1,1,7,36,1076.0,0,0,2,7,27,0,8.0,1
2019,9,SP,1,1,1,6,44,1512.0,0,0,5,7,18,1,8.0,1
2019,3,SP,1,1,1,4,20,817.0,0,0,5,6,20,1,2.0,1
2018,1,SP,1,1,1,9,36,1008.0,0,0,4,7,40,0,8.0,1
2019,9,SP,1,1,1,5,44,1467.0,0,0,4,8,20,0,8.0,1
2018,5,SP,1,1,1,9,36,880.0,0,0,4,7,39,0,8.0,1
2019,3,SP,1,1,1,5,44,1244.0,0,0,4,6,29,1,8.0,1
2019,11,SP,1,1,1,5,30,562.0,1,1,5,7,24,0,2.0,1
2018,12,SP,1,1,1,9,44,10300.0,0,0,2,9,29,1,2.0,1
2019,11,SP,1,1,1,7,22,515.0,1,0,4,6,15,1,8.0,1
2019,3,SP,1,1,1,4,44,1338.0,0,0,4,5,19,0,2.0,1
2019,1,SP,1,1,1,9,44,6700.0,0,0,2,9,23,1,2.0,1
2019,3,SP,1,1,1,9,20,954.0,1,0,4,6,15,1,2.0,1
2019,8,SP,1,1,1,8,44,1777.0,0,0,5,7,18,0,2.0,1
2019,2,SP,1,1,1,1,44,1334.0,0,0,5,7,22,0,8.0,1
2019,4,SP,1,1,1,4,44,1396.0,0,0,7,7,26,0,8.0,1
2019,7,SP,1,1,1,3,44,1216.0,0,0,5,2,45,0,2.0,1
2019,3,SP,1,1,1,3,44,1200.0,0,0,5,7,30,0,4.0,1
2018,12,SP,1,1,1,2,44,1110.0,0,0,5,6,39,1,4.0,1
2018,9,SP,1,1,1,7,44,1481.0,0,1,5,7,24,0,8.0,1
2019,6,SP,1,1,1,9,36,1051.0,0,0,4,7,21,0,4.0,1
2018,12,SP,1,1,1,6,44,1396.0,0,0,5,7,19,1,9.0,1
2019,12,SP,1,1,1,4,44,998.0,0,0,4,7,19,0,4.0,1
2019,6,SP,1,1,1,3,30,724.0,1,0,5,7,18,0,8.0,1
2019,5,SP,1,1,1,1,44,1412.0,0,0,7,7,40,1,8.0,1
2018,11,SP,1,1,1,5,20,801.0,0,0,5,6,19,1,2.0,1
2018,10,SP,1,1,1,1,44,1400.0,0,0,5,7,19,0,4.0,1
2019,2,SP,1,1,1,5,24,562.0,0,0,5,7,18,0,8.0,1
2019,6,SP,1,1,1,9,30,965.0,1,0,4,7,18,0,4.0,1
2019,8,SP,1,1,1,1,44,2441.0,0,0,2,9,43,0,4.0,1
2018,8,SP,1,1,1,4,44,1161.0,0,0,3,7,21,1,2.0,1
2019,6,SP,1,1,1,9,44,1645.0,0,0,4,7,28,1,2.0,1
2019,5,SP,1,1,1,8,44,1300.0,0,0,5,7,27,1,4.0,1
2019,11,SP,1,1,1,6,44,1510.0,0,0,5,6,21,1,8.0,1
2018,5,SP,1,1,1,7,40,9825.0,0,0,2,9,46,0,2.0,1
2018,11,SP,1,1,1,5,20,801.0,0,0,5,6,19,1,8.0,1
2019,1,SP,1,1,1,9,44,6700.0,0,0,2,9,23,1,2.0,1
2019,4,SP,1,1,1,6,36,1012.0,0,0,4,7,22,0,2.0,1
2018,3,SP,1,1,1,2,44,1600.0,0,0,4,7,39,1,2.0,1
2019,3,SP,1,1,1,9,20,954.0,1,0,4,6,15,1,2.0,1
2019,2,SP,1,1,1,4,40,2291.0,0,0,2,9,23,0,2.0,1
2018,3,SP,1,1,1,9,36,880.0,0,0,4,9,45,0,8.0,1
2019,7,SP,1,1,1,1,44,1200.0,0,0,3,7,19,1,8.0,1
2019,1,SP,1,1,1,3,44,1396.0,0,0,5,7,20,1,4.0,1
2018,12,SP,1,1,1,2,44,1044.0,0,0,6,5,21,1,2.0,1
2018,2,SP,1,1,1,2,44,1175.0,0,0,4,7,29,0,9.0,1
2019,11,SP,1,1,1,6,30,1248.0,0,0,4,7,19,0,2.0,1
2019,3,SP,1,1,1,4,36,998.0,0,0,4,7,29,0,2.0,1
2018,7,SP,1,1,1,1,44,1345.0,0,0,5,7,23,0,8.0,1
2019,6,SP,1,1,1,4,40,1330.0,0,0,4,9,23,0,8.0,1
2018,1,SP,1,1,1,3,44,2000.0,0,0,3,8,22,0,9.0,1
2019,6,SP,1,1,1,9,30,965.0,1,0,4,7,18,0,4.0,1
2019,7,SP,1,1,1,2,44,1300.0,0,0,7,7,18,0,6.0,1
2018,8,SP,1,1,1,5,44,1440.0,0,0,7,7,31,1,8.0,1
2018,10,SP,1,1,1,9,40,8511.0,0,0,2,9,33,0,8.0,1
2018,5,SP,1,1,1,4,20,450.0,1,0,4,6,16,0,8.0,1
2019,8,SP,1,1,1,3,44,1110.0,0,0,5,7,18,0,9.0,1
2019,10,SP,1,1,1,5,44,1348.0,0,0,5,7,37,1,2.0,1
2019,3,SP,1,1,1,4,30,1108.0,1,0,5,7,18,0,2.0,1
2019,2,SP,1,1,1,5,24,562.0,0,0,5,7,18,0,8.0,1
2019,10,SP,1,1,1,7,44,1527.0,0,0,7,4,28,1,2.0,1
2019,10,SP,1,1,1,1,44,1405.0,0,0,7,7,22,1,2.0,1
2019,1,SP,1,1,1,9,30,703.0,1,0,4,7,19,0,4.0,1
2018,9,SP,1,1,1,1,44,1095.0,0,0,5,7,18,1,2.0,1
2019,11,SP,1,1,1,7,44,1547.0,0,0,5,5,47,1,2.0,1
2018,11,SP,1,1,1,7,44,12000.0,0,0,2,9,32,1,2.0,1
2019,5,SP,1,1,1,3,20,469.0,1,0,4,6,16,1,4.0,1
2018,5,SP,1,1,1,4,25,780.0,1,0,4,6,15,1,2.0,1
2018,12,SP,1,1,1,7,44,1296.0,0,0,5,7,23,1,2.0,1
2018,5,SP,1,1,1,3,44,1108.0,0,0,4,5,55,0,2.0,1
2018,4,SP,1,1,2,6,44,2043.0,0,0,5,7,26,1,2.0,1
2018,5,SP,1,1,2,3,42,1149.0,0,0,4,7,21,1,2.0,1
2018,9,SP,1,1,2,2,44,1617.0,0,0,5,7,20,0,2.0,1
2018,4,SP,1,1,2,8,44,1349.0,0,0,5,7,38,0,8.0,1
2019,2,SP,1,1,2,6,44,1396.0,0,0,5,7,34,1,9.0,1
2019,5,SP,1,1,2,2,44,1636.0,0,0,5,7,38,1,4.0,1
2019,7,SP,1,1,2,9,44,8000.0,0,0,2,9,28,1,2.0,1
2019,5,SP,1,1,2,3,44,2461.0,0,0,2,9,31,0,4.0,1
2019,6,SP,1,1,2,1,44,1231.0,0,0,5,5,32,0,8.0,1
2019,4,SP,1,1,2,2,44,1500.0,0,0,5,7,29,1,2.0,1
2018,11,SP,1,1,2,2,44,2500.0,0,0,7,7,38,1,2.0,1
2018,6,SP,1,1,2,6,44,1336.0,0,0,5,2,39,1,9.0,1
2018,3,SP,1,1,2,8,44,7000.0,0,0,2,9,25,1,2.0,1
2018,4,SP,1,1,2,2,30,1000.0,0,0,5,7,20,0,2.0,1
2018,1,SP,1,1,2,4,44,2209.0,0,0,1,7,38,0,8.0,1
2018,6,SP,1,1,2,4,44,1181.0,0,0,5,7,19,1,2.0,1
2018,12,SP,1,1,2,3,44,1217.0,0,0,5,5,31,1,8.0,1
2019,7,SP,1,1,2,6,44,1612.0,0,0,7,7,32,1,2.0,1
2019,8,SP,1,1,2,3,44,1289.0,0,0,5,7,39,0,8.0,1
2019,7,SP,1,1,2,1,44,1405.0,0,0,5,7,29,1,2.0,1
2019,9,SP,1,1,2,1,44,1200.0,0,0,7,7,24,1,2.0,1
2019,8,SP,1,1,2,9,36,1042.0,0,0,4,9,26,1,8.0,1
2019,4,SP,1,1,2,9,44,1160.0,0,0,5,5,48,0,9.0,1
2019,1,SP,1,1,2,3,44,1600.0,0,0,3,8,29,0,2.0,1
2018,3,SP,1,1,2,8,44,1586.0,0,0,5,7,32,1,4.0,1
2018,6,SP,1,1,2,6,40,27083.0,0,0,3,9,53,1,2.0,1
2018,11,SP,1,1,2,2,44,1752.0,0,0,7,2,35,1,2.0,1
2018,3,SP,1,1,2,3,44,4639.0,0,0,3,9,49,0,2.0,1
2018,7,SP,1,1,2,4,40,1203.0,0,0,5,7,43,0,8.0,1
2018,2,SP,1,1,2,6,30,1432.0,0,0,4,7,51,0,2.0,1
2019,7,SP,1,1,2,3,44,1603.0,0,0,5,7,23,0,2.0,1
2019,9,SP,1,1,2,2,44,1560.0,0,0,1,7,45,1,2.0,1
2019,5,SP,1,1,2,8,36,1300.0,0,0,4,7,40,1,2.0,1
2019,11,SP,1,1,2,6,44,2624.0,0,0,1,9,47,1,2.0,1
2019,12,SP,1,1,2,6,34,787.0,0,0,5,7,19,1,8.0,1
2019,5,SP,1,1,2,6,30,1108.0,0,0,5,7,24,0,9.0,1
2018,11,SP,1,1,2,8,36,977.0,0,0,4,7,24,1,8.0,1
2018,2,SP,1,1,2,1,44,1743.0,0,0,9,7,35,1,8.0,1
2018,9,SP,1,1,2,6,33,3732.0,0,0,2,9,30,0,2.0,1
2018,1,SP,1,1,2,9,44,1075.0,0,0,5,7,26,0,2.0,1
2018,12,SP,1,1,2,1,44,1396.0,0,0,5,7,35,1,8.0,1
2019,5,SP,1,1,2,5,44,1599.0,0,0,8,7,19,1,8.0,1
2019,11,SP,1,1,2,4,44,1800.0,0,0,4,7,21,0,2.0,1
2019,9,SP,1,1,2,5,44,1400.0,0,0,4,8,31,0,9.0,1
2019,10,SP,1,1,2,4,44,1710.0,0,0,4,7,28,1,4.0,1
2019,5,SP,1,1,2,9,44,1373.0,0,0,5,7,29,1,4.0,1
2019,11,SP,1,1,2,9,44,1547.0,0,0,5,7,52,1,8.0,1
2018,3,SP,1,1,2,8,44,1160.0,0,0,5,7,23,1,8.0,1
2018,8,SP,1,1,2,7,30,763.0,1,0,4,8,20,1,8.0,1
2018,9,SP,1,1,2,5,44,1801.0,0,0,7,7,27,1,8.0,1
2018,4,SP,1,1,2,6,24,8316.0,0,0,2,9,36,0,2.0,1
2018,10,SP,1,1,2,4,44,1405.0,0,0,3,7,31,0,2.0,1
2019,9,SP,1,1,2,8,44,10500.0,0,0,2,9,27,0,2.0,1
2019,1,SP,1,1,2,9,44,1263.0,0,0,5,7,58,0,2.0,1
2019,9,SP,1,1,2,9,40,4000.0,0,0,4,9,23,0,2.0,1
2019,1,SP,1,1,2,5,44,1357.0,0,0,5,7,35,0,2.0,1
2019,10,SP,1,1,2,7,44,1559.0,0,0,5,7,47,0,8.0,1
2019,8,SP,1,1,2,4,44,1175.0,0,0,4,7,24,0,2.0,1
2018,6,SP,1,1,2,6,44,1489.0,0,0,7,7,33,1,2.0,1
2018,7,SP,1,1,2,1,44,1300.0,0,0,5,6,22,1,2.0,1
2018,4,SP,1,1,2,4,44,2500.0,0,0,7,7,57,1,2.0,1
2018,6,SP,1,1,2,9,44,1938.0,0,0,5,4,25,1,2.0,1
2018,6,SP,1,1,2,2,44,1440.0,0,0,7,7,38,1,9.0,1
2018,9,SP,1,1,2,8,44,1486.0,0,0,5,7,43,1,8.0,1
2019,10,SP,1,1,2,8,44,1300.0,0,0,4,7,35,0,8.0,1
2019,6,SP,1,1,2,3,44,1160.0,0,0,5,4,36,1,4.0,1
2019,7,SP,1,1,2,2,44,998.0,0,0,7,2,41,1,2.0,1
2018,5,SP,1,1,2,1,44,1300.0,0,0,5,7,22,0,9.0,1
2018,11,SP,1,1,2,4,40,1587.0,0,0,5,6,29,1,2.0,1
2018,3,SP,1,1,2,5,44,1110.0,0,0,5,7,33,0,8.0,1
2019,4,SP,1,1,2,6,44,1410.0,0,0,4,7,25,0,8.0,1
2019,3,SP,1,1,2,5,44,1182.0,0,0,5,6,20,1,8.0,1
2019,8,SP,1,1,2,1,44,3500.0,0,0,3,7,27,1,2.0,1
2019,3,SP,1,1,2,9,40,1194.0,0,0,5,4,50,0,2.0,1
2018,5,SP,1,1,2,3,44,1394.0,0,0,7,7,35,1,8.0,1
2018,11,SP,1,1,2,1,44,1560.0,0,0,7,7,19,1,8.0,1
2018,9,SP,1,1,2,3,44,1332.0,0,0,4,7,33,0,8.0,1
2018,9,SP,1,1,2,5,44,4000.0,0,0,3,9,36,0,4.0,1
2018,11,SP,1,1,2,1,44,1264.0,0,0,4,7,21,0,9.0,1
2018,6,SP,1,1,2,9,36,1100.0,0,0,5,7,32,1,8.0,1
2019,9,SP,1,1,2,6,40,23000.0,0,0,5,9,46,0,6.0,1
2019,5,SP,1,1,2,9,36,998.0,0,0,4,7,21,0,8.0,1
2019,1,SP,1,1,2,2,44,2426.0,0,0,5,7,31,0,2.0,1
2019,10,SP,1,1,2,2,44,1508.0,0,0,7,7,42,0,2.0,1
2019,6,SP,1,1,2,8,44,4037.0,0,0,2,9,20,1,2.0,1
2019,6,SP,1,1,2,1,42,1107.0,0,0,4,8,23,0,2.0,1
2018,10,SP,1,1,2,4,44,1450.0,0,0,7,7,55,0,8.0,1
2018,6,SP,1,1,2,5,40,2366.0,0,0,3,9,24,1,9.0,1
2018,10,SP,1,1,2,9,44,14193.0,0,0,1,9,32,0,2.0,1
2018,8,SP,1,1,2,9,40,14211.0,0,0,2,9,22,0,2.0,1
2019,8,SP,1,1,2,5,44,1337.0,0,0,3,7,30,0,8.0,1
2019,7,SP,1,1,2,2,44,1680.0,0,0,4,9,29,0,2.0,1
2019,11,SP,1,1,2,1,44,1256.0,0,0,8,7,21,0,8.0,1
2018,6,SP,1,1,2,6,44,1181.0,0,0,4,7,20,0,8.0,1
2018,1,SP,1,1,2,9,44,1221.0,0,0,5,7,31,1,2.0,1
2018,10,SP,1,1,2,9,44,1110.0,0,0,5,4,28,0,8.0,1
2018,1,SP,1,1,2,2,44,1242.0,0,0,5,5,21,1,2.0,1
2019,4,SP,1,1,2,4,44,1181.0,0,0,5,7,22,1,2.0,1
2019,9,SP,1,1,2,1,44,1396.0,0,0,5,7,32,0,8.0,1
2019,12,SP,1,1,2,4,44,1800.0,0,0,4,9,35,0,9.0,1
2019,8,SP,1,1,2,4,44,1264.0,0,0,4,9,31,1,9.0,1
2019,7,SP,1,1,2,4,44,1394.0,0,0,2,9,40,0,2.0,1
2019,10,SP,1,1,2,6,44,5000.0,0,0,2,9,33,0,2.0,1
2019,11,SP,1,1,2,4,44,499.0,0,0,5,7,23,0,2.0,1
2018,1,SP,1,1,2,2,44,1084.0,0,0,5,7,33,0,8.0,1
2018,4,SP,1,1,2,5,40,1879.0,0,0,3,9,51,1,8.0,1
2019,2,SP,1,1,2,9,44,15400.0,0,0,1,9,37,0,2.0,1
2019,8,SP,1,1,2,6,44,1396.0,0,0,5,7,35,0,9.0,1
2019,6,SP,1,1,2,4,44,1405.0,0,0,5,7,34,0,8.0,1
2018,1,SP,1,1,2,5,44,1723.0,0,0,7,5,27,1,8.0,1
2018,8,SP,1,1,2,1,44,2600.0,0,0,5,7,51,0,8.0,1
2018,2,SP,1,1,2,5,44,1322.0,0,0,7,7,27,1,8.0,1
2018,5,SP,1,1,2,5,44,1437.0,0,0,5,7,31,1,2.0,1
2018,11,SP,1,1,2,2,44,1405.0,0,0,5,7,20,0,2.0,1
2018,4,SP,1,1,2,6,30,759.0,0,0,4,8,22,0,2.0,1
2019,2,SP,1,1,2,9,36,816.0,0,0,4,7,25,1,2.0,1
2019,1,SP,1,1,2,5,44,1350.0,0,0,4,7,24,0,2.0,1
2019,9,SP,1,1,2,3,44,1442.0,0,0,5,7,23,0,8.0,1
2019,4,SP,1,1,2,5,44,1773.0,0,0,4,8,21,0,2.0,1
2019,11,SP,1,1,2,1,44,1396.0,0,0,5,7,26,1,8.0,1
2019,4,SP,1,1,2,9,36,1056.0,0,0,4,7,20,0,2.0,1
2019,3,SP,1,1,2,4,44,1144.0,0,0,4,7,21,0,8.0,1
2019,12,SP,1,1,2,2,44,1455.0,0,0,5,7,23,0,2.0,1
2019,5,SP,1,1,2,3,44,1850.0,0,0,4,7,20,1,8.0,1
2018,2,SP,1,1,2,1,36,1271.0,0,0,5,5,42,0,9.0,1
2018,8,SP,1,1,2,6,44,2500.0,0,0,4,8,30,0,8.0,1
2018,11,SP,1,1,2,2,44,1135.0,0,0,3,7,26,0,2.0,1
2018,5,SP,1,1,2,1,44,1000.0,0,0,7,7,33,1,9.0,1
2018,8,SP,1,1,2,4,40,1267.0,0,0,7,7,42,0,8.0,1
2018,10,SP,1,1,2,7,44,1295.0,0,0,5,7,32,0,2.0,1
2018,2,SP,1,1,2,6,30,1432.0,0,0,4,7,51,0,2.0,1
2019,11,SP,1,1,2,6,40,1596.0,0,0,5,7,24,0,4.0,1
2019,12,SP,1,1,2,6,34,787.0,0,0,5,7,19,1,8.0,1
2019,8,SP,1,1,2,3,44,1405.0,0,0,5,7,48,1,8.0,1
2019,11,SP,1,1,2,9,40,5000.0,0,0,2,9,28,1,2.0,1
2018,6,SP,1,1,2,6,36,801.0,0,0,5,4,45,0,9.0,1
2018,11,SP,1,1,2,4,44,1405.0,0,0,5,7,28,0,2.0,1
2018,12,SP,1,1,2,6,44,1558.0,0,0,4,7,52,0,2.0,1
2018,2,SP,1,1,2,1,40,2000.0,0,0,3,8,27,0,2.0,1
2019,2,SP,1,1,2,9,24,633.0,0,0,5,4,60,0,8.0,1
2019,1,SP,1,1,2,3,44,1500.0,0,0,5,7,26,1,2.0,1
2019,2,SP,1,1,2,7,44,1638.0,0,0,4,9,27,0,8.0,1
2019,2,SP,1,1,2,9,44,1276.0,0,0,5,7,23,0,8.0,1
2019,10,SP,1,1,2,9,36,1037.0,0,0,4,7,21,0,9.0,1
2019,10,SP,1,1,2,3,44,1903.0,0,0,5,7,49,1,2.0,1
2018,5,SP,1,1,2,1,44,1221.0,0,0,5,5,38,0,2.0,1
2018,3,SP,1,1,2,6,44,3800.0,0,0,1,9,28,1,8.0,1
2018,1,SP,1,1,2,3,44,3033.0,0,0,2,9,38,0,2.0,1
2018,10,SP,1,1,2,9,40,2800.0,0,0,2,8,26,0,2.0,1
2019,2,SP,1,1,2,8,44,1160.0,0,0,5,5,47,0,8.0,1
2019,9,SP,1,1,2,3,44,1842.0,0,0,5,7,49,1,2.0,1
2019,8,SP,1,1,2,4,44,1688.0,0,0,5,7,25,0,2.0,1
2019,10,SP,1,1,2,3,44,2500.0,0,0,3,9,39,0,2.0,1
2019,1,SP,1,1,2,9,44,1238.0,0,0,5,7,21,1,2.0,1
2019,1,SP,1,1,2,5,40,4000.0,0,0,3,9,22,1,2.0,1
2018,4,SP,1,1,2,9,44,1110.0,0,0,5,2,31,1,8.0,1
2018,12,SP,1,1,2,4,24,674.0,0,0,5,6,34,1,9.0,1
2018,4,SP,1,1,2,9,44,1110.0,0,0,5,7,58,0,2.0,1
2018,8,SP,1,1,2,9,40,1510.0,0,0,5,7,22,0,2.0,1
2018,5,SP,1,1,2,5,44,1352.0,0,0,3,6,21,1,4.0,1
2019,5,SP,1,1,2,7,44,1723.0,0,0,5,7,26,1,8.0,1
2019,3,SP,1,1,2,8,40,1668.0,0,0,2,9,26,1,2.0,1
2019,8,SP,1,1,2,1,44,1400.0,0,0,5,5,40,1,2.0,1
2018,1,SP,1,1,2,5,44,3297.0,0,0,7,7,28,1,2.0,1
2018,8,SP,1,1,2,9,44,8000.0,0,0,1,9,32,1,2.0,1
2019,6,SP,1,1,2,6,44,1190.0,0,0,7,5,26,1,8.0,1
2019,4,SP,1,1,2,9,36,1056.0,0,0,4,7,20,0,2.0,1
2019,2,SP,1,1,2,1,44,1405.0,0,0,1,9,33,0,8.0,1
2019,1,SP,1,1,2,9,36,998.0,0,0,4,7,20,0,8.0,1
2018,11,SP,1,1,2,3,44,1420.0,0,0,5,7,31,0,9.0,1
2018,9,SP,1,1,2,9,40,3975.0,0,0,2,9,36,1,2.0,1
2018,4,SP,1,1,2,4,44,1345.0,0,0,4,7,31,0,8.0,1
2018,5,SP,1,1,2,1,44,1600.0,0,0,4,8,51,0,8.0,1
2018,5,SP,1,1,2,9,40,3169.0,0,0,3,7,31,0,2.0,1
2018,9,SP,1,1,2,7,44,1440.0,0,0,7,4,34,1,8.0,1
2018,11,SP,1,1,2,1,44,1405.0,0,0,4,7,38,0,2.0,1
2018,4,SP,1,1,2,6,44,1099.0,0,0,5,7,25,1,2.0,1
2019,3,SP,1,1,2,8,44,2261.0,0,0,4,9,44,0,2.0,1
2019,5,SP,1,1,2,8,44,1350.0,0,0,4,7,39,1,8.0,1
2019,7,SP,1,1,2,1,44,1137.0,0,0,3,7,23,0,2.0,1
2019,1,SP,1,1,2,1,44,1450.0,0,0,4,9,32,0,6.0,1
2019,4,SP,1,1,2,9,36,1056.0,0,0,4,7,20,0,2.0,1
2018,5,SP,1,1,2,2,44,1500.0,0,0,5,7,39,1,2.0,1
2018,6,SP,1,1,2,5,44,1442.0,0,0,5,7,36,1,8.0,1
2018,10,SP,1,1,2,9,44,3550.0,0,0,4,9,28,0,8.0,1
2018,11,SP,1,1,2,6,44,5500.0,0,0,2,9,26,0,9.0,1
2018,12,SP,1,1,2,7,44,4200.0,0,0,2,9,31,0,2.0,1
2019,6,SP,1,1,2,9,40,3600.0,0,0,4,9,27,1,2.0,1
2019,1,SP,1,1,2,9,36,1179.0,0,0,5,4,46,0,8.0,1
2019,5,SP,1,1,2,9,36,1016.0,0,0,4,7,34,0,6.0,1
2019,11,SP,1,1,2,1,44,25000.0,0,0,1,9,51,1,2.0,1
2019,4,SP,1,1,2,1,30,1846.0,0,0,2,9,27,1,9.0,1
2018,11,SP,1,1,2,5,43,1405.0,0,0,4,9,27,0,8.0,1
2018,4,SP,1,1,2,1,44,1220.0,0,0,5,7,31,1,8.0,1
2018,2,SP,1,1,2,1,40,2301.0,0,0,3,9,44,0,2.0,1
2018,11,SP,1,1,2,1,44,1753.0,0,0,7,5,24,1,2.0,1
2018,6,SP,1,1,2,2,44,1394.0,0,0,7,7,24,0,8.0,1
2019,8,SP,1,1,2,4,36,1150.0,0,0,4,7,27,0,4.0,1
2019,1,SP,1,1,2,5,40,1800.0,0,0,1,9,19,1,9.0,1
2019,5,SP,1,1,2,4,44,1342.0,0,0,5,7,24,1,4.0,1
2019,5,SP,1,1,2,9,44,1454.0,0,0,7,7,62,1,4.0,1
2018,4,SP,1,1,2,6,44,3256.0,0,0,2,9,26,0,2.0,1
2018,7,SP,1,1,2,6,44,1336.0,0,0,5,7,52,1,9.0,1
2018,9,SP,1,1,2,1,44,1332.0,0,0,5,7,34,0,4.0,1
2019,5,SP,1,1,2,5,44,4016.0,0,0,3,7,42,1,2.0,1
2019,6,SP,1,1,2,9,44,2748.0,0,0,2,8,30,0,2.0,1
2018,11,SP,1,1,2,5,44,2600.0,0,0,5,8,31,0,2.0,1
2018,3,SP,1,1,2,8,44,1296.0,0,0,3,7,53,0,8.0,1
2018,3,SP,1,1,2,8,44,1394.0,0,0,9,4,30,1,8.0,1
2018,3,SP,1,1,2,6,44,1336.0,0,0,5,7,19,1,9.0,1
2018,4,SP,1,1,2,9,36,4854.0,0,0,2,9,44,0,4.0,1
2018,6,SP,1,1,2,1,44,1331.0,0,0,7,7,21,1,8.0,1
2018,8,SP,1,1,2,5,44,1236.0,0,0,5,7,31,1,2.0,1
2019,5,SP,1,1,2,9,36,998.0,0,0,4,7,21,0,8.0,1
2019,3,SP,1,1,2,9,40,11000.0,0,0,2,9,27,1,8.0,1
2019,3,SP,1,1,2,6,44,1752.0,0,0,7,2,25,1,8.0,1
2018,11,SP,1,1,2,5,38,8500.0,0,0,2,8,29,1,8.0,1
2018,5,SP,1,1,2,1,44,1250.0,0,0,4,7,57,0,2.0,1
2018,10,SP,1,1,2,7,44,1600.0,0,0,2,9,21,1,9.0,1
2019,3,SP,1,1,2,1,44,1600.0,0,0,4,9,25,0,2.0,1
2019,6,SP,1,1,2,4,36,865.0,0,0,5,5,26,0,8.0,1
2019,11,SP,1,1,2,6,36,1557.0,0,0,3,7,35,0,2.0,1
2019,3,SP,1,1,2,2,44,1396.0,0,0,8,7,28,1,8.0,1
2019,10,SP,1,1,2,2,44,1380.0,0,0,5,7,35,1,2.0,1
2019,2,SP,1,1,2,9,40,1180.0,0,0,5,7,34,0,8.0,1
2018,3,SP,1,1,2,8,44,1160.0,0,0,5,7,23,1,8.0,1
2018,2,SP,1,1,2,5,44,1500.0,0,0,5,7,28,1,2.0,1
2018,5,SP,1,1,2,5,40,1203.0,0,0,3,7,28,1,2.0,1
2018,1,SP,1,1,2,6,44,1723.0,0,0,7,5,45,1,2.0,1
2018,12,SP,1,1,2,2,35,1165.0,0,0,3,7,26,1,8.0,1
2018,3,SP,1,1,2,9,36,1045.0,0,0,4,7,18,0,2.0,1
2018,7,SP,1,1,2,1,44,1345.0,0,0,5,7,29,1,2.0,1
2018,12,SP,1,1,2,4,44,2300.0,0,0,7,7,42,1,9.0,1
2019,11,SP,1,1,2,9,44,1297.0,0,0,7,7,26,1,9.0,1
2019,11,SP,1,1,2,9,44,1297.0,0,0,7,7,26,1,9.0,1
2019,10,SP,1,1,2,7,44,1630.0,0,0,7,2,36,1,2.0,1
2019,4,SP,1,1,2,3,44,1128.0,0,0,5,7,35,0,2.0,1
2019,12,SP,1,1,2,1,40,2136.0,0,0,5,7,25,0,8.0,1
2019,1,SP,1,1,2,9,44,1408.0,0,0,5,7,37,0,2.0,1
2018,1,SP,1,1,2,6,44,1186.0,0,0,5,7,22,1,8.0,1
2018,4,SP,1,1,2,5,44,1186.0,0,0,5,7,20,1,2.0,1
2018,5,SP,1,1,2,6,44,1111.0,0,0,5,2,38,0,4.0,1
2018,10,SP,1,1,2,3,44,1231.0,0,0,4,7,25,0,2.0,1
2018,3,SP,1,1,2,9,38,1247.0,0,0,3,7,25,1,8.0,1
2019,5,SP,1,1,2,6,35,1600.0,0,0,4,9,30,0,2.0,1
2019,11,SP,1,1,2,4,44,3200.0,0,0,2,9,29,0,2.0,1
2019,4,SP,1,1,2,6,44,2000.0,0,0,4,9,34,1,9.0,1
2019,4,SP,1,1,2,1,44,1633.0,0,0,7,6,25,1,1.0,1
2019,11,SP,1,1,2,4,44,1741.0,0,0,5,6,18,1,2.0,1
2019,1,SP,1,1,2,3,44,1004.0,0,0,5,7,34,0,2.0,1
2018,10,SP,1,1,2,7,44,8500.0,0,0,1,9,44,0,2.0,1
2018,8,SP,1,1,2,6,42,3300.0,0,0,2,9,26,0,2.0,1
2018,9,SP,1,1,2,5,44,15000.0,0,0,1,9,51,0,9.0,1
2018,2,SP,1,1,2,4,40,1128.0,0,0,5,5,40,0,2.0,1
2018,4,SP,1,1,2,9,36,3099.0,0,0,3,9,36,1,2.0,1
2018,2,SP,1,1,2,4,40,2366.0,0,0,2,9,32,0,9.0,1
2019,2,SP,1,1,2,9,44,5440.0,0,0,2,9,26,1,2.0,1
2019,9,SP,1,1,2,1,44,1205.0,0,0,5,7,34,1,9.0,1
2019,10,SP,1,1,2,9,44,1160.0,0,0,5,7,49,0,8.0,1
2019,2,SP,1,1,2,2,44,1500.0,0,0,4,7,36,0,9.0,1
2019,12,SP,1,1,2,5,44,1284.0,0,0,4,7,43,0,2.0,1
2018,12,SP,1,1,2,6,44,913.0,0,0,5,7,35,1,2.0,1
2018,5,SP,1,1,2,9,44,1918.0,0,0,5,7,52,1,2.0,1
2018,5,SP,1,1,2,3,44,1440.0,0,0,7,5,29,1,2.0,1
2018,11,SP,1,1,2,5,44,2365.0,0,0,5,9,35,1,2.0,1
2018,10,SP,1,1,2,9,44,1428.0,0,0,5,7,37,1,2.0,1
2018,12,SP,1,1,2,9,44,1161.0,0,1,5,7,39,1,4.0,1
2018,8,SP,1,1,2,2,44,1357.0,0,0,4,7,23,1,2.0,1
2019,2,SP,1,1,2,5,36,2200.0,0,0,3,7,36,0,8.0,1
2019,6,SP,1,1,2,5,44,1409.0,0,0,5,8,29,1,2.0,1
2019,7,SP,1,1,2,9,40,3100.0,0,0,2,8,28,0,2.0,1
2019,2,SP,1,1,2,5,44,1756.0,0,0,7,7,29,1,2.0,1
2019,10,SP,1,1,2,8,44,1200.0,0,0,5,5,32,1,8.0,1
2019,4,SP,1,1,2,9,36,1016.0,0,0,4,7,25,1,8.0,1
2019,3,SP,1,1,2,6,44,1500.0,0,0,4,6,29,1,9.0,1
2018,2,SP,1,1,2,9,40,1500.0,0,0,2,9,20,0,9.0,1
2018,9,SP,1,1,2,3,20,954.0,1,0,4,7,20,0,2.0,1
2018,8,SP,1,1,2,7,36,1129.0,0,0,4,7,18,0,9.0,1
2018,7,SP,1,1,2,3,44,1703.0,0,0,4,7,25,0,2.0,1
2018,4,SP,1,1,2,6,44,1336.0,0,0,5,7,35,0,9.0,1
2018,5,SP,1,1,2,6,44,1552.0,0,0,7,7,33,1,9.0,1
2018,9,SP,1,1,2,1,44,1345.0,0,0,7,8,24,1,8.0,1
2019,4,SP,1,1,2,1,44,1232.0,0,0,5,7,40,1,9.0,1
2019,4,SP,1,1,2,9,36,1016.0,0,0,4,9,48,0,8.0,1
2019,6,SP,1,1,2,6,40,1138.0,0,0,5,5,30,1,2.0,1
2019,3,SP,1,1,2,5,44,1440.0,0,0,7,7,24,1,2.0,1
2019,7,SP,1,1,2,4,36,1018.0,0,0,4,7,38,1,4.0,1
2019,6,SP,1,1,2,9,40,1016.0,0,0,4,7,18,0,4.0,1
2018,5,SP,1,1,2,8,44,1628.0,0,0,7,4,35,1,8.0,1
2018,2,SP,1,1,2,9,44,1044.0,0,0,5,3,41,0,2.0,1
2018,11,SP,1,1,2,8,44,1873.0,0,0,5,6,26,1,8.0,1
2018,8,SP,1,1,2,9,44,1296.0,0,0,4,5,31,1,8.0,1
2019,1,SP,1,1,2,4,44,1500.0,0,0,4,6,29,0,9.0,1
2019,11,SP,1,1,2,1,44,1160.0,0,0,5,7,42,0,8.0,1
2019,10,SP,1,1,2,5,44,3140.0,0,0,2,9,26,0,2.0,1
2018,11,SP,1,1,2,1,44,1299.0,0,0,5,6,30,0,4.0,1
2018,1,SP,1,1,2,3,44,1500.0,0,0,4,9,23,0,2.0,1
2019,12,SP,1,1,2,5,44,4000.0,0,0,3,9,27,1,2.0,1
2019,6,SP,1,1,2,2,44,1342.0,0,0,8,7,29,1,2.0,1
2019,5,SP,1,1,2,2,44,1344.0,0,0,5,7,38,0,8.0,1
2019,6,SP,1,1,2,9,44,1409.0,0,0,5,7,30,1,9.0,1
2019,11,SP,1,1,2,9,44,1160.0,0,0,5,6,20,0,6.0,1
2018,10,SP,1,1,2,4,44,1100.0,0,0,5,7,45,0,2.0,1
2018,12,SP,1,1,2,8,44,1989.0,0,0,4,7,31,0,8.0,1
2018,5,SP,1,1,2,6,44,1336.0,0,0,5,7,29,1,4.0,1
2018,5,SP,1,1,2,4,44,2552.0,0,0,8,9,47,0,2.0,1
2018,8,SP,1,1,2,5,44,1486.0,0,0,5,7,24,1,8.0,1
2018,5,SP,1,1,2,3,44,1440.0,0,0,7,6,34,1,8.0,1
2019,4,SP,1,1,2,1,44,1526.0,0,0,2,8,21,1,2.0,1
2019,5,SP,1,1,2,9,36,998.0,0,0,4,7,21,0,8.0,1
2019,12,SP,1,1,2,4,40,1492.0,0,0,5,6,37,0,2.0,1
2019,4,SP,1,1,2,6,39,2243.0,0,0,7,7,27,1,8.0,1
2018,7,SP,1,1,2,8,44,3196.0,0,0,7,7,38,1,8.0,1
2018,5,SP,1,1,2,1,44,1362.0,0,0,4,8,35,0,2.0,1
2018,4,SP,1,1,2,1,44,1096.0,0,0,4,7,48,0,8.0,1
2018,4,SP,1,1,2,4,40,1500.0,0,0,1,9,48,0,2.0,1
2018,5,SP,1,1,2,8,40,4100.0,0,0,4,8,57,1,8.0,1
2018,7,SP,1,1,2,5,44,1556.0,0,0,7,7,22,1,2.0,1
2018,2,SP,1,1,2,9,44,1150.0,0,0,7,8,29,1,2.0,1
2018,5,SP,1,1,2,2,44,3074.0,0,0,7,6,49,1,8.0,1
2018,4,SP,1,1,2,6,44,1390.0,0,0,4,9,43,0,2.0,1
2018,11,SP,1,1,2,9,44,1561.0,0,0,5,7,32,0,8.0,1
2018,8,SP,1,1,2,3,40,500.0,0,0,5,7,33,0,2.0,1
2019,5,SP,1,1,2,5,44,1160.0,0,0,5,7,33,0,2.0,1
2019,8,SP,1,1,2,2,44,1689.0,0,0,5,7,41,0,2.0,1
2019,5,SP,1,1,2,9,36,998.0,0,0,4,7,21,0,8.0,1
2019,5,SP,1,1,2,7,44,1172.0,0,0,5,7,29,1,2.0,1
2018,4,SP,1,1,2,4,44,965.0,0,0,5,7,20,0,2.0,1
2018,5,SP,1,1,2,6,44,18000.0,0,0,1,9,38,1,2.0,1
2018,8,SP,1,1,2,9,36,1052.0,0,0,4,7,21,1,4.0,1
2018,12,SP,1,1,2,8,38,1486.0,0,0,5,7,32,1,8.0,1
2018,4,SP,1,1,2,2,44,1100.0,0,0,5,7,19,0,2.0,1
2018,3,SP,1,1,2,9,44,1416.0,0,0,7,7,29,1,8.0,1
2019,2,SP,1,1,2,7,44,4883.0,0,0,3,7,37,1,8.0,1
2019,12,SP,1,1,2,6,44,1356.0,0,0,5,9,38,1,2.0,1
2019,8,SP,1,1,2,1,44,1109.0,0,0,5,7,31,1,9.0,1
2019,1,SP,1,1,2,8,36,2696.0,0,0,7,7,44,1,4.0,1
2018,2,SP,1,1,2,5,44,1332.0,0,0,4,9,34,0,8.0,1
2018,6,SP,1,1,2,7,44,1752.0,0,0,7,4,58,1,8.0,1
2018,7,SP,1,1,2,8,44,3000.0,0,0,2,9,28,0,2.0,1
2018,11,SP,1,1,2,9,44,20458.0,0,0,1,9,39,1,2.0,1
2018,1,SP,1,1,2,8,44,1099.0,0,0,5,5,21,1,8.0,1
2018,1,SP,1,1,2,6,44,2318.0,0,0,3,9,26,1,8.0,1
2018,3,SP,1,1,2,4,44,1300.0,0,0,5,7,26,1,4.0,1
2019,6,SP,1,1,2,4,44,9500.0,0,0,1,9,30,1,2.0,1
2019,5,SP,1,1,2,9,36,998.0,0,0,4,7,21,0,8.0,1
2019,5,SP,1,1,2,9,36,998.0,0,0,4,7,21,0,8.0,1
2019,8,SP,1,1,2,9,30,681.0,1,0,5,7,21,1,4.0,1
2019,3,SP,1,1,2,1,44,1252.0,0,0,7,9,23,1,4.0,1
2019,11,SP,1,1,2,1,44,1500.0,0,0,5,5,23,0,2.0,1
2019,10,SP,1,1,2,7,44,1500.0,0,0,5,7,28,1,8.0,1
2018,11,SP,1,1,2,2,44,1473.0,0,0,5,7,21,0,9.0,1
2018,10,SP,1,1,2,1,44,1500.0,0,0,4,7,47,0,4.0,1
2018,8,SP,1,1,2,1,44,1359.0,0,0,5,7,45,0,9.0,1
2018,8,SP,1,1,2,6,40,2790.0,0,0,4,7,27,1,2.0,1
2018,4,SP,1,1,2,6,44,1840.0,0,0,7,7,47,1,8.0,1
2018,3,SP,1,1,2,7,40,1450.0,0,0,5,5,45,0,2.0,1
2018,9,SP,1,1,2,6,44,1349.0,0,0,5,7,24,1,2.0,1
2018,12,SP,1,1,2,5,44,1997.0,0,0,5,9,26,1,9.0,1
2018,10,SP,1,1,2,6,44,1933.0,0,0,2,8,20,0,2.0,1
2019,11,SP,1,1,2,9,44,1297.0,0,0,7,7,26,1,9.0,1
2019,6,SP,1,1,2,5,36,1195.0,0,0,4,7,23,1,2.0,1
2019,1,SP,1,1,2,9,44,1263.0,0,0,5,7,58,0,2.0,1
2019,8,SP,1,1,2,6,40,2498.0,0,0,2,9,29,1,2.0,1
2018,8,SP,1,1,2,9,44,5135.0,0,0,3,9,30,1,2.0,1
2018,12,SP,1,1,2,4,44,1393.0,0,0,3,7,21,1,2.0,1
2018,2,SP,1,1,2,9,44,1150.0,0,0,7,8,29,1,2.0,1
2019,12,SP,1,1,2,4,44,1442.0,0,0,5,7,35,1,4.0,1
2019,9,SP,1,1,2,1,44,2317.0,0,0,7,7,50,1,2.0,1
2019,3,SP,1,1,2,9,40,2562.0,0,0,7,7,23,0,8.0,1
2018,3,SP,1,1,2,8,40,2530.0,0,0,4,9,21,0,2.0,1
2018,1,SP,1,1,2,1,44,1300.0,0,0,7,5,48,1,2.0,1
2018,9,SP,1,1,2,5,44,1752.0,0,0,7,6,35,1,8.0,1
2018,11,SP,1,1,2,1,44,1668.0,0,0,4,9,36,1,2.0,1
2019,8,SP,1,1,2,7,44,2131.0,0,0,9,5,42,1,2.0,1
2019,11,SP,1,1,2,5,44,1390.0,0,0,7,7,36,1,2.0,1
2019,5,SP,1,1,2,9,44,1200.0,0,0,5,7,22,0,2.0,1
2018,5,SP,1,1,2,1,44,1362.0,0,0,5,7,43,0,8.0,1
2018,12,SP,1,1,2,2,44,1338.0,0,0,4,7,18,0,4.0,1
2018,11,SP,1,1,2,6,36,1029.0,0,0,4,8,25,1,9.0,1
2019,7,SP,1,1,2,7,36,2412.0,0,0,3,7,36,0,2.0,1
2019,7,SP,1,1,2,9,36,816.0,0,0,4,7,43,0,2.0,1
2019,5,SP,1,1,2,3,44,0.0,0,0,5,7,31,0,2.0,1
2019,2,SP,1,1,2,9,44,1170.0,0,0,5,6,50,0,2.0,1
2018,11,SP,1,1,2,9,40,1322.0,0,0,4,7,21,0,6.0,1
2018,8,SP,1,1,2,5,36,1059.0,0,0,4,7,22,1,2.0,1
2018,10,SP,1,1,2,3,28,2132.0,0,0,2,9,21,0,2.0,1
2019,3,SP,1,1,2,5,40,2460.0,0,0,2,9,28,0,8.0,1
2019,6,SP,1,1,2,2,44,1610.0,0,0,5,6,36,1,2.0,1
2019,7,SP,1,1,2,1,36,1016.0,0,0,4,7,26,0,4.0,1
2019,8,SP,1,1,2,3,44,1310.0,0,0,5,7,23,0,2.0,1
2019,12,SP,1,1,2,9,36,2036.0,0,0,4,8,26,0,8.0,1
2019,8,SP,1,1,2,1,44,1294.0,0,0,9,4,26,1,8.0,1
2019,4,SP,1,1,2,4,44,1456.0,0,0,7,6,20,1,2.0,1
2018,7,SP,1,1,2,6,40,8735.0,0,0,2,9,34,0,8.0,1
2018,1,SP,1,1,2,7,36,935.0,0,0,4,7,48,0,9.0,1
2019,10,SP,1,1,2,1,44,4000.0,0,0,2,9,37,1,2.0,1
2019,1,SP,1,1,2,5,44,1566.0,0,0,4,7,36,1,2.0,1
2019,9,SP,1,1,2,8,44,1513.0,0,0,7,5,37,1,8.0,1
2019,5,SP,1,1,2,3,44,1386.0,0,0,7,7,30,0,8.0,1
2018,9,SP,1,1,2,4,44,1332.0,0,0,5,7,38,0,8.0,1
2018,10,SP,1,1,2,4,44,1450.0,0,0,7,7,43,0,9.0,1
2018,1,SP,1,1,2,7,40,4081.0,0,0,3,9,27,0,2.0,1
2018,11,SP,1,1,2,1,44,1200.0,0,0,1,7,33,1,9.0,1
2018,10,SP,1,1,2,3,44,477.0,0,0,5,7,22,0,9.0,1
2018,11,SP,1,1,2,2,44,1440.0,0,0,7,5,28,1,2.0,1
2018,12,SP,1,1,2,1,44,1168.0,0,0,7,7,37,1,4.0,1
2019,6,SP,1,1,2,5,44,1513.0,0,0,5,7,33,0,2.0,1
2019,8,SP,1,1,2,2,44,1280.0,0,0,4,7,25,0,8.0,1
2019,10,SP,1,1,2,2,44,1800.0,0,0,3,7,39,0,9.0,1
2019,2,SP,1,1,2,7,44,1135.0,0,0,5,5,35,0,2.0,1
2019,5,SP,1,1,2,6,44,1476.0,0,0,7,7,36,1,8.0,1
2018,6,SP,1,1,2,9,36,977.0,0,0,4,7,24,0,9.0,1
2018,2,SP,1,1,2,1,44,1239.0,0,0,5,7,49,0,8.0,1
2018,6,SP,1,1,2,5,42,24000.0,0,0,1,9,47,0,9.0,1
2018,6,SP,1,1,2,3,40,5280.0,0,0,4,9,43,0,2.0,1
2018,7,SP,1,1,2,2,44,1438.0,0,0,8,6,36,1,2.0,1
2019,1,SP,1,1,2,9,44,13000.0,0,0,2,9,26,1,2.0,1
2019,8,SP,1,1,2,8,43,1163.0,0,0,4,8,19,0,2.0,1
2019,10,SP,1,1,2,1,44,1835.0,0,0,4,7,43,0,2.0,1
2018,10,SP,1,1,2,5,44,1575.0,0,0,7,7,44,1,8.0,1
2018,7,SP,1,1,2,1,44,1100.0,0,0,4,7,33,0,8.0,1
2018,7,SP,1,1,2,1,44,1095.0,0,0,4,7,24,0,4.0,1
2019,1,SP,1,1,2,6,44,1597.0,0,0,7,7,25,1,8.0,1
2019,9,SP,1,1,2,4,44,2224.0,0,0,9,7,32,1,2.0,1
2019,7,SP,1,1,2,1,44,1405.0,0,0,7,4,31,1,2.0,1
2019,1,SP,1,1,2,4,44,1110.0,0,0,4,7,48,0,8.0,1
2019,9,SP,1,1,2,5,36,1213.0,0,0,5,7,23,0,2.0,1
2019,7,SP,1,1,2,9,40,5569.0,0,0,2,9,30,0,2.0,1
2019,9,SP,1,1,2,1,44,2000.0,0,0,1,7,23,1,9.0,1
2019,10,SP,1,1,2,4,36,1305.0,0,0,4,7,18,0,2.0,1
2018,7,SP,1,1,2,9,44,1650.0,0,0,5,3,53,1,4.0,1
2018,5,SP,1,1,2,5,44,1438.0,0,0,7,4,43,1,2.0,1
2018,8,SP,1,1,2,2,44,1440.0,0,0,7,5,20,1,8.0,1
2019,2,SP,1,1,2,9,36,1110.0,0,0,5,7,41,0,8.0,1
2019,7,SP,1,1,2,2,40,3500.0,0,0,2,9,33,1,2.0,1
2019,9,SP,1,1,2,4,40,2000.0,0,0,1,9,26,0,9.0,1
2019,9,SP,1,1,2,3,44,1800.0,0,0,4,7,27,0,8.0,1
2019,7,SP,1,1,2,6,40,7000.0,0,0,2,9,31,1,8.0,1
2018,3,SP,1,1,2,5,44,1416.0,0,0,7,5,26,1,2.0,1
2018,10,SP,1,1,2,3,44,1497.0,0,0,7,7,35,1,8.0,1
2019,6,SP,1,1,2,1,44,1200.0,0,0,5,7,39,0,8.0,1
2019,7,SP,1,1,2,8,34,1284.0,0,0,3,8,32,0,2.0,1
2019,4,SP,1,1,2,9,44,1060.0,0,0,5,7,28,0,8.0,1
2019,7,SP,1,1,2,1,40,29167.0,0,0,1,9,32,1,9.0,1
2019,3,SP,1,1,2,9,44,1228.0,0,0,4,7,22,0,2.0,1
2018,10,SP,1,1,2,9,44,1316.0,0,0,7,7,30,1,2.0,1
2018,7,SP,1,1,2,1,31,0.0,0,0,5,4,21,0,8.0,1
2018,8,SP,1,1,2,2,44,1239.0,0,0,7,7,29,1,2.0,1
2018,10,SP,1,1,2,1,38,1345.0,0,0,5,7,37,0,2.0,1
2018,1,SP,1,1,2,1,44,1700.0,0,0,7,6,50,0,8.0,1
2019,7,SP,1,1,2,2,44,1940.0,0,0,7,7,20,1,2.0,1
2019,4,SP,1,1,2,9,44,1517.0,0,0,4,7,37,1,8.0,1
2019,2,SP,1,1,2,2,44,1440.0,0,0,7,7,45,1,2.0,1
2019,11,SP,1,1,2,1,44,1160.0,0,0,5,7,42,0,8.0,1
2018,1,SP,1,1,2,4,44,1360.0,0,0,4,7,26,1,8.0,1
2018,11,SP,1,1,2,1,44,6600.0,0,0,2,9,29,0,8.0,1
2018,8,SP,1,1,2,8,44,1099.0,0,0,5,7,24,1,2.0,1
2018,10,SP,1,1,2,4,44,1200.0,0,0,7,7,25,1,2.0,1
2018,2,SP,1,1,2,6,44,4410.0,0,0,5,9,37,0,2.0,1
2018,8,SP,1,1,2,2,44,6000.0,0,0,7,8,46,1,2.0,1
2018,2,SP,1,1,2,6,30,1432.0,0,0,4,7,51,0,2.0,1
2019,5,SP,1,1,2,5,44,1200.0,0,0,5,3,23,0,2.0,1
2019,3,SP,1,1,2,1,44,1491.0,0,0,5,7,32,0,2.0,1
2019,1,SP,1,1,2,2,44,1600.0,0,0,4,7,37,0,8.0,1
2019,9,SP,1,1,2,7,44,1309.0,0,0,5,7,32,1,8.0,1
2018,6,SP,1,1,2,1,44,2000.0,0,0,3,9,25,1,2.0,1
2018,5,SP,1,1,2,7,36,935.0,0,0,4,7,38,0,8.0,1
2018,12,SP,1,1,2,4,44,1405.0,0,0,5,7,22,1,8.0,1
2019,11,SP,1,1,2,4,44,3300.0,0,0,4,8,22,0,2.0,1
2019,1,SP,1,1,2,9,44,1408.0,0,0,5,7,37,0,2.0,1
2019,9,SP,1,1,2,2,44,1412.0,0,0,7,6,32,0,2.0,1
2019,3,SP,1,1,2,2,44,1440.0,0,0,7,5,38,1,9.0,1
2019,8,SP,1,1,2,7,44,1547.0,0,0,5,7,45,1,2.0,1
2019,2,SP,1,1,2,3,44,1062.0,0,0,5,7,50,0,2.0,1
2018,10,SP,1,1,2,5,27,954.0,1,0,4,7,20,0,2.0,1
2018,12,SP,1,1,2,1,42,1609.0,0,0,5,7,28,1,2.0,1
2018,10,SP,1,1,2,3,44,1356.0,0,0,5,6,40,0,2.0,1
2018,4,SP,1,1,2,6,44,1200.0,0,0,3,7,26,0,6.0,1
2018,9,SP,1,1,2,8,44,1348.0,0,0,5,7,31,0,9.0,1
2019,3,SP,1,1,2,9,44,1664.0,0,0,7,7,41,1,2.0,1
2019,7,SP,1,1,2,3,44,1841.0,0,0,7,5,30,1,2.0,1
2019,6,SP,1,1,2,4,44,1250.0,0,0,7,5,45,1,2.0,1
2019,6,SP,1,1,2,1,44,1500.0,0,0,4,5,49,0,2.0,1
2018,5,SP,1,1,2,8,36,3169.0,0,0,3,7,45,0,2.0,1
2018,8,SP,1,1,2,1,44,1246.0,0,0,5,3,49,0,8.0,1
2019,5,SP,1,1,2,1,44,1400.0,0,0,4,7,51,0,8.0,1
2019,10,SP,1,1,2,5,30,7000.0,0,0,4,9,34,0,2.0,1
2018,5,SP,1,1,2,9,36,1365.0,0,0,4,7,20,0,2.0,1
2018,6,SP,1,1,2,1,44,2500.0,0,0,4,9,37,1,2.0,1
2018,5,SP,1,1,2,4,44,1600.0,0,0,5,5,26,1,2.0,1
2018,5,SP,1,1,2,4,29,734.0,0,0,5,7,21,0,8.0,1
2018,10,SP,1,1,2,4,44,1291.0,0,0,5,6,24,1,2.0,1
2019,4,SP,1,1,2,8,44,1914.0,0,0,1,9,28,0,8.0,1
2019,2,SP,1,1,2,7,44,1605.0,0,0,3,7,32,0,8.0,1
2019,5,SP,1,1,2,4,44,1582.0,0,0,7,7,38,1,2.0,1
2019,8,SP,1,1,2,1,44,1500.0,0,0,7,7,25,1,2.0,1
2019,4,SP,1,1,2,9,36,1056.0,0,0,4,7,20,0,2.0,1
2019,8,SP,1,1,2,7,44,1547.0,0,0,5,5,33,1,2.0,1
2018,1,SP,1,1,2,2,44,1500.0,0,0,4,7,30,0,2.0,1
2018,7,SP,1,1,2,5,44,1394.0,0,0,7,5,29,1,9.0,1
2019,7,SP,1,1,2,5,44,3977.0,0,0,1,9,37,0,2.0,1
2019,5,SP,1,1,2,8,44,2153.0,0,0,7,3,49,1,8.0,1
2019,10,SP,1,1,2,3,44,1727.0,0,0,5,9,28,0,2.0,1
2019,3,SP,1,1,2,3,44,1310.0,0,0,4,7,30,0,8.0,1
2019,9,SP,1,1,2,5,44,1826.0,0,0,5,7,54,1,2.0,1
2018,12,SP,1,3,2,1,44,1441.0,0,0,7,6,32,1,2.0,1
2018,4,SP,1,1,2,9,44,1239.0,0,0,4,7,21,1,2.0,1
2018,8,SP,1,1,2,3,44,8000.0,0,0,1,9,46,0,2.0,1
2018,9,SP,1,1,2,9,44,1934.0,0,0,4,8,27,1,2.0,1
2019,1,SP,1,1,2,1,44,1160.0,0,0,5,7,29,1,9.0,1
2019,8,SP,1,1,2,1,44,2000.0,0,0,1,7,32,0,2.0,1
2019,8,SP,1,1,2,5,36,983.0,0,0,4,7,40,0,9.0,1
2019,9,SP,1,1,2,4,44,1513.0,0,0,7,7,26,1,8.0,1
2019,10,SP,1,1,2,4,44,1600.0,0,0,7,7,32,1,2.0,1
2019,6,SP,1,1,2,9,44,1990.0,0,0,5,5,33,1,8.0,1
2019,11,SP,1,1,2,6,44,6700.0,0,0,4,9,41,0,2.0,1
2019,9,SP,1,1,2,9,40,13000.0,0,0,1,9,47,1,8.0,1
2018,10,SP,1,1,2,3,44,477.0,0,0,5,7,36,0,9.0,1
2018,8,SP,1,1,2,1,44,1134.0,0,0,5,7,20,0,8.0,1
2018,6,SP,1,1,2,4,44,1431.0,0,0,2,9,33,0,2.0,1
2018,8,SP,1,1,2,2,44,1390.0,0,0,9,7,23,1,4.0,1
2018,8,SP,1,1,2,5,44,1262.0,0,0,5,9,36,1,2.0,1
2019,10,SP,1,1,2,1,44,1481.0,0,0,2,9,31,0,2.0,1
2019,11,SP,1,1,2,3,39,1461.0,0,0,5,7,21,1,2.0,1
2019,3,SP,1,1,2,9,44,2330.0,0,0,4,7,18,0,4.0,1
2018,7,SP,1,1,2,3,44,1095.0,0,0,4,5,39,0,9.0,1
2018,9,SP,1,1,2,9,44,1486.0,0,0,5,5,33,1,2.0,1
2019,2,SP,1,1,2,4,40,2460.0,0,0,2,9,41,0,9.0,1
2019,5,SP,1,1,2,4,44,1400.0,0,0,5,7,24,1,8.0,1
2019,11,SP,1,1,2,1,44,1184.0,0,0,4,7,18,0,8.0,1
2019,6,SP,1,1,2,1,44,1163.0,0,0,5,7,38,1,8.0,1
2019,1,SP,1,1,2,9,40,7000.0,0,0,2,9,38,1,2.0,1
2019,9,SP,1,1,2,4,44,1405.0,0,0,4,7,26,1,4.0,1
2018,4,SP,1,1,2,1,40,2366.0,0,0,3,9,38,0,9.0,1
2018,10,SP,1,1,2,5,44,4300.0,0,0,2,9,27,0,2.0,1
2018,2,SP,1,1,2,9,40,2808.0,0,0,3,7,26,0,8.0,1
2019,6,SP,1,1,2,5,44,1314.0,0,0,5,6,24,1,8.0,1
2018,1,SP,1,1,2,9,44,1617.0,0,0,5,5,25,1,4.0,1
2018,1,SP,1,1,2,7,44,1170.0,0,0,7,7,44,1,9.0,1
2018,3,SP,1,1,2,3,44,2000.0,0,0,4,9,29,0,2.0,1
2018,4,SP,1,1,2,6,44,1029.0,0,0,5,7,19,0,2.0,1
2018,6,SP,1,1,2,6,44,3428.0,0,0,3,8,28,1,8.0,1
2018,4,SP,1,1,2,9,44,9482.0,0,0,2,9,49,0,2.0,1
2018,10,SP,1,1,2,5,44,1287.0,0,0,5,8,35,1,2.0,1
2018,7,SP,1,1,2,9,36,904.0,0,0,4,7,23,0,8.0,1
2019,9,SP,1,1,2,1,40,2459.0,0,0,2,9,45,0,9.0,1
2019,6,SP,1,1,2,9,44,2964.0,0,0,4,9,33,1,2.0,1
2018,10,SP,1,1,2,4,40,14000.0,0,0,1,9,37,1,9.0,1
2018,9,SP,1,1,2,1,44,3500.0,0,0,7,4,45,1,2.0,1
2018,7,SP,1,1,2,1,44,1100.0,0,0,5,7,19,0,2.0,1
2018,5,SP,1,1,2,3,44,1287.0,0,0,5,7,27,1,2.0,1
2018,9,SP,1,1,2,3,44,1752.0,0,0,3,9,24,1,2.0,1
2019,2,SP,1,1,2,9,36,816.0,0,0,4,7,25,1,2.0,1
2019,2,SP,1,1,2,1,44,2500.0,0,0,7,7,26,1,2.0,1
2019,7,SP,1,1,2,5,42,3081.0,0,0,4,7,34,0,2.0,1
2019,12,SP,1,1,2,6,44,1029.0,0,0,5,7,24,1,8.0,1
2019,6,SP,1,1,2,8,20,576.0,0,0,5,7,45,0,8.0,1
2019,10,SP,1,1,2,1,44,1369.0,0,0,5,3,34,1,4.0,1
2018,8,SP,1,1,2,4,40,10689.0,0,0,1,9,35,1,2.0,1
2018,10,SP,1,1,2,7,44,1510.0,0,0,7,6,45,0,8.0,1
2018,4,SP,1,1,2,9,44,6700.0,0,0,2,9,29,0,2.0,1
2018,1,SP,1,1,2,1,44,1202.0,0,0,5,7,29,0,4.0,1
2018,12,SP,1,1,2,7,44,1286.0,0,0,6,5,44,1,2.0,1
2019,8,SP,1,1,2,8,44,5867.0,0,0,3,7,42,1,2.0,1
2018,10,SP,1,1,2,6,44,1320.0,0,0,5,4,40,1,8.0,1
2018,1,SP,1,1,2,6,44,1336.0,0,0,5,3,37,1,8.0,1
2018,9,SP,1,1,2,3,44,1332.0,0,0,5,7,22,0,8.0,1
2019,7,SP,1,1,2,5,44,1396.0,0,0,5,4,43,0,8.0,1
2019,8,SP,1,1,2,3,40,2460.0,0,0,3,9,27,0,9.0,1
2019,1,SP,1,1,2,6,44,2000.0,0,0,9,7,45,0,8.0,1
2019,9,SP,1,1,2,5,44,1345.0,0,0,7,7,22,1,8.0,1
2018,3,SP,1,1,2,7,44,1336.0,0,0,5,5,32,1,9.0,1
2018,10,SP,1,1,2,5,40,5000.0,0,0,1,9,42,0,2.0,1
2018,5,SP,1,1,2,4,44,1657.0,0,0,5,7,33,1,8.0,1
2018,1,SP,1,1,2,7,44,1170.0,0,0,7,7,44,1,9.0,1
2018,7,SP,1,1,2,9,44,1380.0,0,0,5,7,25,1,2.0,1
2019,3,SP,1,1,2,9,42,2167.0,0,0,7,7,27,1,4.0,1
2019,6,SP,1,1,2,4,44,8000.0,0,0,2,9,30,1,2.0,1
2019,8,SP,1,1,2,1,44,2066.0,0,0,4,8,35,0,2.0,1
2019,9,SP,1,1,2,7,44,2500.0,0,0,5,6,28,1,8.0,1
2019,1,SP,1,1,2,1,44,1500.0,0,0,5,7,33,0,9.0,1
2018,11,SP,1,1,2,1,44,1419.0,0,0,4,7,20,0,2.0,1
2018,5,SP,1,1,2,9,44,1918.0,0,0,5,7,52,1,2.0,1
2018,6,SP,1,1,2,1,44,2900.0,0,0,2,8,35,1,2.0,1
2018,11,SP,1,1,2,6,44,2830.0,0,0,3,9,25,0,9.0,1
2018,1,SP,1,1,2,4,44,1200.0,0,0,5,7,25,0,8.0,1
2018,10,SP,1,1,2,9,36,1280.0,0,0,4,7,19,1,4.0,1
2018,10,SP,1,1,2,9,44,2923.0,0,0,4,7,34,0,2.0,1
2018,4,SP,1,1,2,4,44,2600.0,0,0,7,7,30,1,2.0,1
2019,6,SP,1,1,2,2,44,1269.0,0,0,5,7,20,1,8.0,1
2019,1,SP,1,1,2,9,44,1110.0,0,0,5,7,33,0,8.0,1
2019,4,SP,1,1,2,3,44,1549.0,0,0,4,7,44,0,2.0,1
2019,2,SP,1,1,2,9,44,1312.0,0,0,5,7,47,1,2.0,1
2019,5,SP,1,1,2,9,36,1498.0,0,0,5,7,41,1,4.0,1
2018,3,SP,1,1,2,9,44,2250.0,0,0,9,7,33,1,8.0,1
2018,9,SP,1,1,2,3,44,1215.0,0,0,2,7,28,0,8.0,1
2018,1,SP,1,1,2,7,40,2100.0,0,0,4,9,28,0,2.0,1
2018,4,SP,1,1,2,7,36,1126.0,0,0,4,7,21,0,2.0,1
2019,12,SP,1,1,2,4,44,1269.0,0,0,5,7,38,1,8.0,1
2019,9,SP,1,1,2,1,44,1170.0,0,0,5,5,24,1,8.0,1
2019,8,SP,1,1,2,9,44,1160.0,0,0,6,7,42,1,2.0,1
2019,2,SP,1,1,2,2,44,1405.0,0,0,5,8,24,0,2.0,1
2019,9,SP,1,1,2,1,44,1309.0,0,0,5,7,21,1,9.0,1
2019,6,SP,1,1,2,1,44,2004.0,0,0,4,6,47,1,2.0,1
2019,7,SP,1,1,2,2,44,1421.0,0,0,5,7,25,0,8.0,1
2019,11,SP,1,1,2,5,44,1025.0,0,0,5,7,20,1,8.0,1
2019,1,SP,1,1,2,9,36,998.0,0,0,4,7,20,0,8.0,1
2019,11,SP,1,1,2,1,40,2000.0,0,0,4,8,21,0,2.0,1
2018,4,SP,1,1,2,7,44,1296.0,0,0,5,7,27,0,2.0,1
2018,2,SP,1,1,2,6,44,1400.0,0,0,4,9,28,1,2.0,1
2018,2,SP,1,1,2,4,24,657.0,0,0,5,5,45,0,8.0,1
2018,4,SP,1,1,2,2,44,1345.0,0,0,4,7,32,1,2.0,1
2018,5,SP,1,1,2,4,40,3500.0,0,0,2,8,22,1,2.0,1
2018,2,SP,1,1,2,3,44,2457.0,0,0,4,8,20,1,2.0,1
2018,8,SP,1,1,2,4,44,1110.0,0,0,5,6,21,1,8.0,1
2019,2,SP,1,1,2,3,44,1753.0,0,0,7,6,49,1,9.0,1
2019,3,SP,1,1,2,3,44,1200.0,0,0,7,7,40,1,2.0,1
2019,9,SP,1,1,2,5,44,1335.0,0,0,5,7,29,0,2.0,1
2019,4,SP,1,1,2,2,44,1405.0,0,0,5,7,27,0,8.0,1
2019,8,SP,1,1,2,1,44,1336.0,0,0,5,7,25,1,8.0,1
2019,5,SP,1,1,2,7,44,1172.0,0,0,5,7,29,1,2.0,1
2018,10,SP,1,1,2,1,44,2666.0,0,0,4,7,26,1,8.0,1
2018,9,SP,1,1,2,9,44,1110.0,0,0,5,6,26,1,2.0,1
2018,12,SP,1,1,2,8,40,5995.0,0,0,2,9,43,0,8.0,1
2019,5,SP,1,1,2,6,44,1289.0,0,0,7,1,35,0,8.0,1
2019,12,SP,1,1,2,8,44,4300.0,0,0,2,7,32,0,8.0,1
2019,1,SP,1,1,2,9,44,1110.0,0,0,5,7,33,0,8.0,1
2018,11,SP,1,1,2,8,44,1110.0,0,0,5,7,27,0,2.0,1
2018,12,SP,1,1,2,9,44,1256.0,0,0,5,5,21,1,8.0,1
2018,7,SP,1,1,2,4,44,1568.0,0,0,7,8,22,1,2.0,1
2018,5,SP,1,1,2,3,36,1800.0,0,0,2,9,30,1,2.0,1
2019,6,SP,1,1,2,5,44,1752.0,0,0,7,2,58,1,4.0,1
2019,12,SP,1,1,2,5,44,1462.0,0,0,5,7,19,0,8.0,1
2019,11,SP,1,1,2,9,44,1547.0,0,0,5,7,31,0,8.0,1
2019,3,SP,1,1,2,9,36,1010.0,0,0,4,7,22,1,2.0,1
2018,2,SP,1,1,2,1,44,1350.0,0,0,5,4,26,0,2.0,1
2018,4,SP,1,1,2,9,44,1110.0,0,0,5,2,31,1,8.0,1
2018,7,SP,1,1,2,4,44,6000.0,0,0,2,9,31,1,9.0,1
2018,7,SP,1,1,2,5,44,1623.0,0,0,7,4,34,1,8.0,1
2019,2,SP,1,1,2,8,44,1160.0,0,0,5,5,47,0,8.0,1
2019,5,SP,1,1,2,4,44,1264.0,0,0,2,7,25,1,8.0,1
2019,5,SP,1,1,2,8,44,1160.0,0,0,5,7,34,0,4.0,1
2018,2,SP,1,1,2,2,44,1722.0,0,0,5,7,47,1,2.0,1
2018,7,SP,1,1,2,1,44,1175.0,0,0,5,7,18,1,2.0,1
2018,4,SP,1,1,2,1,40,2366.0,0,0,3,9,38,0,9.0,1
2018,3,SP,1,1,2,2,36,1600.0,0,0,3,9,44,0,9.0,1
2019,3,SP,1,1,2,3,44,1530.0,0,0,5,7,55,0,8.0,1
2019,5,SP,1,1,2,1,43,1244.0,0,0,5,7,22,1,2.0,1
2019,4,SP,1,1,2,9,36,1016.0,0,0,4,7,25,1,8.0,1
2019,4,SP,1,1,2,2,44,1800.0,0,0,7,7,33,1,8.0,1
2018,1,SP,1,1,2,2,44,1400.0,0,0,9,7,25,1,2.0,1
2018,4,SP,1,1,2,2,44,1212.0,0,0,1,7,22,1,2.0,1
2018,11,SP,1,1,2,6,36,1029.0,0,0,4,8,25,1,9.0,1
2018,10,SP,1,1,2,6,40,1529.0,0,0,5,9,33,0,2.0,1
2018,3,SP,1,1,2,3,44,1567.0,0,0,5,7,41,0,8.0,1
2019,1,SP,1,1,2,4,44,1752.0,0,0,7,5,44,1,2.0,1
2019,10,SP,1,1,2,8,44,1295.0,0,0,7,7,33,1,2.0,1
2019,8,SP,1,1,2,7,44,1547.0,0,0,5,7,45,1,2.0,1
2018,6,SP,1,1,2,9,40,3098.0,0,0,3,7,37,0,4.0,1
2018,8,SP,1,1,2,3,36,1036.0,0,0,4,7,24,0,9.0,1
2018,1,SP,1,1,2,2,44,1262.0,0,0,4,7,32,1,2.0,1
2019,7,SP,1,1,2,8,42,3480.0,0,0,2,9,29,0,2.0,1
2019,9,SP,1,1,2,5,40,1675.0,0,0,3,7,37,1,8.0,1
2019,12,SP,1,1,2,5,38,1258.0,0,0,4,7,45,0,2.0,1
2019,8,SP,1,1,2,8,44,1745.0,0,1,5,7,35,1,4.0,1
2019,5,SP,1,1,2,7,44,1629.0,0,0,5,4,49,1,8.0,1
2018,6,SP,1,1,2,9,44,1881.0,0,0,7,4,41,1,8.0,1
2018,4,SP,1,1,2,6,40,1943.0,0,0,2,9,31,0,9.0,1
2018,11,SP,1,1,2,4,44,1296.0,0,0,3,7,23,1,8.0,1
2019,4,SP,1,1,2,1,44,1280.0,0,0,8,7,43,1,8.0,1
2019,9,SP,1,1,2,9,44,1160.0,0,0,4,5,21,0,8.0,1
2019,9,SP,1,1,2,9,36,2903.0,0,0,3,7,28,1,2.0,1
2019,10,SP,1,1,2,5,40,10000.0,0,0,1,9,30,1,2.0,1
2018,12,SP,1,1,2,3,44,0.0,0,0,5,7,30,0,9.0,1
2018,6,SP,1,1,2,5,40,3000.0,0,0,2,9,24,1,2.0,1
2018,7,SP,1,1,2,8,30,2800.0,0,0,2,9,38,0,2.0,1
2018,9,SP,1,1,2,8,44,1560.0,0,0,7,8,22,1,2.0,1
2018,10,SP,1,1,2,8,44,2300.0,0,0,3,9,29,1,8.0,1
2019,7,SP,1,1,2,6,44,1256.0,0,0,5,7,22,1,8.0,1
2019,2,SP,1,1,2,3,40,10000.0,0,0,4,9,31,0,2.0,1
2019,10,SP,1,1,2,5,36,1280.0,0,0,5,7,21,1,8.0,1
2019,4,SP,1,1,2,9,44,1160.0,0,0,5,7,23,1,8.0,1
2019,6,SP,1,1,2,4,44,3064.0,0,0,3,9,36,1,9.0,1
2019,7,SP,1,1,2,9,44,1900.0,0,0,7,7,34,1,8.0,1
2019,6,SP,1,1,2,9,44,1447.0,0,0,4,9,29,0,4.0,1
2018,8,SP,1,1,2,7,30,2829.0,0,0,4,7,37,0,2.0,1
2018,3,SP,1,1,2,1,44,1507.0,0,0,8,7,34,0,9.0,1
2018,4,SP,1,1,2,6,44,2831.0,0,0,5,9,35,0,9.0,1
2018,4,SP,1,1,2,5,44,3385.0,0,0,7,7,36,1,8.0,1
2018,1,SP,1,1,2,5,44,6539.0,0,0,7,6,48,1,2.0,1
2018,12,SP,1,1,2,9,44,1250.0,0,0,3,7,23,1,2.0,1
2019,11,SP,1,1,2,9,44,1297.0,0,0,7,7,26,1,9.0,1
2019,12,SP,1,1,2,4,44,1109.0,0,0,5,7,30,0,2.0,1
2019,8,SP,1,1,2,6,44,5000.0,0,0,2,9,34,0,2.0,1
2019,10,SP,1,1,2,4,44,1360.0,0,0,5,7,19,0,8.0,1
2019,3,SP,1,1,2,9,40,2562.0,0,0,7,7,23,0,8.0,1
2018,7,SP,1,1,2,2,44,1345.0,0,0,4,7,20,0,8.0,1
2018,6,SP,1,1,2,2,44,1700.0,0,0,3,9,33,0,2.0,1
2018,3,SP,1,1,2,7,40,1590.0,0,0,4,9,25,0,8.0,1
2018,6,SP,1,1,2,4,40,10000.0,0,0,1,9,33,1,2.0,1
2018,12,SP,1,1,2,4,44,1405.0,0,0,5,7,23,1,8.0,1
2018,10,SP,1,1,2,9,44,1110.0,0,0,5,4,28,0,8.0,1
2019,3,SP,1,1,2,8,44,1868.0,0,0,4,9,24,0,9.0,1
2019,10,SP,1,1,2,5,44,1724.0,0,0,4,6,19,0,2.0,1
2019,6,SP,1,1,2,9,44,1547.0,0,0,5,7,39,1,8.0,1
2018,8,SP,1,1,2,7,44,1345.0,0,0,5,9,43,0,2.0,1
2018,8,SP,1,1,2,4,44,1845.0,0,0,7,5,30,1,2.0,1
2018,1,SP,1,1,2,3,44,1239.0,0,0,5,7,25,1,9.0,1
2018,2,SP,1,1,2,2,44,1294.0,0,0,5,7,36,1,8.0,1
2018,6,SP,1,1,2,9,44,1296.0,0,0,5,6,24,1,8.0,1
2019,10,SP,1,1,2,1,44,1481.0,0,0,2,9,31,0,2.0,1
2019,1,SP,1,1,2,9,24,492.0,0,0,5,5,23,1,2.0,1
2019,6,SP,1,1,2,5,40,3000.0,0,0,2,9,30,1,9.0,1
2019,3,SP,1,1,2,8,36,816.0,0,0,4,9,29,0,8.0,1
2019,4,SP,1,1,2,9,40,6000.0,0,0,2,9,29,0,2.0,1
2019,4,SP,1,1,2,1,44,1385.0,0,0,5,7,34,1,2.0,1
2018,3,SP,1,1,2,3,44,3880.0,0,0,5,9,48,0,8.0,1
2018,8,SP,1,1,2,8,44,954.0,0,0,5,6,24,1,9.0,1
2018,5,SP,1,1,2,4,44,5500.0,0,0,1,9,46,1,9.0,1
2018,5,SP,1,1,2,3,44,2476.0,0,0,4,5,33,1,2.0,1
2018,12,SP,1,1,2,7,42,1188.0,0,0,5,7,32,0,2.0,1
2018,3,SP,1,1,2,4,44,1184.0,0,1,5,4,28,1,1.0,1
2018,5,SP,1,1,2,1,44,2058.0,0,0,4,5,20,0,2.0,1
2019,1,SP,1,1,2,4,44,1764.0,0,0,5,9,23,1,6.0,1
2019,1,SP,1,1,2,1,40,5016.0,0,0,2,9,22,1,2.0,1
2019,9,SP,1,1,2,9,44,1343.0,0,0,5,7,35,0,8.0,1
2019,8,SP,1,1,2,3,44,1508.0,0,0,4,7,32,0,4.0,1
2019,9,SP,1,1,2,9,44,1547.0,0,0,5,7,35,1,2.0,1
2019,9,SP,1,1,2,4,40,1471.0,0,0,3,7,40,0,8.0,1
2019,5,SP,1,1,2,3,44,1239.0,0,0,5,4,30,0,8.0,1
2019,10,SP,1,1,2,3,44,1513.0,0,0,7,7,37,1,4.0,1
2018,4,SP,1,1,2,9,44,1108.0,0,0,4,7,39,0,2.0,1
2018,7,SP,1,1,2,4,44,1877.0,0,0,7,6,56,1,2.0,1
2019,7,SP,1,1,2,9,44,1160.0,0,0,7,9,37,1,8.0,1
2019,8,SP,1,1,2,6,36,1070.0,0,0,5,8,29,0,9.0,1
2019,2,SP,1,1,2,5,44,1160.0,0,0,5,8,25,0,2.0,1
2018,7,SP,1,1,2,1,44,1327.0,0,0,5,7,29,1,2.0,1
2018,11,SP,1,1,2,1,36,780.0,0,0,4,7,19,1,2.0,1
2018,1,SP,1,1,2,3,44,1435.0,0,0,5,7,19,0,9.0,1
2018,5,SP,1,1,2,7,44,3000.0,0,0,5,7,37,1,2.0,1
2019,1,SP,1,1,2,8,44,1982.0,0,0,4,8,32,1,2.0,1
2019,6,SP,1,1,2,4,44,1963.0,0,0,8,6,29,1,2.0,1
2019,6,SP,1,1,2,9,44,1547.0,0,0,5,7,39,1,8.0,1
2019,3,SP,1,1,2,3,44,1405.0,0,0,4,7,23,1,4.0,1
2019,11,SP,1,1,2,2,44,2640.0,0,0,7,5,31,1,4.0,1
2018,12,SP,1,1,2,8,40,3417.0,0,0,2,9,37,1,8.0,1
2018,3,SP,1,1,2,3,36,786.0,0,0,5,6,18,1,4.0,1
2018,4,SP,1,1,2,5,44,1597.0,0,0,5,7,20,1,8.0,1
2018,1,SP,1,1,2,3,44,1253.0,0,0,3,9,22,0,9.0,1
2018,4,SP,1,1,2,4,44,2514.0,0,0,7,7,40,1,2.0,1
2018,12,SP,1,1,2,9,40,1750.0,0,0,5,7,36,0,8.0,1
2019,12,SP,1,1,2,1,44,2800.0,0,0,7,7,30,1,2.0,1
2019,1,SP,1,1,2,5,44,1962.0,0,0,7,5,31,1,8.0,1
2019,8,SP,1,1,2,6,24,684.0,0,0,5,2,31,0,8.0,1
2019,11,SP,1,1,2,9,44,1902.0,0,0,5,6,31,1,4.0,1
2019,9,SP,1,1,2,8,36,1358.0,0,0,4,9,25,1,8.0,1
2019,5,SP,1,1,2,9,44,2043.0,0,0,2,9,43,0,2.0,1
2019,3,SP,1,1,2,9,40,1194.0,0,0,5,4,50,0,2.0,1
2019,2,SP,1,1,2,3,44,2500.0,0,0,1,9,35,0,8.0,1
2018,4,SP,1,1,2,3,44,1200.0,0,0,3,9,26,1,2.0,1
2018,1,SP,1,1,2,2,44,1076.0,0,0,7,8,33,1,8.0,1
2018,12,SP,1,1,2,6,44,1541.0,0,0,5,7,25,1,8.0,1
2019,3,SP,1,1,2,8,44,1038.0,0,0,5,1,45,0,2.0,1
2019,11,SP,1,1,2,9,44,1394.0,0,0,5,7,33,0,8.0,1
2019,6,SP,1,1,2,9,30,1491.0,0,0,4,7,26,0,2.0,1
2019,8,SP,1,1,2,3,44,1497.0,0,0,5,7,40,0,2.0,1
2019,3,SP,1,1,2,1,44,1600.0,0,0,4,7,31,1,8.0,1
2019,1,SP,1,1,2,9,44,1408.0,0,0,5,7,37,0,2.0,1
2019,7,SP,1,1,2,4,44,1485.0,0,0,4,5,29,0,2.0,1
2019,4,SP,1,1,2,5,44,1521.0,0,0,5,7,23,1,8.0,1
2018,7,SP,1,1,2,5,40,1700.0,0,0,4,9,32,0,2.0,1
2018,10,SP,1,1,2,6,44,1752.0,0,0,7,6,25,1,2.0,1
2018,2,SP,1,1,2,1,30,700.0,1,0,3,7,17,0,8.0,1
2018,1,SP,1,1,2,5,44,1800.0,0,0,7,9,38,1,8.0,1
2018,5,SP,1,1,2,9,36,977.0,0,0,4,7,42,1,2.0,1
2018,10,SP,1,1,2,1,44,1238.0,0,0,3,7,23,1,8.0,1
2018,11,SP,1,1,2,1,44,1315.0,0,0,5,6,30,0,8.0,1
2018,2,SP,1,1,2,3,44,1213.0,0,0,5,4,45,0,2.0,1
2019,9,SP,1,1,2,3,44,3371.0,0,0,2,9,26,1,2.0,1
2019,6,SP,1,1,2,5,44,1568.0,0,0,7,4,37,1,8.0,1
2019,3,SP,1,1,2,4,24,562.0,1,0,4,7,18,1,2.0,1
2018,9,SP,1,1,2,9,44,1778.0,0,0,4,8,23,0,2.0,1
2018,6,SP,1,1,2,6,40,1863.0,0,0,4,7,26,0,2.0,1
2018,1,SP,1,1,2,1,44,1295.0,0,0,4,7,19,0,8.0,1
2018,10,SP,1,1,2,6,40,9600.0,0,0,2,9,32,0,2.0,1
2018,8,SP,1,1,2,9,36,1877.0,0,0,4,7,26,1,2.0,1
2018,8,SP,1,1,2,1,44,1468.0,0,0,7,7,23,1,2.0,1
2019,3,SP,1,1,2,1,44,1334.0,0,0,5,7,24,0,8.0,1
2019,8,SP,1,1,2,1,44,1300.0,0,0,1,7,40,0,9.0,1
2019,4,SP,1,1,2,7,24,761.0,0,0,5,9,32,0,8.0,1
2019,1,SP,1,1,2,9,44,1263.0,0,0,5,7,58,0,2.0,1
2019,6,SP,1,1,2,2,44,2000.0,0,0,4,7,40,0,2.0,1
2019,12,SP,1,1,2,4,36,1405.0,0,0,4,7,23,1,8.0,1
2019,3,SP,1,1,2,4,44,1500.0,0,0,4,7,26,1,9.0,1
2018,10,SP,1,1,2,4,44,1406.0,0,0,5,7,42,1,8.0,1
2018,9,SP,1,1,2,3,44,1332.0,0,0,5,5,34,0,2.0,1
2018,4,SP,1,1,2,7,36,1358.0,0,0,4,7,29,0,9.0,1
2018,11,SP,1,1,2,1,44,1753.0,0,0,7,5,40,1,2.0,1
2018,4,SP,1,1,2,2,44,1094.0,0,0,5,7,56,0,4.0,1
2019,5,SP,1,1,2,9,36,998.0,0,0,4,7,21,0,8.0,1
2019,8,SP,1,1,2,1,44,30164.0,0,0,1,9,43,1,2.0,1
2019,1,SP,1,1,2,1,44,2500.0,0,0,3,7,64,1,4.0,1
2019,12,SP,1,1,2,4,44,1841.0,0,0,7,5,42,1,8.0,1
2019,9,SP,1,1,2,1,44,2000.0,0,0,1,8,30,1,8.0,1
2018,8,SP,1,1,2,9,44,1486.0,0,0,5,5,47,1,8.0,1
2018,9,SP,1,1,2,2,44,1062.0,0,0,5,7,29,0,4.0,1
2018,4,SP,1,1,2,6,44,1099.0,0,0,5,7,25,1,2.0,1
2019,7,SP,1,1,2,3,44,1405.0,0,0,5,7,22,0,8.0,1
2019,6,SP,1,1,2,3,44,1511.0,0,0,5,7,39,0,2.0,1
2019,10,SP,1,1,2,2,44,7900.0,0,0,2,9,31,1,2.0,1
2019,5,SP,1,1,2,5,44,1521.0,0,0,5,7,42,1,2.0,1
2019,9,SP,1,1,2,8,44,1900.0,0,0,7,7,30,1,2.0,1
2019,8,SP,1,1,2,7,44,1547.0,0,0,5,7,45,1,2.0,1
2018,8,SP,1,1,2,9,44,1486.0,0,0,5,5,47,1,8.0,1
2018,10,SP,1,1,2,4,40,1400.0,0,0,4,7,30,0,2.0,1
2018,7,SP,1,1,2,5,44,1745.0,0,0,5,5,36,0,2.0,1
2018,6,SP,1,1,2,9,44,1862.0,0,0,3,8,27,0,2.0,1
2018,6,SP,1,1,2,2,44,1444.0,0,0,4,8,21,1,9.0,1
2018,10,SP,1,1,2,7,44,8034.0,0,0,2,9,36,0,6.0,1
2018,12,SP,1,1,2,7,42,1188.0,0,0,5,7,32,0,2.0,1
2019,3,SP,1,1,2,5,44,1343.0,0,0,5,4,50,0,8.0,1
2019,10,SP,1,1,2,1,44,1088.0,0,0,5,7,27,0,8.0,1
2019,4,SP,1,1,2,6,44,1753.0,0,0,7,7,32,1,8.0,1
2019,4,SP,1,1,2,5,44,1957.0,0,0,5,9,64,1,2.0,1
2019,2,SP,1,1,2,8,44,1117.0,0,0,9,5,34,1,9.0,1
2019,7,SP,1,1,2,7,40,3800.0,0,0,3,9,34,0,2.0,1
2018,4,SP,1,1,2,7,44,1738.0,0,0,7,6,28,1,8.0,1
2018,2,SP,1,1,2,4,44,5122.0,0,0,1,9,36,0,2.0,1
2019,7,SP,1,1,2,5,44,1405.0,0,0,6,5,49,1,8.0,1
2019,4,SP,1,1,2,1,44,1153.0,0,0,3,8,23,0,2.0,1
2019,11,SP,1,1,2,1,44,1300.0,0,0,7,7,21,1,2.0,1
2019,1,SP,1,1,2,7,36,1109.0,1,0,4,7,19,1,2.0,1
2019,10,SP,1,1,2,5,44,1300.0,0,0,1,9,31,0,2.0,1
2019,3,SP,1,1,2,5,40,1237.0,0,0,5,7,27,0,9.0,1
2019,1,SP,1,1,2,1,44,1765.0,0,0,4,7,38,0,2.0,1
2019,5,SP,1,1,2,2,44,1500.0,0,0,4,7,30,0,2.0,1
2019,2,SP,1,1,2,8,44,1409.0,0,0,5,5,25,1,8.0,1
2018,8,SP,1,1,2,9,44,1110.0,0,0,5,7,41,1,8.0,1
2018,7,SP,1,1,2,2,44,1346.0,0,0,5,8,39,0,8.0,1
2018,9,SP,1,1,2,5,44,2556.0,0,0,5,5,32,1,2.0,1
2018,2,SP,1,1,2,6,30,1432.0,0,0,4,7,51,0,2.0,1
2019,6,SP,1,1,2,4,44,2200.0,0,0,9,7,38,1,8.0,1
2019,5,SP,1,1,2,2,44,1662.0,0,0,5,9,46,1,2.0,1
2019,1,SP,1,1,2,5,44,1357.0,0,0,4,9,26,0,2.0,1
2018,10,SP,1,1,2,3,44,1356.0,0,0,5,7,21,1,2.0,1
2018,6,SP,1,1,2,9,44,1200.0,0,0,5,4,33,1,2.0,1
2018,1,SP,1,1,2,1,44,1146.0,0,0,5,5,58,0,8.0,1
2018,9,SP,1,1,2,3,22,1600.0,0,0,2,9,36,0,9.0,1
2018,11,SP,1,1,2,6,36,1029.0,0,0,4,8,25,1,9.0,1
2018,8,SP,1,1,2,1,44,1345.0,0,0,5,7,23,1,2.0,1
2018,3,SP,1,1,2,6,44,1392.0,0,0,4,7,19,1,2.0,1
2019,12,SP,1,1,2,8,44,1486.0,0,0,5,7,27,0,8.0,1
2019,2,SP,1,1,2,6,44,1350.0,0,0,3,7,33,0,2.0,1
2019,8,SP,1,1,2,4,44,1205.0,0,0,5,7,21,1,8.0,1
2019,7,SP,1,1,2,2,36,1149.0,0,0,5,7,22,0,2.0,1
2019,2,SP,1,1,2,9,44,1160.0,0,0,5,5,56,1,2.0,1
2019,5,SP,1,1,2,9,36,1409.0,0,0,5,8,27,1,8.0,1
2019,12,SP,1,1,2,5,44,1462.0,0,0,5,7,25,0,8.0,1
2019,10,SP,1,1,2,6,26,702.0,1,0,5,7,18,1,8.0,1
2019,5,SP,1,1,2,8,44,1206.0,0,0,3,7,35,0,8.0,1
2019,9,SP,1,1,2,6,44,1348.0,0,0,5,6,42,1,8.0,1
2018,5,SP,1,1,2,1,44,1425.0,0,0,5,7,44,0,4.0,1
2018,2,SP,1,1,2,9,44,1193.0,0,0,5,5,41,1,8.0,1
2018,8,SP,1,1,2,8,36,1876.0,0,0,3,7,39,0,2.0,1
2018,6,SP,1,1,2,1,40,2250.0,0,0,5,9,36,1,4.0,1
2018,1,SP,1,1,2,8,40,7000.0,0,0,4,9,37,1,8.0,1
2019,11,SP,1,1,2,5,44,1843.0,0,0,7,5,47,1,4.0,1
2019,5,SP,1,1,2,9,36,998.0,0,0,4,7,21,0,8.0,1
2019,11,SP,1,1,2,3,44,1926.0,0,0,5,9,29,0,8.0,1
2019,4,SP,1,1,2,6,44,1409.0,0,0,5,7,25,1,8.0,1
2019,9,SP,1,1,2,4,30,703.0,0,0,4,7,19,1,4.0,1
2019,6,SP,1,1,2,2,44,1347.0,0,0,4,8,20,0,2.0,1
2019,8,SP,1,1,2,8,36,1117.0,0,0,4,9,38,0,4.0,1
2018,4,SP,1,1,2,4,44,1117.0,0,0,6,3,37,1,9.0,1
2018,11,SP,1,1,2,1,44,1440.0,0,0,5,7,29,1,8.0,1
2019,7,SP,1,1,2,4,44,1402.0,0,0,3,7,47,0,2.0,1
2019,2,SP,1,1,2,5,44,2226.0,0,0,7,7,38,1,2.0,1
2019,10,SP,1,1,2,4,36,1305.0,0,0,4,7,18,0,2.0,1
2019,1,SP,1,1,2,9,36,4465.0,0,0,2,9,25,1,8.0,1
2019,4,SP,1,1,2,8,44,1440.0,0,0,7,4,22,1,8.0,1
2018,3,SP,1,1,2,4,44,1203.0,0,0,5,7,21,0,9.0,1
2018,5,SP,1,1,2,6,44,2037.0,0,0,7,4,48,1,2.0,1
2018,7,SP,1,1,2,8,44,3008.0,0,0,2,9,30,0,2.0,1
2018,8,SP,1,1,2,1,44,1675.0,0,0,4,7,22,0,2.0,1
2019,4,SP,1,1,2,1,43,1200.0,0,0,4,7,30,0,2.0,1
2019,6,SP,1,1,2,3,22,580.0,0,0,5,5,36,0,8.0,1
2019,4,SP,1,1,2,2,44,1455.0,0,0,7,7,21,1,8.0,1
2019,11,SP,1,1,2,3,44,1500.0,0,0,4,7,20,1,8.0,1
2018,1,SP,1,1,2,1,44,1200.0,0,0,5,7,48,0,2.0,1
2018,7,SP,1,1,2,1,44,1352.0,0,0,3,2,38,0,2.0,1
2018,7,SP,1,1,2,7,36,1735.0,0,0,4,9,37,1,2.0,1
2018,1,SP,1,1,2,8,36,993.0,0,0,4,7,22,0,8.0,1
2018,4,SP,1,3,2,5,44,1149.0,0,0,4,8,24,1,2.0,1
2018,5,SP,1,1,2,7,40,1747.0,0,0,3,9,25,0,2.0,1
2018,2,SP,1,1,2,9,44,1250.0,0,0,5,7,33,0,8.0,1
2018,5,SP,1,1,2,9,40,1041.0,1,0,4,7,22,0,8.0,1
2019,8,SP,1,1,2,5,40,6500.0,0,0,3,9,31,0,2.0,1
2019,8,SP,1,1,2,6,44,2332.0,0,0,7,6,54,1,9.0,1
2019,4,SP,1,1,2,3,44,1924.0,0,0,8,7,27,1,9.0,1
2019,7,SP,1,1,2,1,44,2000.0,0,0,7,7,34,1,9.0,1
2019,8,SP,1,1,2,9,40,1094.0,1,0,4,7,19,1,2.0,1
2018,5,SP,1,1,2,1,42,1134.0,0,0,5,5,41,0,2.0,1
2018,3,SP,1,1,2,7,40,1813.0,0,0,4,9,24,0,8.0,1
2018,2,SP,1,1,2,9,36,957.0,0,0,4,7,19,1,8.0,1
2018,11,SP,1,1,2,1,44,1323.0,0,0,4,7,24,1,8.0,1
2019,11,SP,1,1,2,9,36,1088.0,0,0,4,7,21,0,8.0,1
2019,6,SP,1,1,2,9,35,5210.0,0,0,2,9,46,1,2.0,1
2019,1,SP,1,1,2,8,44,1348.0,0,0,5,7,33,1,8.0,1
2019,11,SP,1,1,2,1,44,1385.0,0,0,5,7,23,1,8.0,1
2019,3,SP,1,1,2,9,40,2562.0,0,0,7,7,23,0,8.0,1
2018,7,SP,1,1,2,4,44,1336.0,0,0,5,7,21,1,2.0,1
2018,5,SP,1,1,2,2,44,1566.0,0,0,4,7,18,1,2.0,1
2018,11,SP,1,1,2,4,44,2189.0,0,0,3,7,53,1,8.0,1
2018,12,SP,1,1,2,1,44,843.0,0,0,7,7,42,0,2.0,1
2019,12,SP,1,1,2,1,44,1440.0,0,0,5,4,34,1,8.0,1
2019,11,SP,1,1,2,3,44,2310.0,0,0,5,5,33,1,8.0,1
2019,6,SP,1,1,2,9,44,1409.0,0,0,5,7,30,1,9.0,1
2019,5,SP,1,1,2,3,44,1225.0,0,0,5,7,25,1,8.0,1
2019,11,SP,1,1,2,5,44,1595.0,0,0,5,8,21,0,8.0,1
2019,4,SP,1,1,2,9,36,2000.0,0,0,3,7,46,1,4.0,1
2019,6,SP,1,1,2,9,44,2964.0,0,0,4,9,33,1,2.0,1
2019,12,SP,1,1,2,1,32,922.0,0,0,5,2,20,0,8.0,1
2019,9,SP,1,1,2,8,44,1198.0,0,0,5,4,21,1,8.0,1
2019,2,SP,1,1,2,8,44,3949.0,0,0,5,7,25,1,8.0,1
2018,2,SP,1,1,2,5,40,3000.0,0,0,2,9,31,1,8.0,1
2018,7,SP,1,1,2,5,40,36666.0,0,0,1,9,53,0,6.0,1
2018,5,SP,1,1,2,8,44,1700.0,0,0,2,9,30,0,8.0,1
2018,5,SP,1,1,2,4,44,1300.0,0,0,7,7,37,1,2.0,1
2018,4,SP,1,1,2,2,44,1416.0,0,0,7,6,18,1,8.0,1
2018,7,SP,1,1,2,8,44,1281.0,0,0,5,7,36,0,2.0,1
2018,4,SP,1,1,2,6,44,1099.0,0,0,5,7,25,1,2.0,1
2018,5,SP,1,1,2,8,44,1429.0,0,1,4,7,30,1,8.0,1
2019,10,SP,1,1,2,5,44,1309.0,0,0,5,6,30,1,8.0,1
2018,8,SP,1,1,2,4,44,1550.0,0,0,4,7,18,0,2.0,1
2018,9,SP,1,1,2,9,44,4501.0,0,0,1,9,34,0,2.0,1
2018,4,SP,1,1,2,3,24,1723.0,0,0,2,9,30,0,2.0,1
2019,6,SP,1,1,2,3,22,580.0,0,0,5,5,36,0,8.0,1
2019,2,SP,1,1,2,2,44,1200.0,0,0,4,8,22,1,8.0,1
2019,12,SP,1,1,2,5,44,1393.0,0,0,5,7,22,0,2.0,1
2019,12,SP,1,1,2,9,36,1911.0,0,0,4,9,33,1,2.0,1
2018,3,SP,1,1,2,4,44,1203.0,0,0,5,7,21,0,9.0,1
2018,2,SP,1,1,2,5,44,2000.0,0,0,4,9,30,1,2.0,1
2018,5,SP,1,1,2,4,44,1268.0,0,0,5,2,32,1,2.0,1
2018,9,SP,1,1,2,5,44,1753.0,0,0,7,6,32,1,2.0,1
2018,2,SP,1,1,2,2,43,1347.0,0,0,5,7,21,1,8.0,1
2018,4,SP,1,1,2,2,44,1620.0,0,0,7,7,51,1,8.0,1
2018,3,SP,1,1,2,9,44,1416.0,0,0,7,7,29,1,8.0,1
2019,9,SP,1,1,2,3,44,1800.0,0,0,7,7,25,1,8.0,1
2019,3,SP,1,1,2,9,36,1715.0,0,0,4,9,22,0,2.0,1
2019,9,SP,1,1,2,1,44,1300.0,0,0,7,7,26,1,2.0,1
2019,9,SP,1,1,2,6,40,8000.0,0,0,2,8,25,1,9.0,1
2018,3,SP,1,1,2,8,44,1087.0,0,0,5,7,34,0,8.0,1
2018,5,SP,1,1,2,4,44,1195.0,0,0,5,5,53,0,4.0,1
2018,8,SP,1,1,2,5,40,4228.0,0,0,1,9,23,1,2.0,1
2018,10,SP,1,1,2,4,44,1590.0,0,0,2,8,25,1,2.0,1
2018,4,SP,1,1,2,6,44,1700.0,0,0,4,7,21,1,2.0,1
2018,9,SP,1,1,2,8,36,1296.0,0,0,4,8,31,1,8.0,1
2019,11,SP,1,1,2,2,44,1500.0,0,0,4,7,30,0,2.0,1
2019,12,SP,1,1,2,6,44,1442.0,0,0,5,7,34,1,9.0,1
2019,9,SP,1,1,2,6,44,4557.0,0,0,2,9,37,0,4.0,1
2019,11,SP,1,1,2,1,44,1500.0,0,0,4,7,25,1,2.0,1
2019,6,SP,1,1,2,6,44,1310.0,0,0,5,7,23,1,2.0,1
2019,1,SP,1,1,2,9,44,1408.0,0,0,5,7,37,0,2.0,1
2019,11,SP,1,1,2,9,44,2278.0,0,0,7,7,43,1,2.0,1
2018,11,SP,1,1,2,4,44,1323.0,0,0,5,7,28,1,2.0,1
2018,8,SP,1,1,2,2,44,1315.0,0,0,5,7,27,1,2.0,1
2018,11,SP,1,1,2,1,44,2177.0,0,0,7,9,34,0,2.0,1
2018,2,SP,1,1,2,1,44,1416.0,0,0,7,2,43,1,8.0,1
2018,10,SP,1,1,2,1,40,1300.0,0,0,5,9,28,0,8.0,1
2018,12,SP,1,1,2,9,44,1250.0,0,0,3,7,23,1,2.0,1
2019,6,SP,1,1,2,4,44,1405.0,0,0,2,7,29,1,9.0,1
2019,1,SP,1,1,2,3,44,1688.0,0,0,3,7,46,0,8.0,1
2019,1,SP,1,1,2,9,44,6200.0,0,0,2,9,34,0,2.0,1
2019,8,SP,1,1,2,4,44,1853.0,0,0,5,7,28,1,8.0,1
2019,4,SP,1,1,2,2,44,1347.0,0,0,4,9,25,1,2.0,1
2019,11,SP,1,1,2,3,44,1908.0,0,0,5,7,23,0,2.0,1
2019,12,SP,1,1,2,1,44,1050.0,0,0,5,7,21,1,2.0,1
2018,1,SP,1,1,2,8,40,5360.0,0,0,1,9,34,0,2.0,1
2018,5,SP,1,1,2,5,40,1076.0,0,0,5,7,27,1,9.0,1
2018,12,SP,1,1,2,7,36,2441.0,0,0,2,9,33,0,8.0,1
2018,6,SP,1,1,2,7,37,15500.0,0,0,2,9,46,0,2.0,1
2018,9,SP,1,1,2,4,44,1370.0,0,0,7,7,37,0,2.0,1
2019,3,SP,1,1,2,2,44,1783.0,0,0,5,9,41,0,2.0,1
2019,5,SP,1,1,2,9,44,1166.0,0,0,5,7,29,0,2.0,1
2019,11,SP,1,1,2,9,44,1297.0,0,0,7,7,26,1,9.0,1
2019,12,SP,1,1,2,9,36,1911.0,0,0,4,9,38,1,2.0,1
2019,1,SP,1,1,2,3,44,1365.0,0,0,4,9,32,0,8.0,1
2018,2,SP,0,1,4,4,44,1345.0,0,0,5,7,29,0,8.0,0
2018,6,SP,0,1,4,3,44,1100.0,0,0,3,9,21,1,2.0,0
2018,6,SP,0,1,4,3,44,1278.0,0,0,5,7,28,1,2.0,0
2018,11,SP,0,1,4,8,44,6342.0,0,0,5,6,36,0,8.0,0
2018,4,SP,0,1,4,5,44,1336.0,0,0,5,6,31,1,2.0,0
2018,11,SP,0,1,4,2,44,1485.0,0,0,5,5,38,0,2.0,0
2019,9,SP,0,1,4,9,44,1547.0,0,0,5,7,58,1,2.0,0
2019,7,SP,0,1,4,7,43,1325.0,0,0,5,7,32,0,2.0,0
2019,1,SP,0,1,4,8,44,1292.0,0,0,5,7,25,1,8.0,0
2019,1,SP,0,1,4,4,36,2051.0,0,1,4,7,39,0,9.0,0
2019,1,SP,0,1,4,4,40,5000.0,0,0,1,9,60,1,2.0,0
2018,2,SP,0,1,4,9,40,8700.0,0,0,2,9,54,1,8.0,0
2018,6,SP,0,1,4,9,44,1184.0,0,0,5,2,56,1,8.0,0
2018,12,SP,0,1,4,8,44,7626.0,0,0,1,9,29,1,2.0,0
2019,11,SP,0,1,4,3,44,1442.0,0,0,5,7,32,0,8.0,0
2019,3,SP,0,1,4,8,40,10000.0,0,0,2,9,44,0,2.0,0
2019,2,SP,0,1,4,8,44,1297.0,0,1,4,7,31,1,2.0,0
2018,2,SP,0,1,4,7,44,1296.0,0,0,5,7,60,1,9.0,0
2018,1,SP,0,1,4,2,44,1515.0,0,0,4,6,18,1,8.0,0
2019,4,SP,0,1,4,8,44,1792.0,0,0,4,7,25,0,2.0,0
2019,1,SP,0,1,4,4,44,1276.0,0,0,8,7,27,1,2.0,0
2019,2,SP,0,1,4,9,44,1442.0,0,0,4,9,53,1,9.0,0
2018,5,SP,0,1,4,3,44,1336.0,0,0,5,7,19,1,8.0,0
2018,11,SP,0,1,4,2,44,1411.0,0,0,5,7,23,1,2.0,0
2018,6,SP,0,1,4,8,44,1753.0,0,0,7,5,59,1,8.0,0
2019,4,SP,0,1,4,5,44,1405.0,0,0,5,5,37,0,8.0,0
2019,9,SP,0,1,4,9,44,1129.0,0,0,5,7,36,1,2.0,0
2019,8,SP,0,1,4,9,36,1016.0,0,0,4,7,36,0,6.0,0
2018,12,SP,0,1,4,8,44,1961.0,0,0,4,9,28,0,2.0,0
2019,10,SP,0,1,4,9,44,1701.0,0,0,5,7,57,1,4.0,0
2018,5,SP,0,1,4,9,44,1486.0,0,0,5,7,32,1,8.0,0
2018,8,SP,0,1,4,6,44,1412.0,0,0,4,7,20,0,2.0,0
2019,9,SP,0,1,4,6,44,2126.0,0,0,1,7,40,0,2.0,0
2019,3,SP,0,1,4,3,44,1405.0,0,0,5,7,23,1,4.0,0
2019,8,SP,0,1,4,4,40,1799.0,0,0,5,7,26,0,2.0,0
2019,10,SP,0,1,4,5,44,1203.0,0,0,5,7,31,0,8.0,0
2019,7,SP,0,1,4,2,44,1300.0,0,0,5,7,29,0,2.0,0
2018,3,SP,0,1,4,4,44,1120.0,0,0,5,7,38,0,8.0,0
2018,10,SP,0,1,4,4,44,1616.0,0,0,5,5,50,1,2.0,0
2019,2,SP,0,1,4,9,36,1016.0,0,0,4,7,32,1,8.0,0
2019,8,SP,0,1,4,9,40,1945.0,0,0,4,8,24,0,8.0,0
2019,6,SP,0,1,4,8,44,22842.0,0,0,1,9,38,0,2.0,0
2019,2,SP,0,1,4,8,44,1160.0,0,0,5,4,51,0,4.0,0
2018,7,SP,0,1,4,6,40,1176.0,0,0,4,7,22,0,2.0,0
2018,3,SP,0,1,4,4,44,2150.0,0,0,4,9,31,0,2.0,0
2018,9,SP,0,1,4,7,44,1595.0,0,0,5,7,28,0,2.0,0
2019,6,SP,0,1,4,2,44,1400.0,0,0,5,7,22,1,2.0,0
2018,7,SP,0,1,4,1,44,1444.0,0,0,9,7,48,1,8.0,0
2018,6,SP,0,1,4,1,44,1224.0,0,0,7,7,43,1,8.0,0
2018,10,SP,0,1,4,4,44,1393.0,0,0,7,7,56,1,8.0,0
2019,10,SP,0,1,4,2,44,7289.0,0,0,2,9,34,1,2.0,0
2019,8,SP,0,1,4,6,44,1705.0,0,0,7,7,24,1,8.0,0
2019,1,SP,0,1,4,3,44,1693.0,0,0,4,9,35,0,2.0,0
2019,2,SP,0,1,4,4,44,1439.0,0,0,4,7,27,0,2.0,0
2018,11,SP,0,1,4,4,44,1093.0,0,0,5,7,21,1,4.0,0
2018,10,SP,0,1,4,9,44,1252.0,0,0,5,7,47,0,2.0,0
2018,4,SP,0,1,4,8,44,1836.0,0,0,7,7,31,1,8.0,0
2018,5,SP,0,1,4,1,44,1356.0,0,0,5,7,27,1,8.0,0
2018,1,SP,0,1,4,5,44,1286.0,0,0,5,6,61,0,2.0,0
2018,8,SP,0,1,4,5,40,0.0,0,0,2,9,42,0,2.0,0
2018,1,SP,0,1,4,7,36,3538.0,0,0,4,7,35,0,8.0,0
2019,10,SP,0,1,4,3,44,1700.0,0,0,7,7,28,1,2.0,0
2019,1,SP,0,1,4,7,36,1435.0,0,0,2,9,40,0,9.0,0
2019,4,SP,0,1,4,7,44,2800.0,0,0,7,7,56,1,8.0,0
2019,5,SP,0,1,4,6,44,1409.0,0,0,4,7,35,1,9.0,0
2018,5,SP,0,1,4,5,44,3352.0,0,0,7,7,41,1,8.0,0
2018,8,SP,0,1,4,3,44,1398.0,0,0,4,7,27,1,4.0,0
2019,8,SP,0,1,4,1,44,1183.0,0,0,4,7,22,0,2.0,0
2019,6,SP,0,1,4,8,44,1409.0,0,0,5,7,62,1,8.0,0
2019,4,SP,0,1,4,4,38,1908.0,0,0,8,7,55,1,2.0,0
2019,2,SP,0,1,4,5,44,1802.0,0,0,5,7,46,1,8.0,0
2019,7,SP,0,1,4,4,44,1872.0,0,0,4,8,28,0,4.0,0
2018,4,SP,0,1,4,4,44,477.0,0,0,5,7,34,1,9.0,0
2018,6,SP,0,1,4,1,44,1661.0,0,0,5,5,43,1,2.0,0
2018,7,SP,0,1,4,5,40,5232.0,0,0,4,9,58,0,2.0,0
2019,9,SP,0,1,4,8,40,8072.0,0,0,1,9,53,1,2.0,0
2019,6,SP,0,1,4,6,36,2752.0,0,0,3,7,42,0,2.0,0
2018,3,SP,0,1,4,1,44,1200.0,0,0,7,5,22,1,8.0,0
2018,4,SP,0,1,4,3,44,1653.0,0,0,5,7,30,1,8.0,0
2019,9,SP,0,1,4,9,36,5184.0,0,0,2,9,24,0,2.0,0
2019,9,SP,0,1,4,1,44,1461.0,0,0,4,7,46,1,8.0,0
2019,11,SP,0,1,4,9,44,3086.0,0,0,4,9,39,1,8.0,0
2019,7,SP,0,1,4,4,44,2555.0,0,0,5,7,45,1,8.0,0
2019,10,SP,0,1,4,1,44,1817.0,0,0,4,8,23,1,2.0,0
2018,4,SP,0,1,4,9,36,1562.0,0,0,4,7,27,0,2.0,0
2018,9,SP,0,1,4,9,44,1184.0,0,0,5,6,30,1,8.0,0
2018,3,SP,0,1,4,3,44,1491.0,0,0,7,5,46,1,2.0,0
2018,5,SP,0,1,4,9,44,1110.0,0,0,5,6,30,0,8.0,0
2018,3,SP,0,1,4,6,44,5087.0,0,0,1,9,37,1,2.0,0
2018,1,SP,0,1,4,4,40,6000.0,0,0,1,8,51,1,2.0,0
2018,6,SP,0,1,4,4,44,2044.0,0,0,3,7,36,0,2.0,0
2018,6,SP,0,1,4,7,44,4065.0,0,0,4,8,46,1,2.0,0
2018,10,SP,0,1,4,5,40,1295.0,0,0,3,7,22,0,9.0,0
2019,4,SP,0,1,4,6,20,844.0,0,0,5,6,22,0,2.0,0
2019,10,SP,0,1,4,6,44,1410.0,0,0,4,7,20,1,2.0,0
2019,8,SP,0,1,4,8,40,3500.0,0,0,2,9,30,1,2.0,0
2018,8,SP,0,1,4,2,44,1753.0,0,0,7,3,33,1,8.0,0
2018,6,SP,0,1,4,7,44,1481.0,0,0,5,7,33,1,8.0,0
2019,3,SP,0,1,4,8,44,2074.0,0,0,4,6,28,1,8.0,0
2019,8,SP,0,1,4,8,44,1082.0,0,0,4,7,19,1,9.0,0
2018,7,SP,0,1,4,5,44,1231.0,0,0,7,7,24,1,8.0,0
2018,6,SP,0,1,4,2,44,3300.0,0,0,3,8,30,1,9.0,0
2018,2,SP,0,1,4,4,44,3180.0,0,0,1,7,46,0,2.0,0
2019,8,SP,0,1,4,4,44,1160.0,0,0,5,6,44,1,8.0,0
2019,12,SP,0,1,4,2,44,1461.0,0,0,5,7,28,0,8.0,0
2019,7,SP,0,1,4,9,36,1215.0,0,0,3,7,29,1,8.0,0
2018,5,SP,0,1,4,2,40,2321.0,0,0,3,9,26,1,2.0,0
2018,10,SP,0,1,4,3,44,1630.0,0,0,7,6,37,1,2.0,0
2018,1,SP,0,1,4,8,36,957.0,0,0,4,7,32,0,2.0,0
2018,3,SP,0,1,4,5,44,1336.0,0,0,5,7,26,1,8.0,0
2019,5,SP,0,1,4,6,33,965.0,0,0,5,7,26,1,2.0,0
2019,6,SP,0,1,4,3,44,1707.0,0,0,7,5,41,1,2.0,0
2019,5,SP,0,1,4,2,44,1396.0,0,0,4,5,20,1,8.0,0
2018,12,SP,0,1,4,5,44,1951.0,0,0,7,5,56,1,4.0,0
2018,1,SP,0,1,4,4,44,1239.0,0,0,5,7,35,1,2.0,0
2018,1,SP,0,1,4,2,44,1339.0,0,0,5,4,35,1,2.0,0
2018,11,SP,0,1,4,1,44,2105.0,0,0,7,7,48,1,8.0,0
2019,10,SP,0,1,4,1,44,1244.0,0,0,5,7,22,0,9.0,0
2019,7,SP,0,1,4,2,44,1369.0,0,0,4,6,18,1,2.0,0
2019,5,SP,0,1,4,6,36,844.0,0,0,7,7,19,1,2.0,0
2018,5,SP,0,1,4,2,44,2755.0,0,0,7,5,41,1,8.0,0
2019,11,SP,0,1,4,9,44,1160.0,0,0,5,7,33,0,2.0,0
2018,8,SP,0,1,4,3,44,1347.0,0,0,5,7,31,0,4.0,0
2018,6,SP,0,1,4,4,36,1089.0,0,0,4,5,24,1,8.0,0
2018,3,SP,0,1,4,2,44,1717.0,0,0,4,7,38,1,2.0,0
2018,10,SP,0,1,4,9,42,1568.0,0,0,5,7,43,1,8.0,0
2019,3,SP,0,1,4,7,44,1410.0,0,0,4,7,27,1,8.0,0
2019,12,SP,0,1,4,6,44,2959.0,0,0,9,7,38,1,4.0,0
2018,11,SP,0,1,4,7,44,1707.0,0,0,4,7,27,0,2.0,0
2019,4,SP,0,1,4,1,44,1630.0,0,0,4,9,22,1,8.0,0
2019,10,SP,0,1,4,1,44,1700.0,0,0,7,7,24,1,2.0,0
2019,12,SP,0,1,4,6,44,4182.0,0,0,3,9,31,1,8.0,0
2019,6,SP,0,1,4,5,44,2150.0,0,0,5,6,28,0,2.0,0
2018,7,SP,0,1,4,4,44,1771.0,0,0,5,7,67,1,2.0,0
2018,11,SP,0,1,4,7,44,1752.0,0,0,7,4,28,1,9.0,0
2019,9,SP,0,1,4,4,44,1386.0,0,0,8,7,40,1,8.0,0
2018,5,SP,0,1,4,4,44,2013.0,0,0,5,7,42,1,9.0,0
2018,2,SP,0,1,4,1,44,1714.0,0,0,4,9,54,0,2.0,0
2018,6,SP,0,1,4,9,36,2877.0,0,0,1,9,30,0,2.0,0
2019,5,SP,0,1,4,4,40,2005.0,0,0,4,7,29,0,2.0,0
2018,12,SP,0,1,4,1,44,2189.0,0,0,5,7,38,0,8.0,0
2018,10,SP,0,1,4,3,44,10065.0,0,0,1,9,34,0,2.0,0
2019,3,SP,0,1,4,6,44,1400.0,0,0,3,7,39,1,2.0,0
2018,8,SP,0,1,4,4,40,0.0,0,0,1,9,40,1,2.0,0
2019,9,SP,0,1,4,9,36,1016.0,0,0,4,7,22,0,4.0,0
2019,4,SP,0,1,4,5,44,1495.0,0,1,5,7,35,1,2.0,0
2018,11,SP,0,1,4,8,44,8473.0,0,0,2,9,47,0,2.0,0
2018,11,SP,0,1,4,1,44,3800.0,0,0,1,7,38,0,2.0,0
2018,9,SP,0,1,4,6,44,1751.0,0,0,7,7,25,1,8.0,0
2019,11,SP,0,1,4,1,44,1879.0,0,0,7,7,24,1,2.0,0
2018,6,SP,0,1,4,9,44,1083.0,0,0,5,7,46,0,2.0,0
2018,5,SP,0,1,4,4,44,1471.0,0,0,7,5,43,1,2.0,0
2019,4,SP,0,1,4,6,44,1396.0,0,0,5,7,34,1,9.0,0
2019,7,SP,0,1,4,7,30,880.0,1,0,4,6,19,0,4.0,0
2019,10,SP,0,1,4,6,44,1489.0,0,0,4,7,19,0,4.0,0
2019,5,SP,0,1,4,3,44,1405.0,0,0,4,7,30,0,9.0,0
2019,9,SP,0,1,4,1,44,1561.0,0,0,8,4,31,1,2.0,0
2018,2,SP,0,1,4,6,44,1830.0,0,0,7,5,35,1,2.0,0
2018,10,SP,0,1,4,8,44,1582.0,0,0,5,6,22,0,8.0,0
2019,3,SP,0,1,4,3,44,14964.0,0,0,1,9,38,0,8.0,0
2019,4,SP,0,1,4,7,26,654.0,1,0,5,7,19,1,8.0,0
2018,4,SP,0,1,4,3,36,977.0,0,0,4,9,28,0,9.0,0
2018,12,SP,0,1,4,6,44,3296.0,0,0,2,7,35,0,2.0,0
2018,12,SP,0,1,4,5,44,1648.0,0,0,3,9,33,1,2.0,0
2019,9,SP,0,1,4,1,44,1396.0,0,0,4,5,18,0,8.0,0
2018,11,SP,0,1,4,6,44,2310.0,0,0,7,7,41,1,2.0,0
2018,10,SP,0,1,4,3,44,1587.0,0,0,5,7,42,1,2.0,0
2019,6,SP,0,1,4,8,44,1479.0,0,0,5,8,37,1,2.0,0
2019,6,SP,0,1,4,1,44,1246.0,0,0,5,7,54,0,2.0,0
2019,10,SP,0,1,4,5,44,1126.0,0,0,4,7,24,0,8.0,0
2019,8,SP,0,1,4,6,43,1933.0,0,0,7,7,27,1,8.0,0
2018,10,SP,0,1,4,4,44,1276.0,0,0,9,7,23,1,2.0,0
2018,7,SP,0,1,4,3,44,1774.0,0,0,7,7,41,1,2.0,0
2018,2,SP,0,1,4,7,44,1966.0,0,0,5,5,44,1,8.0,0
2018,9,SP,0,1,4,2,44,1441.0,0,0,3,5,23,1,2.0,0
2019,4,SP,0,1,4,1,44,1200.0,0,0,4,7,21,0,8.0,0
2019,3,SP,0,1,4,5,44,2002.0,0,0,7,7,51,1,4.0,0
2019,9,SP,0,1,4,7,44,1842.0,0,0,5,7,36,1,8.0,0
2019,11,SP,0,1,4,8,44,1613.0,0,0,7,7,54,1,2.0,0
2019,12,SP,0,1,4,9,44,1547.0,0,0,5,7,42,1,8.0,0
2018,3,SP,0,1,4,7,36,1323.0,0,0,4,7,22,1,8.0,0
2018,6,SP,0,1,4,9,44,1110.0,0,0,5,5,54,0,2.0,0
2019,3,SP,0,1,4,5,44,1405.0,0,0,5,7,24,1,8.0,0
2018,9,SP,0,1,4,9,44,1884.0,0,0,4,7,19,0,2.0,0
2018,7,SP,0,1,4,5,44,1489.0,0,0,7,6,24,1,2.0,0
2019,1,SP,0,1,4,9,36,7613.0,0,0,3,7,31,1,2.0,0
2019,7,SP,0,1,4,2,44,1323.0,0,0,4,7,23,0,2.0,0
2019,3,SP,0,1,4,1,44,1549.0,0,0,4,7,23,1,2.0,0
2019,5,SP,0,1,4,1,44,1611.0,0,0,7,7,37,1,2.0,0
2019,9,SP,0,1,4,1,44,1350.0,0,0,9,7,23,1,2.0,0
2018,11,SP,0,1,4,3,44,1338.0,0,0,5,7,24,1,9.0,0
2018,7,SP,0,1,4,2,44,1606.0,0,0,7,7,39,1,8.0,0
2018,5,SP,0,1,4,7,44,1772.0,0,0,3,7,31,1,2.0,0
2018,8,SP,0,1,4,1,44,3500.0,0,0,3,9,28,0,2.0,0
2018,4,SP,0,1,4,7,44,1281.0,0,0,4,7,32,1,2.0,0
2018,11,SP,0,1,4,4,44,1440.0,0,0,7,4,26,1,2.0,0
2018,9,SP,0,1,4,1,36,1297.0,0,0,5,7,64,1,2.0,0
2019,1,SP,0,1,4,5,40,2454.0,0,0,3,9,32,0,8.0,0
2019,3,SP,0,1,4,4,44,1757.0,0,0,4,7,23,0,2.0,0
2019,7,SP,0,1,4,2,44,1403.0,0,0,8,7,44,1,2.0,0
2018,7,SP,0,1,4,6,44,1213.0,0,0,5,7,43,0,4.0,0
2018,4,SP,0,1,4,7,44,1416.0,0,0,7,4,54,1,4.0,0
2018,7,SP,0,1,4,7,40,1141.0,0,0,3,7,19,1,8.0,0
2018,3,SP,0,1,4,9,44,2145.0,0,0,5,7,37,1,8.0,0
2018,8,SP,0,1,4,9,44,1184.0,0,0,5,6,22,1,8.0,0
2018,5,SP,0,1,4,3,40,1338.0,0,0,5,7,28,1,8.0,0
2018,2,SP,0,1,4,4,44,1358.0,0,0,5,7,25,1,2.0,0
2019,3,SP,0,1,4,9,44,1242.0,0,0,3,7,34,0,2.0,0
2019,3,SP,0,1,4,2,44,1127.0,0,0,4,7,24,0,2.0,0
2018,8,SP,0,1,4,5,44,1755.0,0,0,7,7,19,1,9.0,0
2018,10,SP,0,1,4,5,44,1405.0,0,0,5,7,26,1,9.0,0
2018,5,SP,0,1,4,2,44,1266.0,0,0,4,7,32,1,8.0,0
2018,2,SP,0,1,4,4,44,2200.0,0,0,4,7,44,1,8.0,0
2018,7,SP,0,1,4,9,44,1570.0,0,0,7,7,52,1,6.0,0
2018,4,SP,0,1,4,9,44,1110.0,0,0,5,3,50,0,2.0,0
2019,9,SP,0,1,4,3,44,1600.0,0,0,5,7,34,0,2.0,0
2019,5,SP,0,1,4,4,44,1391.0,0,0,5,3,40,1,8.0,0
2018,7,SP,0,1,4,2,44,1191.0,0,0,4,7,23,0,8.0,0
2018,6,SP,0,1,4,7,44,1232.0,0,0,5,6,42,0,2.0,0
2018,4,SP,0,1,4,9,44,1284.0,0,0,5,7,29,0,4.0,0
2018,4,SP,0,1,4,3,44,1192.0,0,0,5,7,20,1,8.0,0
2018,6,SP,0,1,4,5,44,1476.0,0,0,4,8,28,0,2.0,0
2019,9,SP,0,1,4,1,44,2769.0,0,0,1,7,37,1,9.0,0
2019,2,SP,0,1,4,6,40,3186.0,0,0,7,7,47,1,2.0,0
2018,3,SP,0,1,4,3,44,2026.0,0,0,3,8,43,0,2.0,0
2018,11,SP,0,1,4,9,40,10622.0,0,0,1,9,42,0,2.0,0
2018,11,SP,0,1,4,4,44,1881.0,0,0,7,7,31,1,2.0,0
2018,3,SP,0,1,4,5,44,2561.0,0,0,8,7,53,1,8.0,0
2018,2,SP,0,1,4,4,44,2100.0,0,0,5,7,41,0,2.0,0
2019,8,SP,0,1,4,6,44,1886.0,0,0,3,7,36,1,2.0,0
2018,9,SP,0,1,4,8,44,1761.0,0,0,3,7,45,0,8.0,0
2018,8,SP,0,1,4,2,44,50299.0,0,0,2,9,48,1,9.0,0
2018,6,SP,0,1,4,3,44,1640.0,0,0,4,9,37,0,2.0,0
2018,3,SP,0,1,4,1,44,1523.0,0,0,7,4,51,1,8.0,0
2018,8,SP,0,1,4,4,44,6510.0,0,0,7,4,44,1,2.0,0
2019,5,SP,0,1,4,6,44,1684.0,0,0,4,7,23,0,2.0,0
2019,11,SP,0,1,4,4,40,1163.0,0,0,5,7,34,1,9.0,0
2019,7,SP,0,1,4,4,44,1265.0,0,0,5,7,18,1,9.0,0
2019,4,SP,0,1,4,9,30,1021.0,0,0,4,8,36,0,9.0,0
2018,1,SP,0,1,4,9,42,2398.0,0,0,3,7,43,1,4.0,0
2018,2,SP,0,1,4,1,44,1279.0,0,0,5,7,49,0,2.0,0
2019,2,SP,0,1,4,3,44,1797.0,0,0,7,7,31,1,8.0,0
2019,10,SP,0,1,4,3,44,1387.0,0,0,5,3,44,0,9.0,0
2019,10,SP,0,1,4,2,44,5630.0,0,0,1,9,37,0,2.0,0
2018,6,SP,0,1,4,4,44,1353.0,0,0,4,7,21,1,2.0,0
2019,2,SP,0,1,4,4,36,1086.0,0,0,5,7,56,0,2.0,0
2019,11,SP,0,1,4,1,44,1396.0,0,0,5,6,34,0,2.0,0
2019,12,SP,0,1,4,9,44,1409.0,0,0,5,7,41,1,4.0,0
2018,3,SP,0,1,4,4,44,1336.0,0,0,5,7,39,0,2.0,0
2019,11,SP,0,1,4,8,44,1699.0,0,0,5,7,39,0,2.0,0
2018,2,SP,0,1,4,9,44,1408.0,0,0,5,4,28,1,4.0,0
2018,2,SP,0,1,4,3,44,1339.0,0,0,5,6,23,1,2.0,0
2018,9,SP,0,1,4,5,44,20798.0,0,0,1,9,43,1,2.0,0
2019,5,SP,0,1,4,7,24,624.0,0,0,4,7,23,0,2.0,0
2019,6,SP,0,1,4,4,44,1841.0,0,0,7,5,51,1,4.0,0
2019,4,SP,0,1,4,4,36,1174.0,0,0,3,7,53,1,8.0,0
2019,4,SP,0,1,4,5,40,5573.0,0,0,3,9,31,0,2.0,0
2018,6,SP,0,1,4,1,44,1800.0,0,0,5,8,40,1,2.0,0
2018,3,SP,0,1,4,7,44,4641.0,0,0,2,9,28,0,8.0,0
2018,4,SP,0,1,4,3,44,1266.0,0,0,5,7,25,1,2.0,0
2018,10,SP,0,1,4,4,44,5922.0,0,0,2,9,35,0,2.0,0
2019,6,SP,0,1,4,9,44,4092.0,0,0,5,7,26,1,2.0,0
2019,10,SP,0,1,4,5,44,2453.0,0,0,5,4,50,1,4.0,0
2019,1,SP,0,1,4,1,44,2000.0,0,0,4,7,32,1,8.0,0
2019,1,SP,0,1,4,2,44,1427.0,0,0,5,7,41,1,2.0,0
2019,11,SP,0,1,4,2,44,1477.0,0,0,4,7,32,1,8.0,0
2018,2,SP,0,1,4,1,44,11015.0,0,0,4,7,25,1,2.0,0
2018,12,SP,0,1,4,8,44,3043.0,0,0,2,9,30,0,2.0,0
2018,6,SP,0,1,4,3,44,1578.0,0,0,5,7,20,1,2.0,0
2018,6,SP,0,1,4,4,44,1664.0,0,0,5,8,29,1,2.0,0
2019,11,SP,0,1,4,9,44,8468.0,0,0,1,9,33,1,9.0,0
2019,9,SP,0,1,4,3,44,1586.0,0,0,4,7,24,0,2.0,0
2019,9,SP,0,1,4,2,44,1853.0,0,0,7,7,28,1,2.0,0
2019,3,SP,0,1,4,9,36,2489.0,0,0,3,7,35,0,8.0,0
2019,7,SP,0,1,4,3,44,1841.0,0,0,7,6,42,1,2.0,0
2019,5,SP,0,1,4,7,44,1442.0,0,0,4,7,40,0,8.0,0
2018,2,SP,0,1,4,8,44,1031.0,0,0,5,3,46,0,2.0,0
2018,5,SP,0,1,4,5,44,1916.0,0,0,4,7,33,1,8.0,0
2018,1,SP,0,1,4,6,44,1212.0,0,0,7,7,32,1,8.0,0
2018,7,SP,0,1,4,7,44,1110.0,0,0,5,7,43,0,8.0,0
2018,7,SP,0,1,4,1,44,1441.0,0,0,7,5,44,1,2.0,0
2018,12,SP,0,1,4,3,44,1947.0,0,0,3,9,40,0,8.0,0
2018,3,SP,0,1,4,1,44,1000.0,0,0,4,7,18,1,2.0,0
2019,8,SP,0,1,4,4,44,2064.0,0,0,7,7,43,1,2.0,0
2019,12,SP,0,1,4,1,44,1564.0,0,0,7,5,30,1,8.0,0
2019,2,SP,0,1,4,9,36,1045.0,0,0,4,7,20,0,8.0,0
2018,8,SP,0,1,4,3,44,2856.0,0,0,3,9,53,0,2.0,0
2019,7,SP,0,1,4,4,44,1571.0,0,0,7,7,38,1,8.0,0
2018,7,SP,0,1,4,9,36,1032.0,0,0,4,7,34,0,8.0,0
2018,12,SP,0,1,4,5,44,1752.0,0,0,7,4,46,1,2.0,0
2018,4,SP,0,1,4,6,36,1342.0,0,0,5,7,31,1,8.0,0
2018,8,SP,0,1,4,9,44,1213.0,0,0,5,3,47,0,8.0,0
2018,12,SP,0,1,4,2,44,1614.0,0,0,1,7,27,1,2.0,0
2018,1,SP,0,1,4,2,44,1505.0,0,0,5,7,26,1,4.0,0
2019,12,SP,0,1,4,4,44,0.0,0,0,2,9,35,1,2.0,0
2019,7,SP,0,1,4,3,44,1444.0,0,0,4,7,51,0,2.0,0
2018,5,SP,0,1,4,2,44,1279.0,0,0,4,7,27,0,9.0,0
2018,10,SP,0,1,4,1,44,2238.0,0,0,1,7,24,0,2.0,0
2018,1,SP,0,1,4,4,44,1347.0,0,0,5,7,20,0,9.0,0
2019,1,SP,0,1,4,1,44,2359.0,0,0,5,4,69,1,2.0,0
2019,8,SP,0,1,4,5,44,1309.0,0,0,5,7,33,0,2.0,0
2018,6,SP,0,1,4,4,44,1480.0,0,0,7,7,38,1,8.0,0
2018,8,SP,0,1,4,3,44,2347.0,0,0,3,9,46,1,2.0,0
2018,10,SP,0,1,4,6,44,1673.0,0,0,4,7,24,0,8.0,0
2018,1,SP,0,1,4,3,30,3059.0,0,0,4,8,25,0,2.0,0
2018,3,SP,0,1,4,9,44,2356.0,0,0,3,7,42,1,8.0,0
2018,6,SP,0,1,4,1,44,1365.0,0,0,5,7,40,0,2.0,0
2019,2,SP,0,1,4,9,44,1160.0,0,0,5,4,60,0,8.0,0
2018,8,SP,0,1,4,7,44,2000.0,0,0,4,9,21,0,8.0,0
2019,2,SP,0,1,4,2,44,1160.0,0,0,5,5,19,0,8.0,0
2019,8,SP,0,1,4,3,44,1334.0,0,0,5,8,27,1,2.0,0
2019,11,SP,0,1,4,4,44,1395.0,0,0,5,7,50,1,2.0,0
2018,11,SP,0,1,4,4,44,1400.0,0,0,1,9,27,0,8.0,0
2018,11,SP,0,1,4,1,40,3400.0,0,0,2,8,38,0,2.0,0
2019,9,SP,0,1,4,4,44,1485.0,0,0,4,7,21,1,9.0,0
2019,1,SP,0,1,4,9,44,1370.0,0,0,9,6,56,1,2.0,0
2019,8,SP,0,1,4,1,21,1239.0,0,0,5,4,55,0,2.0,0
2019,10,SP,0,1,4,4,44,2412.0,0,0,5,7,38,1,8.0,0
2018,7,SP,0,1,4,9,40,3893.0,0,0,5,9,49,0,8.0,0
2019,2,SP,0,1,4,5,44,1111.0,0,0,4,4,67,1,8.0,0
2019,9,SP,0,1,4,9,44,1115.0,0,0,5,4,39,1,8.0,0
2019,6,SP,0,1,4,3,40,2150.0,0,0,5,7,56,0,2.0,0
2018,8,SP,0,1,4,9,44,2332.0,0,0,7,3,52,1,2.0,0
2018,6,SP,0,1,4,5,44,9666.0,0,0,2,9,44,0,2.0,0
2018,6,SP,0,1,4,3,44,1803.0,0,0,7,7,35,1,2.0,0
2018,6,SP,0,1,4,7,44,2454.0,0,0,7,7,28,1,2.0,0
2019,5,SP,0,1,4,4,44,1386.0,0,0,5,5,22,0,8.0,0
2019,11,SP,0,3,4,1,44,2746.0,0,0,5,8,32,1,2.0,0
2019,8,SP,0,1,4,7,36,16572.0,0,0,2,9,57,1,2.0,0
2018,3,SP,0,1,4,1,44,1345.0,0,0,5,7,23,0,8.0,0
2018,11,SP,0,1,4,1,44,1428.0,0,0,5,7,24,1,9.0,0
2018,3,SP,0,1,4,2,44,1525.0,0,0,4,7,23,1,2.0,0
2018,3,SP,0,1,4,6,44,1725.0,0,0,4,9,32,1,2.0,0
2019,4,SP,0,1,4,1,44,1405.0,0,0,5,7,45,0,2.0,0
2019,2,SP,0,1,4,6,44,1348.0,0,0,5,7,59,1,2.0,0
2019,7,SP,0,1,4,1,44,1100.0,0,0,4,7,29,0,2.0,0
2018,5,SP,0,1,4,9,36,1175.0,0,0,4,7,47,0,2.0,0
2018,6,SP,0,1,4,7,44,1232.0,0,0,5,6,42,0,2.0,0
2018,4,SP,0,1,4,3,44,1997.0,0,0,1,7,28,1,8.0,0
2019,6,SP,0,1,4,8,44,1378.0,0,0,6,5,47,1,2.0,0
2019,11,SP,0,1,4,4,44,1160.0,0,0,5,7,21,1,2.0,0
2019,7,SP,0,1,4,4,44,1300.0,0,0,5,7,24,0,2.0,0
2018,5,SP,0,1,4,5,44,1617.0,0,0,3,7,27,1,8.0,0
2018,9,SP,0,1,4,4,40,1243.0,0,0,4,8,22,1,8.0,0
2018,5,SP,0,1,4,4,44,1215.0,0,0,5,7,55,1,2.0,0
2019,4,SP,0,1,4,9,36,1450.0,0,1,4,7,27,0,2.0,0
2018,10,SP,0,1,4,7,44,1446.0,0,0,4,7,35,1,8.0,0
2018,10,SP,0,1,4,3,44,1837.0,0,0,1,6,45,1,2.0,0
2018,9,SP,0,1,4,3,44,1396.0,0,0,5,7,46,0,2.0,0
2019,9,SP,0,1,4,2,44,1155.0,0,0,4,7,25,0,8.0,0
2019,12,SP,0,1,4,4,44,1476.0,0,0,5,7,22,0,2.0,0
2019,1,SP,0,1,4,1,44,1341.0,0,0,5,7,25,0,8.0,0
2018,2,SP,0,1,4,5,44,1345.0,0,0,3,7,19,0,9.0,0
2019,9,SP,0,1,4,9,44,1544.0,0,0,7,5,32,1,8.0,0
2018,2,SP,0,1,4,7,40,1183.0,0,0,5,7,26,0,2.0,0
2018,8,SP,0,1,4,8,44,2279.0,0,0,5,6,26,1,6.0,0
2018,2,SP,0,1,4,3,44,1332.0,0,0,5,7,28,0,2.0,0
2019,8,SP,0,1,4,8,44,683.0,0,0,5,7,28,1,8.0,0
2019,6,SP,0,1,4,2,44,2290.0,0,0,1,7,22,0,8.0,0
2019,11,SP,0,1,4,6,44,1442.0,0,0,5,7,25,0,2.0,0
2019,3,SP,0,1,4,4,44,1144.0,0,0,4,7,20,0,9.0,0
2019,5,SP,0,1,4,8,36,998.0,0,0,4,7,30,0,8.0,0
2019,2,SP,0,1,4,5,44,1310.0,0,0,4,7,21,1,2.0,0
2018,6,SP,0,1,4,3,44,1903.0,0,0,7,7,30,1,9.0,0
2018,12,SP,0,1,4,5,44,1408.0,0,0,4,4,21,1,8.0,0
2018,12,SP,0,1,4,9,44,3664.0,0,0,1,9,31,0,2.0,0
2018,11,SP,0,1,4,3,44,1337.0,0,0,7,4,29,1,2.0,0
2018,6,SP,0,1,4,2,44,1498.0,0,0,5,6,24,0,2.0,0
2018,9,SP,0,1,4,5,40,1454.0,0,0,5,7,35,0,8.0,0
2019,7,SP,0,1,4,4,42,21006.0,0,0,1,9,50,0,8.0,0
2019,4,SP,0,1,4,9,44,10613.0,0,0,4,7,26,1,9.0,0
2018,3,SP,0,1,4,2,44,1336.0,0,0,5,7,22,1,4.0,0
2019,6,SP,0,1,4,8,44,1309.0,0,0,7,5,28,1,4.0,0
2019,3,SP,0,1,4,2,44,2673.0,0,0,4,7,57,1,4.0,0
2019,6,SP,0,1,4,5,44,0.0,0,0,2,9,40,1,2.0,0
2018,3,SP,0,1,4,7,44,1295.0,0,0,4,7,21,1,2.0,0
2018,6,SP,0,1,4,1,44,1440.0,0,0,7,5,43,0,4.0,0
2019,5,SP,0,1,4,3,24,594.0,0,0,5,6,22,1,6.0,0
2019,3,SP,0,1,4,3,44,1315.0,0,0,5,7,28,1,8.0,0
2019,5,SP,0,1,4,7,44,1217.0,0,0,5,7,28,1,8.0,0
2019,6,SP,0,1,4,1,42,1400.0,0,0,4,7,31,0,2.0,0
2019,9,SP,0,1,4,3,44,2678.0,0,0,7,7,55,0,8.0,0
2019,8,SP,0,1,4,7,36,1046.0,0,0,4,7,22,1,8.0,0
2018,11,SP,0,1,4,3,44,1555.0,0,0,7,7,26,1,8.0,0
2018,3,SP,0,1,4,8,40,1339.0,0,0,4,7,35,1,4.0,0
2019,1,SP,0,1,4,9,44,1232.0,0,0,5,4,64,0,8.0,0
2019,10,SP,0,1,4,3,44,1582.0,0,0,1,5,41,0,8.0,0
2018,4,SP,0,1,4,7,36,1858.0,0,0,4,8,35,1,8.0,0
2018,11,SP,0,1,4,4,44,1396.0,0,0,5,2,62,0,8.0,0
2018,8,SP,0,1,4,4,44,1440.0,0,0,7,7,41,1,4.0,0
2018,7,SP,0,1,4,9,40,1399.0,0,0,4,7,24,0,9.0,0
2019,6,SP,0,1,4,7,40,3475.0,0,0,3,9,32,0,2.0,0
2019,11,SP,0,1,4,9,36,1424.0,0,0,4,9,32,0,8.0,0
2019,8,SP,0,1,4,5,44,1513.0,0,0,7,2,32,1,2.0,0
2018,2,SP,0,1,4,2,28,788.0,0,0,5,7,18,1,2.0,0
2019,2,SP,0,1,4,6,44,1752.0,0,0,7,6,54,1,4.0,0
2019,3,SP,0,1,4,3,44,1362.0,0,0,5,6,39,0,6.0,0
2018,4,SP,0,1,4,6,44,1645.0,0,0,4,7,43,1,2.0,0
2018,11,SP,0,1,4,9,44,2636.0,0,0,4,7,25,1,2.0,0
2018,2,SP,0,1,4,4,44,1416.0,0,0,7,5,26,1,2.0,0
2019,6,SP,0,1,4,9,44,1231.0,0,0,7,2,51,0,8.0,0
2019,4,SP,0,1,4,4,44,1405.0,0,0,4,7,28,0,8.0,0
2018,8,SP,0,1,4,5,44,1752.0,0,0,7,7,48,1,2.0,0
2019,4,SP,0,1,4,4,44,1285.0,0,0,5,5,49,0,2.0,0
2018,3,SP,0,1,4,2,44,1679.0,0,0,4,8,21,0,2.0,0
2018,2,SP,0,1,4,2,44,1224.0,0,0,5,7,19,0,8.0,0
2019,9,SP,0,1,4,1,44,2183.0,0,0,5,5,44,0,2.0,0
2019,10,SP,0,1,4,9,44,1160.0,0,0,5,4,52,0,8.0,0
2018,5,SP,0,1,4,4,44,1167.0,0,0,5,7,47,1,9.0,0
2019,7,SP,0,1,4,8,44,1348.0,0,0,5,6,33,1,8.0,0
2018,7,SP,0,1,4,1,44,1416.0,0,0,7,6,33,1,2.0,0
2018,8,SP,0,1,4,1,38,1349.0,0,0,5,7,21,1,8.0,0
2018,8,SP,0,1,4,1,44,1600.0,0,0,5,7,36,0,2.0,0
2019,6,SP,0,1,4,4,44,1842.0,0,0,7,5,32,1,2.0,0
2019,5,SP,0,1,4,4,44,1925.0,0,0,5,7,30,0,2.0,0
2019,2,SP,0,1,4,6,44,4909.0,0,0,3,9,39,0,2.0,0
2019,8,SP,0,1,4,9,44,1213.0,0,0,5,5,64,0,2.0,0
2019,3,SP,0,1,4,6,40,2462.0,0,0,2,9,42,0,8.0,0
2018,4,SP,0,1,4,4,44,1192.0,0,0,5,6,35,1,2.0,0
2018,5,SP,0,1,4,9,44,1184.0,0,0,7,4,60,1,2.0,0
2019,8,SP,0,1,4,5,44,1876.0,0,0,7,6,40,1,2.0,0
2019,3,SP,0,1,4,2,44,1405.0,0,0,4,7,20,1,8.0,0
2018,10,SP,0,1,4,9,44,2057.0,0,0,5,7,31,1,2.0,0
2018,11,SP,0,1,4,5,44,2000.0,0,0,4,8,19,1,2.0,0
2019,10,SP,0,1,4,1,44,2610.0,0,0,1,7,38,1,2.0,0
2019,7,SP,0,1,4,7,44,1513.0,0,0,7,5,27,1,8.0,0
2019,6,SP,0,1,4,9,44,1195.0,0,0,4,7,23,0,8.0,0
2019,9,SP,0,1,4,8,44,1841.0,0,0,4,8,29,1,2.0,0
2019,11,SP,0,1,4,8,40,4524.0,0,0,4,9,24,1,8.0,0
2019,9,SP,0,1,4,1,36,1016.0,0,0,4,7,22,0,8.0,0
2019,3,SP,0,1,4,1,44,1440.0,0,0,7,7,28,1,8.0,0
2019,12,SP,0,1,4,2,44,1841.0,0,0,7,7,33,1,4.0,0
2018,3,SP,0,1,4,3,44,1455.0,0,0,7,7,20,1,2.0,0
2018,12,SP,0,1,4,6,44,1811.0,0,0,7,3,46,1,8.0,0
2018,5,SP,0,1,4,2,44,1116.0,0,0,5,7,39,0,2.0,0
2019,3,SP,0,1,4,3,44,1185.0,0,0,5,7,28,0,4.0,0
2019,5,SP,0,1,4,2,44,1510.0,0,0,7,6,30,1,2.0,0
2018,5,SP,0,1,4,5,44,2000.0,0,0,7,4,50,1,2.0,0
2018,3,SP,0,1,4,1,44,954.0,0,0,4,6,22,1,8.0,0
2018,3,SP,0,1,4,4,40,3900.0,0,0,3,9,50,1,8.0,0
2018,6,SP,0,1,4,2,44,1498.0,0,0,3,5,56,1,2.0,0
2019,1,SP,0,1,4,7,44,9819.0,0,0,2,9,35,0,2.0,0
2018,9,SP,0,1,4,3,44,1047.0,0,0,7,2,24,1,8.0,0
2018,3,SP,0,1,4,4,44,2634.0,0,0,5,7,51,1,2.0,0
2018,1,SP,0,1,4,2,44,1903.0,0,0,1,5,32,1,2.0,0
2019,4,SP,0,1,4,4,20,1150.0,0,0,5,6,21,0,9.0,0
2019,6,SP,0,1,4,7,44,2040.0,0,0,3,9,35,0,8.0,0
2019,6,SP,0,1,4,7,44,1247.0,0,0,5,1,44,0,2.0,0
2019,1,SP,0,1,4,7,44,1183.0,0,0,7,5,60,1,9.0,0
2019,8,SP,0,1,4,4,44,1841.0,0,0,7,5,51,1,4.0,0
2018,1,SP,0,1,4,9,44,1208.0,0,0,4,7,31,0,2.0,0
2018,12,SP,0,1,4,4,44,3415.0,0,0,2,9,41,0,2.0,0
2018,10,SP,0,1,4,4,44,2013.0,0,0,7,7,27,1,2.0,0
2018,9,SP,0,1,4,3,44,1530.0,0,0,5,5,23,1,2.0,0
2018,1,SP,0,1,4,3,44,1000.0,0,0,4,6,29,1,8.0,0
2019,2,SP,0,1,4,3,44,1800.0,0,0,7,7,50,1,2.0,0
2019,10,SP,0,1,4,3,44,1202.0,0,0,2,9,28,0,2.0,0
2019,10,SP,0,1,4,4,44,1908.0,0,0,5,7,39,0,4.0,0
2019,2,SP,0,1,4,2,44,1630.0,0,0,7,7,32,0,8.0,0
2019,9,SP,0,1,4,4,44,2107.0,0,0,2,7,39,0,9.0,0
2018,4,SP,0,1,4,4,44,1524.0,0,0,1,8,34,0,8.0,0
2019,5,SP,0,1,4,9,40,18705.0,0,0,1,9,41,1,2.0,0
2019,11,SP,0,1,4,8,44,12807.0,0,0,7,8,61,1,2.0,0
2019,7,SP,0,1,4,4,44,1500.0,0,0,4,9,25,0,2.0,0
2018,5,SP,0,1,4,2,44,1298.0,0,0,3,7,23,0,8.0,0
2018,8,SP,0,1,4,1,36,1200.0,0,0,5,7,44,0,2.0,0
2018,9,SP,0,1,4,5,44,3569.0,0,0,7,7,29,0,2.0,0
2019,3,SP,0,1,4,7,44,1752.0,0,0,7,5,48,1,4.0,0
2019,1,SP,0,1,4,9,44,2008.0,0,0,5,4,45,1,8.0,0
2018,5,SP,0,1,4,8,36,977.0,0,0,4,7,33,0,2.0,0
2018,4,SP,0,1,4,6,44,1192.0,0,0,7,7,54,1,4.0,0
2018,7,SP,0,1,4,8,44,1697.0,0,0,4,7,37,0,8.0,0
2019,2,SP,0,1,4,3,44,1386.0,0,0,4,5,53,0,2.0,0
2019,8,SP,0,1,4,8,44,12500.0,0,0,2,9,36,0,2.0,0
2019,5,SP,0,1,4,2,44,1509.0,0,0,5,7,35,1,8.0,0
2019,11,SP,0,1,4,4,44,3570.0,0,0,4,7,31,0,4.0,0
2018,7,SP,0,1,4,3,44,1760.0,0,0,7,5,36,1,2.0,0
2018,8,SP,0,1,4,6,44,1150.0,0,0,7,7,26,1,8.0,0
2018,1,SP,0,1,4,3,44,1332.0,0,0,5,7,24,1,2.0,0
2019,10,SP,0,1,4,5,44,1442.0,0,0,8,7,28,1,8.0,0
2019,7,SP,0,1,4,8,44,1991.0,0,0,2,7,23,0,8.0,0
2018,2,SP,0,1,4,6,44,1110.0,0,0,5,7,23,1,8.0,0
2018,1,SP,0,1,4,2,44,1322.0,0,0,4,7,22,1,2.0,0
2018,6,SP,0,1,4,3,44,1335.0,0,0,7,7,34,0,8.0,0
2018,2,SP,0,1,4,2,44,2042.0,0,0,4,9,33,0,2.0,0
2018,4,SP,0,1,4,2,44,1148.0,0,0,4,7,41,0,2.0,0
2019,8,SP,0,1,4,4,44,1562.0,0,0,7,7,26,0,9.0,0
2019,11,SP,0,1,4,4,44,2264.0,0,0,5,8,33,1,2.0,0
2019,3,SP,0,1,4,4,44,2700.0,0,0,7,7,30,1,2.0,0
2019,5,SP,0,1,4,5,44,2224.0,0,0,4,8,33,1,2.0,0
2018,8,SP,0,1,4,6,44,1753.0,0,0,7,4,40,1,8.0,0
2018,7,SP,0,1,4,1,44,1838.0,0,0,2,8,43,1,2.0,0
2018,3,SP,0,1,4,1,40,1270.0,0,0,4,7,44,1,2.0,0
2018,3,SP,0,1,4,9,44,4911.0,0,0,5,7,25,1,2.0,0
2018,3,SP,0,1,4,1,44,1416.0,0,0,7,5,32,1,8.0,0
2019,8,SP,0,1,4,6,36,1348.0,0,0,5,7,29,1,9.0,0
2018,1,SP,0,1,4,4,44,2023.0,0,0,2,7,36,1,2.0,0
2018,6,SP,0,1,4,8,44,1729.0,0,0,3,9,51,0,2.0,0
2018,6,SP,0,1,4,2,44,1571.0,0,0,5,8,29,1,2.0,0
2019,7,SP,0,1,4,9,44,1547.0,0,0,5,7,38,1,8.0,0
2018,11,SP,0,1,4,5,44,1315.0,0,0,5,6,60,1,2.0,0
2018,3,SP,0,1,4,1,44,1286.0,0,0,5,5,55,0,2.0,0
2018,6,SP,0,1,4,6,44,1753.0,0,0,7,3,39,1,9.0,0
2018,9,SP,0,1,4,2,44,1264.0,0,0,5,5,33,0,4.0,0
2018,7,SP,0,1,4,6,40,10428.0,0,0,2,9,38,1,2.0,0
2018,4,SP,0,1,4,4,44,1134.0,0,0,5,5,25,1,8.0,0
2019,12,SP,0,1,4,5,44,1675.0,0,0,7,7,46,0,2.0,0
2019,6,SP,0,1,4,1,44,1160.0,0,0,5,4,30,0,2.0,0
2018,2,SP,0,1,4,2,44,1300.0,0,0,4,7,26,0,2.0,0
2018,3,SP,0,1,4,8,44,1703.0,0,0,5,7,35,1,8.0,0
2018,12,SP,0,1,4,9,44,1486.0,0,0,5,7,47,1,2.0,0
2018,2,SP,0,1,4,4,44,4455.0,0,0,4,9,36,1,9.0,0
2019,6,SP,0,1,4,4,44,1848.0,0,0,4,7,39,1,2.0,0
2019,5,SP,0,1,4,4,44,2068.0,0,0,5,7,40,0,2.0,0
2019,10,SP,0,1,4,4,44,1435.0,0,0,9,7,25,1,8.0,0
2018,10,SP,0,1,4,4,44,1385.0,0,0,5,3,42,1,2.0,0
2018,5,SP,0,1,4,8,44,1099.0,0,0,5,7,31,1,2.0,0
2018,10,SP,0,1,4,3,44,1794.0,0,0,7,7,55,1,2.0,0
2018,8,SP,0,1,4,6,44,1616.0,0,0,7,7,25,1,2.0,0
2018,6,SP,0,1,4,9,44,1213.0,0,0,5,5,55,0,2.0,0
2019,3,SP,0,1,4,5,44,1571.0,0,0,5,7,28,1,8.0,0
2019,5,SP,0,1,4,9,44,1193.0,0,0,5,6,49,1,8.0,0
2019,9,SP,0,1,4,1,44,30000.0,0,0,2,9,41,1,9.0,0
2019,1,SP,0,1,4,7,44,2096.0,0,0,9,7,32,1,8.0,0
2018,2,SP,0,1,4,9,44,1495.0,0,0,4,8,28,0,4.0,0
2018,3,SP,0,1,4,4,44,1723.0,0,0,7,7,42,1,8.0,0
2018,3,SP,0,1,4,9,44,1213.0,0,0,5,7,52,0,8.0,0
2019,11,SP,0,1,4,2,44,1369.0,0,0,4,7,22,0,2.0,0
2019,4,SP,0,1,4,4,44,2126.0,0,0,5,5,34,1,8.0,0
2019,3,SP,0,1,4,9,44,1722.0,0,0,3,7,29,1,8.0,0
2019,1,SP,0,1,4,8,44,1250.0,0,0,4,8,20,1,2.0,0
2018,5,SP,0,1,4,5,44,1416.0,0,0,7,2,26,1,8.0,0
2018,10,SP,0,1,4,1,44,4735.0,0,0,4,7,46,1,2.0,0
2018,9,SP,0,1,4,4,36,1176.0,0,0,7,5,28,1,2.0,0
2018,1,SP,0,1,4,3,44,2023.0,0,0,4,7,42,0,9.0,0
2018,1,SP,0,1,4,5,38,1296.0,0,0,5,5,65,1,9.0,0
2018,7,SP,0,1,4,6,44,477.0,0,0,7,2,32,1,8.0,0
2019,2,SP,0,1,4,3,44,2138.0,0,0,3,7,45,1,6.0,0
2019,6,SP,0,1,4,6,40,3062.0,0,0,2,9,40,0,4.0,0
2019,10,SP,0,1,5,9,44,1160.0,0,0,5,7,22,1,8.0,0
2019,1,SP,0,1,5,9,44,1547.0,0,0,5,6,28,1,2.0,0
2018,12,SP,0,1,5,5,44,1490.0,0,0,5,9,32,1,2.0,0
2019,3,SP,0,1,5,7,44,1160.0,0,0,5,5,29,0,2.0,0
2018,11,SP,0,1,5,1,44,1527.0,0,0,5,6,21,1,2.0,0
2019,1,SP,0,1,5,9,36,2329.0,0,0,3,7,38,0,8.0,0
2018,7,SP,0,1,5,3,44,1315.0,0,0,5,6,31,1,8.0,0
2019,8,SP,0,1,5,9,36,998.0,0,0,4,7,20,1,4.0,0
2018,4,SP,0,1,5,5,44,1345.0,0,0,4,7,20,1,8.0,0
2019,8,SP,0,1,5,9,44,1547.0,0,0,5,7,28,1,8.0,0
2018,6,SP,0,1,5,2,44,988.0,0,0,5,7,18,0,8.0,0
2018,12,SP,0,1,5,8,44,1110.0,0,0,5,6,42,0,8.0,0
2019,1,SP,0,1,5,9,20,665.0,1,0,4,4,14,0,8.0,0
2019,5,SP,0,1,5,8,44,1001.0,0,0,7,7,22,1,2.0,0
2018,1,SP,0,1,5,6,44,1177.0,0,0,4,7,38,0,2.0,0
2019,1,SP,0,1,5,4,44,1428.0,0,0,5,7,23,1,2.0,0
2019,12,SP,0,1,5,9,44,1232.0,0,0,5,5,37,1,2.0,0
2018,1,SP,0,1,5,6,44,1420.0,0,0,7,7,30,1,9.0,0
2018,5,SP,0,1,5,4,36,810.0,0,0,5,7,21,1,8.0,0
2018,12,SP,0,1,5,3,44,1396.0,0,0,5,7,22,0,8.0,0
2019,9,SP,0,1,5,6,44,1510.0,0,0,4,7,26,0,2.0,0
2018,11,SP,0,1,5,3,44,1315.0,0,0,5,6,28,1,2.0,0
2018,5,SP,0,1,5,1,44,1440.0,0,0,7,7,41,1,4.0,0
2019,5,SP,0,1,5,9,44,1092.0,0,0,3,7,38,0,2.0,0
2019,5,SP,0,1,5,5,36,966.0,0,0,4,7,19,0,4.0,0
2019,3,SP,0,1,5,3,44,1352.0,0,0,4,7,24,0,8.0,0
2018,1,SP,0,1,5,3,44,1239.0,0,0,5,7,21,0,2.0,0
2019,8,SP,0,1,5,9,42,2843.0,0,0,7,7,53,1,8.0,0
2018,5,SP,0,1,5,9,44,1110.0,0,0,5,7,36,0,8.0,0
2018,7,SP,0,1,5,8,44,1784.0,0,0,9,7,29,1,8.0,0
2018,12,SP,0,1,5,2,44,3440.0,0,0,4,7,34,0,2.0,0
2018,9,SP,0,1,5,8,44,1296.0,0,0,5,7,47,1,8.0,0
2018,7,SP,0,1,5,9,36,1122.0,0,0,4,7,32,0,8.0,0
2019,3,SP,0,1,5,5,44,1229.0,0,0,5,2,30,1,8.0,0
2019,2,SP,0,1,5,6,44,1396.0,0,1,5,4,36,1,9.0,0
2019,4,SP,0,1,5,1,44,1441.0,0,0,7,5,49,1,2.0,0
2018,4,SP,0,1,6,9,36,960.0,0,0,4,7,19,1,9.0,0
2019,7,SP,0,1,6,3,30,1150.0,0,0,5,7,20,0,2.0,0
2019,2,SP,0,1,6,3,44,1181.0,0,0,4,7,31,0,4.0,0
2018,7,SP,0,1,6,4,44,1600.0,0,0,5,5,37,0,9.0,0
2018,6,SP,0,1,6,5,20,826.0,0,0,5,7,28,0,8.0,0
2018,1,SP,0,1,6,9,44,2620.0,0,0,5,7,37,1,2.0,0
2018,2,SP,0,1,6,7,36,0.0,1,0,4,6,17,0,2.0,0
2019,5,SP,0,1,6,4,44,1283.0,0,0,5,7,32,0,8.0,0
2019,8,SP,0,1,6,3,44,1600.0,0,0,4,7,36,0,8.0,0
2019,7,SP,0,1,6,8,44,1513.0,0,0,7,7,30,1,4.0,0
2019,5,SP,0,1,6,9,44,1717.0,0,0,4,7,21,0,8.0,0
2018,5,SP,0,1,6,3,44,1349.0,0,0,7,7,28,1,2.0,0
2019,1,SP,0,1,6,4,40,4304.0,0,0,3,8,45,1,8.0,0
2019,1,SP,0,1,6,8,36,977.0,0,0,4,7,18,0,8.0,0
2019,8,SP,0,1,6,5,44,3000.0,0,0,1,9,29,0,2.0,0
2019,9,SP,0,1,6,1,44,3386.0,0,0,7,7,44,1,2.0,0
2018,7,SP,0,1,6,3,44,1079.0,0,0,5,5,56,0,2.0,0
2018,4,SP,0,1,6,8,44,1348.0,0,0,5,7,45,1,2.0,0
2018,5,SP,0,1,6,2,44,1256.0,0,0,5,7,30,1,4.0,0
2019,7,SP,0,1,6,3,44,1414.0,0,0,7,5,26,1,2.0,0
2019,8,SP,0,1,6,4,44,6098.0,0,0,2,9,32,1,8.0,0
2019,8,SP,0,1,6,8,36,1358.0,0,0,4,9,24,0,2.0,0
2018,6,SP,0,1,6,4,44,2089.0,0,0,5,8,41,1,8.0,0
2019,9,SP,0,1,6,9,30,7269.0,0,0,4,7,55,0,2.0,0
2019,3,SP,0,1,6,9,36,1016.0,0,0,4,7,21,0,2.0,0
2019,12,SP,0,1,6,9,40,1535.0,0,0,3,9,25,0,2.0,0
2019,7,SP,0,1,6,1,44,1334.0,0,0,5,7,20,1,8.0,0
2018,1,SP,0,1,6,4,44,3990.0,0,0,2,8,44,0,2.0,0
2018,9,SP,0,1,6,7,43,2604.0,0,0,4,8,22,1,2.0,0
2018,7,SP,0,1,6,1,44,1437.0,0,0,5,7,22,1,8.0,0
2019,7,SP,0,1,6,3,44,998.0,0,0,5,7,47,1,2.0,0
2019,11,SP,0,1,6,9,44,1232.0,0,0,3,7,34,1,2.0,0
2019,8,SP,0,1,6,5,40,6000.0,0,0,2,8,36,1,2.0,0
2018,11,SP,0,1,6,3,44,1100.0,0,0,5,5,38,0,2.0,0
2018,8,SP,0,1,6,1,44,1440.0,0,0,7,5,24,1,8.0,0
2018,6,SP,0,1,6,4,44,1750.0,0,0,3,8,30,1,6.0,0
2019,2,SP,0,1,6,9,30,1181.0,0,0,4,7,35,0,2.0,0
2019,5,SP,0,1,6,5,40,10097.0,0,0,2,9,28,1,2.0,0
2019,8,SP,0,1,6,3,44,1072.0,0,0,5,7,19,0,2.0,0
2019,8,SP,0,1,6,3,44,1688.0,0,0,5,9,31,1,2.0,0
2019,9,SP,0,1,6,5,44,1513.0,0,0,7,2,32,1,8.0,0
2019,12,SP,0,1,6,9,36,1097.0,0,0,4,7,18,0,2.0,0
2019,1,SP,0,1,6,6,36,2460.0,0,0,3,9,24,0,8.0,0
2018,8,SP,0,1,6,1,44,1616.0,0,0,5,5,45,1,2.0,0
2018,8,SP,0,1,6,3,44,12094.0,0,0,2,9,54,0,2.0,0
2018,8,SP,0,1,6,4,44,1500.0,0,0,4,7,21,1,2.0,0
2018,10,SP,0,1,6,7,36,869.0,0,0,5,6,23,1,2.0,0
2019,6,SP,0,1,6,7,44,7500.0,0,0,5,9,43,1,8.0,0
2019,4,SP,0,1,6,8,44,1857.0,0,0,4,8,20,0,2.0,0
2018,7,SP,0,1,6,6,44,1540.0,0,0,5,9,25,0,2.0,0
2018,11,SP,0,1,6,5,44,1273.0,0,0,7,2,55,1,8.0,0
2019,2,SP,0,1,6,6,44,1571.0,0,0,7,7,42,0,8.0,0
2018,7,SP,0,1,6,1,44,1345.0,0,0,5,7,31,0,4.0,0
2018,3,SP,0,1,6,1,44,1410.0,0,0,4,6,26,0,8.0,0
2018,8,SP,0,1,6,9,44,1486.0,0,0,5,7,27,1,2.0,0
2018,5,SP,0,1,6,6,44,1728.0,0,0,5,7,44,1,4.0,0
2019,10,SP,0,1,6,5,36,1361.0,0,0,3,7,46,0,2.0,0
2019,9,SP,0,1,6,2,44,1360.0,0,0,4,7,30,0,8.0,0
2019,6,SP,0,1,6,4,44,1850.0,0,0,1,7,33,0,4.0,0
2019,3,SP,0,1,6,4,44,1310.0,0,0,5,9,32,1,2.0,0
2018,9,SP,0,1,6,9,36,954.0,0,0,4,7,24,0,2.0,0
2018,12,SP,0,1,6,5,40,8600.0,0,0,2,9,27,0,2.0,0
2018,3,SP,0,1,6,3,44,1534.0,0,0,4,7,33,0,2.0,0
2019,10,SP,0,1,6,1,44,1537.0,0,0,7,7,38,1,2.0,0
2018,1,SP,0,1,6,5,44,1336.0,0,0,5,6,23,1,8.0,0
2018,1,SP,0,1,6,4,44,1078.0,0,0,5,6,48,0,2.0,0
2019,4,SP,0,1,6,8,36,1180.0,0,0,4,7,35,1,2.0,0
2019,2,SP,0,1,6,7,40,1200.0,0,0,2,9,26,0,2.0,0
2019,12,SP,0,1,6,6,40,1817.0,0,0,4,8,23,1,2.0,0
2019,1,SP,0,1,6,2,44,1365.0,0,0,7,7,27,1,2.0,0
2019,7,SP,0,1,6,3,44,2922.0,0,0,4,7,32,1,8.0,0
2018,10,SP,0,1,6,3,44,1561.0,0,0,4,7,43,1,2.0,0
2018,4,SP,0,1,6,4,44,1289.0,0,0,5,7,47,1,9.0,0
2018,6,SP,0,1,6,4,44,1332.0,0,0,8,6,41,1,8.0,0
2018,1,SP,0,1,6,8,44,1205.0,0,0,5,7,38,0,2.0,0
2018,4,SP,0,1,6,3,44,1708.0,0,0,7,7,33,1,4.0,0
2018,2,SP,0,1,6,7,36,935.0,0,0,4,7,37,0,8.0,0
2018,11,SP,0,1,6,4,40,4648.0,0,0,2,9,38,0,2.0,0
2018,10,SP,0,1,6,6,44,3500.0,0,0,2,9,36,0,2.0,0
2019,5,SP,0,1,6,6,44,1802.0,0,0,4,7,59,1,8.0,0
2018,9,SP,0,1,6,9,36,977.0,0,0,4,7,31,0,8.0,0
2019,5,SP,0,1,6,5,44,1800.0,0,0,8,7,32,1,2.0,0
2019,10,SP,0,1,6,8,36,998.0,0,0,4,7,23,0,2.0,0
2018,5,SP,0,1,6,5,44,1442.0,0,0,5,5,22,0,2.0,0
2018,11,SP,0,1,6,6,44,1110.0,0,0,5,7,41,0,2.0,0
2019,12,SP,0,1,6,6,44,3120.0,0,0,1,9,26,0,2.0,0
2019,7,SP,0,1,6,4,44,2597.0,0,0,4,8,43,0,2.0,0
2018,5,SP,0,1,6,5,44,1864.0,0,0,5,7,43,1,4.0,0
2018,12,SP,0,1,6,6,40,3588.0,0,0,2,9,28,0,9.0,0
2019,7,SP,0,1,6,4,40,3500.0,0,0,2,8,26,1,9.0,0
2018,10,SP,0,1,6,5,44,2350.0,0,0,5,8,45,1,2.0,0
2018,10,SP,0,1,6,1,44,1440.0,0,0,7,6,30,1,8.0,0
2019,5,SP,0,1,6,7,44,5042.0,0,0,4,7,26,1,9.0,0
2018,9,SP,0,1,6,7,36,1534.0,0,0,3,7,35,0,9.0,0
2019,4,SP,0,1,6,4,44,1409.0,0,0,5,9,39,1,8.0,0
2019,10,SP,0,1,6,7,44,1428.0,0,0,5,7,26,1,2.0,0
2018,5,SP,0,1,6,3,44,1345.0,0,0,5,7,30,1,2.0,0
2019,9,SP,0,1,6,3,44,3000.0,0,0,3,9,21,1,2.0,0
2018,10,SP,0,1,6,5,20,1126.0,0,0,5,6,18,0,2.0,0
2019,5,SP,0,1,6,3,40,3457.0,0,0,2,7,44,1,8.0,0
2019,1,SP,0,1,6,8,40,3409.0,0,0,2,9,52,0,8.0,0
2018,7,SP,0,1,6,2,42,1095.0,0,0,5,7,22,0,8.0,0
2018,7,SP,0,1,6,1,44,1500.0,0,0,5,9,33,1,2.0,0
2019,12,SP,0,1,6,9,44,1547.0,0,0,5,7,23,1,2.0,0
2019,10,SP,0,1,6,1,44,1589.0,0,0,5,5,58,1,2.0,0
2019,11,SP,0,1,6,1,44,2500.0,0,0,7,7,38,1,4.0,0
2018,6,SP,0,1,6,7,36,1455.0,0,0,3,7,36,0,2.0,0
2018,8,SP,0,1,6,1,44,1345.0,0,0,5,5,21,1,4.0,0
2018,2,SP,0,1,6,8,44,1110.0,0,0,5,7,46,0,2.0,0
2019,10,SP,0,1,6,4,44,1500.0,0,0,5,5,42,0,4.0,0
2019,5,SP,0,1,6,2,44,1347.0,0,0,5,8,23,0,4.0,0
2018,1,SP,0,1,6,4,44,1250.0,0,0,4,5,22,0,2.0,0
2018,2,SP,0,1,6,6,44,1800.0,0,0,4,7,19,0,8.0,0
2019,8,SP,0,1,6,2,44,1579.0,0,0,7,7,28,1,8.0,0
2019,8,SP,0,1,6,7,40,1507.0,0,0,5,8,34,1,8.0,0
2018,8,SP,0,1,6,7,44,1213.0,0,0,5,5,43,0,8.0,0
2019,5,SP,0,1,6,6,36,921.0,1,0,7,6,19,1,8.0,0
2019,6,SP,0,1,6,3,40,7500.0,0,0,2,9,43,1,2.0,0
2019,3,SP,0,1,6,1,40,11397.0,0,0,2,9,38,1,2.0,0
2019,4,SP,0,1,6,9,40,1303.0,0,0,5,8,25,1,9.0,0
2018,8,SP,0,1,6,3,44,2136.0,0,0,5,7,34,1,2.0,0
2018,12,SP,0,1,6,6,40,2000.0,0,0,2,9,20,0,9.0,0
2018,3,SP,0,1,6,3,44,1500.0,0,0,7,7,28,1,8.0,0
2019,8,SP,0,1,6,4,44,1340.0,0,0,5,7,20,0,2.0,0
2018,3,SP,0,1,6,9,44,1605.0,0,0,5,7,32,0,2.0,0
2019,4,SP,0,1,6,2,44,1665.0,0,0,5,7,25,0,2.0,0
2018,7,SP,0,1,6,1,44,1600.0,0,0,4,7,25,0,4.0,0
2018,8,SP,0,1,6,9,36,2192.0,0,0,3,7,51,1,2.0,0
2019,5,SP,0,1,6,2,44,1810.0,0,0,3,7,47,1,2.0,0
2019,5,SP,0,1,6,6,44,1527.0,0,0,5,7,34,0,8.0,0
2019,11,SP,0,1,6,8,36,998.0,0,0,4,7,21,0,8.0,0
2019,5,SP,0,1,6,2,44,1303.0,0,0,7,7,38,0,2.0,0
2019,2,SP,0,1,6,9,40,3300.0,0,0,2,9,27,1,2.0,0
2018,1,SP,0,1,6,6,44,1464.0,0,0,7,4,21,1,4.0,0
2018,5,SP,0,1,6,6,44,1349.0,0,0,5,5,38,1,2.0,0
2019,5,SP,0,1,6,6,40,2397.0,0,0,3,9,40,1,8.0,0
2019,2,SP,0,1,6,7,40,2857.0,0,0,3,7,27,0,4.0,0
2018,5,SP,0,1,6,8,40,4796.0,0,0,2,9,31,0,2.0,0
2019,11,SP,0,1,6,2,44,5641.0,0,0,3,9,34,0,9.0,0
2019,5,SP,0,1,6,5,44,1438.0,0,0,5,7,38,1,8.0,0
2018,4,SP,0,1,6,2,44,1345.0,0,0,5,7,35,1,9.0,0
2019,9,SP,0,1,6,5,20,861.0,0,0,5,6,20,0,8.0,0
2018,4,SP,0,1,6,6,44,1137.0,0,0,5,5,31,0,8.0,0
2018,3,SP,0,1,6,4,44,2698.0,0,0,9,7,55,1,8.0,0
2019,2,SP,0,1,6,9,40,5225.0,0,0,2,8,29,1,8.0,0
2018,1,SP,0,1,6,8,44,1078.0,0,0,5,7,43,0,2.0,0
2018,11,SP,0,1,6,9,44,1036.0,0,0,5,6,39,1,8.0,0
2019,7,SP,0,1,6,3,20,576.0,0,0,2,9,33,0,2.0,0
2019,5,SP,0,1,6,9,44,1152.0,0,0,4,7,27,1,2.0,0
2019,8,SP,0,1,6,4,44,1420.0,0,0,5,7,33,0,8.0,0
2018,10,SP,0,1,6,4,36,1198.0,0,0,3,7,35,0,9.0,0
2018,5,SP,0,1,6,9,44,5372.0,0,0,2,9,29,0,2.0,0
2018,12,SP,0,1,6,3,44,1437.0,0,0,5,7,22,1,8.0,0
2019,2,SP,0,1,6,2,44,3140.0,0,0,2,9,44,0,2.0,0
2019,11,SP,0,1,6,8,44,11032.0,0,0,1,9,46,0,2.0,0
2019,9,SP,0,1,6,5,42,1195.0,0,0,3,7,37,0,8.0,0
2019,8,SP,0,1,6,3,44,1295.0,0,0,5,7,23,0,2.0,0
2019,2,SP,0,1,6,3,44,1410.0,0,0,5,7,27,0,4.0,0
2018,10,SP,0,1,6,8,40,6000.0,0,0,2,9,28,1,2.0,0
2019,9,SP,0,1,6,9,44,1160.0,0,0,5,7,44,0,8.0,0
2019,8,SP,0,1,6,9,44,1300.0,0,0,9,7,51,0,2.0,0
2018,5,SP,0,1,6,6,40,9066.0,0,0,2,9,29,1,8.0,0
2018,7,SP,0,1,6,2,44,1345.0,0,0,5,7,26,0,8.0,0
2018,4,SP,0,1,6,2,36,977.0,0,0,4,7,32,1,2.0,0
2019,5,SP,0,1,6,1,44,1200.0,0,0,5,7,25,1,2.0,0
2019,1,SP,0,1,6,2,31,1698.0,0,0,2,9,21,0,2.0,0
2018,10,SP,0,1,6,4,44,1450.0,0,0,7,7,43,0,2.0,0
2018,8,SP,0,1,6,4,44,1100.0,0,0,7,7,18,1,9.0,0
2018,7,SP,0,1,6,1,44,1400.0,0,0,5,8,19,1,2.0,0
2019,10,SP,0,1,6,3,44,1049.0,0,0,3,7,18,1,9.0,0
2018,3,SP,0,1,6,9,40,2600.0,0,1,4,8,29,1,2.0,0
2018,2,SP,0,1,6,3,44,1345.0,0,0,5,8,28,0,2.0,0
2018,8,SP,0,1,6,5,44,1109.0,0,0,4,7,33,1,2.0,0
2019,9,SP,0,1,6,1,44,1730.0,0,0,7,7,45,0,2.0,0
2018,7,SP,0,1,6,5,42,1146.0,0,0,3,7,52,0,2.0,0
2018,3,SP,0,1,6,2,44,1808.0,0,0,1,7,47,1,2.0,0
2018,3,SP,0,1,6,5,44,1030.0,0,0,5,7,19,1,2.0,0
2019,1,SP,0,1,6,4,36,824.0,0,0,5,7,19,0,8.0,0
2018,3,SP,0,1,6,4,44,1346.0,0,0,5,7,21,0,4.0,0
2018,12,SP,0,1,6,4,44,1906.0,0,0,8,4,25,1,8.0,0
2018,4,SP,0,3,6,1,44,1146.0,0,0,3,7,54,0,8.0,0
2019,4,SP,0,1,6,2,39,1437.0,0,0,5,7,45,1,8.0,0
2019,2,SP,0,1,6,4,44,1409.0,0,0,5,6,31,1,8.0,0
2019,11,SP,0,1,6,6,44,1799.0,0,0,4,8,26,0,2.0,0
2018,12,SP,0,1,6,1,36,1500.0,0,0,4,7,21,0,2.0,0
2018,3,SP,0,1,6,2,44,1278.0,0,0,5,7,32,0,8.0,0
2019,1,SP,0,1,6,4,44,1440.0,0,0,7,7,19,1,8.0,0
2019,8,SP,0,1,6,9,24,8237.0,0,0,2,9,39,1,2.0,0
2018,7,SP,0,1,6,4,40,1700.0,0,0,3,9,41,1,9.0,0
2019,2,SP,0,1,6,8,44,2502.0,0,0,5,8,45,1,2.0,0
2019,5,SP,0,1,6,5,44,1317.0,0,0,5,7,24,1,2.0,0
2018,10,SP,0,1,6,4,44,1752.0,0,0,7,4,47,1,8.0,0
2019,8,SP,0,1,6,4,36,1990.0,0,0,3,7,41,0,9.0,0
2019,4,SP,0,1,6,1,44,1315.0,0,0,4,8,22,0,2.0,0
2019,3,SP,0,1,6,4,44,5007.0,0,0,4,7,25,0,2.0,0
2018,4,SP,0,1,6,9,44,1250.0,0,0,3,9,23,1,8.0,0
2019,1,SP,0,1,6,4,44,1396.0,0,0,5,7,20,1,2.0,0
2018,9,SP,0,1,6,9,44,1470.0,0,0,5,7,20,1,8.0,0
2018,3,SP,0,3,6,2,44,1512.0,0,0,6,5,51,1,2.0,0
2018,4,SP,0,1,6,6,40,3374.0,0,0,2,8,25,0,2.0,0
2019,6,SP,0,1,6,8,44,1496.0,0,0,3,7,31,0,8.0,0
2019,1,SP,0,1,6,6,36,1024.0,1,0,4,7,19,1,2.0,0
2019,9,SP,0,1,6,4,44,1405.0,0,0,7,7,20,1,8.0,0
2018,9,SP,0,1,6,9,40,2791.0,0,0,2,7,34,1,8.0,0
2018,12,SP,0,1,6,4,44,1348.0,0,0,5,7,22,1,8.0,0
2018,3,SP,0,1,6,8,44,1093.0,0,0,4,5,45,1,8.0,0
2018,1,SP,0,1,6,5,32,702.0,0,0,4,6,18,1,8.0,0
2018,2,SP,0,1,6,5,44,1356.0,0,0,5,4,22,1,8.0,0
2019,9,SP,0,1,6,6,44,1395.0,0,0,5,7,35,0,2.0,0
2018,9,SP,0,1,6,9,36,3703.0,0,0,3,7,37,0,2.0,0
2019,6,SP,0,1,6,7,44,1934.0,0,0,4,7,22,1,8.0,0
2019,9,SP,0,1,6,2,36,1405.0,0,0,5,7,26,1,8.0,0
2018,9,SP,0,1,6,4,36,1000.0,0,0,4,8,35,0,2.0,0
2018,11,SP,0,1,6,5,40,3532.0,0,0,2,8,26,0,2.0,0
2019,11,SP,0,1,6,8,44,1186.0,0,0,5,7,30,1,4.0,0
2019,5,SP,0,1,6,3,44,1153.0,0,0,8,7,22,1,4.0,0
2019,10,SP,0,1,6,6,24,7494.0,0,0,2,9,38,0,2.0,0
2018,2,SP,0,1,6,3,44,1336.0,0,0,5,7,23,1,2.0,0
2018,4,SP,0,1,6,5,44,5015.0,0,0,4,9,29,1,2.0,0
2018,1,SP,0,1,6,7,44,1101.0,0,0,5,2,31,0,9.0,0
2018,3,SP,0,1,6,8,44,1076.0,0,0,5,7,29,0,8.0,0
2019,3,SP,0,1,6,8,44,1252.0,0,0,5,7,32,1,2.0,0
2019,8,SP,0,1,6,3,44,1396.0,0,0,5,7,26,1,4.0,0
2019,12,SP,0,1,6,1,44,1415.0,0,0,5,7,41,0,8.0,0
2019,6,SP,0,1,6,9,44,1263.0,0,0,5,5,40,0,2.0,0
2018,12,SP,0,1,6,5,40,2512.0,0,0,2,9,37,1,8.0,0
2018,11,SP,0,1,6,5,44,23934.0,0,0,1,9,33,1,2.0,0
2018,9,SP,0,1,6,1,40,1136.0,0,0,5,4,36,0,2.0,0
2018,9,SP,0,1,6,8,44,5000.0,0,0,3,9,29,1,8.0,0
2019,9,SP,0,1,6,8,36,1400.0,0,0,4,9,29,0,2.0,0
2019,1,SP,0,1,6,5,44,9178.0,0,0,2,9,29,1,9.0,0
2018,10,SP,0,1,6,1,44,1300.0,0,0,5,7,26,1,2.0,0
2018,10,SP,0,1,6,1,44,1396.0,0,0,5,7,21,1,2.0,0
2018,12,SP,0,1,6,1,40,1714.0,0,0,2,9,34,0,2.0,0
2019,11,SP,0,1,6,9,40,5687.0,0,0,3,9,24,1,8.0,0
2019,3,SP,0,1,6,5,44,1752.0,0,0,7,7,51,1,2.0,0
2019,10,SP,0,1,6,7,44,5556.0,0,0,1,9,34,0,8.0,0
2018,9,SP,0,1,6,4,40,1528.0,0,0,5,4,54,1,8.0,0
2019,12,SP,0,1,6,9,44,1218.0,0,0,5,4,32,0,8.0,0
2019,9,SP,0,1,6,7,20,469.0,1,0,4,6,18,0,2.0,0
2018,7,SP,0,1,6,6,36,970.0,0,0,4,7,23,0,8.0,0
2019,9,SP,0,1,6,9,40,4395.0,0,0,4,9,32,1,2.0,0
2018,10,SP,0,1,6,2,44,2500.0,0,0,4,9,31,1,8.0,0
2019,2,SP,0,1,6,9,44,1278.0,0,0,5,5,32,1,8.0,0
2019,6,SP,0,1,6,5,43,1200.0,0,0,5,7,32,0,2.0,0
2019,7,SP,0,1,6,7,40,1600.0,0,0,5,7,27,1,8.0,0
2018,1,SP,0,1,6,1,40,2700.0,0,0,4,9,32,0,2.0,0
2018,7,SP,0,1,6,5,20,801.0,0,0,5,5,19,1,4.0,0
2018,4,SP,0,1,6,1,44,1115.0,0,0,7,7,30,0,2.0,0
2018,11,SP,0,1,6,1,44,1434.0,0,0,2,9,29,1,2.0,0
2018,10,SP,0,1,6,9,44,1348.0,0,0,5,7,48,1,2.0,0
2019,11,SP,0,1,6,9,44,12931.0,0,0,1,9,32,1,8.0,0
2019,6,SP,0,1,6,1,44,3000.0,0,0,3,9,32,1,2.0,0
2018,8,SP,0,1,6,3,44,1530.0,0,0,5,7,31,1,2.0,0
2018,5,SP,0,1,6,6,36,3721.0,0,0,2,9,25,0,8.0,0
2018,3,SP,0,1,6,1,44,1322.0,0,0,9,5,36,1,2.0,0
2018,4,SP,0,1,6,1,44,1470.0,0,0,5,7,29,0,2.0,0
2018,2,SP,0,1,6,5,20,801.0,0,0,5,7,19,1,8.0,0
2018,2,SP,0,1,6,8,44,3210.0,0,0,2,9,38,0,2.0,0
2019,8,SP,0,1,6,2,44,1688.0,0,0,5,9,33,1,2.0,0
2019,4,SP,0,1,6,6,20,844.0,0,0,5,7,19,1,8.0,0
2018,12,SP,0,1,6,6,40,9636.0,0,0,1,9,31,1,2.0,0
2019,6,SP,0,1,6,4,40,1259.0,0,0,5,7,45,0,2.0,0
2019,4,SP,0,1,6,6,20,566.0,1,0,4,7,17,0,9.0,0
2018,3,SP,0,1,6,9,44,1776.0,0,0,4,7,25,0,2.0,0
2019,11,SP,0,1,6,9,36,1120.0,0,0,4,7,20,0,4.0,0
2019,11,SP,0,1,6,9,40,1842.0,0,0,2,8,27,1,2.0,0
2019,9,SP,0,1,6,4,44,1408.0,0,0,5,7,22,0,2.0,0
2019,2,SP,0,1,6,9,44,1213.0,0,0,5,4,49,0,2.0,0
2019,5,SP,0,1,6,1,44,1530.0,0,0,5,5,31,1,8.0,0
2019,2,SP,0,1,6,5,44,4326.0,0,0,2,9,30,0,2.0,0
2018,11,SP,0,1,6,9,36,977.0,0,0,4,7,31,0,8.0,0
2019,9,SP,0,1,6,2,44,1347.0,0,0,4,9,30,1,2.0,0
2019,5,SP,0,1,6,9,44,2703.0,0,0,4,9,36,1,8.0,0
2018,10,SP,0,1,6,7,44,1449.0,0,0,5,7,44,1,8.0,0
2019,1,SP,0,1,6,2,44,1165.0,0,0,3,7,22,0,9.0,0
2018,3,SP,0,1,6,9,44,5458.0,0,0,2,9,27,0,6.0,0
2018,3,SP,0,1,6,1,44,1346.0,0,0,5,7,18,0,4.0,0
2019,10,SP,0,1,6,2,44,1300.0,0,0,5,7,47,0,2.0,0
2019,8,SP,0,1,6,8,30,748.0,1,0,4,7,19,1,2.0,0
2018,10,SP,0,1,6,4,40,2400.0,0,0,2,9,34,0,2.0,0
2019,9,SP,0,1,6,5,38,879.0,0,0,5,7,20,0,2.0,0
2019,1,SP,0,1,6,7,40,2318.0,0,0,2,9,33,1,8.0,0
2018,9,SP,0,1,6,9,30,1181.0,0,0,4,7,52,0,2.0,0
2019,5,SP,0,1,6,8,36,1650.0,0,0,4,7,25,0,8.0,0
2018,3,SP,0,1,6,9,36,957.0,0,0,4,7,20,0,8.0,0
2018,11,SP,0,1,6,1,44,2283.0,0,0,5,6,24,0,9.0,0
2019,12,SP,0,1,6,9,40,17712.0,0,0,2,9,34,1,2.0,0
2018,8,SP,0,1,6,4,44,1295.0,0,0,4,7,24,1,8.0,0
2019,3,SP,0,1,6,8,36,985.0,0,0,4,9,37,0,2.0,0
2019,8,SP,0,1,6,9,30,831.0,0,0,4,7,19,1,8.0,0
2018,2,SP,0,1,6,9,30,2732.0,0,0,2,9,33,0,2.0,0
2019,4,SP,0,1,6,3,44,2037.0,0,0,4,7,24,1,2.0,0
2018,10,SP,0,1,6,1,44,5000.0,0,0,1,9,25,1,2.0,0
2019,10,SP,0,1,6,6,44,3613.0,0,0,2,9,31,0,2.0,0
2019,12,SP,0,1,6,8,36,998.0,0,0,4,7,19,0,8.0,0
2019,5,SP,0,1,6,6,40,7000.0,0,0,2,9,38,1,2.0,0
2018,7,SP,0,1,6,6,44,1177.0,0,0,4,7,19,0,8.0,0
2018,1,SP,0,1,6,6,36,1899.0,0,0,5,7,34,1,8.0,0
2018,3,SP,0,1,6,3,44,1322.0,0,0,7,7,18,1,9.0,0
2019,10,SP,0,1,6,8,36,998.0,0,0,4,7,23,0,2.0,0
2018,5,SP,0,1,6,9,36,3784.0,0,0,4,7,33,0,2.0,0
2018,8,SP,0,1,6,6,44,6400.0,0,0,2,9,25,1,2.0,0
2019,3,SP,0,1,6,8,36,998.0,0,0,4,7,20,1,8.0,0
2018,6,SP,0,1,6,9,36,2115.0,0,0,3,7,33,0,2.0,0
2018,1,SP,0,1,6,4,44,1474.0,0,0,4,7,28,0,8.0,0
2018,9,SP,0,1,6,3,44,1553.0,0,0,4,7,21,0,2.0,0
2018,9,SP,0,1,6,9,44,1184.0,0,0,5,2,29,1,2.0,0
2019,10,SP,0,1,6,9,36,1016.0,0,0,4,7,24,0,8.0,0
2018,6,SP,0,1,6,9,40,1041.0,0,0,5,8,22,1,8.0,0
2018,1,SP,0,1,6,7,44,1336.0,0,0,5,7,21,1,8.0,0
2019,11,SP,0,1,6,6,44,2500.0,0,0,4,9,31,1,2.0,0
2018,9,SP,0,1,6,9,36,977.0,0,0,4,7,31,0,8.0,0
2018,5,SP,0,1,6,9,44,1213.0,0,0,5,7,54,0,8.0,0
2019,10,SP,0,1,6,9,44,1348.0,0,0,5,7,24,1,2.0,0
2018,3,SP,0,1,8,4,44,1601.0,0,0,7,3,43,1,2.0,0
2018,4,SP,0,1,8,1,44,1350.0,0,0,5,7,43,0,2.0,0
2018,4,SP,0,1,8,9,44,1217.0,0,0,5,4,48,0,8.0,0
2018,9,SP,1,1,10,9,44,1301.0,0,0,5,5,29,1,8.0,1
2018,9,SP,0,1,11,1,44,1752.0,0,0,7,4,30,1,8.0,0
2018,9,SP,0,1,11,9,44,1225.0,0,0,5,7,22,0,8.0,0
2019,5,SP,0,1,11,3,30,1013.0,1,0,1,7,19,0,2.0,0
2018,6,SP,0,1,11,5,44,1256.0,0,0,5,5,27,1,8.0,0
2018,6,SP,0,1,11,4,44,1752.0,0,0,7,7,55,1,8.0,0
2019,9,SP,0,1,11,7,44,1348.0,0,0,5,7,30,1,8.0,0
2018,3,SP,0,1,11,4,44,1203.0,0,0,5,7,29,0,2.0,0
2019,5,SP,0,1,11,1,44,1300.0,0,0,4,7,37,0,2.0,0
2018,12,SP,0,1,11,2,44,1683.0,0,0,5,7,21,1,9.0,0
2019,3,SP,0,1,11,3,44,1140.0,0,0,4,6,29,0,8.0,0
2019,2,SP,0,1,11,9,40,9684.0,0,0,2,9,27,0,2.0,0
2018,6,SP,0,1,11,4,44,1752.0,0,0,7,7,55,1,8.0,0
2018,9,SP,0,1,11,5,44,1336.0,0,0,5,7,24,0,9.0,0
2018,5,SP,0,1,11,3,44,1110.0,0,1,5,7,28,0,8.0,0
2018,8,SP,0,1,11,4,44,1437.0,0,0,5,7,36,1,2.0,0
2018,10,SP,0,1,11,7,20,434.0,1,0,4,6,20,0,4.0,0
2018,11,SP,0,1,11,7,44,1441.0,0,0,7,7,30,1,2.0,0
2018,10,SP,0,1,11,7,44,1441.0,0,0,5,8,35,1,4.0,0
2019,5,SP,0,1,11,6,26,590.0,1,0,7,6,18,0,2.0,0
2019,5,SP,0,1,11,1,44,1200.0,0,0,5,7,24,1,8.0,0
2018,5,SP,0,1,11,5,44,1358.0,0,0,5,7,24,1,2.0,0
2019,3,SP,0,1,11,2,44,1500.0,0,0,7,5,24,1,9.0,0
2019,9,SP,0,1,11,4,44,1405.0,0,0,4,6,19,0,2.0,0
2019,2,SP,0,1,11,7,36,793.0,1,0,4,6,17,0,8.0,0
2018,12,SP,0,1,11,4,44,477.0,0,0,5,8,29,1,8.0,0
2018,12,SP,0,1,11,4,44,1405.0,0,0,5,7,18,1,8.0,0
2018,11,SP,0,1,11,3,44,2677.0,0,0,7,5,34,1,2.0,0
2018,1,SP,0,1,11,6,44,1056.0,0,0,5,7,28,0,2.0,0
2019,5,SP,0,1,11,6,26,590.0,1,0,7,6,18,0,2.0,0
2018,6,SP,0,1,11,9,44,1113.0,0,0,5,7,29,1,8.0,0
2018,5,SP,0,1,11,1,44,1439.0,0,0,5,7,55,1,8.0,0
2019,3,SP,0,1,11,5,44,1414.0,0,0,7,6,21,1,8.0,0
2018,5,SP,0,1,11,1,44,2000.0,0,0,3,9,34,0,2.0,0
2018,6,SP,0,1,11,3,36,1108.0,0,0,5,7,28,1,2.0,0
2018,9,SP,0,1,11,1,44,1345.0,0,0,4,7,21,0,2.0,0
2018,12,SP,0,1,11,5,44,1538.0,0,0,4,7,30,1,8.0,0
2019,10,SP,0,1,11,3,44,1630.0,0,0,5,5,36,1,4.0,0
2019,8,SP,0,1,11,8,44,1596.0,0,0,5,7,26,1,2.0,0
2019,1,SP,0,1,11,3,44,1405.0,0,0,5,6,24,1,2.0,0
2018,11,SP,0,1,11,1,44,1110.0,0,0,5,3,39,1,8.0,0
2018,8,SP,0,1,11,2,44,1300.0,0,0,4,7,26,0,8.0,0
2019,11,SP,0,1,11,5,30,1224.0,0,0,5,7,43,0,2.0,0
2019,8,SP,0,1,11,9,44,1409.0,0,0,5,7,44,1,8.0,0
2018,7,SP,0,1,11,1,44,954.0,0,0,5,6,19,0,8.0,0
2019,11,SP,0,1,11,9,40,2000.0,0,0,3,7,25,1,2.0,0
2019,4,SP,0,1,11,4,44,1405.0,0,0,5,7,44,0,2.0,0
2019,10,SP,0,1,11,4,43,1218.0,0,0,4,7,40,0,2.0,0
2018,10,SP,0,1,11,1,44,1491.0,0,0,5,7,49,1,2.0,0
2019,12,SP,0,1,11,2,44,1262.0,0,0,5,7,22,1,8.0,0
2018,1,SP,0,1,11,1,44,1322.0,0,0,5,7,26,0,2.0,0
2018,6,SP,0,1,11,4,44,1289.0,0,0,5,5,34,0,4.0,0
2019,8,SP,0,1,11,1,44,1409.0,0,0,5,7,29,1,8.0,0
2018,8,SP,0,1,11,7,30,755.0,1,0,5,7,19,0,8.0,0
2018,1,SP,0,1,11,9,36,1103.0,0,0,4,7,24,0,8.0,0
2018,5,SP,0,1,11,3,36,1036.0,0,0,4,7,24,0,9.0,0
2019,10,SP,0,1,11,9,36,1400.0,0,0,4,7,19,0,8.0,0
2019,9,SP,0,1,11,1,44,1163.0,0,0,7,7,41,1,8.0,0
2019,2,SP,0,1,11,2,36,1000.0,0,0,5,7,19,0,2.0,0
2018,12,SP,0,1,11,1,44,1000.0,0,0,5,6,28,1,8.0,0
2018,2,SP,0,1,11,9,44,1087.0,0,0,5,4,29,0,2.0,0
2018,7,SP,0,1,11,4,44,1120.0,0,0,5,7,18,1,2.0,0
2019,12,SP,0,1,11,4,30,957.0,1,0,4,7,17,1,2.0,0
2019,8,SP,0,1,11,4,44,1440.0,0,0,5,7,35,0,2.0,0
2019,2,SP,0,1,11,2,44,1370.0,0,0,5,6,24,0,2.0,0
2019,4,SP,0,1,11,3,40,1795.0,0,0,3,9,36,0,2.0,0
2019,5,SP,0,1,11,6,26,590.0,1,0,7,6,18,0,2.0,0
2019,3,SP,0,1,11,4,40,1173.0,0,0,5,7,25,0,8.0,0
2019,7,SP,0,1,11,1,44,1275.0,0,0,7,6,21,0,4.0,0
2018,4,SP,0,1,11,2,44,1345.0,0,0,5,7,20,0,2.0,0
2018,5,SP,0,1,11,3,44,1336.0,0,0,5,7,19,1,8.0,0
2019,12,SP,0,1,11,1,44,1500.0,0,0,5,7,30,0,1.0,0
2019,12,SP,0,1,11,8,30,1266.0,1,0,4,6,17,1,9.0,0
2019,12,SP,0,1,11,4,44,1361.0,0,0,7,7,43,0,2.0,0
2018,9,SP,0,1,11,4,44,3500.0,0,0,2,9,34,0,2.0,0
2018,5,SP,0,1,11,2,44,2000.0,0,0,4,9,30,0,2.0,0
2018,12,SP,0,1,11,4,28,4386.0,0,0,2,9,32,0,2.0,0
2018,12,SP,0,1,11,7,44,3350.0,0,0,2,9,31,1,2.0,0
2019,7,SP,0,1,11,9,36,1010.0,0,0,4,7,18,0,2.0,0
2018,8,SP,0,1,11,1,44,1106.0,0,0,7,7,28,1,8.0,0
2019,7,SP,0,1,11,2,44,1227.0,0,0,4,8,19,0,9.0,0
2019,1,SP,0,1,11,5,44,998.0,0,0,7,5,23,1,9.0,0
2019,3,SP,0,1,11,9,36,1045.0,0,0,4,7,22,1,8.0,0
2019,5,SP,0,1,11,5,32,836.0,1,0,4,7,20,0,9.0,0
2019,11,SP,0,1,11,8,40,2000.0,0,0,2,9,30,1,6.0,0
2018,5,SP,0,1,11,2,44,1351.0,0,0,5,7,35,1,2.0,0
2019,9,SP,0,1,11,1,44,1599.0,0,0,2,6,47,1,2.0,0
2018,3,SP,0,1,11,2,44,1500.0,0,0,4,7,21,0,2.0,0
2018,6,SP,0,1,11,9,44,1113.0,0,0,5,7,29,1,8.0,0
2019,8,SP,0,1,11,9,44,1124.0,0,0,5,5,49,0,8.0,0
2019,7,SP,0,1,11,7,20,665.0,1,0,4,7,18,0,4.0,0
2018,11,SP,0,1,11,9,44,1850.0,0,0,9,7,25,1,2.0,0
2019,6,SP,0,1,11,3,44,1650.0,0,0,5,7,37,0,9.0,0
2018,4,SP,0,1,11,9,44,1139.0,0,0,7,7,32,1,8.0,0
2019,7,SP,0,1,11,9,36,3452.0,0,0,3,7,46,1,8.0,0
2019,9,SP,0,1,11,4,44,1205.0,0,0,5,7,33,1,8.0,0
2019,2,SP,0,1,11,5,44,1357.0,0,0,5,7,31,1,8.0,0
2019,6,SP,0,1,11,9,36,2699.0,0,0,3,7,31,0,8.0,0
2019,3,SP,0,1,11,9,44,1325.0,0,0,6,5,41,1,2.0,0
2018,7,SP,0,1,11,7,44,1144.0,0,0,6,7,37,1,9.0,0
2018,3,SP,0,1,11,3,44,1514.0,0,0,4,7,29,0,2.0,0
2019,8,SP,0,1,11,1,44,1336.0,0,0,4,7,23,0,2.0,0
2018,10,SP,0,1,11,1,44,1334.0,0,0,5,7,28,0,4.0,0
2018,10,SP,0,1,11,4,44,1338.0,0,0,5,7,27,0,2.0,0
2019,1,SP,0,1,11,5,44,2025.0,0,0,7,5,47,1,2.0,0
2018,9,SP,0,1,11,1,44,1445.0,0,0,5,7,39,1,2.0,0
2019,12,SP,0,1,11,1,36,1135.0,0,0,5,7,21,0,9.0,0
2018,11,SP,0,1,11,9,36,1004.0,0,0,4,7,24,0,2.0,0
2019,11,SP,0,1,11,2,44,1841.0,0,0,7,4,40,1,2.0,0
2018,9,SP,0,1,11,5,44,1700.0,0,0,3,7,32,1,9.0,0
2018,2,SP,0,1,11,7,44,1722.0,0,0,7,5,27,1,8.0,0
2019,7,SP,0,1,11,6,44,1396.0,0,0,8,5,43,1,8.0,0
2019,5,SP,0,1,11,6,36,1016.0,0,0,4,7,42,0,8.0,0
2019,9,SP,0,1,11,6,30,819.0,1,0,4,8,20,1,2.0,0
2019,7,SP,0,1,11,9,36,1010.0,0,0,4,7,18,0,2.0,0
2019,5,SP,0,1,11,6,26,590.0,1,0,7,6,18,0,2.0,0
2019,1,SP,0,1,11,4,44,1345.0,0,0,4,7,21,1,2.0,0
2018,5,SP,0,1,11,5,44,4000.0,0,0,2,9,53,0,8.0,0
2019,4,SP,0,1,11,9,40,1108.0,0,0,5,7,27,1,8.0,0
2019,9,SP,0,1,11,2,44,1533.0,0,0,5,8,29,1,2.0,0
2019,6,SP,0,1,11,2,44,1200.0,0,0,5,7,31,0,2.0,0
2018,1,SP,0,1,11,9,36,2372.0,0,0,3,7,41,0,2.0,0
2019,11,SP,0,1,11,5,44,1500.0,0,0,5,7,36,1,2.0,0
2019,3,SP,0,1,11,2,44,1405.0,0,0,5,7,28,0,8.0,0
2018,7,SP,0,1,11,9,36,1190.0,0,0,4,7,25,0,8.0,0
2018,1,SP,0,1,11,9,40,9498.0,0,0,3,9,32,1,2.0,0
2018,5,SP,0,1,11,8,36,977.0,0,0,4,7,42,0,8.0,0
2019,12,SP,0,1,11,2,22,784.0,0,0,5,7,26,0,2.0,0
2019,4,SP,0,1,11,6,44,2002.0,0,0,7,6,47,1,8.0,0
2019,10,SP,0,1,11,1,44,1841.0,0,0,7,7,64,1,9.0,0
2019,3,SP,0,1,11,1,44,1250.0,0,0,7,6,22,1,2.0,0
2018,12,SP,0,1,11,5,44,1300.0,0,0,4,7,55,1,2.0,0
2018,10,SP,0,1,11,2,44,1256.0,0,0,9,7,38,1,9.0,0
2018,10,SP,0,1,11,4,44,1405.0,0,0,5,7,19,1,8.0,0
2018,5,SP,0,1,11,8,36,977.0,0,0,4,7,42,0,8.0,0
2018,8,SP,0,1,11,9,44,1110.0,0,0,5,4,42,0,2.0,0
2019,2,SP,0,1,11,9,44,1083.0,0,0,5,5,36,1,2.0,0
2019,7,SP,0,1,11,5,44,1391.0,0,0,5,7,19,1,8.0,0
2019,8,SP,0,1,11,6,40,19800.0,0,0,2,7,26,1,2.0,0
2019,2,SP,1,1,25,3,24,1260.0,0,0,2,9,25,0,4.0,1
2018,4,SP,1,1,25,9,30,1108.0,1,0,4,8,18,1,2.0,1
2019,10,SP,1,1,25,9,36,1045.0,0,0,4,7,23,1,8.0,1
2018,9,SP,1,1,25,8,44,4700.0,0,0,2,9,29,0,2.0,1
2018,2,SP,1,1,25,7,40,2489.0,0,0,2,9,36,0,2.0,1
2018,11,SP,1,1,25,1,44,997.0,0,0,6,6,28,1,8.0,1
2019,1,SP,1,1,25,8,44,1775.0,0,0,7,7,50,0,8.0,1
2019,7,SP,1,1,25,9,44,1348.0,0,0,5,5,77,1,9.0,1
2018,6,SP,1,1,25,1,44,1379.0,0,0,5,8,33,0,2.0,1
2019,1,SP,1,1,25,8,44,1547.0,0,0,5,7,49,1,8.0,1
2018,3,SP,1,1,25,9,44,1349.0,0,0,5,7,33,0,8.0,1
2018,4,SP,1,1,25,6,44,4600.0,0,0,2,9,27,1,8.0,1
2018,6,SP,1,1,25,9,44,2208.0,0,0,7,7,64,1,2.0,1
2019,7,SP,1,1,25,6,44,1427.0,0,0,5,7,25,0,2.0,1
2018,9,SP,1,1,25,8,40,4500.0,0,0,3,9,21,1,2.0,1
2019,6,SP,1,1,25,7,44,2761.0,0,0,7,7,31,1,8.0,1
2018,10,SP,1,1,25,9,32,768.0,0,0,5,7,38,0,8.0,1
2018,8,SP,1,1,25,5,30,672.0,1,0,4,7,21,0,6.0,1
2018,10,SP,1,1,25,9,44,2884.0,0,0,4,9,32,0,4.0,1
2018,6,SP,1,1,25,9,44,1478.0,0,0,5,7,37,0,8.0,1
2019,10,SP,1,1,25,9,36,1045.0,0,0,4,7,23,1,8.0,1
2019,10,SP,1,1,25,9,36,1045.0,0,0,4,7,23,1,8.0,1
2019,10,SP,1,1,25,1,40,1513.0,0,0,7,7,24,1,8.0,1
2018,5,SP,1,1,25,5,44,3000.0,0,0,5,8,28,0,8.0,1
2018,11,SP,1,1,25,1,44,997.0,0,0,6,6,28,1,8.0,1
2019,8,SP,1,1,25,9,30,703.0,1,0,4,8,20,1,2.0,1
2019,8,SP,1,1,25,5,44,1405.0,0,0,7,7,19,0,8.0,1
2018,10,SP,0,1,43,2,44,1441.0,0,0,7,7,22,1,4.0,0
2019,4,SP,0,1,43,5,20,468.0,1,0,4,6,20,1,8.0,0
2019,2,SP,0,1,43,4,20,592.0,1,0,4,8,18,1,8.0,0
2018,2,SP,0,1,43,9,40,12621.0,0,0,2,9,26,1,2.0,0
2019,2,SP,0,1,43,1,44,0.0,0,0,5,6,18,0,2.0,0
2019,6,SP,0,1,43,7,30,821.0,1,0,4,7,19,0,8.0,0
2019,5,SP,0,1,43,9,20,544.0,1,0,4,6,18,1,4.0,0
2019,1,SP,0,1,43,9,44,1417.0,0,0,5,7,31,0,2.0,0
2018,2,SP,0,1,43,6,36,954.0,0,0,5,7,19,1,4.0,0
2019,11,SP,0,1,43,9,30,998.0,1,0,4,8,19,1,9.0,0
2019,12,SP,0,1,43,5,44,1461.0,0,0,5,7,18,0,2.0,0
2019,4,SP,0,1,43,9,44,1972.0,0,0,5,7,24,1,2.0,0
2018,3,SP,0,1,43,2,44,1400.0,0,0,5,7,31,0,4.0,0
2018,5,SP,0,1,43,5,44,1870.0,0,0,7,4,34,1,2.0,0
2018,7,SP,0,1,43,9,30,952.0,1,0,4,7,21,0,8.0,0
2019,8,SP,0,1,43,9,30,759.0,1,0,4,7,17,1,8.0,0
2019,4,SP,0,1,43,3,36,998.0,1,0,7,6,19,0,8.0,0
2019,4,SP,0,1,43,9,30,831.0,1,0,4,7,19,0,8.0,0
2018,1,SP,0,1,43,5,44,1433.0,0,0,5,9,37,1,8.0,0
2019,7,SP,0,1,43,6,40,998.0,1,0,3,7,19,1,8.0,0
2018,1,SP,0,1,43,9,36,1538.0,0,0,4,7,29,0,2.0,0
2018,11,SP,0,1,43,4,44,2582.0,0,0,2,8,34,1,8.0,0
2018,1,SP,0,1,43,8,32,854.0,1,0,4,7,23,1,4.0,0
2018,12,SP,0,1,33,3,44,1500.0,0,0,4,8,24,1,8.0,0
2018,8,SP,0,1,33,2,40,2800.0,0,0,4,9,28,1,2.0,0
2019,10,SP,0,1,33,6,44,1309.0,0,0,5,7,20,0,8.0,0
2019,9,SP,0,1,33,5,44,2610.0,0,0,2,9,31,0,2.0,0
2019,8,SP,0,1,33,4,44,1242.0,0,0,3,7,29,0,2.0,0
2018,5,SP,0,1,33,9,44,2180.0,0,0,5,3,63,1,2.0,0
2019,7,SP,0,1,33,3,44,1467.0,0,0,5,5,42,1,8.0,0
2019,1,SP,0,1,33,5,40,1405.0,0,0,4,7,18,0,8.0,0
2019,1,SP,0,1,33,2,44,1461.0,0,0,7,7,32,1,8.0,0
2018,4,SP,0,1,33,2,44,2160.0,0,0,5,5,35,1,2.0,0
2019,5,SP,0,1,33,5,36,6021.0,0,0,5,7,32,1,8.0,0
2019,2,SP,0,1,33,6,44,1752.0,0,0,7,4,49,1,8.0,0
2019,10,SP,0,1,33,9,40,5647.0,0,0,3,7,56,1,8.0,0
2019,2,SP,0,1,33,3,38,1405.0,0,0,5,7,25,1,2.0,0
2018,7,SP,0,1,33,1,44,1437.0,0,0,5,3,28,1,8.0,0
2018,2,SP,0,1,33,2,44,1480.0,0,0,5,6,61,1,9.0,0
2018,10,SP,0,1,33,5,44,1328.0,0,0,4,6,20,1,2.0,0
2018,12,SP,0,3,4,4,44,1149.0,0,0,7,7,30,1,9.0,0
2018,12,SP,0,1,5,1,44,1208.0,0,0,4,6,39,0,2.0,0
2018,4,SP,1,1,2,1,44,1270.0,0,0,7,7,43,1,2.0,1
2018,10,SP,1,1,1,6,44,954.0,0,0,7,6,18,1,8.0,1
2018,11,SP,1,1,1,4,44,1126.0,0,0,7,7,18,0,4.0,1
2018,8,SP,1,1,2,3,36,1535.0,0,0,5,7,28,0,2.0,1
2019,1,SP,1,1,2,1,44,1556.0,0,0,7,5,36,0,2.0,1
2018,7,SP,1,1,2,8,44,1498.0,0,0,7,7,26,0,8.0,1
2018,9,SP,1,1,2,4,44,1217.0,0,0,5,4,51,0,2.0,1
2018,2,SP,1,1,2,6,44,1586.0,0,0,8,7,31,0,8.0,1
2019,9,SP,0,3,4,4,44,1163.0,0,0,6,4,21,1,2.0,0
2019,1,SP,0,1,4,5,44,1298.0,0,0,4,7,20,1,2.0,0
2018,1,SP,0,1,4,1,44,1182.0,0,0,7,6,54,1,4.0,0
2019,1,SP,0,1,6,4,44,1142.0,0,0,7,7,44,1,2.0,0
2019,1,SP,0,1,6,6,44,1313.0,0,0,1,6,21,1,8.0,0
2019,3,SP,0,1,6,3,44,1386.0,0,0,5,7,29,0,2.0,0
2019,4,SP,0,1,11,4,44,1511.0,0,0,8,7,38,1,2.0,0
2018,1,SP,1,1,25,4,44,1535.0,0,0,5,7,33,1,2.0,1
2018,4,SP,1,1,1,3,44,1599.0,0,0,4,7,22,1,2.0,1
2019,1,SP,1,1,2,3,40,1289.0,0,0,5,7,28,1,8.0,1
2018,2,SP,1,1,2,2,44,1416.0,0,0,7,7,29,1,9.0,1
2018,7,SP,0,1,4,5,44,1416.0,0,0,7,6,38,1,8.0,0
2019,6,SP,0,1,6,2,44,1309.0,0,0,5,7,46,1,8.0,0
2018,1,SP,0,3,11,1,44,1191.0,0,0,4,7,22,0,2.0,0
2019,3,SP,0,1,4,3,44,2059.0,0,0,7,3,66,1,2.0,0
2018,12,SP,0,1,11,7,30,1841.0,0,0,3,9,29,0,2.0,0
2018,3,SP,0,1,4,1,44,1213.0,0,0,4,7,23,0,2.0,0
2018,1,SP,1,1,1,4,44,1433.0,0,0,5,7,18,0,9.0,1
2019,11,SP,1,1,2,6,44,2644.0,0,0,9,7,38,1,2.0,1
2018,5,SP,1,1,2,3,44,1322.0,0,0,9,7,31,1,2.0,1
2018,10,SP,1,1,2,3,36,1285.0,0,0,4,7,32,0,2.0,1
2019,11,SP,1,1,2,5,44,1991.0,0,0,7,6,43,1,8.0,1
2019,8,SP,1,1,2,4,44,1497.0,0,0,4,7,31,1,8.0,1
2019,11,SP,0,1,4,1,44,2056.0,0,0,7,7,40,1,2.0,0
2018,8,SP,0,1,4,1,44,1800.0,0,0,7,7,53,1,2.0,0
2018,12,SP,0,1,4,3,44,1801.0,0,0,5,7,24,0,8.0,0
2018,4,SP,0,1,6,1,44,1909.0,0,0,7,6,30,1,2.0,0
2018,6,SP,0,1,11,4,44,1433.0,0,0,5,7,37,1,8.0,0
2018,12,SP,0,1,11,5,44,1433.0,0,0,4,7,44,0,8.0,0
2018,2,SP,0,1,11,2,36,1433.0,0,0,5,7,18,0,2.0,0
2018,1,SP,0,1,43,4,44,1467.0,0,0,7,6,35,1,8.0,0
2019,9,SP,1,1,2,1,44,1183.0,0,0,6,5,54,1,2.0,1
2018,1,SP,0,1,4,1,30,826.0,0,0,5,7,22,0,2.0,0
2018,7,SP,0,1,11,3,44,1387.0,0,0,4,7,34,0,2.0,0
2018,2,SP,1,1,2,1,44,1183.0,0,0,5,7,27,0,2.0,1
2019,2,SP,1,1,2,2,44,1260.0,0,0,3,7,18,1,2.0,1
2018,11,SP,1,1,2,7,44,1536.0,0,0,7,6,38,1,9.0,1
2019,2,SP,1,1,2,1,44,1265.0,0,0,5,8,19,0,2.0,1
2019,11,SP,1,1,2,1,44,1526.0,0,0,8,4,41,1,2.0,1
2019,9,SP,1,1,2,3,44,1390.0,0,0,5,7,30,0,9.0,1
2019,12,SP,1,1,2,4,44,3043.0,0,0,7,4,32,1,8.0,1
2019,2,SP,1,1,2,4,44,1497.0,0,0,5,7,22,1,2.0,1
2018,2,SP,1,1,2,6,35,1068.0,0,0,4,7,32,0,8.0,1
2019,7,SP,1,1,2,6,44,1536.0,0,0,5,7,21,1,4.0,1
2019,4,SP,1,1,2,1,44,1500.0,0,0,5,5,21,1,2.0,1
2018,8,SP,1,1,2,5,36,965.0,0,0,4,7,32,0,2.0,1
2019,4,SP,1,1,2,1,44,1500.0,0,0,5,5,21,1,2.0,1
2019,4,SP,1,1,2,9,44,1929.0,0,0,7,7,38,1,8.0,1
2019,4,SP,1,1,2,9,44,1929.0,0,0,7,7,38,1,8.0,1
2018,12,SP,1,1,2,6,44,3080.0,0,0,7,7,40,1,8.0,1
2018,4,SP,1,1,2,9,44,2015.0,0,0,6,7,39,1,2.0,1
2018,8,SP,0,1,4,1,44,1500.0,0,0,4,7,33,0,2.0,0
2019,1,SP,0,1,4,1,44,1265.0,0,0,5,6,36,1,2.0,0
2019,1,SP,0,1,4,4,44,2200.0,0,0,7,6,39,1,8.0,0
2018,5,SP,0,1,4,1,44,1200.0,0,0,4,2,54,0,8.0,0
2019,1,SP,0,1,4,8,44,2167.0,0,0,8,7,31,0,2.0,0
2019,2,SP,0,1,4,4,44,1560.0,0,0,4,7,22,0,2.0,0
2018,7,SP,0,1,4,4,44,2644.0,0,0,4,7,28,0,2.0,0
2018,5,SP,0,1,4,7,44,1258.0,0,0,4,7,34,0,8.0,0
2018,12,SP,0,1,4,6,44,3215.0,0,0,7,7,34,1,2.0,0
2018,10,SP,0,1,4,3,44,1332.0,0,0,7,7,33,0,8.0,0
2019,7,SP,0,1,5,9,44,4161.0,0,0,6,4,61,1,2.0,0
2019,5,SP,0,1,6,4,44,2328.0,0,0,3,9,31,0,2.0,0
2018,3,SP,0,1,6,4,44,1705.0,0,0,7,6,35,1,2.0,0
2019,4,SP,0,1,11,9,44,1022.0,0,0,6,4,38,1,8.0,0
2018,2,SP,0,1,11,3,44,1437.0,0,0,7,6,24,1,8.0,0
2019,4,SP,0,1,11,9,44,1022.0,0,0,6,4,38,1,8.0,0
2019,11,SP,0,1,11,9,44,2046.0,0,0,4,7,23,1,8.0,0
2019,8,SP,0,1,11,3,44,1841.0,0,0,9,7,61,1,8.0,0
2019,1,SP,0,1,11,6,44,2640.0,0,0,7,4,46,1,8.0,0
2019,3,SP,0,1,11,6,44,2314.0,0,0,7,7,23,1,4.0,0
2018,12,SP,1,1,25,7,44,2758.0,0,0,7,3,48,1,8.0,1
2019,1,SP,1,1,25,6,44,2758.0,0,0,7,2,59,1,8.0,1
2019,12,SP,0,1,43,6,20,572.0,1,0,4,6,16,1,2.0,0
2018,4,SP,0,1,43,5,44,2200.0,0,0,7,5,31,1,2.0,0
2019,12,SP,0,1,43,6,20,572.0,1,0,4,6,16,1,2.0,0
2018,8,SP,0,3,6,1,44,1108.0,0,0,6,5,28,1,2.0,0
2018,3,SP,1,1,2,2,44,1457.0,0,0,7,7,28,1,2.0,1
2018,5,SP,0,1,4,5,44,1898.0,0,0,4,7,32,0,2.0,0
2018,6,SP,0,1,4,3,44,1869.0,0,0,9,6,22,1,2.0,0
2018,5,SP,0,1,4,3,44,1356.0,0,0,4,7,32,0,2.0,0
2018,1,SP,1,1,1,5,44,1179.0,0,0,6,7,28,1,2.0,1
2018,4,SP,1,1,1,3,44,1401.0,0,0,5,7,20,1,2.0,1
2019,4,SP,1,1,1,9,44,1171.0,0,0,6,4,39,1,2.0,1
2018,4,SP,1,1,2,8,42,2859.0,0,0,8,7,26,1,2.0,1
2018,10,SP,1,1,2,1,44,1373.0,0,0,7,5,50,1,2.0,1
2018,10,SP,1,1,2,9,44,1110.0,0,0,5,7,18,0,8.0,1
2019,3,SP,1,1,2,4,44,1377.0,0,0,4,7,21,0,4.0,1
2018,2,SP,1,1,2,5,43,1295.0,0,0,4,9,22,0,2.0,1
2019,4,SP,1,1,2,1,44,1062.0,0,0,4,9,26,0,2.0,1
2018,10,SP,1,1,2,3,44,1099.0,0,0,4,7,21,0,2.0,1
2019,7,SP,1,1,2,3,30,1020.0,0,0,2,9,22,1,2.0,1
2019,10,SP,1,1,2,7,44,1456.0,0,0,5,7,40,0,8.0,1
2018,4,SP,1,1,2,3,44,1110.0,0,0,5,7,25,0,2.0,1
2019,12,SP,1,1,2,3,40,1062.0,0,0,4,8,21,0,2.0,1
2019,12,SP,1,3,2,5,44,1841.0,0,0,7,3,63,1,2.0,1
2018,2,SP,1,1,2,3,44,1334.0,0,0,5,7,27,0,2.0,1
2019,4,SP,1,1,2,1,30,1068.0,0,0,5,8,26,1,2.0,1
2018,4,SP,1,1,2,6,44,1263.0,0,0,4,7,37,0,2.0,1
2019,8,SP,1,1,2,5,44,2059.0,0,0,7,7,46,1,2.0,1
2019,5,SP,1,1,2,1,44,5300.0,0,0,3,9,41,1,2.0,1
2018,7,SP,1,1,2,6,44,1110.0,0,0,5,5,41,1,2.0,1
2019,8,SP,1,1,2,5,44,1596.0,0,0,7,7,38,0,8.0,1
2019,12,SP,1,1,2,3,44,1336.0,0,0,4,1,36,0,2.0,1
2018,5,SP,1,1,2,3,44,1296.0,0,0,5,7,49,1,8.0,1
2019,6,SP,1,1,2,2,44,1376.0,0,0,5,7,21,0,9.0,1
2018,10,SP,1,1,2,3,36,1269.0,0,0,5,7,56,1,4.0,1
2019,5,SP,1,1,2,1,44,1700.0,0,0,1,7,25,0,2.0,1
2019,11,SP,1,1,2,6,44,1800.0,0,0,9,6,28,1,2.0,1
2019,5,SP,1,1,2,1,44,1357.0,0,0,5,6,31,0,4.0,1
2018,2,SP,1,1,2,1,44,1687.0,0,0,4,7,39,0,9.0,1
2018,10,SP,1,1,2,3,44,1108.0,0,0,5,7,51,0,2.0,1
2018,7,SP,1,1,2,4,44,1302.0,0,0,5,7,44,0,2.0,1
2018,10,SP,1,1,2,8,40,1246.0,0,0,7,7,43,0,2.0,1
2019,4,SP,1,1,2,1,40,2002.0,0,0,8,9,23,1,8.0,1
2019,8,SP,1,1,2,1,44,1324.0,0,0,5,8,36,0,2.0,1
2018,9,SP,1,1,2,2,44,1245.0,0,0,5,5,19,0,2.0,1
2018,6,SP,1,1,2,3,44,2000.0,0,0,1,7,39,0,2.0,1
2019,7,SP,1,1,2,7,44,1198.0,0,0,5,6,30,1,8.0,1
2018,11,SP,1,1,2,2,44,1309.0,0,0,5,7,39,1,2.0,1
2019,10,SP,1,1,2,4,44,1376.0,0,0,5,7,24,0,9.0,1
2019,4,SP,1,1,2,1,44,2500.0,0,0,5,9,40,1,2.0,1
2018,1,SP,1,1,2,6,40,1940.0,0,0,7,5,19,1,9.0,1
2019,5,SP,1,1,2,3,44,2083.0,0,0,7,6,56,1,2.0,1
2019,7,SP,1,1,2,7,36,1755.0,0,0,3,7,22,0,4.0,1
2018,11,SP,1,1,2,4,44,1372.0,0,0,4,5,22,1,4.0,1
2018,11,SP,1,1,2,6,36,1109.0,0,0,4,7,22,0,2.0,1
2019,7,SP,1,1,2,7,44,1547.0,0,0,5,7,30,1,8.0,1
2019,8,SP,1,1,2,5,44,1334.0,0,0,5,7,29,0,2.0,1
2018,8,SP,1,1,2,3,44,1322.0,0,0,5,7,26,1,9.0,1
2018,1,SP,1,1,2,4,44,1282.0,0,0,4,7,39,1,2.0,1
2018,10,SP,0,1,4,4,44,2000.0,0,0,4,9,27,1,2.0,0
2018,11,SP,0,1,4,6,44,999.0,0,0,3,7,41,1,2.0,0
2019,8,SP,0,1,4,6,44,3536.0,0,0,2,9,29,0,2.0,0
2019,10,SP,0,1,4,5,44,1841.0,0,0,7,5,26,1,4.0,0
2019,6,SP,0,1,4,6,44,1639.0,0,0,7,7,41,0,2.0,0
2018,7,SP,0,1,4,4,36,1066.0,0,0,4,8,22,0,4.0,0
2019,6,SP,0,1,4,1,26,564.0,1,0,4,4,14,1,9.0,0
2019,1,SP,0,1,4,7,44,2090.0,0,0,7,7,27,1,2.0,0
2018,12,SP,0,1,4,1,44,1108.0,0,0,4,7,22,0,2.0,0
2019,6,SP,0,1,4,6,44,1551.0,0,0,4,7,34,1,2.0,0
2019,10,SP,0,1,4,4,34,1149.0,0,0,4,7,28,0,2.0,0
2018,9,SP,0,3,4,1,44,1166.0,0,0,4,7,52,0,2.0,0
2019,7,SP,0,1,4,2,44,2750.0,0,0,1,9,34,0,2.0,0
2018,5,SP,0,1,4,6,44,4699.0,0,0,3,9,35,1,2.0,0
2018,8,SP,0,1,4,6,44,1496.0,0,0,5,7,43,1,4.0,0
2019,9,SP,0,1,4,2,44,1377.0,0,0,5,7,21,0,8.0,0
2019,5,SP,0,1,4,1,44,1358.0,0,0,5,7,58,0,2.0,0
2018,7,SP,0,1,4,7,44,5577.0,0,0,9,7,53,1,2.0,0
2019,9,SP,0,1,4,2,44,1440.0,0,0,7,7,32,1,2.0,0
2019,9,SP,0,1,4,7,43,2533.0,0,0,7,7,34,1,2.0,0
2019,7,SP,0,1,4,7,44,1348.0,0,0,5,7,26,1,2.0,0
2018,1,SP,0,1,4,4,36,1309.0,0,0,5,7,31,1,2.0,0
2018,8,SP,0,1,4,8,40,1329.0,0,0,4,7,23,0,2.0,0
2019,10,SP,0,1,4,4,44,1305.0,0,0,4,7,21,1,2.0,0
2018,3,SP,0,1,4,1,44,1550.0,0,0,7,7,52,0,2.0,0
2019,3,SP,0,1,4,5,44,1569.0,0,0,5,7,22,1,2.0,0
2019,7,SP,0,1,5,9,44,2602.0,0,0,7,7,45,1,2.0,0
2018,7,SP,0,1,6,9,44,1438.0,0,0,5,7,23,1,8.0,0
2018,9,SP,0,1,6,2,44,1760.0,0,0,7,5,62,1,2.0,0
2018,12,SP,0,1,6,7,36,977.0,0,0,4,7,46,0,2.0,0
2019,6,SP,0,1,6,5,44,1856.0,0,0,3,9,29,0,8.0,0
2019,10,SP,0,1,6,8,36,2358.0,0,0,3,7,45,0,2.0,0
2019,2,SP,0,1,6,5,44,1245.0,0,0,5,7,30,0,2.0,0
2019,1,SP,0,1,6,6,36,2137.0,0,0,5,7,36,1,9.0,0
2018,5,SP,0,1,6,6,25,824.0,1,0,4,6,16,1,2.0,0
2019,6,SP,0,1,6,8,40,1381.0,0,0,4,7,22,1,2.0,0
2018,2,SP,0,1,6,7,36,1944.0,0,0,3,9,33,1,8.0,0
2018,7,SP,0,1,11,6,44,1389.0,0,0,5,6,23,1,2.0,0
2018,1,SP,0,1,6,4,44,1491.0,0,0,4,7,21,0,2.0,0
2019,10,SP,1,1,2,4,44,1515.0,0,0,7,7,27,1,8.0,1
2018,7,SP,1,1,2,4,44,1479.0,0,0,7,7,20,1,2.0,1
2018,7,SP,1,1,2,7,44,2281.0,0,0,8,7,28,1,2.0,1
2019,11,SP,1,1,2,3,44,1269.0,0,0,5,7,20,1,9.0,1
2019,3,SP,1,1,2,2,40,983.0,0,0,5,4,53,0,2.0,1
2019,7,SP,1,1,2,4,44,1509.0,0,0,4,7,32,0,2.0,1
2019,2,SP,1,1,2,4,44,1556.0,0,0,8,5,21,1,8.0,1
2019,3,SP,1,1,2,1,44,1752.0,0,0,7,7,35,1,9.0,1
2019,1,SP,1,1,2,3,44,1294.0,0,0,2,7,29,0,9.0,1
2019,7,SP,1,1,2,5,44,2000.0,0,0,2,7,35,0,9.0,1
2018,4,SP,0,1,4,1,44,2565.0,0,0,7,4,38,1,2.0,0
2018,5,SP,0,1,4,4,44,1512.0,0,0,5,8,25,0,2.0,0
2019,9,SP,0,1,4,3,44,1398.0,0,0,5,7,58,0,2.0,0
2019,4,SP,0,1,4,3,44,1422.0,0,0,8,7,27,1,2.0,0
2019,9,SP,0,1,4,3,44,1785.0,0,0,8,7,24,0,9.0,0
2018,3,SP,0,1,4,9,44,1110.0,0,0,5,7,31,0,2.0,0
2018,10,SP,0,1,4,4,44,1318.0,0,0,5,7,21,1,2.0,0
2018,5,SP,0,1,4,9,39,6348.0,0,0,8,9,39,1,8.0,0
2019,3,SP,0,1,4,4,44,2583.0,0,0,5,7,36,1,9.0,0
2019,6,SP,0,1,4,2,44,1269.0,0,0,5,7,37,1,2.0,0
2019,10,SP,0,1,5,4,44,1842.0,0,0,7,3,32,1,2.0,0
2019,11,SP,0,1,6,3,44,2430.0,0,0,5,7,46,1,8.0,0
2018,3,SP,0,1,11,3,44,1040.0,0,0,3,7,26,1,2.0,0
2018,7,SP,0,1,11,1,44,1215.0,0,0,2,7,46,0,8.0,0
2019,2,SP,1,3,25,1,44,1200.0,0,0,6,2,37,1,8.0,1
2019,3,SP,0,1,43,1,24,703.0,0,0,5,8,22,0,8.0,0
2018,12,SP,0,1,43,2,24,703.0,0,0,5,7,24,0,8.0,0
2019,3,SP,0,1,43,1,24,703.0,0,0,5,8,22,0,8.0,0
2018,11,SP,1,1,2,9,42,1281.0,0,0,5,7,63,1,2.0,1
2019,7,SP,1,1,2,8,44,2882.0,0,0,7,5,45,1,8.0,1
2019,5,SP,1,1,2,1,44,1264.0,0,0,5,7,29,1,4.0,1
2018,3,SP,1,1,2,3,44,1948.0,0,0,7,7,48,1,2.0,1
2019,5,SP,1,1,2,7,40,1529.0,0,0,5,7,24,0,8.0,1
2019,11,SP,1,1,2,9,40,6500.0,0,0,3,7,35,1,2.0,1
2018,8,SP,1,1,2,3,44,1244.0,0,0,9,7,21,0,8.0,1
2019,4,SP,1,1,2,8,44,2086.0,0,0,7,4,42,1,8.0,1
2018,2,SP,1,1,2,4,44,1100.0,0,0,5,7,48,1,2.0,1
2019,3,SP,1,1,2,9,44,1020.0,0,0,4,7,28,1,8.0,1
2018,12,SP,1,1,2,9,44,2070.0,0,0,3,8,27,0,2.0,1
2018,5,SP,1,1,2,1,44,1339.0,0,0,1,7,22,1,9.0,1
2018,1,SP,1,1,2,1,44,1289.0,0,0,5,6,20,0,2.0,1
2019,4,SP,1,1,2,9,40,1599.0,0,0,4,7,29,1,2.0,1
2018,11,SP,0,1,4,3,44,1692.0,0,0,1,7,28,0,2.0,0
2018,12,SP,0,1,4,4,44,1387.0,0,0,5,7,32,0,4.0,0
2018,6,SP,0,1,4,3,44,1191.0,0,0,4,7,22,1,2.0,0
2018,10,SP,0,1,4,2,44,1656.0,0,0,7,6,41,1,2.0,0
2019,3,SP,0,1,4,6,44,1799.0,0,0,4,7,26,0,8.0,0
2019,2,SP,0,3,4,3,44,1120.0,0,0,4,7,23,0,9.0,0
2019,12,SP,0,1,6,1,44,1320.0,0,0,3,7,24,1,8.0,0
2019,6,SP,0,1,6,6,44,1315.0,0,0,7,7,24,1,2.0,0
2018,7,SP,0,1,6,5,44,1758.0,0,0,4,7,36,0,2.0,0
2018,8,SP,0,1,6,6,36,1678.0,0,0,3,7,30,0,2.0,0
2019,3,SP,0,1,6,2,44,1326.0,0,0,5,7,21,1,9.0,0
2019,6,SP,0,1,11,2,44,1601.0,0,0,4,3,53,1,2.0,0
2019,6,SP,1,1,2,5,44,999.0,0,0,6,5,19,1,8.0,1
2019,11,SP,1,1,2,6,44,1358.0,0,0,7,7,24,1,2.0,1
2019,6,SP,1,1,2,2,44,998.0,0,0,6,6,53,0,2.0,1
2019,7,SP,0,1,4,4,44,1346.0,0,0,7,4,40,0,8.0,0
2019,6,SP,0,1,6,1,44,1183.0,0,0,6,7,19,1,2.0,0
2018,6,SP,1,1,2,9,44,1101.0,0,0,5,7,36,1,8.0,1
2018,11,SP,1,1,2,9,44,1845.0,0,0,7,7,49,1,8.0,1
2018,6,SP,1,1,2,9,44,1101.0,0,0,5,7,36,1,8.0,1
2019,4,SP,1,1,2,9,44,1440.0,0,0,7,2,26,1,4.0,1
2019,4,SP,1,1,2,6,44,1083.0,0,0,7,4,28,1,4.0,1
2018,4,SP,1,1,2,4,44,1332.0,0,0,4,7,40,0,2.0,1
2018,7,SP,1,1,2,5,44,1635.0,0,0,3,7,32,1,9.0,1
2018,4,SP,1,1,2,2,44,4000.0,0,0,1,9,41,1,2.0,1
2018,9,SP,1,1,2,9,44,1076.0,0,0,4,7,53,1,8.0,1
2019,5,SP,1,1,2,9,44,1108.0,0,0,4,7,41,1,8.0,1
2019,11,SP,1,1,2,6,44,1363.0,0,0,7,5,44,0,8.0,1
2018,10,SP,1,1,2,1,44,1324.0,0,0,5,6,40,1,2.0,1
2018,2,SP,1,1,2,9,44,1076.0,0,0,4,7,63,1,8.0,1
2019,5,SP,1,1,2,9,44,1108.0,0,0,4,7,41,1,8.0,1
2019,5,SP,1,1,2,2,44,1246.0,0,0,5,6,29,0,2.0,1
2019,10,SP,1,1,2,1,44,1182.0,0,0,5,7,20,0,4.0,1
2019,6,SP,0,1,4,1,44,1248.0,0,0,7,5,37,1,2.0,0
2018,12,SP,0,1,4,4,44,1901.0,0,0,7,7,32,1,4.0,0
2018,5,SP,0,1,4,4,44,1560.0,0,0,1,7,34,0,9.0,0
2019,3,SP,0,1,4,8,44,1802.0,0,0,7,2,45,1,8.0,0
2018,5,SP,0,1,4,9,44,1110.0,0,0,5,5,45,1,8.0,0
2019,2,SP,0,1,4,5,44,1526.0,0,0,7,7,43,1,4.0,0
2018,8,SP,0,1,4,6,40,8578.0,0,0,2,9,45,0,2.0,0
2019,1,SP,0,1,4,8,40,8632.0,0,0,2,9,47,0,2.0,0
2019,10,SP,0,1,4,9,44,1124.0,0,0,4,7,20,1,8.0,0
2019,5,SP,0,1,4,3,44,2000.0,0,0,4,7,24,1,8.0,0
2019,9,SP,0,1,4,4,44,1547.0,0,0,1,7,40,0,8.0,0
2018,12,SP,0,1,4,3,44,2007.0,0,0,7,5,30,1,8.0,0
2019,8,SP,0,1,4,1,44,1561.0,0,0,5,6,42,0,9.0,0
2018,10,SP,0,1,4,5,44,1357.0,0,0,7,4,35,1,4.0,0
2019,8,SP,0,1,5,4,44,1409.0,0,0,5,7,30,1,2.0,0
2019,7,SP,0,1,5,9,36,1016.0,0,0,4,7,30,1,2.0,0
2019,9,SP,0,1,6,3,44,1160.0,0,0,5,5,52,1,2.0,0
2018,9,SP,0,1,6,4,30,1016.0,1,0,4,7,19,1,8.0,0
2018,6,SP,0,1,6,9,44,1076.0,0,0,4,7,34,0,8.0,0
2018,10,SP,0,1,6,9,44,1073.0,0,0,5,7,27,1,2.0,0
2018,3,SP,0,1,11,5,44,1348.0,0,0,5,6,41,1,8.0,0
2019,1,SP,0,1,11,3,44,1395.0,0,0,5,7,20,0,2.0,0
2018,7,SP,0,1,11,5,44,1336.0,0,0,5,5,28,1,1.0,0
2019,11,SP,0,1,11,9,44,1163.0,0,0,4,7,27,0,8.0,0
2018,5,SP,0,1,11,9,44,1076.0,0,0,4,7,19,1,2.0,0
2019,5,SP,0,1,11,9,36,1016.0,0,0,4,7,21,1,2.0,0
2018,3,SP,0,1,11,8,44,1416.0,0,0,7,4,29,1,8.0,0
2018,5,SP,1,1,25,9,44,1127.0,0,0,7,7,24,1,2.0,1
2018,12,SP,0,1,33,5,40,1238.0,0,0,5,7,47,0,8.0,0
2019,9,SP,1,1,2,5,44,1065.0,0,0,7,7,25,0,2.0,1
2019,8,SP,1,1,2,5,44,1176.0,0,0,7,7,43,1,9.0,1
2019,9,SP,1,1,2,6,44,1176.0,0,0,7,4,26,1,2.0,1
2018,5,SP,1,1,2,2,44,994.0,0,0,5,7,18,0,2.0,1
2018,1,SP,0,1,4,3,44,2070.0,0,0,7,4,39,1,2.0,0
2019,2,SP,0,1,6,4,44,2396.0,0,0,2,9,34,0,2.0,0
2019,10,SP,0,1,4,9,44,1328.0,0,0,6,7,21,1,2.0,0
2018,3,SP,1,1,25,2,44,1414.0,0,0,5,5,43,1,2.0,1
2018,4,SP,1,1,25,9,44,1513.0,0,0,7,7,45,1,2.0,1
2019,6,SP,1,1,2,1,44,1347.0,0,0,2,9,41,0,2.0,1
2018,10,SP,1,1,2,2,44,1132.0,0,0,4,7,27,0,2.0,1
2018,8,SP,1,1,2,2,44,1321.0,0,0,5,3,31,1,2.0,1
2019,9,SP,1,1,2,1,44,1411.0,0,0,5,7,33,1,2.0,1
2018,11,SP,1,1,2,6,40,1669.0,0,0,4,9,22,0,2.0,1
2019,5,SP,0,1,4,3,44,1675.0,0,0,7,5,56,1,2.0,0
2018,8,SP,0,1,4,5,44,1366.0,0,0,4,7,51,0,8.0,0
2018,7,SP,0,1,6,4,40,1294.0,0,1,5,3,54,1,2.0,0
2019,9,SP,0,1,6,4,44,1456.0,0,0,7,7,22,1,2.0,0
2019,2,SP,0,1,6,1,44,1127.0,0,0,4,7,30,0,2.0,0
2018,2,SP,1,1,25,4,24,1651.0,0,0,2,9,28,0,2.0,1
2019,3,SP,1,1,2,3,44,1200.0,0,0,6,7,62,1,2.0,1
2018,8,SP,0,1,4,6,44,1313.0,0,0,7,7,25,1,2.0,0
2018,8,SP,0,1,4,4,44,1409.0,0,0,7,7,28,1,2.0,0
2018,4,SP,1,1,1,8,20,954.0,1,0,4,7,18,0,8.0,1
2018,4,SP,1,1,2,5,44,1939.0,0,0,7,7,37,1,9.0,1
2019,5,SP,1,1,2,5,44,1763.0,0,0,7,5,54,1,2.0,1
2019,12,SP,1,1,2,8,44,2064.0,0,0,7,6,26,1,9.0,1
2019,6,SP,1,1,2,1,44,2000.0,0,0,4,7,31,0,2.0,1
2018,4,SP,1,1,2,6,44,1345.0,0,0,5,7,19,0,2.0,1
2018,12,SP,1,3,2,4,44,1500.0,0,0,6,7,35,1,2.0,1
2018,10,SP,0,1,4,3,44,1939.0,0,0,7,7,33,0,2.0,0
2018,8,SP,0,1,4,4,44,2201.0,0,0,4,7,35,0,2.0,0
2019,2,SP,0,1,4,2,44,1996.0,0,0,5,5,28,1,2.0,0
2019,7,SP,0,1,6,1,44,1773.0,0,0,7,7,35,1,2.0,0
2019,6,SP,0,1,6,3,44,1500.0,0,0,7,7,43,1,9.0,0
2019,3,SP,0,1,6,4,44,1770.0,0,0,5,9,27,0,2.0,0
2018,12,SP,0,1,6,8,44,1955.0,0,0,7,7,45,1,9.0,0
2019,2,SP,0,1,11,4,44,1287.0,0,0,5,7,23,1,2.0,0
2018,5,SP,0,1,11,6,44,1345.0,0,0,5,7,22,1,2.0,0
2019,2,SP,1,1,1,1,44,1300.0,0,0,7,7,19,1,2.0,1
2019,10,SP,1,1,1,6,36,998.0,0,0,4,7,18,1,2.0,1
2019,12,SP,1,1,2,7,44,1103.0,0,0,5,7,23,1,2.0,1
2019,7,SP,1,1,2,4,44,1964.0,0,0,7,7,26,1,2.0,1
2019,12,SP,1,1,2,2,44,1213.0,0,0,5,7,28,1,2.0,1
2018,2,SP,1,1,2,1,44,1200.0,0,0,4,7,41,0,2.0,1
2019,6,SP,1,1,2,6,44,5000.0,0,0,3,7,58,1,2.0,1
2018,1,SP,1,1,2,4,44,1131.0,0,0,5,7,19,0,2.0,1
2018,12,SP,1,1,2,4,44,2500.0,0,0,7,7,38,1,2.0,1
2018,4,SP,1,1,2,9,44,1110.0,0,0,5,7,48,1,2.0,1
2018,6,SP,1,1,2,1,44,1360.0,0,0,5,7,21,0,2.0,1
2019,8,SP,1,1,2,3,44,1674.0,0,0,5,7,34,1,2.0,1
2019,4,SP,1,1,2,8,44,1909.0,0,0,4,9,24,0,2.0,1
2018,4,SP,1,1,2,9,44,1320.0,0,0,4,7,18,0,2.0,1
2018,4,SP,1,1,2,4,44,1512.0,0,0,5,7,42,1,2.0,1
2019,8,SP,1,1,2,7,44,8500.0,0,0,2,9,38,1,2.0,1
2019,10,SP,1,1,2,7,44,4786.0,0,0,7,6,31,1,8.0,1
2019,5,SP,1,1,2,7,44,1093.0,0,0,7,3,29,1,4.0,1
2018,4,SP,1,1,2,8,44,1076.0,0,0,3,7,33,1,2.0,1
2019,4,SP,1,1,2,2,44,1309.0,0,0,5,7,37,1,4.0,1
2019,10,SP,1,1,2,9,30,791.0,0,0,5,5,43,0,2.0,1
2018,10,SP,1,1,2,3,44,6487.0,0,0,2,9,25,0,4.0,1
2018,5,SP,1,1,2,2,44,1500.0,0,0,7,7,32,1,2.0,1
2019,6,SP,0,1,4,7,44,2141.0,0,0,5,7,38,0,2.0,0
2018,5,SP,0,1,4,6,44,1658.0,0,0,7,7,24,1,8.0,0
2018,7,SP,0,1,4,5,44,1722.0,0,0,3,7,28,1,2.0,0
2019,7,SP,0,1,4,2,44,1391.0,0,0,3,7,45,1,2.0,0
2018,4,SP,0,1,4,6,44,1504.0,0,0,7,7,30,1,8.0,0
2018,5,SP,0,1,4,6,44,1658.0,0,0,7,7,24,1,8.0,0
2019,8,SP,0,1,4,2,44,1309.0,0,0,5,5,65,0,2.0,0
2019,6,SP,0,1,4,9,36,1380.0,0,0,5,7,44,0,2.0,0
2019,10,SP,0,1,4,7,44,1139.0,0,0,7,7,37,1,8.0,0
2019,1,SP,0,1,4,6,44,1606.0,0,0,8,7,23,1,9.0,0
2018,4,SP,0,1,4,2,44,1231.0,0,0,5,7,21,0,2.0,0
2019,8,SP,0,1,4,6,44,1610.0,0,0,5,5,44,1,8.0,0
2019,10,SP,0,1,4,5,44,1295.0,0,0,4,7,26,0,2.0,0
2019,1,SP,0,1,4,9,40,5910.0,0,0,7,7,52,1,9.0,0
2019,7,SP,0,1,4,6,44,1092.0,0,0,7,7,19,0,8.0,0
2018,5,SP,0,1,4,1,44,1800.0,0,0,5,7,20,0,9.0,0
2019,10,SP,0,1,4,6,22,627.0,0,0,5,7,55,0,2.0,0
2018,11,SP,0,1,5,1,44,1222.0,0,0,5,7,25,0,2.0,0
2018,2,SP,0,1,6,6,44,1108.0,0,0,3,9,34,1,2.0,0
2018,5,SP,0,1,6,8,36,1868.0,0,0,3,7,32,0,2.0,0
2019,11,SP,0,1,6,9,44,1100.0,0,0,3,7,21,0,2.0,0
2018,2,SP,0,1,6,4,44,1431.0,0,0,4,9,27,0,2.0,0
2018,4,SP,0,1,6,1,36,1122.0,0,0,4,4,37,0,2.0,0
2019,8,SP,0,1,11,6,30,681.0,1,0,4,6,16,1,2.0,0
2018,6,SP,0,1,11,7,44,1196.0,0,0,4,5,40,1,8.0,0
2019,4,SP,0,1,11,2,36,1054.0,0,0,5,7,22,0,2.0,0
2019,1,SP,0,1,11,3,44,1440.0,0,0,7,6,23,1,8.0,0
2018,10,SP,0,1,6,4,44,1147.0,0,0,7,7,40,1,9.0,0
2019,8,SP,1,1,2,2,44,1700.0,0,0,8,7,46,1,2.0,1
2019,8,SP,1,1,2,8,44,1228.0,0,0,8,3,24,1,2.0,1
2019,5,SP,0,1,6,1,44,1278.0,0,0,5,9,32,1,2.0,0
2019,9,SP,1,1,1,4,44,1289.0,0,0,7,7,29,1,2.0,1
2018,4,SP,1,1,2,6,44,1529.0,0,0,3,9,23,0,2.0,1
2019,12,SP,1,1,2,1,44,1163.0,0,0,7,7,31,1,4.0,1
2018,2,SP,1,1,2,6,36,1095.0,0,0,5,5,51,0,2.0,1
2018,5,SP,0,1,4,3,44,1522.0,0,0,4,7,20,1,9.0,0
2018,3,SP,1,1,2,1,44,1200.0,0,0,4,7,30,1,9.0,1
2018,4,SP,0,1,4,1,44,1290.0,0,0,8,7,26,1,9.0,0
2018,6,SP,1,1,1,1,24,697.0,0,0,3,7,18,0,2.0,1
2018,10,SP,1,1,2,5,44,1365.0,0,0,7,7,27,1,9.0,1
2018,5,SP,1,1,2,3,44,1213.0,0,0,4,7,23,0,2.0,1
2019,8,SP,1,1,2,6,44,1429.0,0,0,7,7,30,1,2.0,1
2018,10,SP,1,1,2,5,44,1365.0,0,0,7,7,27,1,9.0,1
2019,2,SP,1,1,2,8,44,1575.0,0,0,8,5,53,1,2.0,1
2018,8,SP,0,1,4,1,22,540.0,0,0,4,7,24,0,2.0,0
2019,10,SP,0,1,4,3,44,1468.0,0,0,5,7,52,1,2.0,0
2019,1,SP,0,1,4,2,44,1056.0,0,0,5,7,53,1,2.0,0
2019,8,SP,0,1,6,4,44,1483.0,0,0,7,7,20,1,2.0,0
2019,9,SP,0,1,6,6,44,1484.0,0,0,4,8,22,1,2.0,0
2019,1,SP,0,1,11,3,44,1134.0,0,0,5,8,27,1,2.0,0
2019,4,SP,1,1,2,3,44,1379.0,0,0,5,7,39,1,9.0,1
2019,12,SP,1,1,2,2,44,1159.0,0,0,5,7,38,0,2.0,1
2019,12,SP,1,1,2,1,44,1424.0,0,0,7,5,33,1,9.0,1
2018,1,SP,0,1,4,1,44,1265.0,0,0,5,4,55,1,2.0,0
2018,9,SP,0,1,6,4,44,1530.0,0,0,5,7,20,1,8.0,0
2018,3,SP,0,1,11,5,44,1196.0,0,0,5,6,19,1,2.0,0
2018,3,SP,0,1,11,4,44,1363.0,0,0,5,6,24,1,2.0,0
2018,6,SP,1,3,2,6,44,1108.0,0,0,6,5,45,1,2.0,1
2019,12,SP,0,1,4,1,44,1254.0,0,0,5,4,54,0,2.0,0
2019,12,SP,0,1,43,4,44,1332.0,0,0,4,4,48,1,2.0,0
2018,1,SP,0,1,43,6,44,1252.0,0,0,8,7,29,1,2.0,0
2018,8,SP,1,1,1,1,44,1100.0,0,0,3,7,18,1,2.0,1
2019,1,SP,0,1,4,4,44,1136.0,0,0,7,7,31,1,2.0,0
2018,6,SP,1,1,2,1,44,2067.0,0,0,7,7,43,1,8.0,1
2019,7,SP,0,1,4,2,44,1890.0,0,0,7,7,38,1,2.0,0
2019,12,SP,1,1,1,5,30,924.0,1,0,5,5,16,0,2.0,1
2019,6,SP,1,1,2,1,44,1500.0,0,0,2,7,28,1,2.0,1
2018,5,SP,1,1,2,8,44,2092.0,0,0,9,7,39,1,2.0,1
2019,7,SP,1,1,2,4,44,1901.0,0,0,7,5,45,1,2.0,1
2019,7,SP,1,1,2,6,40,2047.0,0,0,8,7,26,1,2.0,1
2019,6,SP,1,1,2,2,44,1500.0,0,0,5,7,54,0,2.0,1
2019,1,SP,1,1,2,1,44,1403.0,0,0,1,7,25,1,2.0,1
2019,4,SP,0,1,4,8,36,1969.0,0,0,7,7,31,1,4.0,0
2018,2,SP,0,1,4,2,44,1192.0,0,0,5,7,30,1,8.0,0
2018,12,SP,0,1,4,4,36,1342.0,0,0,5,7,19,1,2.0,0
2018,10,SP,0,1,4,3,44,1600.0,0,0,7,6,26,1,8.0,0
2019,6,SP,0,1,4,5,44,2322.0,0,0,4,9,27,0,2.0,0
2018,5,SP,0,1,11,1,44,1344.0,0,0,5,7,37,0,2.0,0
2019,4,SP,1,1,2,9,44,1279.0,0,0,7,6,20,1,2.0,1
2018,12,SP,0,1,4,9,44,2135.0,0,0,6,4,39,0,2.0,0
2019,3,SP,1,1,2,2,44,0.0,0,0,5,7,27,1,2.0,1
2019,7,SP,1,3,2,1,44,0.0,0,0,6,5,27,1,4.0,1
2019,7,SP,1,3,2,1,44,0.0,0,0,6,5,27,1,4.0,1
2019,5,SP,1,1,2,5,44,1231.0,0,0,5,7,42,0,2.0,1
2019,11,SP,0,1,6,2,44,1800.0,0,0,4,9,32,0,2.0,0
2019,4,SP,1,3,25,6,44,1227.0,0,0,6,7,18,0,2.0,1
2018,9,SP,1,1,2,9,44,1600.0,0,0,2,7,19,1,2.0,1
2019,9,SP,1,1,2,3,44,2288.0,0,0,8,4,36,1,2.0,1
2019,5,SP,1,1,2,5,44,1411.0,0,0,4,7,23,0,2.0,1
2019,12,SP,1,1,2,3,44,1782.0,0,0,7,4,48,1,2.0,1
2019,7,SP,0,1,4,3,44,1314.0,0,0,4,9,40,0,2.0,0
2019,2,SP,1,1,2,4,44,1440.0,0,0,7,6,22,1,8.0,1
2019,2,SP,1,1,2,4,36,1420.0,0,0,5,7,30,1,9.0,1
2018,10,SP,1,1,2,4,44,1346.0,0,0,7,5,27,1,2.0,1
2019,2,SP,1,1,2,1,44,1345.0,0,0,4,9,33,0,2.0,1
2019,6,SP,0,1,4,4,44,1396.0,0,0,4,7,29,0,9.0,0
2019,7,SP,0,1,4,1,44,1800.0,0,0,4,5,45,0,2.0,0
2019,4,SP,0,1,6,6,44,1295.0,0,0,7,7,26,0,2.0,0
2019,4,SP,0,1,6,2,44,1627.0,0,1,1,7,36,1,2.0,0
2019,10,SP,0,1,6,5,44,1414.0,0,0,7,7,21,1,8.0,0
2019,9,SP,0,3,4,4,44,1391.0,0,0,6,3,53,0,2.0,0
2018,10,SP,1,1,1,4,30,1406.0,1,0,4,7,18,0,8.0,1
2018,8,SP,1,1,2,1,44,1346.0,0,0,8,4,27,1,9.0,1
2019,2,SP,1,1,2,9,44,1031.0,0,0,5,4,30,1,8.0,1
2019,12,SP,1,1,2,4,44,1437.0,0,0,8,7,22,0,8.0,1
2019,4,SP,1,1,2,6,44,1560.0,0,0,4,7,27,0,2.0,1
2018,9,SP,1,1,2,3,44,1740.0,0,0,5,7,21,1,8.0,1
2019,9,SP,1,1,2,9,44,1040.0,0,0,5,7,29,1,8.0,1
2019,12,SP,1,1,2,4,44,1569.0,0,0,7,7,44,1,8.0,1
2018,9,SP,0,1,4,1,44,1344.0,0,0,5,7,18,1,9.0,0
2019,11,SP,0,1,4,3,44,1589.0,0,0,5,7,24,0,2.0,0
2018,5,SP,0,1,4,1,44,1383.0,0,0,5,5,53,0,2.0,0
2019,2,SP,0,1,4,6,44,1475.0,0,0,7,7,30,0,4.0,0
2019,2,SP,0,1,4,5,44,1374.0,0,0,5,5,46,1,2.0,0
2019,9,SP,0,1,4,9,44,1046.0,0,0,5,2,56,1,2.0,0
2018,7,SP,0,1,6,6,40,3052.0,0,0,2,9,31,0,2.0,0
2019,2,SP,0,1,11,9,44,1031.0,0,0,5,5,39,1,8.0,0
2019,11,SP,0,1,11,1,44,1800.0,0,0,7,7,22,1,2.0,0
2019,5,SP,1,1,2,9,44,1715.0,0,0,6,5,35,1,2.0,1
2019,10,SP,0,1,4,6,44,2003.0,0,0,7,4,52,1,2.0,0
2019,10,SP,0,1,6,9,44,1960.0,0,0,9,7,38,1,2.0,0
2019,1,SP,1,1,2,4,44,1630.0,0,0,3,8,26,0,2.0,1
2018,8,SP,1,1,2,1,44,1338.0,0,0,5,5,60,1,2.0,1
2019,4,SP,1,1,2,6,44,1196.0,0,0,4,7,45,1,2.0,1
2018,2,SP,1,1,2,1,44,1283.0,0,0,5,7,21,1,2.0,1
2018,10,SP,1,1,2,8,44,1120.0,0,0,5,7,19,0,8.0,1
2019,4,SP,0,1,4,1,44,1568.0,0,0,4,7,35,0,9.0,0
2018,12,SP,0,1,4,4,23,1732.0,0,0,3,9,39,0,2.0,0
2019,10,SP,0,1,4,6,44,3304.0,0,0,7,7,47,1,8.0,0
2019,5,SP,0,1,6,8,24,634.0,1,0,4,7,19,1,8.0,0
2018,12,SP,0,1,6,8,36,1196.0,0,0,4,7,54,1,9.0,0
2019,3,SP,0,1,6,3,44,1315.0,0,0,5,7,25,1,9.0,0
2018,3,SP,1,1,25,5,20,3008.0,0,0,2,9,38,0,2.0,1
2018,4,SP,1,1,1,2,31,1591.0,0,0,2,9,22,0,2.0,1
2018,12,SP,1,1,2,3,44,2019.0,0,0,7,4,41,1,8.0,1
2018,2,SP,0,1,4,9,44,1215.0,0,0,8,6,34,1,4.0,0
2019,12,SP,0,1,4,4,44,1640.0,0,0,7,7,25,1,2.0,0
2019,7,SP,0,1,6,1,44,1414.0,0,0,9,7,24,1,2.0,0
2019,6,SP,0,1,6,4,44,1127.0,0,0,5,8,21,1,9.0,0
2018,4,SP,0,1,6,9,44,1020.0,0,0,5,4,26,0,2.0,0
2019,2,SP,0,1,6,6,44,1127.0,0,0,4,7,27,1,2.0,0
2018,7,SP,0,1,11,6,20,477.0,1,0,7,7,21,1,2.0,0
2018,5,SP,0,1,33,1,44,1131.0,0,0,4,7,25,1,2.0,0
2018,9,SP,1,1,1,6,44,1535.0,0,0,7,7,18,1,2.0,1
2018,9,SP,1,1,1,6,44,1535.0,0,0,7,7,18,1,2.0,1
2018,12,SP,0,1,4,1,44,1135.0,0,0,6,7,38,1,2.0,0
2018,2,SP,1,1,1,3,44,1250.0,0,0,5,7,18,1,2.0,1
2018,11,PR,1,1,2,2,44,1350.0,0,0,7,7,20,1,2.0,1
2018,9,PR,0,1,4,1,44,1870.0,0,0,5,7,22,1,9.0,0
2019,1,PR,0,1,6,1,44,1551.0,0,0,8,7,21,1,9.0,0
2019,8,PR,0,1,43,1,44,1419.0,0,0,5,5,32,0,2.0,0
2019,5,PR,1,1,2,1,22,500.0,0,0,5,3,51,0,8.0,1
2018,4,PR,1,1,2,1,44,2111.0,0,0,7,4,35,1,2.0,1
2018,4,PR,0,1,4,4,44,1243.0,0,0,7,5,34,0,8.0,0
2019,8,PR,0,3,4,1,44,1629.0,0,0,6,7,26,1,9.0,0
2018,7,PR,1,1,2,7,44,1857.0,0,0,3,7,37,1,2.0,1
2018,7,PR,0,1,11,4,44,1247.0,0,0,6,7,47,1,2.0,0
2019,3,PR,1,1,1,4,44,1364.0,0,0,7,5,44,0,4.0,1
2018,8,PR,1,1,2,4,44,1220.0,0,0,5,7,28,0,8.0,1
2018,11,PR,1,1,2,1,44,2458.0,0,0,7,5,24,1,2.0,1
2019,4,PR,1,1,2,3,44,1250.0,0,0,5,7,43,0,2.0,1
2018,8,PR,1,1,2,1,44,1445.0,0,0,4,7,30,0,2.0,1
2018,11,PR,0,1,4,3,35,1430.0,0,0,7,7,27,1,4.0,0
2018,1,PR,0,1,4,5,40,1285.0,0,0,5,7,39,1,2.0,0
2019,7,PR,0,1,4,4,44,9140.0,0,0,1,9,32,1,2.0,0
2019,8,PR,0,1,4,1,44,1392.0,0,0,4,7,29,1,9.0,0
2019,6,PR,0,1,6,6,44,1663.0,0,0,8,6,28,1,2.0,0
2018,11,PR,0,1,6,2,44,1237.0,0,0,3,7,30,1,2.0,0
2018,9,PR,0,1,6,4,44,1179.0,0,0,7,6,25,0,2.0,0
2018,10,PR,0,1,6,2,34,981.0,0,0,5,7,19,0,2.0,0
2018,10,PR,0,1,6,6,44,2034.0,0,0,7,5,41,1,2.0,0
2018,7,PR,0,1,6,2,44,1269.0,0,0,5,7,20,0,2.0,0
2019,9,PR,0,1,8,2,44,1320.0,0,0,5,7,20,1,9.0,0
2019,7,PR,1,1,1,3,44,1336.0,0,0,4,7,19,1,2.0,1
2018,1,PR,1,1,2,7,44,1315.0,0,0,7,6,33,1,2.0,1
2018,2,PR,1,1,2,4,44,1362.0,0,0,4,9,30,1,2.0,1
2019,9,PR,1,1,2,3,44,1203.0,0,0,7,6,25,1,4.0,1
2018,3,PR,1,1,2,4,44,1315.0,0,0,7,7,19,1,2.0,1
2019,11,PR,1,1,2,1,44,1213.0,0,0,5,7,19,1,9.0,1
2018,7,PR,1,1,2,5,44,1324.0,0,0,4,7,22,0,2.0,1
2018,10,PR,1,3,2,4,44,1255.0,0,0,6,4,25,1,4.0,1
2019,2,PR,1,1,2,8,44,1429.0,0,0,4,9,29,0,2.0,1
2019,4,PR,1,1,2,7,44,1352.0,0,0,7,8,20,1,8.0,1
2019,2,PR,1,1,2,8,36,998.0,0,0,5,7,32,0,2.0,1
2019,5,PR,1,1,2,4,44,1530.0,0,0,7,2,43,1,2.0,1
2018,7,PR,0,1,4,1,44,2155.0,0,0,4,7,38,0,2.0,0
2018,11,PR,0,1,4,3,44,954.0,0,0,7,7,24,0,9.0,0
2019,12,PR,0,1,4,6,44,1507.0,0,0,4,7,20,0,8.0,0
2019,10,PR,0,1,4,4,44,2564.0,0,0,5,7,45,1,2.0,0
2019,10,PR,0,1,4,5,44,1384.0,0,0,5,4,51,0,2.0,0
2018,7,PR,0,1,4,7,44,3265.0,0,0,8,8,35,1,2.0,0
2018,2,PR,0,1,4,8,44,13134.0,0,0,1,9,54,1,2.0,0
2019,1,PR,0,1,6,7,44,1310.0,0,0,8,5,43,0,2.0,0
2019,8,PR,0,1,11,1,44,1553.0,0,0,7,6,40,1,9.0,0
2018,2,PR,0,1,11,7,44,1505.0,0,0,7,7,37,0,2.0,0
2019,11,PR,1,1,2,1,44,1509.0,0,0,3,6,35,1,2.0,1
2018,12,PR,1,1,2,7,40,5500.0,0,0,1,9,29,0,2.0,1
2018,6,PR,0,1,4,1,44,1224.0,0,0,6,7,21,1,8.0,0
2019,4,PR,0,3,6,3,44,1250.0,0,0,7,7,47,1,8.0,0
2018,1,PR,1,1,25,4,44,2860.0,0,0,7,7,34,1,2.0,1
2018,12,PR,1,1,2,4,44,1390.0,0,0,5,7,30,0,2.0,1
2018,10,PR,0,1,6,1,44,954.0,0,0,4,8,22,1,2.0,0
2018,3,PR,1,1,1,3,44,1276.0,0,0,5,7,28,1,2.0,1
2019,7,PR,1,1,2,2,44,1771.0,0,0,7,7,22,1,2.0,1
2019,6,PR,1,1,2,1,44,1111.0,0,0,7,9,43,1,4.0,1
2018,10,PR,1,1,2,2,44,1723.0,0,0,3,8,33,1,2.0,1
2018,3,PR,1,1,2,1,44,2000.0,0,0,4,7,39,1,9.0,1
2018,12,PR,1,1,2,4,44,2125.0,0,0,7,4,48,1,2.0,1
2019,7,PR,1,1,2,9,20,550.0,0,0,5,7,23,0,9.0,1
2019,4,PR,1,1,2,2,44,1108.0,0,0,5,4,30,1,2.0,1
2019,10,PR,1,1,2,3,44,1420.0,0,0,7,5,59,1,2.0,1
2018,11,PR,1,1,2,6,44,1237.0,0,0,5,6,24,1,2.0,1
2018,11,PR,1,1,2,7,40,11948.0,0,0,2,9,34,0,2.0,1
2019,12,PR,1,1,2,5,42,1863.0,0,0,4,7,24,0,2.0,1
2018,9,PR,0,1,4,2,44,1307.0,0,0,5,4,18,1,8.0,0
2019,5,PR,0,1,4,1,44,1423.0,0,0,4,7,23,1,9.0,0
2019,5,PR,0,1,4,1,44,1423.0,0,0,4,7,23,1,9.0,0
2018,7,PR,0,1,4,3,44,1282.0,0,0,4,7,31,1,2.0,0
2019,12,PR,0,1,4,1,44,1788.0,0,0,7,7,26,1,2.0,0
2018,5,PR,0,1,4,6,44,1279.0,0,0,5,5,52,1,2.0,0
2019,11,PR,0,1,6,2,44,1200.0,0,0,7,7,24,1,2.0,0
2018,6,PR,0,1,6,8,44,2799.0,0,0,5,3,47,0,4.0,0
2019,8,PR,0,1,6,1,44,1960.0,0,0,7,7,35,1,9.0,0
2019,1,PR,0,1,6,3,44,2125.0,0,0,7,6,29,1,2.0,0
2019,1,PR,0,1,6,4,44,3000.0,0,0,7,7,55,1,2.0,0
2019,12,PR,0,1,11,6,44,2491.0,0,0,7,7,38,1,8.0,0
2019,8,PR,1,1,25,1,44,2697.0,0,0,7,7,41,1,8.0,1
2018,1,PR,0,1,43,3,44,1269.0,0,0,5,7,24,1,2.0,0
2018,12,PR,1,3,2,1,44,1160.0,0,0,2,7,22,0,2.0,1
2019,3,PR,0,1,4,2,44,1392.0,0,0,8,7,32,1,2.0,0
2018,9,PR,0,1,4,3,44,1455.0,0,0,7,6,61,1,2.0,0
2019,8,PR,0,1,4,3,44,1273.0,0,0,7,7,27,1,8.0,0
2018,7,PR,1,1,2,1,44,954.0,0,0,4,9,23,1,2.0,1
2018,5,PR,0,1,43,3,44,1147.0,0,0,5,4,44,1,9.0,0
2018,3,PR,1,1,2,4,44,1228.0,0,0,5,7,25,0,2.0,1
2019,9,PR,0,1,4,3,44,998.0,0,0,3,7,30,1,2.0,0
2018,7,PR,0,1,6,3,44,1293.0,0,0,4,6,26,0,2.0,0
2019,7,PR,0,1,11,2,44,1300.0,0,0,7,3,29,1,8.0,0
2019,7,PR,1,1,2,1,44,1312.0,0,0,5,8,22,0,2.0,1
2018,7,PR,0,1,6,6,44,1315.0,0,0,7,7,20,1,8.0,0
2018,4,PR,0,1,4,1,44,1275.0,0,0,5,7,25,0,2.0,0
2019,1,PR,0,1,4,5,44,1255.0,0,0,7,5,28,1,2.0,0
2018,1,PR,1,1,2,3,44,954.0,0,0,7,7,19,0,2.0,1
2018,1,PR,1,1,1,9,44,1205.0,0,0,8,2,26,0,8.0,1
2019,12,PR,1,1,2,1,44,1987.0,0,0,7,7,28,1,2.0,1
2019,7,PR,0,1,4,9,44,2421.0,0,0,8,5,26,0,2.0,0
2018,5,PR,0,1,6,9,44,1620.0,0,0,7,6,23,1,8.0,0
2018,4,PR,0,1,11,9,44,1190.0,0,0,8,7,19,1,8.0,0
2018,1,PR,0,1,4,1,44,1277.0,0,0,7,7,36,1,9.0,0
2019,12,PR,0,1,11,4,44,998.0,0,0,6,3,59,0,2.0,0
2019,2,PR,1,1,2,5,44,1295.0,0,0,7,7,33,1,2.0,1
2019,6,PR,1,1,2,1,44,2310.0,0,0,7,7,46,1,9.0,1
2019,9,PR,1,1,2,5,44,1095.0,0,0,8,7,30,1,2.0,1
2018,8,PR,0,1,4,4,44,1570.0,0,0,7,7,48,0,2.0,0
2018,11,PR,0,1,4,9,44,1596.0,0,0,7,7,46,1,2.0,0
2019,6,PR,0,1,4,4,44,2292.0,0,0,7,7,61,0,9.0,0
2019,6,PR,0,1,4,1,44,1336.0,0,0,5,6,24,0,2.0,0
2019,12,PR,1,1,10,4,44,1388.0,0,0,8,6,46,1,2.0,1
2019,5,PR,0,1,4,4,44,1069.0,0,0,9,7,25,1,2.0,0
2019,9,PR,0,1,6,6,44,1909.0,0,0,9,5,64,1,4.0,0
2018,7,PR,0,3,4,1,44,1511.0,0,0,6,6,28,1,2.0,0
2019,3,PR,0,3,4,1,44,1306.0,0,0,4,7,30,0,2.0,0
2019,4,PR,0,1,11,4,44,998.0,0,0,7,7,18,1,2.0,0
2019,10,PR,1,1,2,3,44,1574.0,0,0,7,5,31,1,9.0,1
2018,5,PR,1,1,2,4,44,1289.0,0,0,7,4,44,0,8.0,1
2018,7,PR,0,1,4,5,44,2250.0,0,0,4,8,25,0,4.0,0
2019,3,PR,0,3,11,5,44,1306.0,0,0,7,3,20,1,2.0,0
2018,12,PR,1,1,1,6,28,887.0,1,0,4,7,18,0,2.0,1
2018,8,PR,1,1,2,2,44,1079.0,0,0,5,7,28,0,9.0,1
2018,2,PR,1,1,2,2,44,1270.0,0,0,4,6,18,1,2.0,1
2018,1,PR,1,1,2,9,36,1377.0,0,0,3,7,45,0,2.0,1
2018,8,PR,1,1,2,1,44,4154.0,0,0,2,7,42,0,2.0,1
2018,8,PR,1,1,2,9,36,1530.0,0,0,3,7,25,0,2.0,1
2019,3,PR,0,1,4,2,44,1365.0,0,0,5,7,18,1,2.0,0
2019,6,PR,0,1,6,3,44,1870.0,0,0,7,7,57,1,2.0,0
2019,6,PR,0,1,6,3,44,1079.0,0,0,5,7,27,0,2.0,0
2019,1,PR,0,1,6,9,36,2550.0,0,0,2,9,25,0,2.0,0
2018,9,PR,0,1,11,1,44,954.0,0,0,5,7,21,1,9.0,0
2018,10,PR,0,1,11,5,44,1117.0,0,0,7,5,19,0,2.0,0
2018,3,PR,1,1,1,2,44,1315.0,0,0,4,6,29,1,2.0,1
2018,5,PR,1,1,1,4,40,2000.0,0,0,4,9,28,0,2.0,1
2019,5,PR,1,1,2,3,44,1438.0,0,0,5,7,35,1,2.0,1
2018,12,PR,1,1,2,3,44,2500.0,0,0,5,6,20,1,2.0,1
2019,11,PR,1,1,2,8,44,2619.0,0,0,7,4,35,1,2.0,1
2018,10,PR,0,1,4,1,44,1390.0,0,0,4,4,44,0,2.0,0
2018,11,PR,0,1,4,2,44,1390.0,0,0,5,6,27,0,2.0,0
2018,1,PR,0,1,4,6,44,1284.0,0,0,4,6,21,1,8.0,0
2019,1,PR,0,1,11,4,44,1581.0,0,0,5,6,19,1,2.0,0
2018,11,PR,0,1,11,8,36,2109.0,0,0,2,9,45,0,2.0,0
2019,1,PR,1,1,1,4,22,499.0,0,0,4,6,25,1,2.0,1
2018,8,PR,0,1,4,4,44,954.0,0,0,5,7,44,0,2.0,0
2018,5,PR,1,1,1,9,44,1495.0,0,0,6,5,21,0,2.0,1
2019,3,PR,0,1,4,7,44,1479.0,0,0,7,7,19,1,8.0,0
2018,12,PR,1,1,2,1,22,623.0,0,0,5,7,20,0,8.0,1
2018,5,PR,0,1,4,3,44,1131.0,0,0,5,2,48,0,2.0,0
2019,12,PR,1,1,1,9,44,1617.0,0,0,8,5,24,0,8.0,1
2018,2,PR,1,1,1,3,44,1210.0,0,0,5,7,31,1,8.0,1
2019,7,PR,1,1,1,3,44,1700.0,0,0,2,9,27,0,2.0,1
2018,10,PR,1,1,2,7,40,1394.0,0,0,3,7,22,0,2.0,1
2018,9,PR,1,1,2,8,44,1576.0,0,0,3,7,51,1,2.0,1
2019,7,PR,1,1,2,1,44,1870.0,0,0,7,7,27,1,2.0,1
2019,5,PR,1,1,2,3,44,1200.0,0,0,7,7,37,0,9.0,1
2018,7,PR,1,1,2,3,44,1826.0,0,0,7,7,35,1,2.0,1
2019,10,PR,1,1,2,7,44,1870.0,0,0,7,5,25,1,2.0,1
2019,11,PR,1,1,2,1,44,1192.0,0,0,5,7,30,1,9.0,1
2018,7,PR,1,1,2,3,44,1600.0,0,0,7,7,26,1,9.0,1
2019,11,PR,1,1,2,3,44,1374.0,0,0,4,7,31,0,9.0,1
2018,8,PR,1,1,2,8,44,1289.0,0,0,8,4,30,1,2.0,1
2019,1,PR,1,1,2,2,44,1300.0,0,0,7,7,24,1,9.0,1
2018,6,PR,1,1,2,6,44,1294.0,0,0,8,7,20,1,8.0,1
2019,9,PR,1,1,2,2,44,1251.0,0,0,5,7,22,0,9.0,1
2019,9,PR,1,1,2,5,44,1339.0,0,0,7,4,31,1,8.0,1
2019,12,PR,1,1,2,2,44,1374.0,0,0,4,6,27,0,2.0,1
2019,3,PR,1,1,2,4,40,1100.0,0,0,5,7,45,0,9.0,1
2019,1,PR,1,3,2,2,44,1784.0,0,0,7,4,57,1,8.0,1
2018,2,PR,1,1,2,1,20,1350.0,0,0,3,9,38,0,2.0,1
2019,7,PR,1,1,2,2,44,1042.0,0,0,4,7,21,1,9.0,1
2019,3,PR,1,1,2,4,44,1251.0,0,0,5,7,34,1,9.0,1
2019,8,PR,1,1,2,2,44,1500.0,0,0,2,7,20,1,9.0,1
2019,1,PR,1,1,2,5,44,1784.0,0,0,7,5,31,1,2.0,1
2019,9,PR,1,1,2,1,44,1870.0,0,0,7,7,31,1,9.0,1
2018,9,PR,1,1,2,3,44,2477.0,0,0,3,7,49,1,9.0,1
2019,4,PR,1,1,2,3,36,1587.0,0,0,8,5,26,1,2.0,1
2018,2,PR,1,1,2,6,44,954.0,0,0,7,6,20,1,8.0,1
2018,7,PR,1,1,2,2,44,1315.0,0,0,7,7,31,1,2.0,1
2019,1,PR,1,1,2,2,44,1315.0,0,0,4,7,32,0,9.0,1
2018,5,PR,0,1,4,3,44,1648.0,0,0,7,7,27,1,2.0,0
2018,3,PR,0,1,4,6,44,1229.0,0,0,5,7,52,0,2.0,0
2019,12,PR,0,3,4,1,44,1247.0,0,0,3,7,23,0,2.0,0
2019,2,PR,0,1,4,4,44,1471.0,0,0,6,5,45,1,2.0,0
2018,8,PR,0,1,4,2,44,2118.0,0,0,3,5,34,1,2.0,0
2018,12,PR,0,1,4,5,44,1500.0,0,0,2,9,25,1,2.0,0
2018,3,PR,0,1,4,1,44,1265.0,0,0,4,7,42,0,2.0,0
2018,5,PR,0,1,4,3,44,954.0,0,0,4,7,18,1,2.0,0
2018,8,PR,0,1,4,2,44,1215.0,0,0,5,7,41,0,8.0,0
2018,11,PR,0,1,4,1,44,1528.0,0,0,3,7,33,0,8.0,0
2018,12,PR,0,1,4,9,44,1170.0,0,0,5,5,46,0,2.0,0
2019,1,PR,0,1,4,7,44,1784.0,0,0,7,6,54,1,2.0,0
2019,5,PR,0,1,4,3,44,1094.0,0,0,7,7,41,0,8.0,0
2018,12,PR,0,1,4,2,44,1318.0,0,0,4,6,22,0,2.0,0
2019,3,PR,0,1,4,9,44,1391.0,0,0,4,7,20,1,2.0,0
2018,12,PR,0,1,4,4,44,6087.0,0,0,2,9,40,0,2.0,0
2019,4,PR,0,1,6,8,44,2000.0,0,0,2,9,38,0,2.0,0
2019,7,PR,0,1,6,1,44,1237.0,0,0,4,7,29,0,2.0,0
2018,7,PR,0,1,6,8,36,1422.0,0,0,3,7,38,0,2.0,0
2019,8,PR,0,1,6,4,44,3000.0,0,0,4,9,29,1,2.0,0
2019,8,PR,0,1,6,1,44,1380.0,0,0,5,7,21,1,2.0,0
2019,1,PR,0,1,6,6,44,1339.0,0,0,5,7,33,0,2.0,0
2018,8,PR,0,1,6,7,44,954.0,0,0,7,7,29,0,8.0,0
2019,1,PR,0,1,6,8,44,1368.0,0,0,4,7,21,0,2.0,0
2019,9,PR,0,1,6,4,44,1308.0,0,0,4,7,33,0,9.0,0
2018,3,PR,0,1,6,2,44,1215.0,0,0,8,7,25,0,9.0,0
2018,11,PR,0,1,6,6,44,1493.0,0,0,8,9,27,0,2.0,0
2018,4,PR,0,1,6,4,44,1867.0,0,0,7,6,35,1,2.0,0
2018,5,PR,0,1,6,9,44,1331.0,0,0,8,4,22,0,2.0,0
2018,12,PR,0,1,11,4,44,1042.0,0,0,4,7,33,0,9.0,0
2018,2,PR,0,1,11,7,44,1276.0,0,0,4,7,20,0,2.0,0
2018,10,PR,1,1,2,2,44,2500.0,0,0,2,9,23,0,9.0,1
2018,10,PR,1,1,2,7,44,1339.0,0,0,7,6,24,1,8.0,1
2019,9,PR,1,1,2,2,44,1308.0,0,0,3,7,26,1,2.0,1
2018,4,PR,0,1,4,2,44,1751.0,0,0,7,5,32,1,9.0,0
2018,10,PR,0,1,6,6,44,1830.0,0,0,5,4,41,1,2.0,0
2019,5,PR,0,1,11,3,44,2695.0,0,0,7,4,39,1,2.0,0
2019,6,PR,1,1,2,1,44,998.0,0,0,5,4,43,0,2.0,1
2019,11,PR,1,1,2,5,44,1355.0,0,0,7,7,23,1,8.0,1
2019,7,PR,0,1,4,5,44,1000.0,0,0,3,7,31,1,2.0,0
2018,3,PR,0,1,4,4,44,1384.0,0,0,7,8,31,0,2.0,0
2019,1,PR,0,1,6,3,44,1672.0,0,0,3,7,30,1,2.0,0
2019,9,PR,0,1,6,1,44,1233.0,0,0,6,7,44,0,4.0,0
2018,2,PR,0,1,11,5,44,1392.0,0,0,7,7,42,0,2.0,0
2019,2,PR,1,1,2,1,44,1350.0,0,0,1,7,21,0,2.0,1
2018,3,PR,0,1,4,9,44,1040.0,0,0,6,4,42,0,2.0,0
2019,10,PR,1,1,2,8,40,1100.0,0,0,4,7,42,1,2.0,1
2018,5,PR,1,1,2,8,44,1259.0,0,0,5,7,48,1,8.0,1
2018,1,PR,1,1,2,3,44,1080.0,0,0,9,6,25,1,9.0,1
2019,6,PR,1,1,2,7,44,1138.0,0,0,7,7,28,1,2.0,1
2019,5,PR,1,1,2,7,44,2046.0,0,0,3,7,32,1,2.0,1
2018,7,PR,1,1,2,1,44,1870.0,0,0,7,5,44,1,4.0,1
2019,9,PR,1,1,2,7,36,2465.0,0,0,7,7,51,1,2.0,1
2019,9,PR,1,1,2,8,44,1547.0,0,0,9,7,35,1,2.0,1
2018,11,PR,1,1,2,2,44,1686.0,0,0,7,7,43,1,2.0,1
2019,4,PR,1,1,2,3,44,1400.0,0,0,4,7,38,1,2.0,1
2018,10,PR,1,1,2,1,44,2307.0,0,0,7,7,45,1,9.0,1
2018,8,PR,1,1,2,8,44,1229.0,0,0,5,7,19,1,9.0,1
2019,3,PR,0,1,4,1,44,1307.0,0,0,3,7,21,0,2.0,0
2019,11,PR,0,1,4,3,44,2346.0,0,0,7,7,31,1,2.0,0
2019,1,PR,0,1,4,5,44,2803.0,0,0,1,7,37,1,2.0,0
2019,3,PR,0,1,6,2,44,2000.0,0,0,3,7,24,0,9.0,0
2018,6,PR,0,1,6,1,44,1300.0,0,0,8,7,28,1,2.0,0
2019,11,PR,0,1,11,3,44,1250.0,0,0,7,1,61,1,9.0,0
2018,12,PR,0,1,11,6,44,1238.0,0,0,7,6,21,1,2.0,0
2019,5,PR,0,1,33,1,44,1100.0,0,0,7,7,30,1,4.0,0
2019,1,PR,0,1,4,9,44,1100.0,0,0,6,4,29,1,2.0,0
2019,12,PR,0,1,4,6,44,2192.0,0,0,7,2,68,1,8.0,0
2019,9,PR,0,1,6,3,44,1355.0,0,0,5,7,18,0,8.0,0
2018,7,PR,1,1,2,1,44,1270.0,0,0,4,7,21,0,2.0,1
2019,10,PR,1,1,2,1,44,1920.0,0,0,5,7,40,0,8.0,1
2019,9,PR,1,1,2,4,44,1500.0,0,0,3,7,22,0,2.0,1
2018,7,PR,0,1,4,4,44,2038.0,0,0,7,7,43,1,2.0,0
2019,8,PR,0,1,4,6,40,945.0,0,0,5,5,53,0,2.0,0
2018,6,PR,0,1,4,2,44,1314.0,0,0,5,7,31,1,8.0,0
2018,12,PR,0,1,4,3,44,1041.0,0,0,5,7,63,1,8.0,0
2019,12,PR,0,1,11,4,44,1160.0,0,0,5,7,43,0,9.0,0
2019,5,PR,1,1,2,6,44,1347.0,0,0,7,7,27,1,2.0,1
2018,1,PR,0,1,4,5,44,1511.0,0,0,5,7,39,0,2.0,0
2018,9,PR,0,1,6,1,44,2000.0,0,0,8,3,40,1,2.0,0
2018,10,PR,0,1,33,6,44,2385.0,0,0,7,7,28,1,2.0,0
2019,11,PR,1,1,2,4,44,1355.0,0,0,5,7,23,1,2.0,1
2018,3,PR,1,1,2,6,44,1256.0,0,0,7,7,23,1,2.0,1
2019,12,PR,0,1,4,8,44,1640.0,0,0,8,4,26,0,2.0,0
2018,6,PR,0,1,11,3,44,954.0,0,0,5,4,18,1,8.0,0
2018,1,PR,0,1,4,3,44,1366.0,0,0,8,5,26,0,2.0,0
2018,7,PR,1,1,1,7,30,940.0,1,0,4,6,15,1,2.0,1
2018,2,PR,1,1,1,5,44,1333.0,0,0,3,8,22,0,9.0,1
2019,12,PR,1,1,1,4,44,1477.0,0,0,4,7,21,0,2.0,1
2018,2,PR,1,1,1,1,44,1200.0,0,0,7,5,25,1,9.0,1
2018,7,PR,1,1,1,1,40,1006.0,0,0,4,7,35,0,9.0,1
2018,6,PR,1,1,1,2,44,1270.0,0,0,5,7,24,0,4.0,1
2019,7,PR,1,1,1,1,40,2100.0,0,0,3,9,37,0,2.0,1
2018,2,PR,1,1,1,4,20,850.0,0,0,2,9,26,0,2.0,1
2019,9,PR,1,1,1,2,44,1350.0,0,0,5,7,30,1,9.0,1
2019,5,PR,1,1,1,3,36,972.0,0,0,5,7,20,0,8.0,1
2019,3,PR,1,1,1,6,36,998.0,0,0,4,8,18,0,2.0,1
2019,2,PR,1,3,1,1,44,1680.0,0,0,6,7,19,1,2.0,1
2018,5,PR,1,1,2,1,44,1350.0,0,0,3,9,25,1,8.0,1
2018,5,PR,1,1,2,1,44,1520.0,0,0,5,7,34,1,9.0,1
2018,10,PR,1,3,2,5,44,1945.0,0,0,7,4,44,1,9.0,1
2018,8,PR,1,1,2,9,44,1832.0,0,1,4,7,47,1,2.0,1
2019,9,PR,1,1,2,4,44,1379.0,0,0,7,7,25,1,2.0,1
2019,8,PR,1,1,2,2,44,1500.0,0,0,4,7,29,0,2.0,1
2019,11,PR,1,1,2,1,44,2233.0,0,0,7,5,40,1,2.0,1
2019,7,PR,1,1,2,8,44,1411.0,0,0,5,7,52,1,9.0,1
2018,2,PR,1,1,2,9,25,670.0,0,0,5,5,50,0,2.0,1
2018,3,PR,1,1,2,6,20,752.0,0,0,4,7,28,0,2.0,1
2018,7,PR,1,1,2,8,44,1530.0,0,0,4,8,28,1,2.0,1
2019,3,PR,1,1,2,1,44,1850.0,0,0,5,7,50,0,9.0,1
2018,8,PR,1,1,2,1,44,2000.0,0,0,2,9,23,0,2.0,1
2019,7,PR,1,1,2,4,44,1605.0,0,0,3,9,27,0,9.0,1
2019,4,PR,1,1,2,7,36,1352.0,0,0,4,7,26,0,8.0,1
2019,11,PR,1,1,2,1,44,1216.0,0,0,5,5,22,1,2.0,1
2018,3,PR,1,1,2,5,44,1545.0,0,0,4,7,20,1,9.0,1
2018,12,PR,1,1,2,3,44,1853.0,0,0,7,6,47,1,2.0,1
2018,5,PR,1,1,2,1,44,1350.0,0,0,5,7,41,0,2.0,1
2019,6,PR,1,1,2,5,44,1355.0,0,0,9,8,21,1,2.0,1
2019,12,PR,1,1,2,3,44,4420.0,0,0,5,9,35,0,2.0,1
2019,1,PR,1,1,2,1,44,1260.0,0,0,1,7,34,1,9.0,1
2018,4,PR,1,1,2,8,44,1269.0,0,0,4,7,20,1,8.0,1
2019,8,PR,1,1,2,3,44,1400.0,0,0,5,5,62,1,8.0,1
2019,11,PR,1,1,2,2,44,5770.0,0,0,1,9,38,1,2.0,1
2018,8,PR,1,1,2,8,36,954.0,0,0,4,7,30,0,2.0,1
2019,11,PR,1,1,2,5,44,3500.0,0,0,1,7,27,1,2.0,1
2018,4,PR,1,3,2,1,44,3495.0,0,0,7,7,47,1,2.0,1
2019,10,PR,1,1,2,9,40,2955.0,0,0,3,9,27,0,2.0,1
2018,12,PR,1,1,2,4,44,1518.0,0,0,3,7,20,1,2.0,1
2019,11,PR,1,1,2,1,44,1280.0,0,0,7,7,34,1,2.0,1
2018,8,PR,1,1,2,1,44,1130.0,0,0,4,7,21,1,9.0,1
2019,9,PR,1,1,2,9,20,550.0,0,0,5,5,37,0,2.0,1
2018,5,PR,1,1,2,7,44,1867.0,0,0,7,4,26,1,8.0,1
2018,4,PR,1,1,2,3,44,1269.0,0,0,5,7,24,0,2.0,1
2018,9,PR,1,1,2,4,44,1220.0,0,0,5,6,18,1,9.0,1
2018,9,PR,1,1,2,6,44,1060.0,0,0,7,6,25,1,8.0,1
2019,8,PR,1,1,2,5,40,5000.0,0,0,2,9,35,1,2.0,1
2018,7,PR,1,1,2,4,44,2100.0,0,0,7,6,53,1,9.0,1
2019,10,PR,1,1,2,9,36,1139.0,0,0,4,7,20,0,2.0,1
2019,3,PR,1,1,2,3,44,1405.0,0,0,5,7,31,1,2.0,1
2019,11,PR,1,1,2,1,44,1960.0,0,0,7,7,57,1,2.0,1
2018,2,PR,1,1,2,8,44,1386.0,0,0,5,4,48,0,2.0,1
2018,4,PR,1,1,2,3,44,1275.0,0,0,5,9,55,1,2.0,1
2019,7,PR,1,1,2,1,44,1557.0,0,0,7,8,27,1,9.0,1
2019,11,PR,1,1,2,1,44,1299.0,0,0,4,7,55,1,2.0,1
2019,7,PR,1,1,2,6,44,1253.0,0,0,5,7,20,1,9.0,1
2019,12,PR,1,1,2,1,44,1366.0,0,0,4,7,26,1,8.0,1
2019,9,PR,1,1,2,7,44,1037.0,0,0,7,7,36,1,2.0,1
2019,4,PR,1,1,2,9,32,726.0,1,0,4,7,17,1,2.0,1
2019,2,PR,1,1,2,3,44,1280.0,0,0,5,6,22,0,8.0,1
2018,5,PR,1,1,2,1,40,1243.0,0,0,4,8,22,1,2.0,1
2018,2,PR,1,1,2,4,44,1229.0,0,0,5,7,23,1,2.0,1
2019,11,PR,1,1,2,3,36,985.0,0,0,4,6,29,1,9.0,1
2019,2,PR,1,1,2,5,44,1373.0,0,0,7,5,26,1,2.0,1
2019,7,PR,1,1,2,9,44,1172.0,0,0,3,7,32,1,2.0,1
2019,9,PR,1,1,2,1,44,1308.0,0,0,4,9,44,0,9.0,1
2018,3,PR,1,1,2,9,36,954.0,0,0,4,8,19,1,8.0,1
2018,10,PR,1,1,2,1,44,1280.0,0,0,5,7,21,1,2.0,1
2019,2,PR,1,1,2,6,44,1333.0,0,0,4,7,33,0,2.0,1
2019,1,PR,1,1,2,5,44,1870.0,0,0,7,5,43,1,2.0,1
2018,10,PR,1,1,2,6,44,982.0,0,0,5,3,43,0,8.0,1
2019,9,PR,1,1,2,3,44,2500.0,0,0,1,6,32,1,8.0,1
2019,10,PR,1,1,2,2,44,1380.0,0,0,5,7,18,0,9.0,1
2019,9,PR,1,1,2,9,44,1079.0,0,0,5,7,19,1,8.0,1
2019,1,PR,1,1,2,5,44,1870.0,0,0,7,2,53,1,2.0,1
2018,9,PR,1,1,2,3,44,1806.0,0,0,7,7,19,1,9.0,1
2019,9,PR,1,1,2,4,44,1366.0,0,0,5,7,25,0,2.0,1
2018,1,PR,1,1,2,3,44,1300.0,0,0,4,7,44,0,2.0,1
2019,1,PR,1,1,2,6,44,1365.0,0,0,5,7,21,1,2.0,1
2019,5,PR,1,1,2,1,44,1307.0,0,0,5,9,26,1,2.0,1
2018,11,PR,1,1,2,9,36,1530.0,0,0,3,7,46,0,2.0,1
2018,6,PR,1,1,2,2,44,1275.0,0,0,4,7,28,0,2.0,1
2018,10,PR,1,1,2,2,44,1609.0,0,0,5,7,29,0,9.0,1
2019,4,PR,1,1,2,8,36,998.0,0,0,4,8,28,1,2.0,1
2019,10,PR,1,1,2,9,36,1396.0,0,0,5,7,36,1,2.0,1
2018,8,PR,1,1,2,6,44,1441.0,0,0,5,5,33,1,2.0,1
2018,5,PR,1,1,2,7,44,1000.0,0,0,5,7,27,1,2.0,1
2018,4,PR,1,1,2,4,44,1300.0,0,0,4,7,25,0,8.0,1
2019,1,PR,1,1,2,4,36,1020.0,0,0,7,7,23,0,9.0,1
2019,2,PR,1,1,2,9,43,1198.0,0,0,5,4,58,0,2.0,1
2019,8,PR,1,1,2,9,44,2257.0,0,0,5,7,22,1,2.0,1
2018,10,PR,1,1,2,6,44,1568.0,0,0,7,7,32,1,2.0,1
2018,1,PR,1,1,2,7,44,1791.0,0,0,5,7,33,1,2.0,1
2019,4,PR,1,1,2,9,36,1539.0,0,0,5,8,27,1,2.0,1
2019,8,PR,1,1,2,1,44,1366.0,0,0,4,7,21,1,2.0,1
2018,3,PR,1,1,2,7,32,2018.0,0,0,5,4,55,1,8.0,1
2019,4,PR,1,1,2,9,44,1172.0,0,0,3,7,28,1,8.0,1
2019,8,PR,1,1,2,1,44,1260.0,0,0,5,7,19,0,9.0,1
2019,6,PR,1,1,2,5,44,1307.0,0,0,5,7,28,1,2.0,1
2019,1,PR,1,1,2,1,40,1800.0,0,0,2,9,23,1,2.0,1
2019,12,PR,1,1,2,6,44,1650.0,0,0,7,5,30,1,2.0,1
2019,5,PR,1,1,2,9,44,1589.0,0,0,3,7,23,1,2.0,1
2018,2,PR,1,1,2,1,40,1154.0,0,0,3,7,18,1,9.0,1
2019,9,PR,1,1,2,9,20,550.0,0,0,5,5,37,0,2.0,1
2018,11,PR,1,1,2,1,44,2511.0,0,0,5,7,33,1,9.0,1
2019,8,PR,1,1,2,5,44,3162.0,0,0,7,7,39,1,2.0,1
2019,7,PR,1,1,2,9,44,1172.0,0,0,3,7,32,1,2.0,1
2018,7,PR,1,1,2,8,40,1800.0,0,0,2,9,43,0,2.0,1
2019,4,PR,1,1,2,9,44,1172.0,0,0,3,7,28,1,8.0,1
2019,7,PR,1,1,2,9,36,998.0,0,0,4,7,37,0,8.0,1
2019,6,PR,1,1,2,2,44,1316.0,0,0,7,7,21,1,2.0,1
2019,2,PR,1,1,2,1,44,1500.0,0,0,5,7,24,1,9.0,1
2018,9,PR,1,1,2,4,40,1279.0,0,0,5,7,28,0,2.0,1
2019,5,PR,1,1,2,1,44,1300.0,0,0,4,9,26,1,2.0,1
2018,2,PR,1,1,2,5,30,850.0,0,0,5,7,32,0,2.0,1
2019,11,PR,1,1,2,1,36,1392.0,0,0,5,7,33,1,8.0,1
2018,2,PR,1,1,2,2,44,1049.0,0,0,5,7,40,1,2.0,1
2018,10,PR,1,1,2,2,44,1302.0,0,0,5,2,33,0,2.0,1
2018,4,PR,1,1,2,4,36,1700.0,0,0,5,7,28,1,2.0,1
2019,2,PR,1,1,2,9,36,998.0,0,0,4,8,41,1,2.0,1
2018,8,PR,1,1,2,1,44,1270.0,0,0,5,7,40,0,2.0,1
2019,8,PR,1,1,2,6,24,544.0,1,0,5,6,16,1,2.0,1
2018,10,PR,1,1,2,3,44,1473.0,0,0,5,6,23,1,2.0,1
2018,5,PR,1,1,2,2,44,1300.0,0,0,4,7,21,1,9.0,1
2018,5,PR,1,1,2,2,35,1200.0,0,0,5,7,49,0,2.0,1
2018,12,PR,1,1,2,5,44,1474.0,0,0,7,7,19,1,2.0,1
2018,1,PR,1,1,2,7,44,1231.0,0,0,7,9,38,1,2.0,1
2018,1,PR,1,1,2,6,44,1270.0,0,0,4,7,20,1,9.0,1
2019,8,PR,1,1,2,1,44,1293.0,0,0,5,5,41,0,2.0,1
2018,9,PR,1,1,2,8,40,982.0,0,0,4,7,19,0,2.0,1
2018,7,PR,1,1,2,9,40,1076.0,0,0,5,5,47,1,2.0,1
2019,2,PR,1,1,2,4,44,1260.0,0,0,5,7,42,0,9.0,1
2019,1,PR,1,1,2,3,44,4700.0,0,0,4,9,32,0,2.0,1
2018,7,PR,1,1,2,3,40,2600.0,0,0,2,9,31,0,2.0,1
2018,6,PR,1,1,2,2,36,997.0,0,0,5,7,25,1,2.0,1
2018,8,PR,1,1,2,5,44,1277.0,0,0,5,6,22,0,2.0,1
2019,11,PR,1,1,2,9,44,1736.0,0,0,5,7,43,1,9.0,1
2018,3,PR,1,1,2,4,44,1324.0,0,0,7,7,24,1,9.0,1
2019,4,PR,1,1,2,2,44,1260.0,0,0,5,7,25,1,9.0,1
2019,8,PR,1,1,2,9,44,1323.0,0,0,4,4,27,1,4.0,1
2018,12,PR,1,1,2,1,40,3700.0,0,0,2,9,37,0,2.0,1
2019,4,PR,1,1,2,7,36,1352.0,0,0,4,7,26,0,8.0,1
2019,8,PR,1,1,2,6,24,544.0,1,0,5,6,16,1,2.0,1
2019,7,PR,1,1,2,7,44,1398.0,0,0,1,7,30,1,2.0,1
2019,7,PR,1,1,2,2,44,1264.0,0,0,2,9,32,0,8.0,1
2019,5,PR,1,1,2,8,44,1210.0,0,0,5,4,65,0,2.0,1
2019,10,PR,1,1,2,1,30,1174.0,0,0,3,5,58,1,2.0,1
2019,8,PR,1,1,2,5,36,1172.0,0,0,5,7,26,1,9.0,1
2019,11,PR,1,1,2,3,36,985.0,0,0,4,6,29,1,9.0,1
2019,4,PR,1,1,2,2,44,1260.0,0,0,5,7,23,0,9.0,1
2019,4,PR,1,1,2,2,44,1466.0,0,0,6,7,25,1,9.0,1
2018,9,PR,1,1,2,9,40,1610.0,0,0,7,7,34,1,2.0,1
2019,9,PR,1,1,2,9,20,550.0,0,0,5,5,37,0,2.0,1
2018,6,PR,1,1,2,1,44,1269.0,0,0,5,7,20,0,2.0,1
2019,1,PR,1,1,2,1,44,1400.0,0,0,2,7,21,0,9.0,1
2018,1,PR,1,1,2,6,44,1270.0,0,0,4,7,20,1,9.0,1
2019,5,PR,1,1,2,6,44,1148.0,0,0,7,4,30,1,4.0,1
2018,9,PR,1,1,2,2,44,1380.0,0,0,4,7,21,0,2.0,1
2018,11,PR,1,1,2,2,44,1307.0,0,0,5,9,25,1,2.0,1
2019,4,PR,1,1,2,5,44,1365.0,0,0,4,5,20,1,2.0,1
2018,4,PR,1,1,2,9,20,487.0,1,0,4,7,17,0,2.0,1
2019,10,PR,1,1,2,8,40,1110.0,0,0,5,7,63,0,8.0,1
2019,12,PR,1,1,2,9,40,1100.0,0,0,5,5,40,0,2.0,1
2019,9,PR,1,1,2,9,44,1079.0,0,0,5,7,19,1,8.0,1
2019,6,PR,1,1,2,9,36,1562.0,0,0,3,7,43,0,9.0,1
2018,5,PR,1,1,2,1,44,1695.0,0,0,3,7,28,0,2.0,1
2019,8,PR,1,1,2,6,24,544.0,1,0,5,6,16,1,2.0,1
2019,2,PR,1,1,2,9,44,1728.0,0,0,4,9,25,0,8.0,1
2019,10,PR,1,1,2,3,44,1491.0,0,0,5,7,23,1,4.0,1
2018,6,PR,1,1,2,6,40,1700.0,0,0,4,9,25,0,2.0,1
2018,10,PR,1,1,2,9,44,1682.0,0,0,4,7,20,0,2.0,1
2018,1,PR,1,1,2,5,44,2259.0,0,0,7,6,36,1,8.0,1
2018,8,PR,1,1,2,3,44,2150.0,0,0,5,7,36,1,2.0,1
2018,4,PR,1,1,2,1,36,1050.0,0,0,4,7,18,0,9.0,1
2019,7,PR,1,1,2,2,44,1301.0,0,0,7,7,35,0,9.0,1
2018,3,PR,1,1,2,2,40,3500.0,0,0,2,9,41,1,2.0,1
2019,1,PR,1,1,2,3,44,1447.0,0,0,5,7,25,1,2.0,1
2018,2,PR,1,1,2,4,44,1347.0,0,0,3,7,37,1,2.0,1
2018,12,PR,1,1,2,4,44,0.0,0,0,5,7,29,1,2.0,1
2019,11,PR,1,1,2,5,44,1308.0,0,0,3,9,25,1,2.0,1
2018,8,PR,1,1,2,9,36,1684.0,0,0,7,7,39,1,2.0,1
2019,4,PR,1,1,2,3,44,1472.0,0,0,7,7,19,1,2.0,1
2019,4,PR,1,1,2,3,44,1200.0,0,0,5,7,28,0,2.0,1
2019,9,PR,1,1,2,9,44,1079.0,0,0,5,7,19,1,8.0,1
2018,1,PR,0,1,4,9,30,795.0,0,0,4,7,21,0,8.0,0
2019,6,PR,0,1,4,4,44,1345.0,0,0,5,7,54,1,2.0,0
2018,6,PR,0,1,4,2,36,1244.0,0,0,3,7,27,1,2.0,0
2018,5,PR,0,1,4,9,44,1300.0,0,0,3,7,25,0,4.0,0
2018,7,PR,0,1,4,4,44,4935.0,0,0,1,9,48,0,2.0,0
2019,8,PR,0,1,4,8,44,1492.0,0,0,5,7,31,0,8.0,0
2018,4,PR,0,1,4,4,44,1207.0,0,0,7,7,27,1,2.0,0
2019,1,PR,0,1,4,4,44,1297.0,0,0,5,7,25,0,2.0,0
2019,10,PR,0,1,4,2,36,1500.0,0,0,8,7,20,1,9.0,0
2018,11,PR,0,1,4,1,44,1307.0,0,0,5,7,20,0,9.0,0
2019,10,PR,0,1,4,6,36,1509.0,0,0,3,7,31,0,2.0,0
2018,5,PR,0,1,4,6,40,7226.0,0,0,2,9,30,1,2.0,0
2019,10,PR,0,1,4,6,44,1185.0,0,0,5,5,55,0,2.0,0
2018,5,PR,0,1,4,9,44,1207.0,0,0,5,7,24,0,8.0,0
2019,6,PR,0,1,4,4,44,1307.0,0,0,5,7,31,1,8.0,0
2019,12,PR,0,1,4,4,44,1929.0,0,0,8,6,41,1,2.0,0
2018,6,PR,0,1,4,9,44,1677.0,0,0,5,5,28,1,2.0,0
2018,6,PR,0,1,4,3,44,1788.0,0,0,7,7,50,1,9.0,0
2018,1,PR,0,1,4,2,44,1800.0,0,0,8,7,41,1,2.0,0
2018,11,PR,0,1,4,4,44,1446.0,0,0,7,7,27,1,9.0,0
2018,9,PR,0,1,4,1,44,1430.0,0,0,3,6,22,1,2.0,0
2018,12,PR,0,1,4,5,44,1464.0,0,0,6,3,44,1,9.0,0
2018,5,PR,0,1,4,9,36,954.0,0,0,4,7,38,0,8.0,0
2018,8,PR,0,1,4,1,44,2640.0,0,0,7,7,41,1,2.0,0
2019,5,PR,0,1,4,6,44,1351.0,0,0,9,9,27,1,9.0,0
2019,4,PR,0,1,4,8,44,1622.0,0,0,7,7,41,1,2.0,0
2018,11,PR,0,1,4,4,44,1326.0,0,0,5,9,40,0,2.0,0
2018,6,PR,0,1,4,3,44,1243.0,0,0,4,7,33,0,9.0,0
2018,4,PR,0,1,4,2,44,2800.0,0,0,8,7,37,1,2.0,0
2019,11,PR,0,1,4,6,44,6532.0,0,0,3,9,34,1,6.0,0
2018,6,PR,0,1,4,2,44,1810.0,0,0,7,6,30,1,2.0,0
2018,8,PR,0,1,4,2,44,1360.0,0,0,5,7,27,0,2.0,0
2019,4,PR,0,1,4,9,33,954.0,0,0,5,4,44,0,2.0,0
2018,9,PR,0,1,4,9,44,1792.0,0,0,4,7,61,0,6.0,0
2019,6,PR,0,1,4,1,40,1293.0,0,0,5,6,58,0,2.0,0
2018,10,PR,0,1,4,2,44,1600.0,0,0,5,7,24,1,2.0,0
2018,2,PR,0,1,4,2,44,1689.0,0,0,7,7,36,1,9.0,0
2018,1,PR,0,1,4,2,44,1200.0,0,0,5,6,40,1,2.0,0
2018,2,PR,0,1,4,2,44,1100.0,0,0,4,7,27,0,2.0,0
2018,8,PR,0,1,4,3,44,1269.0,0,0,5,7,32,0,2.0,0
2019,9,PR,0,1,4,3,44,1117.0,0,0,5,7,31,1,2.0,0
2018,7,PR,0,1,4,9,44,4652.0,0,0,2,9,32,0,2.0,0
2019,3,PR,0,1,4,1,44,1401.0,0,0,1,5,42,0,9.0,0
2019,5,PR,0,1,4,1,44,1840.0,0,0,4,7,36,0,2.0,0
2019,8,PR,0,1,4,4,40,2677.0,0,0,2,7,29,1,9.0,0
2019,1,PR,0,1,4,6,44,1089.0,0,0,5,7,32,1,8.0,0
2019,9,PR,0,1,4,4,44,1742.0,0,0,4,7,31,1,2.0,0
2018,7,PR,0,1,4,5,44,1366.0,0,0,7,7,21,1,2.0,0
2018,3,PR,0,1,4,3,40,1987.0,0,0,8,7,27,1,8.0,0
2019,3,PR,0,1,4,4,44,1408.0,0,0,7,2,55,1,2.0,0
2019,8,PR,0,1,4,1,44,2025.0,0,0,7,7,35,1,9.0,0
2018,5,PR,0,1,4,9,36,1846.0,0,0,3,7,42,0,9.0,0
2019,4,PR,0,1,4,3,44,1385.0,0,0,5,4,54,0,2.0,0
2018,4,PR,0,1,4,4,44,2363.0,0,0,1,7,28,1,2.0,0
2019,7,PR,0,1,4,8,44,1673.0,0,1,4,7,37,0,2.0,0
2019,6,PR,0,1,4,9,36,1046.0,0,0,4,7,20,0,2.0,0
2018,2,PR,0,1,4,3,44,1800.0,0,0,5,7,43,0,2.0,0
2018,9,PR,0,1,4,1,44,1434.0,0,0,7,7,55,1,9.0,0
2019,7,PR,0,1,4,9,44,3164.0,0,0,8,7,53,1,2.0,0
2018,5,PR,0,1,4,9,40,1214.0,0,0,4,7,21,1,2.0,0
2018,10,PR,0,1,4,3,44,1493.0,0,0,4,7,23,0,2.0,0
2018,2,PR,0,1,4,1,44,1282.0,0,0,7,7,60,1,2.0,0
2019,3,PR,0,1,4,7,44,1307.0,0,0,4,7,21,0,2.0,0
2019,1,PR,0,1,4,1,44,1308.0,0,0,5,7,18,1,9.0,0
2018,5,PR,0,1,4,3,44,1325.0,0,0,7,7,54,1,2.0,0
2018,3,PR,0,1,4,1,44,1714.0,0,0,3,7,23,1,9.0,0
2018,8,PR,0,1,4,2,36,1363.0,0,0,5,7,34,1,9.0,0
2019,7,PR,0,1,4,2,44,1411.0,0,0,5,7,64,1,9.0,0
2018,8,PR,0,1,4,4,44,1633.0,0,0,4,7,37,1,2.0,0
2019,8,PR,0,1,4,2,22,947.0,0,0,3,7,28,0,9.0,0
2018,9,PR,0,1,4,7,44,1231.0,0,0,7,8,24,1,2.0,0
2018,2,PR,0,1,4,1,44,1360.0,0,0,5,7,28,0,9.0,0
2019,12,PR,0,1,4,1,44,1580.0,0,0,7,5,24,1,8.0,0
2018,9,PR,0,1,4,9,36,954.0,0,0,4,7,22,0,8.0,0
2019,1,PR,0,1,4,6,44,2816.0,0,0,9,7,47,1,2.0,0
2019,6,PR,0,1,4,2,44,1260.0,0,0,5,5,29,0,8.0,0
2019,5,PR,0,1,4,8,44,1809.0,0,0,7,7,46,1,4.0,0
2019,3,PR,0,1,4,2,44,2138.0,0,0,4,7,37,0,8.0,0
2019,2,PR,0,1,4,4,44,1344.0,0,0,5,2,37,1,9.0,0
2018,6,PR,0,1,4,4,44,1380.0,0,0,3,9,33,0,2.0,0
2018,10,PR,0,1,4,7,44,1862.0,0,0,3,7,33,0,2.0,0
2018,6,PR,0,1,4,2,44,1102.0,0,0,4,7,40,0,2.0,0
2019,1,PR,0,1,4,5,44,1230.0,0,0,8,5,34,1,2.0,0
2018,11,PR,0,1,4,2,44,1500.0,0,0,7,7,60,1,2.0,0
2019,7,PR,0,1,4,2,44,1307.0,0,0,3,7,30,0,2.0,0
2019,1,PR,0,1,4,5,44,1290.0,0,0,7,7,18,1,9.0,0
2018,12,PR,0,1,4,4,30,867.0,0,0,3,8,20,0,9.0,0
2018,4,PR,0,1,4,3,44,1270.0,0,0,5,7,24,1,8.0,0
2018,11,PR,0,1,4,8,40,982.0,0,0,4,7,32,0,2.0,0
2019,9,PR,0,1,4,2,44,3685.0,0,0,5,7,28,1,2.0,0
2019,10,PR,0,1,4,1,44,1203.0,0,0,7,7,46,0,2.0,0
2019,4,PR,0,1,4,9,44,1337.0,0,0,4,7,30,1,4.0,0
2019,1,PR,0,1,4,6,40,1731.0,0,0,7,7,34,1,8.0,0
2018,2,PR,0,1,4,4,44,1810.0,0,0,7,7,34,1,2.0,0
2019,11,PR,0,1,4,6,44,3088.0,0,0,7,6,31,1,9.0,0
2019,6,PR,0,1,4,5,44,8000.0,0,0,5,9,31,0,2.0,0
2019,11,PR,0,1,4,1,44,1800.0,0,0,8,7,32,1,9.0,0
2018,1,PR,0,1,4,3,44,1242.0,0,0,3,7,25,0,9.0,0
2019,9,PR,0,1,4,5,36,1307.0,0,0,4,7,29,1,9.0,0
2019,11,PR,0,1,4,9,30,2636.0,0,0,4,9,31,0,2.0,0
2019,2,PR,0,1,4,5,44,972.0,0,0,7,7,28,1,9.0,0
2019,12,PR,0,1,4,2,44,2824.0,0,0,1,7,57,0,2.0,0
2019,1,PR,0,1,5,8,24,544.0,1,0,5,4,17,0,2.0,0
2018,4,PR,0,1,5,4,36,1270.0,0,0,4,7,34,0,2.0,0
2019,12,PR,0,1,5,2,44,1785.0,0,0,5,7,39,1,2.0,0
2018,12,PR,0,1,6,2,44,1300.0,0,0,4,9,27,0,2.0,0
2018,10,PR,0,1,6,6,44,3007.0,0,0,1,9,40,1,2.0,0
2019,9,PR,0,1,6,8,44,1306.0,0,0,5,6,27,0,2.0,0
2019,7,PR,0,1,6,4,44,2881.0,0,0,1,8,23,0,2.0,0
2019,3,PR,0,1,6,1,44,1260.0,0,0,5,7,20,0,2.0,0
2018,2,PR,0,1,6,2,44,1295.0,0,0,5,9,23,0,9.0,0
2018,2,PR,0,1,6,9,36,954.0,0,0,4,7,22,0,2.0,0
2019,12,PR,0,1,6,7,44,2117.0,0,0,7,7,55,1,9.0,0
2018,8,PR,0,1,6,6,40,2155.0,0,0,4,8,21,1,2.0,0
2018,10,PR,0,1,6,7,44,1126.0,0,0,5,7,19,1,2.0,0
2019,10,PR,0,1,6,6,44,5500.0,0,0,2,9,33,1,2.0,0
2019,12,PR,0,1,6,2,44,1411.0,0,0,5,7,26,1,2.0,0
2019,5,PR,0,1,6,1,44,1396.0,0,0,4,6,30,0,2.0,0
2019,7,PR,0,1,6,9,44,1870.0,0,0,7,7,48,1,8.0,0
2018,9,PR,0,1,6,3,44,2057.0,0,0,7,5,26,1,2.0,0
2019,7,PR,0,1,6,1,38,1088.0,0,0,5,6,24,0,9.0,0
2019,2,PR,0,1,6,4,44,1307.0,0,0,5,7,19,1,9.0,0
2019,11,PR,0,1,6,5,44,1600.0,0,0,5,7,22,1,2.0,0
2018,12,PR,0,1,6,2,44,1307.0,0,0,5,7,39,0,9.0,0
2018,9,PR,0,1,6,5,44,2457.0,0,0,5,7,24,1,9.0,0
2019,3,PR,0,1,6,1,40,1200.0,0,0,5,5,40,0,2.0,0
2018,5,PR,0,1,6,8,44,1237.0,0,0,4,6,33,1,2.0,0
2018,8,PR,0,1,6,9,44,1002.0,0,0,4,7,31,1,8.0,0
2019,4,PR,0,1,6,7,44,1035.0,0,0,7,7,26,1,2.0,0
2019,5,PR,0,1,6,6,44,1342.0,0,0,5,7,41,1,2.0,0
2018,7,PR,0,1,6,7,44,966.0,0,0,7,6,20,1,8.0,0
2018,3,PR,0,1,6,7,44,2545.0,0,0,4,8,29,1,2.0,0
2019,10,PR,0,1,6,7,44,1641.0,0,0,8,7,42,1,9.0,0
2019,2,PR,0,1,6,3,22,630.0,0,0,5,6,19,1,4.0,0
2019,3,PR,0,1,6,3,44,1870.0,0,0,7,7,33,1,9.0,0
2018,1,PR,0,1,6,4,44,1816.0,0,0,4,8,23,1,9.0,0
2019,9,PR,0,1,6,9,36,998.0,0,0,4,7,18,1,2.0,0
2019,8,PR,0,1,6,9,44,1210.0,0,0,5,7,36,1,2.0,0
2019,2,PR,0,1,6,4,44,1260.0,0,0,5,6,22,0,2.0,0
2019,12,PR,0,1,6,2,44,1366.0,0,0,5,7,23,1,8.0,0
2019,9,PR,0,1,6,5,44,1348.0,0,0,7,5,23,1,2.0,0
2018,10,PR,0,1,6,6,44,1307.0,0,0,4,7,20,1,2.0,0
2018,12,PR,0,1,6,9,36,1530.0,0,0,3,7,34,1,9.0,0
2019,11,PR,0,1,6,1,44,1287.0,0,0,7,7,39,1,9.0,0
2018,5,PR,0,1,6,5,44,1278.0,0,0,7,7,32,1,2.0,0
2019,4,PR,0,1,6,1,44,1350.0,0,0,7,6,52,1,2.0,0
2019,6,PR,0,1,6,2,44,3500.0,0,0,4,9,44,0,2.0,0
2018,4,PR,0,1,6,4,44,1205.0,0,0,7,8,29,1,9.0,0
2018,10,PR,0,1,6,4,44,1256.0,0,0,4,7,32,0,2.0,0
2019,7,PR,0,1,6,8,44,1124.0,0,0,5,6,37,0,2.0,0
2019,6,PR,0,1,6,4,44,1708.0,0,0,5,8,44,1,2.0,0
2018,11,PR,0,1,6,3,44,2511.0,0,0,8,7,39,1,9.0,0
2019,5,PR,0,1,6,1,44,1342.0,0,0,7,4,28,1,2.0,0
2019,6,PR,0,1,6,4,44,1230.0,0,0,4,7,33,0,9.0,0
2019,6,PR,0,1,6,9,36,1154.0,0,0,4,7,21,0,2.0,0
2018,1,PR,0,1,6,5,44,1282.0,0,0,5,7,35,0,2.0,0
2019,9,PR,0,1,6,6,44,1315.0,0,0,3,7,27,0,2.0,0
2019,9,PR,0,1,6,9,36,998.0,0,0,4,7,18,1,2.0,0
2019,10,PR,0,1,6,4,44,1800.0,0,0,4,7,30,0,9.0,0
2019,9,PR,0,1,6,1,44,1260.0,0,0,5,7,24,1,9.0,0
2019,10,PR,0,1,6,3,44,1260.0,0,0,5,6,24,0,8.0,0
2018,1,PR,0,1,6,8,36,1049.0,0,0,4,7,22,0,2.0,0
2018,8,PR,0,1,11,3,36,1043.0,0,0,5,7,20,1,2.0,0
2019,7,PR,0,1,11,9,44,1204.0,0,0,4,7,39,1,2.0,0
2019,7,PR,0,1,11,6,20,636.0,1,0,4,7,20,1,2.0,0
2019,7,PR,0,1,11,6,44,1228.0,0,0,4,7,47,1,2.0,0
2019,9,PR,0,1,11,9,44,1736.0,0,0,5,5,51,1,9.0,0
2019,12,PR,0,1,11,3,44,1446.0,0,0,9,7,19,1,9.0,0
2018,3,PR,0,1,11,5,44,1328.0,0,0,5,7,18,1,2.0,0
2019,7,PR,0,1,11,9,36,1019.0,0,0,4,7,27,0,2.0,0
2019,3,PR,0,1,11,6,44,1133.0,0,0,4,7,41,1,9.0,0
2018,10,PR,0,1,11,6,44,1160.0,0,0,5,5,39,1,2.0,0
2018,8,PR,0,1,11,3,44,1269.0,0,0,5,7,36,0,8.0,0
2018,5,PR,0,1,11,5,44,1228.0,0,0,4,7,25,0,9.0,0
2018,11,PR,0,1,11,1,44,1229.0,0,0,5,7,40,0,9.0,0
2018,12,PR,0,1,11,1,44,2300.0,0,0,3,7,27,1,9.0,0
2018,12,PR,0,1,11,3,40,1318.0,0,0,3,7,34,0,2.0,0
2018,8,PR,0,1,11,4,44,1160.0,0,0,7,7,26,0,9.0,0
2018,12,PR,0,1,11,3,44,1401.0,0,0,5,7,31,0,2.0,0
2019,4,PR,0,1,11,1,44,1451.0,0,0,5,6,53,1,2.0,0
2019,5,PR,0,1,11,9,30,831.0,0,0,4,9,31,1,2.0,0
2019,8,PR,0,1,11,8,24,544.0,1,0,5,4,17,1,8.0,0
2019,3,PR,0,1,11,9,44,1178.0,0,0,4,8,29,1,2.0,0
2019,3,PR,0,1,11,7,36,1753.0,0,0,3,9,39,0,8.0,0
2019,12,PR,0,1,11,8,44,1210.0,0,0,5,3,46,0,2.0,0
2018,8,PR,0,1,11,4,44,1220.0,0,0,5,7,25,0,9.0,0
2018,11,PR,0,1,11,9,36,985.0,0,0,4,7,33,0,9.0,0
2018,8,PR,0,1,11,3,24,587.0,0,0,5,5,38,0,2.0,0
2019,3,PR,0,1,11,9,44,1178.0,0,0,4,8,29,1,2.0,0
2018,4,PR,0,1,11,3,44,1213.0,0,0,5,6,42,1,2.0,0
2018,5,PR,0,1,11,1,44,1224.0,0,0,5,7,28,0,4.0,0
2018,1,PR,0,1,11,6,36,1044.0,0,0,7,7,35,0,2.0,0
2018,8,PR,0,1,11,7,44,1169.0,0,0,5,7,38,1,2.0,0
2018,10,PR,1,1,25,6,44,1576.0,0,0,5,7,34,1,2.0,1
2018,7,PR,1,1,25,8,44,1014.0,0,0,5,7,21,0,9.0,1
2019,11,PR,1,1,25,9,40,4560.0,0,0,3,7,56,1,8.0,1
2019,2,PR,1,1,25,9,44,1305.0,0,0,7,7,24,1,8.0,1
2018,1,PR,1,1,25,9,40,2670.0,0,0,7,7,25,0,2.0,1
2018,11,PR,1,1,25,1,44,1344.0,0,0,7,7,23,1,2.0,1
2019,9,PR,1,1,25,6,20,625.0,1,0,4,7,21,1,9.0,1
2019,8,PR,0,1,43,4,20,636.0,1,0,4,6,16,1,2.0,0
2019,3,PR,0,1,43,4,44,2500.0,0,0,7,7,38,1,2.0,0
2019,7,PR,0,1,33,1,36,2465.0,0,0,7,5,38,1,2.0,0
2019,6,PR,0,1,33,8,44,1940.0,0,0,5,8,40,1,9.0,0
2019,12,PR,0,1,33,7,36,1332.0,0,0,4,7,30,1,2.0,0
2018,5,PR,0,1,33,3,44,1471.0,0,0,5,7,39,1,9.0,0
2018,12,PR,0,1,33,9,36,978.0,0,0,5,5,35,0,2.0,0
2018,3,PR,1,1,1,7,20,577.0,1,0,4,6,16,1,2.0,1
2018,6,PR,1,1,1,4,20,583.0,1,0,4,6,15,0,2.0,1
2018,1,PR,1,1,1,3,44,1600.0,0,0,7,5,27,1,9.0,1
2018,10,PR,0,1,4,5,44,2758.0,0,0,6,7,41,1,2.0,0
2018,4,PR,0,1,4,4,44,1215.0,0,0,5,7,31,1,2.0,0
2019,9,PR,0,1,4,1,44,1419.0,0,0,7,5,30,1,2.0,0
2018,8,PR,0,1,4,1,44,954.0,0,0,4,7,19,1,9.0,0
2018,3,PR,0,1,11,2,44,1282.0,0,0,4,7,21,0,2.0,0
2019,7,PR,0,1,6,4,20,616.0,1,0,4,7,18,0,2.0,0
2019,2,PR,1,1,2,4,44,1210.0,0,0,8,7,34,0,9.0,1
2018,4,PR,1,1,2,6,44,3374.0,0,0,7,7,46,1,8.0,1
2018,7,PR,1,1,2,1,44,4714.0,0,0,1,7,33,0,9.0,1
2019,4,PR,1,1,2,2,44,1130.0,0,0,5,5,23,0,2.0,1
2019,3,PR,1,1,2,4,36,1005.0,0,0,5,5,29,0,9.0,1
2018,9,PR,1,1,2,6,22,692.0,1,0,4,7,18,0,2.0,1
2018,3,PR,0,1,4,3,44,1278.0,0,0,7,7,31,1,9.0,0
2019,12,PR,0,1,4,1,44,1293.0,0,0,8,7,51,0,9.0,0
2018,4,PR,0,1,4,2,44,1811.0,0,0,7,7,34,1,9.0,0
2019,1,PR,0,1,6,1,44,1345.0,0,0,4,7,19,1,2.0,0
2019,5,PR,0,1,43,7,44,4404.0,0,0,7,7,28,1,2.0,0
2018,7,PR,1,1,2,5,44,1250.0,0,0,5,4,18,1,2.0,1
2019,8,PR,1,1,2,1,44,1280.0,0,0,7,5,45,1,2.0,1
2019,1,PR,0,1,4,4,44,1100.0,0,0,7,7,28,0,8.0,0
2018,6,PR,1,1,1,1,44,1270.0,0,0,5,7,22,1,9.0,1
2019,3,PR,1,1,1,5,44,1278.0,0,0,7,6,20,1,2.0,1
2018,9,PR,1,1,2,3,44,2025.0,0,0,7,7,26,0,2.0,1
2018,10,PR,1,1,2,6,44,1503.0,0,0,3,8,33,1,9.0,1
2019,2,PR,1,1,2,6,44,1600.0,0,0,2,7,31,0,2.0,1
2018,10,PR,1,1,2,1,44,1355.0,0,0,5,7,33,1,2.0,1
2018,1,PR,1,1,2,3,44,1500.0,0,0,5,7,23,0,9.0,1
2018,7,PR,1,1,2,1,44,1334.0,0,0,5,6,22,0,2.0,1
2019,5,PR,1,1,2,2,44,1041.0,0,0,5,7,43,0,9.0,1
2018,10,PR,1,1,2,3,44,2092.0,0,0,7,7,27,1,2.0,1
2018,11,PR,1,1,2,3,44,1380.0,0,0,5,7,36,0,8.0,1
2018,4,PR,1,1,2,6,44,1242.0,0,0,4,7,23,0,8.0,1
2018,12,PR,1,1,2,2,44,2748.0,0,0,7,3,54,1,8.0,1
2018,8,PR,1,1,2,4,44,1534.0,0,0,1,7,40,1,2.0,1
2018,8,PR,1,1,2,1,44,1320.0,0,0,7,7,22,1,2.0,1
2018,7,PR,1,1,2,6,44,1271.0,0,0,4,5,23,0,2.0,1
2019,3,PR,0,1,4,2,44,1563.0,0,0,5,9,40,0,2.0,0
2019,8,PR,0,1,4,3,44,1802.0,0,0,7,7,30,1,6.0,0
2019,10,PR,0,1,4,1,44,2327.0,0,0,7,7,50,1,2.0,0
2019,11,PR,0,1,4,2,44,1660.0,0,0,7,7,36,1,4.0,0
2019,6,PR,0,1,4,4,44,1211.0,0,0,5,7,36,1,8.0,0
2019,6,PR,0,1,4,5,44,1462.0,0,0,5,6,26,0,9.0,0
2018,8,PR,0,1,4,1,44,1187.0,0,0,5,7,24,1,2.0,0
2019,1,PR,0,1,4,1,44,1380.0,0,0,8,7,25,1,8.0,0
2019,1,PR,0,1,4,1,44,1772.0,0,0,4,7,41,0,2.0,0
2018,8,PR,0,1,4,3,44,1188.0,0,0,1,7,29,1,8.0,0
2019,3,PR,0,1,4,2,44,1460.0,0,0,3,7,38,0,9.0,0
2018,9,PR,0,1,4,1,44,1355.0,0,0,5,7,25,1,4.0,0
2018,12,PR,0,1,4,4,44,3457.0,0,0,4,9,34,1,2.0,0
2019,4,PR,0,1,4,2,44,1258.0,0,0,4,6,29,0,2.0,0
2018,2,PR,0,1,6,6,44,1285.0,0,0,4,8,23,1,2.0,0
2019,4,PR,0,1,6,3,44,1328.0,0,0,7,7,22,1,9.0,0
2018,3,PR,0,1,6,6,36,1049.0,0,0,4,7,22,0,2.0,0
2018,7,PR,0,1,6,1,44,1270.0,0,0,5,7,21,0,2.0,0
2019,6,PR,0,1,6,2,44,1355.0,0,0,5,7,19,0,2.0,0
2019,10,PR,0,1,6,3,44,1800.0,0,0,7,5,28,1,2.0,0
2019,1,PR,0,1,6,6,44,1315.0,0,0,5,7,36,0,8.0,0
2019,12,PR,0,1,6,6,44,1599.0,0,0,8,7,26,1,2.0,0
2018,8,PR,0,1,11,6,36,1242.0,0,0,4,7,20,1,9.0,0
2018,10,PR,0,1,11,5,44,1355.0,0,0,5,8,18,0,2.0,0
2018,5,PR,0,1,11,5,44,1315.0,0,0,5,7,24,0,9.0,0
2019,4,PR,1,1,1,2,44,1330.0,0,0,3,6,29,0,2.0,1
2019,3,PR,1,1,2,2,40,1300.0,0,0,5,7,43,0,2.0,1
2019,7,PR,1,1,2,1,44,1945.0,0,0,7,6,27,1,2.0,1
2019,7,PR,1,1,2,1,44,1295.0,0,0,5,6,20,1,2.0,1
2019,4,PR,1,1,2,3,44,1365.0,0,0,5,5,42,0,9.0,1
2018,1,PR,1,1,2,2,44,954.0,0,0,4,7,18,1,2.0,1
2018,6,PR,0,1,4,2,44,1240.0,0,0,7,4,22,1,2.0,0
2019,7,PR,0,1,4,4,44,0.0,0,0,5,7,33,1,2.0,0
2018,2,PR,0,1,4,5,44,1400.0,0,0,7,2,37,1,8.0,0
2019,11,PR,0,1,4,1,44,1507.0,0,0,3,8,27,1,2.0,0
2018,5,PR,0,1,4,2,44,1304.0,0,0,7,3,42,1,8.0,0
2018,8,PR,0,1,4,9,44,1401.0,0,0,8,6,29,0,2.0,0
2018,7,PR,0,3,4,2,44,2497.0,0,0,1,7,38,1,9.0,0
2018,10,PR,0,1,4,2,44,1441.0,0,0,6,7,47,1,8.0,0
2018,5,PR,0,1,43,1,44,1078.0,0,0,6,7,30,1,8.0,0
2018,5,PR,0,1,43,1,44,1078.0,0,0,6,7,30,1,8.0,0
2018,4,PR,0,1,4,1,44,1408.0,0,0,6,7,30,1,9.0,0
2019,2,PR,0,1,11,6,44,998.0,0,0,5,7,21,0,2.0,0
2019,4,PR,1,1,2,4,44,1035.0,0,0,4,7,27,0,8.0,1
2019,3,PR,1,1,25,6,20,1282.0,0,0,3,9,55,0,4.0,1
2018,11,PR,0,1,4,3,44,2331.0,0,0,5,5,45,1,2.0,0
2019,5,PR,1,1,2,1,44,1375.0,0,0,5,7,28,0,2.0,1
2018,7,PR,1,1,2,1,44,1108.0,0,0,5,5,20,1,2.0,1
2019,4,PR,1,1,2,4,36,998.0,0,0,4,7,21,1,2.0,1
2019,5,PR,1,1,2,1,44,1678.0,0,0,5,7,24,0,8.0,1
2018,5,PR,1,1,2,1,44,1320.0,0,0,7,7,45,0,2.0,1
2019,4,PR,1,1,2,4,44,1308.0,0,0,4,7,22,0,2.0,1
2019,3,PR,0,1,4,7,44,1128.0,0,0,7,7,35,0,9.0,0
2018,5,PR,0,1,4,2,44,1267.0,0,0,4,5,22,1,2.0,0
2019,6,PR,0,1,4,8,44,3067.0,0,0,9,7,39,1,2.0,0
2019,5,PR,0,1,4,5,44,1578.0,0,0,7,6,24,1,2.0,0
2019,9,PR,0,1,4,6,44,1434.0,0,0,7,4,31,1,2.0,0
2019,6,PR,0,1,6,5,36,998.0,0,0,4,8,22,1,9.0,0
2018,3,PR,0,1,11,1,44,1247.0,0,0,6,2,47,1,2.0,0
2018,5,PR,0,1,33,5,44,1320.0,0,0,7,2,52,1,2.0,0
2019,1,PR,1,1,2,2,44,1120.0,0,0,5,4,49,0,2.0,1
2019,8,PR,0,1,4,1,44,1229.0,0,0,5,7,37,0,9.0,0
2018,3,PR,0,1,6,1,44,1260.0,0,0,4,9,30,0,2.0,0
2018,4,PR,1,1,1,6,44,1264.0,0,0,7,7,23,1,2.0,1
2019,3,PR,1,1,2,2,44,1349.0,0,0,5,7,46,0,2.0,1
2018,6,PR,0,1,4,1,44,2450.0,0,0,9,7,29,1,2.0,0
2018,11,PR,0,1,4,1,44,1252.0,0,0,5,7,23,1,2.0,0
2018,8,PR,0,1,4,1,44,1536.0,0,0,3,7,28,0,2.0,0
2019,10,PR,0,1,4,5,44,998.0,0,0,5,7,26,0,9.0,0
2019,2,PR,0,1,4,6,44,1264.0,0,0,7,7,37,0,2.0,0
2018,1,PR,1,1,2,1,44,1705.0,0,0,7,5,56,1,2.0,1
2018,5,PR,1,1,2,2,44,2083.0,0,0,7,3,41,1,2.0,1
2018,3,PR,1,1,25,5,44,1568.0,0,0,4,5,38,1,2.0,1
2019,5,PR,1,1,25,4,44,1095.0,0,0,7,7,22,1,2.0,1
2019,5,PR,1,1,2,1,44,1273.0,0,0,4,7,32,1,2.0,1
2019,10,PR,0,1,4,4,44,1411.0,0,0,5,7,26,1,2.0,0
2019,10,PR,0,1,4,4,44,1411.0,0,0,5,7,26,1,2.0,0
2019,3,PR,0,1,4,2,44,998.0,0,0,5,7,20,1,2.0,0
2018,2,PR,0,1,4,5,44,1280.0,0,0,5,7,20,1,2.0,0
2019,2,PR,0,1,4,1,44,1315.0,0,0,7,7,51,1,2.0,0
2018,2,PR,0,1,6,4,44,1315.0,0,0,7,4,33,1,2.0,0
2019,2,PR,0,1,6,5,44,1339.0,0,0,7,6,36,0,2.0,0
2018,2,PR,0,1,6,1,44,954.0,0,0,4,7,24,1,2.0,0
2018,5,PR,1,1,2,1,44,1327.0,0,0,5,7,40,0,2.0,1
2019,10,PR,1,3,2,1,44,1500.0,0,0,6,4,24,1,2.0,1
2018,2,PR,0,1,6,3,44,954.0,0,0,5,6,20,0,8.0,0
2019,1,PR,0,3,6,1,44,1500.0,0,0,6,4,60,1,2.0,0
2019,2,PR,1,1,1,2,44,1350.0,0,0,4,7,22,0,2.0,1
2018,1,PR,1,1,2,2,44,1215.0,0,0,8,7,19,1,2.0,1
2019,8,PR,0,1,6,5,44,1325.0,0,0,5,5,38,0,8.0,0
2019,1,PR,1,1,2,7,44,1495.0,0,0,7,5,20,1,8.0,1
2019,11,PR,1,1,2,6,44,1306.0,0,0,6,2,50,1,9.0,1
2018,8,PR,1,1,2,1,44,1200.0,0,0,5,7,40,0,9.0,1
2018,11,PR,0,1,6,1,44,1229.0,0,0,4,7,26,0,2.0,0
2018,7,PR,1,1,25,1,44,1408.0,0,0,7,6,37,1,2.0,1
2019,7,PR,0,1,4,1,44,1381.0,0,0,7,7,19,1,9.0,0
2019,3,PR,0,1,4,4,44,1381.0,0,0,7,7,19,1,2.0,0
2019,1,PR,1,1,2,3,36,1307.0,0,0,4,7,29,1,2.0,1
2019,1,PR,1,1,2,2,44,1308.0,0,0,5,5,19,1,8.0,1
2018,6,PR,0,1,4,8,44,1346.0,0,0,7,5,23,1,2.0,0
2019,4,PR,0,1,4,1,44,1250.0,0,0,5,5,46,1,2.0,0
2018,3,PR,0,1,6,8,44,1521.0,0,0,3,7,22,1,8.0,0
2019,11,PR,1,1,1,9,44,1528.0,0,0,7,7,30,1,8.0,1
2018,6,PR,1,1,2,7,44,1725.0,0,0,8,5,31,1,2.0,1
2019,8,PR,1,1,1,7,20,998.0,1,0,4,6,15,1,2.0,1
2019,11,PR,1,1,2,4,44,1374.0,0,0,4,7,24,0,2.0,1
2018,8,PR,1,1,2,1,44,1544.0,0,0,9,7,52,1,9.0,1
2019,1,PR,0,1,4,6,44,1111.0,0,0,7,7,31,1,8.0,0
2019,12,PR,0,1,4,6,44,2300.0,0,0,7,2,59,1,8.0,0
2018,4,PR,1,1,25,4,44,2640.0,0,0,7,7,34,1,9.0,1
2018,4,PR,1,1,2,9,44,1052.0,0,0,6,2,29,1,8.0,1
2018,9,PR,1,3,2,1,44,1925.0,0,0,7,5,31,1,2.0,1
2018,10,PR,1,1,2,1,44,1218.0,0,0,7,7,48,1,8.0,1
2018,4,PR,1,1,2,9,44,1052.0,0,0,6,2,29,1,8.0,1
2018,4,PR,1,1,2,9,44,1052.0,0,0,6,2,29,1,8.0,1
2018,7,PR,0,3,4,1,44,1722.0,0,0,7,4,51,1,2.0,0
2019,6,PR,0,1,4,1,20,1500.0,0,0,2,9,27,1,2.0,0
2019,7,PR,0,1,6,4,44,1308.0,0,0,7,7,20,1,8.0,0
2019,8,PR,1,1,1,1,44,1853.0,0,0,7,7,24,1,2.0,1
2018,5,PR,1,1,1,9,44,1293.0,0,0,7,6,18,0,2.0,1
2018,5,PR,0,1,4,9,44,1755.0,0,0,7,6,22,0,2.0,0
2019,3,PR,0,1,6,9,44,1548.0,0,0,7,6,25,1,2.0,0
2018,1,PR,1,1,2,4,44,1400.0,0,0,9,2,70,1,2.0,1
2019,11,PR,1,1,2,5,44,1623.0,0,0,8,7,34,1,9.0,1
2018,4,PR,0,1,4,4,44,1199.0,0,0,5,7,47,0,2.0,0
2018,4,PR,1,1,2,3,44,1268.0,0,0,3,9,24,0,2.0,1
2018,12,PR,1,1,2,4,44,954.0,0,0,5,5,49,0,9.0,1
2018,1,PR,1,1,2,1,44,1183.0,0,0,3,7,21,1,2.0,1
2018,9,PR,1,1,2,3,44,1187.0,0,0,4,9,24,0,9.0,1
2018,8,PR,0,1,6,1,44,954.0,0,0,7,6,46,1,8.0,0
2018,3,PR,1,1,2,2,44,1470.0,0,0,5,4,33,0,8.0,1
2019,9,PR,1,1,1,4,44,1564.0,0,0,7,7,21,1,2.0,1
2019,2,PR,1,1,2,6,44,2448.0,0,0,2,9,28,0,8.0,1
2018,2,PR,1,1,2,8,44,1392.0,0,0,4,9,28,0,2.0,1
2018,1,PR,1,1,2,1,44,1536.0,0,0,4,5,60,0,2.0,1
2019,8,PR,1,1,2,2,44,1213.0,0,0,4,6,29,0,2.0,1
2019,11,PR,1,1,2,3,44,1320.0,0,0,5,6,18,1,2.0,1
2019,7,PR,1,1,2,3,36,998.0,0,0,4,7,35,0,2.0,1
2019,12,PR,1,1,2,1,44,1320.0,0,0,4,7,22,0,9.0,1
2019,5,PR,1,1,2,8,44,1019.0,0,0,4,7,22,1,8.0,1
2019,9,PR,1,1,2,4,44,1368.0,0,0,5,7,33,0,2.0,1
2018,11,PR,1,1,2,2,44,1576.0,0,0,5,7,30,0,8.0,1
2018,2,PR,1,1,2,3,44,1117.0,0,0,7,7,41,1,2.0,1
2019,8,PR,1,1,2,1,44,1521.0,0,0,4,5,23,0,2.0,1
2019,12,PR,1,1,2,5,44,1355.0,0,0,4,7,19,1,2.0,1
2018,1,PR,1,1,2,4,44,1294.0,0,0,5,7,21,0,9.0,1
2018,2,PR,1,1,2,4,44,1280.0,0,0,5,7,44,1,2.0,1
2018,10,PR,1,1,2,5,30,999.0,0,0,3,6,22,1,2.0,1
2019,8,PR,1,1,2,1,44,1500.0,0,0,4,7,26,1,2.0,1
2018,6,PR,1,1,2,1,22,984.0,0,0,3,7,30,1,2.0,1
2018,6,PR,1,3,2,1,44,1705.0,0,0,7,1,61,1,2.0,1
2019,5,PR,1,1,2,6,36,1012.0,0,0,5,4,46,0,8.0,1
2019,1,PR,1,1,2,3,44,1325.0,0,0,4,7,32,0,2.0,1
2019,8,PR,1,1,2,1,44,1500.0,0,0,9,7,22,1,9.0,1
2018,6,PR,1,1,2,6,44,2083.0,0,0,7,4,36,1,2.0,1
2019,8,PR,1,1,2,1,44,2500.0,0,0,1,7,51,1,2.0,1
2019,1,PR,1,1,2,3,44,1250.0,0,0,5,7,20,0,4.0,1
2018,7,PR,1,1,2,4,44,1250.0,0,0,5,7,30,1,9.0,1
2019,2,PR,1,1,2,3,44,1619.0,0,0,2,9,32,1,2.0,1
2018,3,PR,1,1,2,3,44,1800.0,0,0,2,9,24,0,2.0,1
2019,9,PR,1,1,2,6,44,1428.0,0,0,5,7,29,0,2.0,1
2019,2,PR,1,1,2,6,44,1629.0,0,0,5,5,39,1,9.0,1
2018,2,PR,1,1,2,1,22,1338.0,0,0,5,4,36,0,2.0,1
2019,12,PR,1,1,2,1,44,2125.0,0,0,5,9,33,1,2.0,1
2018,9,PR,1,1,2,2,44,1565.0,0,0,2,9,49,1,2.0,1
2019,4,PR,1,1,2,1,42,1435.0,0,0,3,7,38,1,8.0,1
2019,2,PR,1,1,2,2,44,1250.0,0,0,5,7,36,0,2.0,1
2019,7,PR,1,1,2,1,44,1354.0,0,0,5,8,22,0,8.0,1
2018,4,PR,1,1,2,4,44,1293.0,0,0,7,4,39,0,2.0,1
2019,11,PR,1,1,2,2,39,1700.0,0,0,8,5,43,1,2.0,1
2019,4,PR,1,1,2,4,44,5500.0,0,0,7,7,41,1,9.0,1
2018,5,PR,1,1,2,2,36,1294.0,0,0,5,9,33,0,2.0,1
2019,2,PR,1,1,2,9,44,1078.0,0,0,4,7,23,0,2.0,1
2019,3,PR,1,1,2,5,44,1290.0,0,0,3,7,43,1,8.0,1
2018,12,PR,1,1,2,3,44,1188.0,0,0,5,7,41,1,2.0,1
2019,7,PR,1,1,2,3,36,998.0,0,0,4,7,35,0,2.0,1
2018,1,PR,1,1,2,4,44,1460.0,0,0,5,4,32,1,2.0,1
2018,3,PR,1,1,2,3,44,1293.0,0,0,7,7,22,1,9.0,1
2018,7,PR,0,1,4,3,44,1293.0,0,0,9,7,39,0,2.0,0
2019,5,PR,0,1,4,5,44,1228.0,0,0,5,9,24,1,9.0,0
2019,3,PR,0,1,4,3,44,1291.0,0,0,1,7,22,0,2.0,0
2018,11,PR,0,1,4,7,44,1259.0,0,0,8,7,31,1,2.0,0
2018,1,PR,0,3,4,2,44,2455.0,0,0,7,3,36,1,2.0,0
2018,7,PR,0,1,4,7,44,1910.0,0,0,7,7,40,1,2.0,0
2019,2,PR,0,1,4,2,44,1753.0,0,0,7,4,36,1,8.0,0
2018,12,PR,0,1,4,3,44,1560.0,0,0,4,6,35,0,2.0,0
2019,7,PR,0,1,4,3,44,1265.0,0,0,5,7,30,0,2.0,0
2019,3,PR,0,1,4,4,44,1342.0,0,0,4,7,27,0,9.0,0
2018,10,PR,0,1,4,4,36,1093.0,0,0,5,7,53,0,2.0,0
2019,7,PR,0,1,4,4,27,935.0,0,0,4,7,40,0,2.0,0
2018,8,PR,0,1,4,7,44,1832.0,0,0,7,6,24,1,2.0,0
2019,2,PR,0,1,4,9,30,2468.0,0,0,2,9,38,1,2.0,0
2019,11,PR,0,1,4,7,44,1736.0,0,0,5,9,34,1,8.0,0
2019,5,PR,0,1,4,1,44,1320.0,0,0,5,7,19,0,9.0,0
2019,12,PR,0,1,4,4,44,1249.0,0,0,4,7,32,0,8.0,0
2018,2,PR,0,1,4,1,44,2097.0,0,0,5,7,51,0,2.0,0
2018,6,PR,0,1,4,3,44,1155.0,0,0,3,7,36,1,2.0,0
2018,3,PR,0,1,4,4,44,1429.0,0,0,4,7,37,1,2.0,0
2018,4,PR,0,1,5,2,44,1401.0,0,0,9,5,63,1,2.0,0
2019,2,PR,0,1,6,4,44,1354.0,0,0,5,8,29,1,2.0,0
2018,6,PR,0,1,6,4,44,1545.0,0,0,5,9,36,0,2.0,0
2018,9,PR,0,1,6,4,44,1050.0,0,0,5,7,51,1,2.0,0
2019,8,PR,0,1,6,1,44,1390.0,0,0,5,7,26,1,2.0,0
2019,1,PR,0,1,6,9,42,1058.0,0,0,5,7,19,0,2.0,0
2018,3,PR,0,1,6,2,44,1700.0,0,0,7,5,41,1,2.0,0
2019,7,PR,0,1,6,5,34,2440.0,0,0,3,7,37,1,2.0,0
2019,12,PR,0,1,6,3,28,1122.0,0,0,2,9,25,0,2.0,0
2019,8,PR,0,1,6,4,44,1199.0,0,0,5,6,47,0,2.0,0
2019,9,PR,0,1,6,2,44,1140.0,0,0,4,7,22,0,2.0,0
2019,2,PR,0,1,6,2,44,1358.0,0,0,4,7,21,1,2.0,0
2019,4,PR,0,1,6,5,44,1110.0,0,0,5,7,33,0,9.0,0
2019,2,PR,0,1,6,3,20,711.0,1,0,4,7,15,1,9.0,0
2019,3,PR,0,1,11,7,44,1380.0,0,0,6,3,43,1,2.0,0
2018,4,PR,0,1,11,7,44,1060.0,0,0,5,7,29,0,2.0,0
2019,4,PR,0,1,11,3,40,5206.0,0,0,5,7,30,0,2.0,0
2019,6,PR,0,1,11,1,24,667.0,0,0,3,6,29,1,8.0,0
2018,6,PR,0,1,11,9,44,1508.0,0,0,4,7,24,0,2.0,0
2019,3,PR,0,1,11,4,44,614.0,0,0,5,7,22,0,2.0,0
2018,11,PR,0,1,11,5,44,990.0,0,0,4,7,18,0,2.0,0
2018,3,PR,1,1,25,7,44,1409.0,0,0,7,7,31,0,2.0,1
2018,1,PR,1,1,25,7,44,1144.0,0,0,7,7,29,1,8.0,1
2019,2,PR,1,1,25,4,44,1201.0,0,0,4,7,19,0,2.0,1
2018,2,PR,0,1,43,8,40,868.0,1,0,4,7,24,1,2.0,0
2019,1,PR,0,1,33,3,44,1368.0,0,0,5,7,33,1,9.0,0
2019,8,PR,1,3,2,2,44,1135.0,0,0,6,4,19,0,8.0,1
2018,2,PR,1,1,1,1,44,1300.0,0,0,6,5,37,1,9.0,1
2019,8,PR,1,1,2,2,44,1369.0,0,0,5,7,20,1,2.0,1
2018,3,PR,1,1,2,2,44,1376.0,0,0,5,9,24,0,2.0,1
2019,1,PR,1,1,2,3,44,1569.0,0,0,7,7,33,1,8.0,1
2018,4,PR,1,1,2,1,44,2295.0,0,0,1,7,24,1,9.0,1
2019,1,PR,1,1,2,2,44,1024.0,0,0,5,7,57,0,2.0,1
2019,8,PR,0,1,4,2,44,1415.0,0,0,5,7,37,1,2.0,0
2019,3,PR,0,1,33,3,44,2171.0,0,0,4,9,28,1,2.0,0
2019,7,PR,1,1,2,1,44,2232.0,0,0,7,7,55,1,2.0,1
2018,10,PR,1,1,2,4,44,1850.0,0,0,7,7,37,1,2.0,1
2019,1,PR,1,1,2,5,44,4500.0,0,0,4,7,48,1,2.0,1
2019,6,PR,0,1,4,7,44,6578.0,0,0,7,6,26,0,9.0,0
2018,6,PR,0,1,4,6,44,1269.0,0,0,4,7,29,1,2.0,0
2018,3,PR,1,1,2,2,44,1269.0,0,0,7,7,28,1,2.0,1
2018,1,PR,1,1,1,6,20,600.0,1,0,4,7,17,1,2.0,1
2018,6,PR,1,1,2,6,44,1208.0,0,0,7,7,37,0,8.0,1
2019,11,PR,1,1,2,4,44,1436.0,0,0,7,7,18,1,2.0,1
2018,11,PR,1,1,2,4,44,1394.0,0,0,7,4,18,1,2.0,1
2018,8,PR,1,1,2,6,44,2029.0,0,0,3,9,22,1,2.0,1
2018,4,PR,0,1,4,1,44,1270.0,0,0,5,5,49,0,2.0,0
2019,12,PR,0,1,4,1,44,1298.0,0,0,5,4,29,0,2.0,0
2019,1,PR,0,1,6,1,44,1200.0,0,0,7,6,34,1,2.0,0
2018,9,PR,0,1,6,3,44,2310.0,0,0,7,7,30,1,2.0,0
2018,7,PR,0,1,6,6,44,1400.0,0,0,1,4,36,1,2.0,0
2019,1,PR,1,1,1,1,44,1569.0,0,0,7,7,27,1,9.0,1
2018,9,PR,1,1,2,1,44,2300.0,0,0,3,5,32,1,2.0,1
2018,9,PR,1,1,2,2,44,1938.0,0,0,7,4,42,1,2.0,1
2018,9,PR,1,1,2,1,44,2300.0,0,0,3,5,32,1,2.0,1
2018,11,PR,1,1,2,4,44,1786.0,0,0,7,3,51,1,2.0,1
2018,2,PR,1,1,2,3,44,1722.0,0,0,7,6,47,1,2.0,1
2019,2,PR,0,1,6,3,44,1900.0,0,0,7,7,44,1,2.0,0
2018,9,PR,1,1,2,2,44,1004.0,0,0,7,7,45,0,2.0,1
2019,1,PR,1,1,2,5,44,1683.0,0,0,8,7,30,1,2.0,1
2019,1,PR,1,1,2,4,44,1293.0,0,0,4,8,19,0,2.0,1
2018,10,PR,1,1,2,1,44,1229.0,0,0,6,7,22,1,9.0,1
2019,10,PR,1,1,2,4,44,1472.0,0,0,4,7,22,0,8.0,1
2018,2,PR,1,1,2,9,44,1000.0,0,0,8,7,21,1,8.0,1
2018,2,PR,1,1,2,1,44,1488.0,0,0,5,7,20,0,2.0,1
2019,6,PR,1,1,2,4,44,1307.0,0,0,5,7,28,0,2.0,1
2019,12,PR,1,1,2,2,44,725.0,0,0,5,7,20,1,2.0,1
2018,9,PR,1,1,2,1,44,1773.0,0,0,7,7,34,1,2.0,1
2019,8,PR,1,1,2,4,44,1356.0,0,0,5,3,33,1,4.0,1
2018,8,PR,1,1,2,5,44,2212.0,0,0,7,5,43,1,2.0,1
2018,2,PR,1,1,2,9,44,1000.0,0,0,8,7,21,1,8.0,1
2019,4,PR,1,1,2,3,44,1566.0,0,0,7,7,29,1,2.0,1
2019,6,PR,1,1,2,1,44,1256.0,0,0,5,3,59,0,2.0,1
2018,6,PR,1,1,2,2,44,1086.0,0,0,4,7,23,1,2.0,1
2018,3,PR,1,1,2,2,24,885.0,0,0,4,7,21,1,2.0,1
2018,3,PR,1,1,2,4,44,1341.0,0,0,4,7,20,1,2.0,1
2019,3,PR,1,1,2,2,44,1218.0,0,0,7,7,36,1,8.0,1
2018,9,PR,1,1,2,5,44,1522.0,0,0,5,5,59,0,8.0,1
2018,3,PR,1,1,2,9,36,1270.0,0,0,4,7,26,1,9.0,1
2018,11,PR,1,1,2,2,36,1488.0,0,0,5,9,32,1,9.0,1
2018,3,PR,1,1,2,1,44,1479.0,0,0,5,7,21,0,2.0,1
2019,7,PR,1,1,2,1,44,1400.0,0,0,4,7,25,0,2.0,1
2018,3,PR,1,1,2,9,36,1270.0,0,0,4,7,26,1,9.0,1
2018,3,PR,1,1,2,1,44,1341.0,0,0,5,7,24,1,8.0,1
2018,7,PR,1,1,2,7,42,2570.0,0,0,2,9,35,0,2.0,1
2018,9,PR,1,1,2,1,44,1322.0,0,0,5,8,34,0,2.0,1
2018,8,PR,1,1,2,1,44,1256.0,0,0,5,7,19,0,2.0,1
2018,9,PR,1,1,2,3,44,4500.0,0,0,7,5,64,1,2.0,1
2018,3,PR,1,1,2,1,44,1400.0,0,0,9,5,40,1,2.0,1
2019,9,PR,1,1,2,9,44,1643.0,0,0,5,7,28,1,2.0,1
2018,8,PR,1,1,2,3,44,1627.0,0,0,7,5,57,1,8.0,1
2018,9,PR,1,1,2,4,44,918.0,0,0,5,7,43,1,2.0,1
2019,2,PR,1,1,2,5,44,1624.0,0,0,4,7,24,1,2.0,1
2019,4,PR,1,1,2,2,44,1256.0,0,0,5,5,31,1,8.0,1
2018,1,PR,1,1,2,1,44,1322.0,0,0,5,7,24,1,9.0,1
2019,2,PR,1,1,2,1,44,1864.0,0,0,5,9,53,1,2.0,1
2019,11,PR,1,1,2,9,44,3109.0,0,0,2,9,31,0,9.0,1
2018,5,PR,0,3,4,4,44,11893.0,0,0,2,9,40,1,6.0,0
2019,6,PR,0,1,4,5,44,1435.0,0,0,5,7,39,0,2.0,0
2018,4,PR,0,1,4,6,44,1811.0,0,0,7,7,38,1,2.0,0
2018,1,PR,0,1,4,5,44,1322.0,0,0,5,6,18,1,9.0,0
2018,2,PR,0,1,4,1,44,1269.0,0,0,4,7,29,0,2.0,0
2018,1,PR,0,1,4,2,44,1722.0,0,0,7,7,49,1,9.0,0
2018,10,PR,0,1,4,9,44,1938.0,0,0,7,5,57,1,2.0,0
2018,2,PR,0,1,4,3,44,1306.0,0,0,7,2,65,1,2.0,0
2019,9,PR,0,1,4,2,44,1693.0,0,0,4,7,23,1,4.0,0
2019,7,PR,0,1,4,1,44,1454.0,0,0,5,7,47,0,2.0,0
2018,9,PR,0,1,4,5,36,2066.0,0,0,4,7,30,0,2.0,0
2019,10,PR,0,1,4,9,44,1280.0,0,0,6,3,50,0,8.0,0
2018,1,PR,0,1,4,1,44,1207.0,0,0,5,8,24,1,8.0,0
2018,4,PR,0,1,4,5,44,1353.0,0,0,7,7,57,0,2.0,0
2019,4,PR,0,1,4,4,44,1577.0,0,0,4,9,28,1,2.0,0
2019,10,PR,0,1,4,1,44,1458.0,0,0,4,7,25,0,9.0,0
2019,7,PR,0,1,4,3,44,1230.0,0,0,3,8,25,1,2.0,0
2019,2,PR,0,1,4,6,44,1870.0,0,0,7,7,44,1,2.0,0
2018,1,PR,0,1,4,7,44,2577.0,0,0,3,7,38,1,8.0,0
2019,11,PR,0,1,4,2,44,2381.0,0,0,5,4,50,1,2.0,0
2019,1,PR,0,1,4,3,44,1610.0,0,0,3,9,21,0,2.0,0
2018,1,PR,0,1,4,2,44,1207.0,0,0,5,7,30,0,8.0,0
2018,1,PR,0,1,6,6,44,1243.0,0,0,5,7,33,0,2.0,0
2018,3,PR,0,1,6,2,44,1400.0,0,0,7,6,26,1,2.0,0
2019,8,PR,0,1,6,4,44,1790.0,0,0,7,5,48,1,2.0,0
2019,7,PR,0,1,6,5,40,3718.0,0,0,2,9,23,1,2.0,0
2019,6,PR,0,1,6,2,44,1500.0,0,0,5,7,22,0,2.0,0
2018,8,PR,0,1,6,5,44,2926.0,0,0,2,9,31,0,2.0,0
2018,5,PR,0,1,6,6,44,1325.0,0,0,5,6,22,1,9.0,0
2018,4,PR,0,1,6,6,44,3000.0,0,0,1,7,36,1,9.0,0
2018,11,PR,0,1,6,1,44,1256.0,0,0,7,7,32,1,2.0,0
2018,11,PR,0,1,11,9,20,474.0,1,0,9,7,18,1,2.0,0
2018,11,PR,0,1,11,9,20,474.0,1,0,9,7,18,1,2.0,0
2019,7,PR,0,1,11,4,44,1483.0,0,0,3,7,44,1,4.0,0
2018,11,PR,0,1,11,9,20,474.0,1,0,9,7,18,1,2.0,0
2018,11,PR,0,1,11,9,20,474.0,1,0,9,7,18,1,2.0,0
2019,8,PR,0,1,11,3,44,1248.0,0,0,5,7,26,0,2.0,0
2018,11,PR,0,1,11,9,20,474.0,1,0,9,7,18,1,2.0,0
2018,10,PR,0,1,11,3,44,1170.0,0,0,9,5,59,0,2.0,0
2018,11,PR,0,1,11,9,20,474.0,1,0,9,7,18,1,2.0,0
2018,11,PR,0,1,11,9,20,474.0,1,0,9,7,18,1,2.0,0
2018,8,PR,1,1,25,9,22,637.0,1,0,4,6,16,1,8.0,1
2019,6,PR,1,1,2,2,24,716.0,0,0,5,7,18,0,4.0,1
2019,12,PR,0,1,6,1,22,500.0,0,0,5,6,29,1,2.0,0
2018,2,PR,1,1,2,1,44,1380.0,0,0,5,7,21,0,8.0,1
2019,10,PR,0,1,4,2,44,1356.0,0,0,4,7,22,0,2.0,0
2018,9,PR,0,1,11,9,20,556.0,1,0,4,6,17,0,8.0,0
2018,9,PR,0,1,11,9,20,556.0,1,0,4,6,17,0,8.0,0
2019,3,PR,0,1,33,4,44,1159.0,0,0,7,7,26,0,8.0,0
2018,2,PR,0,1,4,9,44,2140.0,0,0,4,9,34,1,2.0,0
2018,4,PR,0,1,6,3,44,949.0,0,0,3,9,28,1,9.0,0
2019,3,PR,0,1,11,3,44,1120.0,0,0,4,7,18,1,9.0,0
2019,4,PR,1,1,1,6,24,636.0,0,0,4,7,18,0,2.0,1
2019,6,PR,1,1,1,6,44,1256.0,0,0,5,7,32,1,9.0,1
2018,3,PR,1,1,1,7,20,588.0,1,0,4,6,15,0,2.0,1
2019,1,PR,1,1,2,4,44,1422.0,0,0,4,7,23,0,2.0,1
2019,1,PR,1,1,2,2,44,1400.0,0,0,3,7,41,0,9.0,1
2018,7,PR,1,1,2,9,44,1333.0,0,0,7,4,46,1,8.0,1
2018,3,PR,1,1,2,4,44,1380.0,0,0,5,7,49,1,2.0,1
2018,5,PR,0,1,4,2,44,2441.0,0,0,4,9,27,0,2.0,0
2018,2,PR,0,1,4,6,44,1398.0,0,0,7,7,34,1,8.0,0
2018,10,PR,0,1,4,1,44,2289.0,0,0,9,7,22,1,2.0,0
2018,11,PR,0,1,6,9,44,1224.0,0,0,7,4,20,1,8.0,0
2019,8,PR,0,1,6,4,44,1315.0,0,0,5,6,42,1,2.0,0
2018,11,PR,0,1,6,9,44,1599.0,0,0,7,4,30,1,2.0,0
2019,7,PR,1,1,2,3,44,1900.0,0,0,7,7,33,1,2.0,1
2018,4,PR,1,1,2,1,44,1270.0,0,0,4,7,32,0,2.0,1
2019,5,PR,1,1,2,3,44,0.0,0,0,5,7,19,1,2.0,1
2018,4,PR,1,1,2,1,44,1243.0,0,0,7,7,32,1,2.0,1
2019,12,PR,1,1,2,4,44,1246.0,0,0,4,7,30,0,2.0,1
2019,8,PR,1,1,2,3,44,2233.0,0,0,7,7,40,1,8.0,1
2019,4,PR,0,1,4,4,44,1749.0,0,0,7,7,24,1,8.0,0
2018,11,PR,1,1,2,1,44,1278.0,0,0,7,7,59,1,9.0,1
2019,1,PR,0,1,4,6,44,1381.0,0,0,7,7,49,0,2.0,0
2019,11,PR,1,1,2,1,44,2019.0,0,0,7,5,27,1,2.0,1
2018,7,PR,0,1,4,1,44,2180.0,0,0,5,7,35,1,2.0,0
2019,11,PR,0,1,4,6,44,2047.0,0,0,7,3,42,1,2.0,0
2018,4,PR,0,1,4,4,44,1190.0,0,0,5,7,24,1,2.0,0
2018,9,PR,1,1,2,1,44,1372.0,0,0,7,7,23,0,8.0,1
2019,8,PR,1,1,2,2,44,1483.0,0,0,7,2,63,1,8.0,1
2019,6,PR,1,1,2,6,44,1381.0,0,0,8,6,29,1,2.0,1
2018,8,PR,1,1,2,5,44,1195.0,0,0,5,7,21,1,8.0,1
2018,8,PR,0,1,6,2,44,1420.0,0,0,5,9,24,0,9.0,0
2018,2,PR,1,1,1,8,44,1130.0,0,0,7,5,30,0,2.0,1
2018,3,PR,1,1,1,8,44,1130.0,0,0,7,4,30,1,2.0,1
2018,5,PR,1,1,1,8,44,1130.0,0,0,7,5,20,1,2.0,1
2018,5,PR,1,1,2,1,44,1502.0,0,0,7,5,32,1,2.0,1
2019,10,PR,1,1,2,1,44,2350.0,0,0,2,9,25,1,2.0,1
2018,3,PR,1,1,2,1,44,1282.0,0,0,1,7,33,0,9.0,1
2019,9,PR,0,1,4,4,24,544.0,0,1,7,6,29,1,4.0,0
2019,8,PR,0,1,4,2,44,1330.0,0,0,5,7,24,0,9.0,0
2019,6,PR,0,3,4,2,44,1306.0,0,0,6,3,34,0,8.0,0
2019,6,PR,0,1,4,8,44,1360.0,0,0,7,6,21,1,2.0,0
2018,3,PR,0,3,6,4,44,2125.0,0,0,7,7,51,1,9.0,0
2019,4,PR,0,3,11,3,44,1307.0,0,0,6,5,31,1,2.0,0
2019,9,PR,1,1,2,6,44,1083.0,0,0,5,7,43,0,2.0,1
2018,8,PR,1,1,2,3,44,954.0,0,0,5,5,29,0,2.0,1
2019,2,PR,0,1,4,1,22,695.0,0,0,5,7,46,1,2.0,0
2019,11,PR,0,1,4,1,44,1100.0,0,0,5,7,48,0,2.0,0
2018,4,PR,1,1,1,4,20,433.0,1,0,4,6,15,0,2.0,1
2018,10,PR,1,1,2,9,44,1498.0,0,0,8,7,27,0,8.0,1
2019,8,PR,0,1,4,9,36,1644.0,0,0,8,4,43,1,2.0,0
2018,10,PR,0,1,4,9,44,1438.0,0,0,8,6,21,0,8.0,0
2018,6,PR,0,1,4,6,44,1375.0,0,0,6,5,27,0,8.0,0
2019,6,PR,0,1,4,2,44,1310.0,0,0,6,6,53,1,2.0,0
2019,2,PR,0,3,4,1,22,550.0,0,0,6,7,22,0,2.0,0
2018,3,PR,0,1,6,1,44,1250.0,0,0,5,7,26,1,9.0,0
2018,6,PR,0,1,4,1,44,1071.0,0,0,6,3,35,1,2.0,0
2019,1,PR,0,1,4,9,44,1092.0,0,0,6,4,51,1,2.0,0
2018,4,PR,0,1,4,9,44,1071.0,0,0,6,4,38,1,8.0,0
2018,8,PR,1,1,2,9,44,1196.0,0,0,9,4,40,1,8.0,1
2019,4,PR,0,1,4,9,44,1196.0,0,0,7,6,23,1,8.0,0
2019,7,PR,0,1,4,9,44,1298.0,0,0,6,4,49,1,8.0,0
2018,4,PR,0,1,4,9,44,1025.0,0,0,6,7,43,0,2.0,0
2018,2,PR,1,1,2,5,44,1277.0,0,0,4,7,39,0,2.0,1
2018,2,PR,1,1,2,4,44,1270.0,0,0,4,7,23,0,8.0,1
2019,5,PR,1,1,2,5,36,1415.0,0,0,5,7,36,1,8.0,1
2018,9,PR,1,1,2,4,44,1734.0,0,0,7,7,37,1,2.0,1
2019,1,PR,1,1,2,3,44,1330.0,0,0,5,6,51,0,9.0,1
2018,8,PR,0,1,4,3,44,1703.0,0,0,4,5,29,1,2.0,0
2019,11,PR,0,1,4,6,44,1461.0,0,0,4,5,22,1,9.0,0
2018,8,PR,0,1,4,5,44,2125.0,0,0,7,7,39,1,8.0,0
2018,1,PR,1,1,2,2,44,1327.0,0,0,5,7,30,0,2.0,1
2019,10,PR,1,1,2,1,44,1404.0,0,0,5,5,37,0,9.0,1
2018,2,PR,1,1,2,5,44,1491.0,0,0,7,5,39,1,8.0,1
2019,12,PR,1,1,2,1,44,1404.0,0,0,1,8,20,1,2.0,1
2018,7,PR,1,1,2,2,44,1102.0,0,0,4,7,36,0,2.0,1
2018,3,PR,1,1,2,1,44,1350.0,0,0,7,5,24,1,2.0,1
2019,4,PR,0,1,4,2,44,1345.0,0,0,5,7,28,1,2.0,0
2019,9,PR,0,1,11,4,44,2839.0,0,0,5,7,32,0,2.0,0
2018,5,PR,1,1,2,1,44,1358.0,0,0,5,6,21,0,2.0,1
2019,6,PR,1,1,2,1,44,1313.0,0,0,5,3,50,0,2.0,1
2019,2,PR,1,1,2,3,44,1099.0,0,0,4,7,41,0,9.0,1
2019,8,PR,1,1,2,4,44,2477.0,0,0,7,7,35,1,9.0,1
2019,3,PR,1,1,2,9,44,1795.0,0,0,8,7,21,0,2.0,1
2019,12,PR,1,1,2,3,44,1497.0,0,0,7,5,21,1,8.0,1
2019,4,PR,1,1,2,4,44,1435.0,0,0,7,7,31,0,9.0,1
2018,8,PR,1,1,2,6,44,1662.0,0,0,4,6,26,1,2.0,1
2019,9,PR,1,1,2,7,44,1363.0,0,0,6,2,25,0,2.0,1
2018,7,PR,1,1,2,1,44,954.0,0,0,5,7,28,1,9.0,1
2018,8,PR,0,1,6,1,44,1400.0,0,0,7,7,23,1,9.0,0
2018,5,PR,0,1,6,7,44,1290.0,0,0,6,4,37,0,2.0,0
2019,11,PR,0,1,6,1,44,1425.0,0,0,5,7,44,0,2.0,0
2019,8,PR,0,1,6,6,44,1391.0,0,0,5,7,31,0,2.0,0
2019,2,PR,0,1,6,9,44,1347.0,0,0,8,4,29,0,2.0,0
2019,5,PR,0,1,11,5,44,2000.0,0,0,7,7,38,1,2.0,0
2019,7,PR,1,1,25,8,44,2041.0,0,0,7,6,41,1,2.0,1
2019,8,PR,1,1,2,1,44,1251.0,0,0,4,7,26,0,8.0,1
2019,5,PR,1,1,2,4,44,1459.0,0,0,3,8,31,0,9.0,1
2019,2,PR,1,1,2,7,30,851.0,0,0,5,5,22,0,2.0,1
2019,6,PR,1,1,2,2,44,1493.0,0,0,8,7,46,0,9.0,1
2018,12,PR,1,1,2,6,44,2981.0,0,0,3,9,27,0,2.0,1
2018,2,PR,1,1,2,6,44,2500.0,0,0,7,7,32,1,2.0,1
2018,12,PR,1,1,2,7,40,1076.0,0,0,5,5,54,0,8.0,1
2019,6,PR,0,1,4,7,40,1100.0,0,0,5,3,51,0,8.0,0
2019,10,PR,0,1,4,7,44,1110.0,0,0,5,5,35,0,8.0,0
2019,9,PR,0,1,4,5,44,2978.0,0,0,2,9,34,0,2.0,0
2019,2,PR,0,1,4,5,44,1110.0,0,0,5,3,46,0,8.0,0
2018,1,PR,0,1,4,1,44,1809.0,0,0,3,5,51,1,2.0,0
2019,2,PR,0,1,4,2,44,1654.0,0,0,7,7,27,1,2.0,0
2019,7,PR,0,1,4,1,44,1600.0,0,0,7,6,28,1,2.0,0
2018,10,PR,0,1,4,8,44,2405.0,0,0,5,7,32,1,2.0,0
2018,2,PR,0,1,4,4,44,1295.0,0,0,4,5,25,1,9.0,0
2019,9,PR,0,1,4,1,44,1229.0,0,0,8,7,30,1,2.0,0
2018,8,PR,0,1,6,1,24,2088.0,0,0,3,7,61,1,2.0,0
2018,6,PR,0,1,6,6,44,1237.0,0,0,8,5,20,1,2.0,0
2019,5,PR,0,1,11,6,44,1669.0,0,0,8,7,45,1,2.0,0
2019,10,PR,0,1,11,3,44,1960.0,0,0,7,7,31,1,2.0,0
2018,5,PR,0,1,33,3,44,2525.0,0,0,7,3,66,1,2.0,0
2018,10,PR,0,1,4,1,44,954.0,0,0,5,7,24,0,9.0,0
2018,9,PR,1,3,2,1,44,1925.0,0,0,7,7,34,1,2.0,1
2019,4,PR,1,1,2,4,44,998.0,0,0,4,7,32,0,2.0,1
2018,1,PR,1,1,2,2,22,700.0,0,0,4,5,18,0,2.0,1
2018,2,PR,0,3,4,7,44,2362.0,0,0,7,7,39,1,2.0,0
2018,4,PR,0,3,6,2,44,1500.0,0,0,6,7,20,1,9.0,0
2019,12,PR,0,1,43,2,44,1625.0,0,0,3,7,21,1,2.0,0
2019,7,PR,1,1,2,5,44,1260.0,0,0,4,7,25,0,2.0,1
2019,7,PR,0,1,4,1,36,1345.0,0,0,5,7,40,1,9.0,0
2019,11,PR,0,3,6,4,44,1306.0,0,0,6,2,37,1,2.0,0
2018,10,PR,0,3,4,1,44,1223.0,0,0,6,6,35,1,8.0,0
2019,8,PR,0,1,4,1,44,1330.0,0,0,5,7,30,0,2.0,0
2018,12,PR,1,1,1,7,36,1399.0,0,0,8,7,47,1,2.0,1
2018,3,PR,1,1,2,4,44,1192.0,0,0,5,6,34,0,2.0,1
2018,9,PR,1,1,2,4,44,1304.0,0,0,3,7,32,1,2.0,1
2018,6,PR,1,1,2,7,44,5600.0,0,0,2,9,35,0,2.0,1
2018,7,PR,1,1,2,7,44,1484.0,0,0,5,4,39,0,8.0,1
2018,1,PR,1,1,2,4,44,1810.0,0,0,7,4,32,1,2.0,1
2019,5,PR,1,1,2,4,44,1320.0,0,0,4,7,31,0,9.0,1
2018,7,PR,1,1,2,5,44,1001.0,0,0,3,7,23,0,2.0,1
2019,11,PR,1,1,2,5,40,1150.0,0,0,3,8,38,0,2.0,1
2019,1,PR,1,1,2,3,44,1870.0,0,0,7,7,39,1,9.0,1
2018,5,PR,1,1,2,4,44,1406.0,0,0,4,8,20,0,2.0,1
2018,7,PR,1,1,2,5,44,1001.0,0,0,3,7,23,0,2.0,1
2019,2,PR,1,1,2,9,40,8011.0,0,0,3,9,43,0,2.0,1
2019,1,PR,1,1,2,3,44,1870.0,0,0,7,7,39,1,9.0,1
2018,10,PR,1,1,2,1,44,1320.0,0,0,8,7,18,1,9.0,1
2018,2,PR,0,1,4,3,36,954.0,0,0,3,7,23,0,2.0,0
2018,12,PR,0,1,4,1,44,1180.0,0,0,7,8,24,1,2.0,0
2018,1,PR,0,1,4,4,44,1280.0,0,0,5,7,19,1,2.0,0
2018,4,PR,0,1,4,1,44,1280.0,0,0,5,7,22,0,2.0,0
2018,1,PR,0,1,4,6,44,1535.0,0,0,7,7,25,1,2.0,0
2019,1,PR,0,1,4,4,44,2364.0,0,0,1,9,41,0,2.0,0
2018,2,PR,0,1,4,4,44,1300.0,0,0,5,7,34,0,2.0,0
2019,5,PR,0,1,4,3,44,2615.0,0,0,5,7,35,0,2.0,0
2019,4,PR,0,1,4,4,44,1870.0,0,0,7,7,33,1,9.0,0
2018,3,PR,0,1,6,4,44,2688.0,0,0,4,7,25,0,2.0,0
2018,6,PR,0,1,6,6,44,2200.0,0,0,7,5,47,1,2.0,0
2019,2,PR,0,1,11,3,44,1258.0,0,0,7,7,41,1,4.0,0
2018,8,PR,0,1,11,4,44,1750.0,0,0,9,7,50,1,2.0,0
2019,11,PR,0,1,11,9,40,1094.0,0,0,5,7,35,1,2.0,0
2019,11,PR,1,3,25,4,44,0.0,0,0,6,2,38,1,2.0,1
2018,10,PR,0,1,6,7,44,1925.0,0,0,7,4,48,1,8.0,0
2018,1,PR,1,1,2,5,36,950.0,0,0,7,6,22,1,2.0,1
2018,7,PR,1,1,2,4,44,1282.0,0,0,7,7,31,0,2.0,1
2019,2,PR,0,1,4,2,44,1431.0,0,0,4,5,37,0,2.0,0
2019,6,PR,0,1,4,3,22,557.0,0,0,5,5,35,0,8.0,0
2019,7,PR,1,1,2,7,42,4246.0,0,0,3,7,37,1,2.0,1
2018,8,PR,1,1,2,4,40,1205.0,0,0,2,9,43,0,2.0,1
2018,4,PR,1,1,2,6,44,1101.0,0,0,7,7,19,1,2.0,1
2018,11,PR,1,1,2,2,44,1500.0,0,0,2,9,27,1,9.0,1
2018,7,PR,1,1,2,1,44,1500.0,0,0,1,8,41,0,2.0,1
2019,8,PR,0,1,4,4,44,1295.0,0,0,7,7,32,1,2.0,0
2019,4,PR,0,1,4,1,44,1107.0,0,0,7,5,36,0,2.0,0
2019,5,PR,0,1,6,4,44,1330.0,0,0,7,4,34,1,2.0,0
2018,10,PR,0,1,6,1,44,1826.0,0,0,7,5,30,1,9.0,0
2018,2,PR,0,1,6,2,22,477.0,0,0,4,6,29,1,2.0,0
2018,2,PR,1,1,2,5,44,1164.0,0,0,7,7,36,0,8.0,1
2018,9,PR,0,1,4,5,36,2159.0,0,0,8,7,49,1,2.0,0
2019,8,PR,0,1,6,2,44,1188.0,0,0,5,7,32,1,9.0,0
2019,9,PR,1,1,2,2,44,1337.0,0,0,7,4,28,1,2.0,1
2018,12,PR,1,1,2,4,44,1353.0,0,0,7,7,18,1,9.0,1
2019,9,PR,1,3,2,3,44,1337.0,0,0,6,6,36,1,2.0,1
2018,1,PR,0,3,43,2,44,1239.0,0,0,6,7,19,0,2.0,0
2019,4,PR,0,1,4,2,44,1336.0,0,0,5,7,19,1,2.0,0
2019,11,PR,1,1,1,3,22,499.0,0,0,4,4,29,1,2.0,1
2019,2,PR,0,1,4,1,44,1569.0,0,0,1,7,24,1,2.0,0
2018,1,PR,1,1,1,1,44,954.0,0,0,5,7,29,1,2.0,1
2019,7,PR,1,1,2,3,44,1248.0,0,0,5,6,44,1,9.0,1
2018,1,PR,1,1,2,6,44,1250.0,0,0,9,4,48,1,9.0,1
2019,1,PR,0,1,4,1,44,1456.0,0,0,4,4,23,1,8.0,0
2018,2,PR,0,1,11,6,44,1217.0,0,0,5,7,47,0,2.0,0
2018,3,PR,1,1,2,1,44,1269.0,0,0,5,5,39,0,2.0,1
2019,8,PR,0,1,11,4,44,1170.0,0,0,7,5,38,1,2.0,0
2019,10,PR,1,1,1,3,44,3308.0,0,0,2,9,35,0,2.0,1
2018,5,PR,1,1,2,6,44,1743.0,0,0,4,4,36,1,8.0,1
2019,8,PR,1,1,2,9,44,1362.0,0,0,8,7,30,0,2.0,1
2019,7,PR,1,1,2,1,44,1369.0,0,0,7,7,32,1,2.0,1
2019,4,PR,0,1,4,2,44,2727.0,0,0,3,7,35,1,8.0,0
2019,9,PR,0,1,5,9,44,1365.0,0,0,7,7,43,0,2.0,0
2018,11,PR,1,1,25,1,20,617.0,1,0,4,7,18,0,2.0,1
2018,1,PR,1,1,25,8,44,1156.0,0,0,7,9,27,0,2.0,1
2018,11,PR,1,1,25,1,20,617.0,1,0,4,7,18,0,2.0,1
2018,7,PR,1,1,25,8,44,1260.0,0,0,7,5,34,1,4.0,1
2019,10,PR,1,1,1,7,44,1412.0,0,0,7,4,18,1,9.0,1
2019,2,PR,0,1,6,6,44,1240.0,0,0,7,7,25,0,2.0,0
2019,7,PR,1,1,2,1,44,1248.0,0,0,7,7,31,0,2.0,1
2019,7,PR,1,3,2,2,44,1306.0,0,0,6,6,20,1,8.0,1
2019,3,PR,1,1,2,1,44,2900.0,0,0,1,7,32,1,9.0,1
2018,7,PR,1,1,2,3,44,1419.0,0,0,7,7,27,0,2.0,1
2019,1,PR,1,1,2,5,44,1007.0,0,0,5,6,29,1,4.0,1
2018,2,PR,0,1,4,2,44,1663.0,0,0,5,7,27,0,2.0,0
2019,7,PR,0,1,4,4,44,1239.0,0,0,7,7,23,0,9.0,0
2019,10,PR,1,1,2,4,44,1325.0,0,0,7,5,29,1,2.0,1
2018,3,PR,0,3,4,1,44,1339.0,0,0,7,5,35,1,2.0,0
2019,8,PR,1,1,2,2,44,1600.0,0,0,5,6,28,1,2.0,1
2018,9,PR,1,1,2,6,44,2080.0,0,0,8,7,48,1,2.0,1
2018,6,PR,0,1,6,4,44,1269.0,0,0,4,7,29,0,2.0,0
2018,10,PR,1,1,2,1,44,1355.0,0,0,5,5,56,0,2.0,1
2019,2,PR,0,1,6,1,44,1160.0,0,0,7,7,21,1,2.0,0
2018,1,PR,1,1,1,9,44,1302.0,0,0,7,7,18,1,2.0,1
2019,3,PR,1,1,1,1,44,1200.0,0,0,4,7,28,0,2.0,1
2019,4,PR,1,1,1,9,44,1409.0,0,0,7,7,19,1,2.0,1
2019,4,PR,1,1,2,3,44,1160.0,0,0,5,6,42,0,2.0,1
2018,4,PR,1,1,2,5,44,1264.0,0,0,7,6,29,0,2.0,1
2019,8,PR,1,1,2,3,44,1983.0,0,0,5,5,54,1,2.0,1
2018,2,PR,1,1,2,3,44,0.0,0,0,2,9,31,0,2.0,1
2019,1,PR,0,1,4,2,44,1200.0,0,0,5,1,32,0,9.0,0
2019,7,PR,0,1,6,3,44,1771.0,0,0,7,7,26,1,2.0,0
2019,3,PR,1,1,2,1,22,677.0,0,0,5,7,24,0,9.0,1
2018,11,PR,0,1,4,4,44,1176.0,0,0,7,4,24,0,2.0,0
2018,10,PR,1,3,2,4,44,1300.0,0,0,5,5,44,1,8.0,1
2018,1,PR,0,3,4,1,44,1223.0,0,0,6,5,22,1,2.0,0
2019,4,PR,1,1,1,1,44,998.0,0,0,9,6,18,1,2.0,1
2019,2,PR,1,1,2,1,44,998.0,0,0,9,7,18,1,2.0,1
2019,10,PR,0,1,43,6,44,994.0,0,0,6,3,46,1,2.0,0
2018,8,PR,1,1,1,4,44,1107.0,0,0,7,6,29,0,2.0,1
2019,9,PR,1,1,2,1,44,1188.0,0,0,5,7,24,1,2.0,1
2018,4,PR,1,1,1,7,44,1030.0,0,0,5,7,34,1,2.0,1
2018,4,PR,1,1,1,1,36,1049.0,0,0,4,7,18,0,2.0,1
2018,9,PR,1,3,1,1,44,1870.0,0,0,7,7,46,1,2.0,1
2019,10,PR,1,1,2,1,44,1432.0,0,0,5,7,22,0,4.0,1
2019,7,PR,1,1,2,3,44,1545.0,0,0,7,7,60,1,2.0,1
2018,12,PR,1,1,2,3,44,2067.0,0,0,3,7,34,1,2.0,1
2018,2,PR,1,1,2,2,44,1269.0,0,0,5,7,49,1,9.0,1
2018,8,PR,1,1,2,7,44,0.0,0,0,7,5,48,1,4.0,1
2019,5,PR,1,1,2,4,44,1217.0,0,0,5,7,48,0,9.0,1
2018,5,PR,1,1,2,6,44,1257.0,0,0,4,7,45,1,9.0,1
2019,7,PR,1,1,2,6,40,1556.0,0,0,7,7,34,1,2.0,1
2019,3,PR,1,1,2,3,44,1313.0,0,0,5,7,29,0,9.0,1
2018,3,PR,1,1,2,1,44,1269.0,0,0,3,7,26,1,2.0,1
2018,3,PR,1,1,2,9,40,1764.0,0,0,4,7,22,1,2.0,1
2019,8,PR,1,1,2,4,44,1372.0,0,0,5,7,49,0,2.0,1
2019,11,PR,1,1,2,4,44,3198.0,0,0,2,9,40,1,2.0,1
2018,11,PR,1,1,2,3,44,1000.0,0,0,3,6,18,0,9.0,1
2019,3,PR,1,1,2,3,44,1203.0,0,0,7,8,48,0,2.0,1
2019,1,PR,1,1,2,8,40,2800.0,0,0,2,9,21,0,9.0,1
2018,2,PR,1,1,2,3,44,3588.0,0,0,2,8,41,0,9.0,1
2018,5,PR,1,1,2,4,44,1067.0,0,0,7,7,24,0,9.0,1
2018,11,PR,1,1,2,7,36,1510.0,0,0,9,7,46,1,2.0,1
2018,7,PR,1,1,2,6,44,2125.0,0,0,7,7,36,1,2.0,1
2018,11,PR,1,1,2,8,40,3685.0,0,0,2,8,22,0,2.0,1
2018,4,PR,1,1,2,1,44,1551.0,0,0,8,5,36,1,9.0,1
2018,1,PR,1,1,2,2,44,1270.0,0,0,5,9,33,0,2.0,1
2019,3,PR,1,1,2,5,44,1148.0,0,0,4,6,18,1,9.0,1
2019,9,PR,0,1,4,3,44,1359.0,0,0,4,7,46,1,9.0,0
2019,11,PR,0,1,4,4,44,1383.0,0,0,7,7,35,1,9.0,0
2019,9,PR,0,1,4,5,44,2869.0,0,0,4,7,23,1,2.0,0
2018,8,PR,0,1,4,3,44,1269.0,0,0,7,4,24,1,9.0,0
2018,11,PR,0,1,4,1,44,3500.0,0,0,1,7,45,1,2.0,0
2019,8,PR,0,1,4,5,40,2603.0,0,0,8,7,37,1,2.0,0
2019,6,PR,0,1,4,3,44,1315.0,0,0,5,4,38,1,8.0,0
2018,9,PR,0,1,4,6,44,1415.0,0,0,7,7,21,1,2.0,0
2018,2,PR,0,1,4,1,44,1539.0,0,0,7,5,39,1,2.0,0
2018,2,PR,0,1,4,6,44,1360.0,0,0,7,5,33,0,8.0,0
2018,6,PR,0,1,4,7,44,1960.0,0,0,5,7,31,0,2.0,0
2018,6,PR,0,1,6,2,44,1400.0,0,0,8,7,21,1,9.0,0
2019,7,PR,0,1,6,1,44,3599.0,0,0,7,4,44,1,2.0,0
2019,11,PR,0,1,6,6,44,1339.0,0,0,5,3,25,1,6.0,0
2018,2,PR,0,1,6,6,44,1049.0,0,0,5,7,26,1,2.0,0
2018,9,PR,0,1,6,2,44,1320.0,0,0,5,7,24,0,9.0,0
2018,1,PR,0,1,6,1,44,1150.0,0,0,5,7,21,1,9.0,0
2018,10,PR,0,1,6,3,44,1114.0,0,0,3,5,24,0,2.0,0
2019,6,PR,0,1,6,4,44,1671.0,0,0,4,9,26,1,2.0,0
2018,5,PR,0,1,11,1,44,1224.0,0,0,5,7,27,0,2.0,0
2018,12,PR,0,3,11,1,44,1291.0,0,0,6,4,20,1,2.0,0
2018,1,PR,1,1,25,4,40,3040.0,0,0,3,9,30,0,2.0,1
2018,11,PR,0,1,43,1,44,1200.0,0,0,5,7,44,1,9.0,0
2019,9,PR,1,1,2,3,36,1200.0,0,0,8,7,34,0,2.0,1
2018,4,PR,1,3,2,1,44,1600.0,0,0,6,5,24,1,2.0,1
2018,11,PR,1,1,2,4,36,928.0,0,0,4,7,18,0,2.0,1
2019,3,PR,0,1,4,4,44,2094.0,0,0,7,7,28,1,2.0,0
2019,1,PR,0,1,6,2,44,1353.0,0,0,8,7,25,1,2.0,0
2019,1,PR,0,1,6,1,44,1254.0,0,0,5,7,41,1,2.0,0
2019,12,PR,0,1,11,4,44,1377.0,0,0,5,7,22,0,9.0,0
2019,4,PR,1,1,25,4,40,2557.0,0,0,3,7,26,0,2.0,1
2019,5,PR,1,3,2,1,44,1307.0,0,0,6,2,48,1,2.0,1
2018,8,PR,1,3,2,4,44,1497.0,0,0,6,2,33,1,2.0,1
2018,3,PR,0,1,4,1,44,1500.0,0,0,4,7,54,0,2.0,0
2019,11,PR,0,1,4,7,44,4226.0,0,0,5,4,32,0,2.0,0
2018,1,PR,0,1,4,7,44,2429.0,0,0,8,5,24,0,2.0,0
2018,9,PR,0,1,6,3,44,1260.0,0,0,7,7,22,1,9.0,0
2019,11,PR,1,1,2,4,44,1374.0,0,0,4,7,26,0,9.0,1
2018,3,PR,0,1,4,4,44,1561.0,0,0,7,7,40,1,9.0,0
2019,11,PR,1,1,1,3,44,1415.0,0,0,7,5,42,0,2.0,1
2019,1,PR,1,1,2,4,44,1526.0,0,0,5,7,32,1,8.0,1
2019,3,PR,0,1,4,3,44,1188.0,0,0,5,7,60,1,2.0,0
2019,9,PR,1,1,2,1,44,1403.0,0,0,7,7,48,1,2.0,1
2019,4,PR,1,1,2,5,44,1381.0,0,0,7,7,28,1,2.0,1
2018,1,PR,0,1,6,6,44,1784.0,0,0,7,5,43,0,2.0,0
2019,10,PR,0,1,11,5,44,1026.0,0,0,7,4,23,0,2.0,0
2018,4,PR,0,1,4,3,40,6764.0,0,0,1,9,36,0,2.0,0
2018,5,PR,1,1,2,2,44,1150.0,0,0,6,3,30,1,8.0,1
2018,7,PR,1,1,2,2,44,3387.0,0,0,7,7,42,1,8.0,1
2018,2,PR,1,1,2,2,44,2640.0,0,0,7,7,31,1,2.0,1
2019,12,PR,0,1,4,9,44,1309.0,0,0,6,6,33,1,8.0,0
2018,5,PR,1,1,1,5,44,1971.0,0,0,9,4,40,1,2.0,1
2019,9,PR,1,1,2,7,44,1063.0,0,0,5,5,37,0,2.0,1
2018,5,PR,1,1,2,6,44,1170.0,0,0,7,3,58,1,2.0,1
2019,7,PR,1,1,2,2,36,1134.0,0,0,4,7,23,0,2.0,1
2018,7,PR,1,1,2,1,22,2420.0,0,0,2,9,26,0,2.0,1
2019,6,PR,1,1,2,2,44,1320.0,0,0,5,7,21,0,2.0,1
2018,1,PR,1,1,2,3,44,1280.0,0,0,5,6,21,0,9.0,1
2019,1,PR,1,1,2,3,44,1081.0,0,0,5,7,29,0,2.0,1
2018,10,PR,1,1,2,5,44,3000.0,0,0,9,7,35,1,2.0,1
2018,7,PR,1,1,2,1,44,1200.0,0,0,4,7,46,1,2.0,1
2018,10,PR,1,1,2,3,44,1500.0,0,0,5,7,37,0,2.0,1
2019,4,PR,0,1,4,1,40,3360.0,0,0,9,7,52,1,2.0,0
2018,8,PR,0,1,11,9,44,1224.0,0,0,6,5,26,1,8.0,0
2019,7,PR,1,1,25,1,44,2877.0,0,0,9,7,24,1,9.0,1
2019,7,PR,1,1,25,1,44,2877.0,0,0,9,7,24,1,9.0,1
2019,7,PR,1,1,25,1,44,2877.0,0,0,9,7,24,1,9.0,1
2018,9,PR,0,3,4,1,44,1483.0,0,0,6,5,53,1,2.0,0
2019,1,PR,0,1,4,4,44,1353.0,0,0,7,6,24,1,2.0,0
2019,12,PR,1,3,2,2,44,1310.0,0,0,6,6,22,1,2.0,1
2019,12,PR,1,3,2,2,44,1310.0,0,0,6,6,22,1,2.0,1
2018,11,PR,1,1,2,5,44,1432.0,0,0,7,7,29,1,8.0,1
2019,8,PR,1,3,2,2,44,1641.0,0,0,6,5,47,1,2.0,1
2018,7,PR,0,1,6,1,44,1280.0,0,0,5,7,18,0,2.0,0
2019,10,PR,0,1,4,6,44,2360.0,0,0,7,7,35,1,2.0,0
2019,10,PR,1,1,2,4,44,1761.0,0,0,7,7,23,1,9.0,1
2018,7,PR,1,1,2,2,44,1800.0,0,0,5,7,29,0,2.0,1
2019,1,PR,1,1,2,9,44,1032.0,0,0,4,7,23,1,9.0,1
2019,11,PR,1,1,2,4,44,1427.0,0,0,7,5,25,1,9.0,1
2018,2,PR,1,1,2,7,44,1252.0,0,0,8,8,21,1,2.0,1
2019,5,PR,1,1,2,6,20,559.0,0,0,5,6,27,0,2.0,1
2019,12,PR,1,1,2,6,44,1325.0,0,0,1,7,31,1,9.0,1
2019,8,PR,0,3,4,1,44,1306.0,0,0,6,7,54,1,9.0,0
2018,8,PR,0,1,4,8,44,1179.0,0,0,7,7,24,1,8.0,0
2019,12,PR,0,1,4,4,44,2070.0,0,0,3,7,29,1,2.0,0
2018,1,PR,0,1,4,2,44,2832.0,0,0,1,7,31,1,2.0,0
2019,2,PR,0,1,4,9,40,1100.0,0,0,5,4,44,1,9.0,0
2019,5,PR,0,1,4,2,29,1190.0,0,0,5,7,18,1,9.0,0
2018,2,PR,0,1,4,9,40,1384.0,0,0,6,7,31,1,9.0,0
2018,3,PR,0,1,4,1,44,1391.0,0,0,4,7,25,1,2.0,0
2019,11,PR,0,1,4,2,44,1574.0,0,0,7,7,31,1,9.0,0
2018,1,PR,0,1,4,1,22,514.0,0,0,4,7,64,0,9.0,0
2019,3,PR,0,1,4,9,44,1392.0,0,0,8,3,38,1,4.0,0
2018,9,PR,0,1,4,6,30,1074.0,0,0,5,7,31,1,2.0,0
2019,9,PR,0,1,5,5,44,2112.0,0,0,7,7,40,1,8.0,0
2019,9,PR,0,1,6,3,36,1295.0,0,0,5,7,27,0,2.0,0
2019,10,PR,0,1,6,6,44,1387.0,0,0,5,7,24,1,9.0,0
2018,8,PR,0,1,6,6,44,1230.0,0,0,7,6,28,1,8.0,0
2018,4,PR,0,1,6,1,36,1215.0,0,0,4,7,29,0,2.0,0
2018,3,PR,0,1,4,1,22,603.0,0,0,5,7,22,0,2.0,0
2018,1,PR,1,1,1,4,44,1000.0,0,0,4,7,18,1,2.0,1
2019,8,PR,1,1,2,3,30,994.0,0,0,5,7,27,1,2.0,1
2019,3,PR,1,1,2,4,44,1108.0,0,0,4,7,34,0,9.0,1
2018,11,PR,1,1,2,1,44,1307.0,0,0,5,6,18,1,9.0,1
2019,1,PR,1,1,2,1,36,1550.0,0,0,7,7,28,1,2.0,1
2018,5,PR,1,1,2,3,44,1288.0,0,0,5,7,20,1,2.0,1
2018,1,PR,1,1,2,2,44,1190.0,0,0,7,7,23,1,2.0,1
2019,10,PR,0,1,4,5,44,1788.0,0,0,7,7,34,1,2.0,0
2019,4,PR,0,1,4,6,44,1360.0,0,0,7,7,19,1,2.0,0
2018,4,PR,0,1,4,4,44,4398.0,0,0,2,9,53,0,2.0,0
2018,8,PR,0,3,6,1,44,1722.0,0,0,7,7,33,1,2.0,0
2018,7,PR,0,1,6,1,44,1273.0,0,0,1,7,43,0,9.0,0
2018,10,PR,0,1,6,2,22,795.0,0,0,2,9,26,0,9.0,0
2018,7,PR,0,1,6,4,40,956.0,0,0,5,7,39,0,9.0,0
2018,8,PR,0,1,11,2,44,1273.0,0,0,4,7,20,1,2.0,0
2018,6,PR,1,1,2,4,44,1811.0,0,0,7,7,35,1,2.0,1
2019,6,PR,0,1,4,1,44,1254.0,0,0,7,7,30,1,2.0,0
2019,7,PR,0,1,4,8,44,1498.0,0,0,8,7,64,1,8.0,0
2019,7,PR,0,1,6,4,44,1408.0,0,0,9,7,18,1,8.0,0
2019,4,PR,0,1,4,1,44,1599.0,0,0,1,9,40,1,2.0,0
2019,12,PR,0,1,4,4,44,1306.0,0,0,6,7,19,1,2.0,0
2019,8,PR,0,3,4,2,22,633.0,0,0,6,6,25,0,2.0,0
2019,9,SC,1,1,2,1,22,687.0,0,0,5,5,22,1,2.0,1
2018,10,SC,0,1,4,9,44,3659.0,0,0,9,7,33,1,2.0,0
2018,1,SC,0,1,4,1,44,1333.0,0,0,7,5,25,1,2.0,0
2018,3,SC,1,1,2,1,44,1174.0,0,0,7,6,29,0,2.0,1
2018,3,SC,0,1,4,6,44,1576.0,0,0,7,5,24,1,9.0,0
2018,5,SC,0,1,11,4,44,1111.0,0,0,6,2,48,0,8.0,0
2019,1,SC,1,1,2,6,44,1854.0,0,0,7,7,34,1,2.0,1
2018,8,SC,1,1,2,4,36,0.0,0,0,8,7,25,1,2.0,1
2018,2,SC,0,1,6,4,44,1435.0,0,0,3,7,22,1,2.0,0
2018,3,SC,1,1,2,8,44,1507.0,0,0,7,7,36,1,2.0,1
2018,5,SC,1,1,2,7,44,1669.0,0,0,5,5,56,0,9.0,1
2018,4,SC,1,1,2,4,44,1392.0,0,0,5,7,27,1,4.0,1
2019,8,SC,1,1,2,2,44,1580.0,0,0,7,7,24,1,9.0,1
2019,11,SC,0,1,4,4,44,1541.0,0,0,5,7,25,0,2.0,0
2018,9,SC,0,1,4,8,44,1667.0,0,1,7,7,36,1,9.0,0
2018,3,SC,0,1,4,1,44,1345.0,0,0,7,7,51,1,9.0,0
2019,3,SC,0,1,4,4,44,2101.0,0,0,1,7,46,1,9.0,0
2019,5,SC,0,1,4,3,44,1110.0,0,0,6,7,30,0,9.0,0
2019,2,SC,0,1,6,6,44,1405.0,0,0,7,7,27,0,2.0,0
2018,9,SC,0,1,33,8,44,1393.0,0,0,5,5,46,1,2.0,0
2019,3,SC,1,1,2,1,44,1790.0,0,0,7,2,58,0,2.0,1
2019,6,SC,1,1,2,6,44,1271.0,0,0,4,7,52,0,2.0,1
2019,6,SC,1,1,2,6,44,1271.0,0,0,4,7,52,0,2.0,1
2019,5,SC,0,1,4,3,44,1395.0,0,0,7,9,30,0,2.0,0
2019,5,SC,0,1,4,7,44,1355.0,0,0,5,7,48,0,2.0,0
2018,12,SC,0,1,6,7,44,2146.0,0,0,4,9,27,1,2.0,0
2019,10,SC,0,1,6,4,44,1327.0,0,0,4,8,21,0,2.0,0
2018,9,SC,0,1,6,1,44,1240.0,0,0,7,5,37,1,9.0,0
2019,5,SC,1,1,25,7,44,1257.0,0,0,7,7,28,1,2.0,1
2018,8,SC,1,1,2,3,36,1409.0,0,0,5,7,29,1,2.0,1
2018,7,SC,0,1,6,1,44,1245.0,0,0,5,7,25,0,9.0,0
2019,9,SC,1,1,2,4,44,1458.0,0,0,7,4,28,1,2.0,1
2019,10,SC,0,1,4,2,44,1455.0,0,0,5,5,34,0,2.0,0
2019,7,SC,1,1,2,6,44,1445.0,0,0,7,7,20,0,2.0,1
2018,5,SC,0,1,4,6,44,1766.0,0,0,7,7,26,1,2.0,0
2018,4,SC,1,1,2,1,44,1235.0,0,0,5,7,29,0,9.0,1
2019,12,SC,1,1,1,2,44,1322.0,0,0,7,7,21,1,2.0,1
2019,12,SC,1,1,1,4,44,1712.0,0,0,4,8,29,0,2.0,1
2019,6,SC,1,1,2,1,44,1300.0,0,0,7,7,20,1,9.0,1
2018,9,SC,1,1,2,1,44,1834.0,0,0,3,9,32,0,2.0,1
2019,3,SC,1,1,2,4,44,1630.0,0,0,4,8,19,0,9.0,1
2019,10,SC,1,1,2,1,44,1602.0,0,0,4,7,32,0,9.0,1
2019,5,SC,1,1,2,1,44,1421.0,0,0,5,7,19,1,2.0,1
2018,6,SC,1,1,2,2,44,1404.0,0,0,5,7,27,1,9.0,1
2019,1,SC,1,1,2,3,44,1241.0,0,0,7,5,42,1,9.0,1
2019,8,SC,1,1,2,4,44,1321.0,0,0,7,5,22,1,8.0,1
2018,3,SC,1,1,2,1,44,1335.0,0,0,7,7,20,1,2.0,1
2018,2,SC,1,1,2,1,36,1164.0,0,0,5,7,28,0,2.0,1
2018,6,SC,1,3,2,2,44,1610.0,0,0,6,7,44,1,9.0,1
2019,2,SC,1,1,2,2,44,1681.0,0,0,5,8,36,1,2.0,1
2018,10,SC,1,1,2,7,44,1329.0,0,0,7,6,34,1,2.0,1
2019,2,SC,1,1,2,1,44,1800.0,0,0,7,7,33,1,2.0,1
2019,11,SC,0,1,4,5,44,3030.0,0,0,7,4,55,1,2.0,0
2018,9,SC,0,1,4,2,44,1719.0,0,0,6,7,24,1,2.0,0
2018,12,SC,0,1,4,1,44,1794.0,0,0,7,7,28,1,9.0,0
2018,2,SC,0,1,4,1,44,1515.0,0,0,5,7,43,1,2.0,0
2018,4,SC,0,1,4,2,22,725.0,0,0,5,6,41,0,2.0,0
2019,3,SC,0,1,4,2,44,1465.0,0,0,5,7,32,0,2.0,0
2018,3,SC,0,1,6,5,36,1108.0,0,0,5,7,25,0,2.0,0
2018,1,SC,0,1,6,1,44,1404.0,0,0,7,7,29,1,9.0,0
2018,9,SC,0,1,6,4,44,1335.0,0,1,4,7,25,1,2.0,0
2018,12,SC,0,1,6,4,44,1110.0,0,0,5,7,25,0,9.0,0
2018,12,SC,0,1,6,5,44,1768.0,0,0,4,7,20,0,9.0,0
2018,8,SC,0,1,7,4,36,1799.0,0,0,7,7,47,1,9.0,0
2019,5,SC,0,1,11,1,44,1323.0,0,0,5,6,29,0,9.0,0
2018,11,SC,0,1,11,4,44,1478.0,0,0,4,7,18,1,2.0,0
2019,10,SC,1,1,2,4,44,1342.0,0,0,7,5,39,1,2.0,1
2018,2,SC,1,1,2,3,44,1571.0,0,0,7,6,21,1,9.0,1
2019,10,SC,1,1,2,6,44,1325.0,0,0,5,6,21,0,9.0,1
2019,4,SC,1,1,2,7,44,2120.0,0,0,3,7,22,1,9.0,1
2019,6,SC,1,1,2,1,44,1366.0,0,0,4,7,22,0,9.0,1
2018,5,SC,0,1,4,4,44,1237.0,0,0,5,9,31,1,2.0,0
2019,6,SC,0,1,4,3,44,1336.0,0,0,4,7,33,0,2.0,0
2019,8,SC,0,1,4,2,44,1499.0,0,0,7,7,26,1,9.0,0
2019,1,SC,1,1,1,5,20,577.0,1,0,5,6,15,0,2.0,1
2019,11,SC,1,1,2,4,44,2417.0,0,0,7,5,30,1,2.0,1
2019,7,SC,1,1,2,3,44,1231.0,0,0,5,8,34,0,2.0,1
2018,4,SC,1,1,2,3,44,1471.0,0,0,4,7,27,0,2.0,1
2018,5,SC,1,1,2,3,44,1143.0,0,0,7,7,39,1,9.0,1
2019,7,SC,1,1,2,2,44,1470.0,0,0,7,4,37,1,2.0,1
2018,11,SC,0,1,4,5,44,1354.0,0,0,7,5,25,1,8.0,0
2019,12,SC,0,1,4,4,44,2110.0,0,0,7,7,25,1,2.0,0
2018,7,SC,0,1,4,1,44,1998.0,0,0,7,5,54,1,2.0,0
2019,9,SC,0,1,11,7,44,1935.0,0,0,7,5,43,1,2.0,0
2019,8,SC,1,1,1,1,42,1400.0,0,0,4,7,20,0,9.0,1
2019,8,SC,1,1,1,4,30,955.0,1,0,3,6,17,0,2.0,1
2018,9,SC,1,1,2,3,44,1247.0,0,0,7,5,49,0,8.0,1
2019,12,SC,1,1,2,4,44,1400.0,0,0,4,6,18,0,2.0,1
2018,5,SC,1,1,2,6,44,1150.0,0,0,7,6,18,0,2.0,1
2019,1,SC,1,1,2,1,44,1627.0,0,0,3,8,21,0,9.0,1
2019,7,SC,1,1,2,3,44,1600.0,0,0,3,7,36,0,9.0,1
2018,12,SC,1,1,2,1,44,1385.0,0,0,5,4,32,0,2.0,1
2018,3,SC,1,1,2,5,44,1234.0,0,0,7,2,28,1,2.0,1
2019,12,SC,1,1,2,2,44,1438.0,0,0,5,8,24,0,9.0,1
2019,2,SC,1,1,2,4,44,1478.0,0,0,7,7,19,1,2.0,1
2018,6,SC,1,1,2,1,44,1400.0,0,0,4,9,34,1,2.0,1
2018,5,SC,1,1,2,8,44,1243.0,0,0,7,6,21,1,2.0,1
2018,4,SC,1,1,2,1,44,1310.0,0,0,5,4,41,1,2.0,1
2018,4,SC,1,1,2,7,40,2228.0,0,0,4,9,35,0,2.0,1
2018,7,SC,1,1,2,5,44,1290.0,0,0,5,6,30,1,2.0,1
2019,5,SC,1,1,2,4,44,1362.0,0,0,3,7,20,1,2.0,1
2019,12,SC,1,1,2,3,39,2137.0,0,0,4,7,35,0,9.0,1
2019,11,SC,1,1,2,3,44,1800.0,0,0,7,5,57,1,9.0,1
2018,7,SC,1,1,2,8,44,1247.0,0,0,7,6,21,0,2.0,1
2019,5,SC,1,1,2,1,30,1385.0,0,0,5,7,29,1,2.0,1
2019,9,SC,1,1,2,1,44,1383.0,0,0,5,7,27,0,2.0,1
2019,2,SC,1,1,2,1,44,1298.0,0,0,7,5,40,0,2.0,1
2019,4,SC,1,1,2,1,44,1051.0,0,0,3,7,21,0,9.0,1
2018,5,SC,1,1,2,2,44,1358.0,0,0,5,6,18,0,2.0,1
2019,2,SC,1,1,2,4,44,1700.0,0,0,7,7,37,0,2.0,1
2019,11,SC,1,1,2,5,44,1432.0,0,0,5,7,30,1,2.0,1
2019,7,SC,1,1,2,1,36,1145.0,0,0,4,7,22,0,2.0,1
2019,3,SC,1,1,2,5,38,1999.0,0,0,7,5,39,1,2.0,1
2019,9,SC,1,1,2,4,44,2500.0,0,0,7,8,40,1,2.0,1
2019,8,SC,1,1,2,6,44,2000.0,0,0,3,9,36,0,2.0,1
2019,5,SC,1,1,2,5,44,1383.0,0,0,5,6,23,1,9.0,1
2019,1,SC,1,1,2,1,44,2150.0,0,0,1,9,29,0,2.0,1
2019,4,SC,1,1,2,1,44,1450.0,0,0,7,5,43,0,2.0,1
2019,5,SC,1,1,2,1,44,1385.0,0,0,5,8,22,1,9.0,1
2018,6,SC,1,1,2,5,44,1330.0,0,0,7,7,31,1,9.0,1
2018,10,SC,1,1,2,1,40,2028.0,0,0,1,9,29,1,2.0,1
2018,11,SC,1,1,2,4,44,1262.0,0,0,5,2,47,0,4.0,1
2018,4,SC,1,1,2,8,44,1500.0,0,0,4,7,35,0,2.0,1
2018,4,SC,1,1,2,2,44,1410.0,0,0,5,7,23,1,2.0,1
2019,11,SC,1,1,2,2,44,1438.0,0,0,9,7,39,1,2.0,1
2019,6,SC,1,1,2,5,44,1298.0,0,0,7,6,32,0,8.0,1
2018,11,SC,1,1,2,4,44,1262.0,0,0,5,2,47,0,4.0,1
2019,12,SC,1,1,2,1,44,2569.0,0,0,9,7,35,1,9.0,1
2018,10,SC,1,1,2,1,22,647.0,0,0,5,6,52,0,8.0,1
2018,8,SC,1,1,2,4,44,1350.0,0,0,4,7,25,0,2.0,1
2018,9,SC,1,1,2,1,44,1385.0,0,0,5,7,20,0,2.0,1
2018,3,SC,1,1,2,7,44,1350.0,0,0,7,7,23,1,8.0,1
2018,7,SC,1,1,2,7,44,1102.0,0,0,5,5,26,0,2.0,1
2018,3,SC,1,1,2,3,44,1700.0,0,0,7,7,37,1,2.0,1
2018,2,SC,1,1,2,3,44,1353.0,0,0,4,7,19,0,9.0,1
2018,12,SC,1,1,2,3,36,1227.0,0,0,5,9,25,0,2.0,1
2018,9,SC,0,1,4,1,44,1927.0,0,0,5,7,36,0,2.0,0
2019,6,SC,0,1,4,9,44,3037.0,0,0,8,5,33,1,2.0,0
2018,7,SC,0,1,4,5,44,1273.0,0,0,7,7,21,0,2.0,0
2019,7,SC,0,1,4,3,39,1298.0,0,0,7,7,21,1,9.0,0
2018,10,SC,0,1,4,2,44,2508.0,0,0,1,9,34,1,2.0,0
2019,2,SC,0,1,4,7,44,1430.0,0,0,5,7,37,1,2.0,0
2018,4,SC,0,1,4,5,44,1350.0,0,0,4,7,21,1,2.0,0
2019,12,SC,0,1,4,2,44,1438.0,0,0,5,7,23,0,2.0,0
2019,11,SC,0,1,4,6,44,1392.0,0,0,5,7,45,1,2.0,0
2018,7,SC,0,1,4,2,44,1554.0,0,0,5,7,27,0,2.0,0
2019,9,SC,0,1,4,1,44,1871.0,0,0,4,5,20,1,2.0,0
2018,1,SC,0,1,4,4,44,1853.0,0,0,3,7,25,1,2.0,0
2018,7,SC,0,1,4,5,44,1355.0,0,0,5,3,50,0,9.0,0
2019,9,SC,0,1,4,1,44,1426.0,0,0,5,7,25,0,9.0,0
2018,12,SC,0,1,4,5,44,2623.0,0,0,3,5,54,0,9.0,0
2018,6,SC,0,1,4,1,25,978.0,0,0,2,7,59,0,2.0,0
2019,9,SC,0,1,4,1,44,1383.0,0,0,5,7,20,0,2.0,0
2019,8,SC,0,1,4,4,44,1320.0,0,0,4,6,21,1,2.0,0
2019,4,SC,0,1,4,4,44,3098.0,0,0,1,9,33,1,8.0,0
2018,6,SC,0,1,4,1,44,1738.0,0,0,7,7,26,1,2.0,0
2019,10,SC,0,1,4,6,44,1503.0,0,0,4,7,20,1,2.0,0
2018,1,SC,0,1,5,6,44,1115.0,0,0,5,6,30,0,9.0,0
2018,3,SC,0,1,6,2,44,1837.0,0,0,3,9,34,0,2.0,0
2019,8,SC,0,1,6,7,44,4639.0,0,0,2,9,31,1,2.0,0
2019,5,SC,0,1,6,4,44,1450.0,0,0,3,8,23,1,2.0,0
2018,5,SC,0,1,6,6,44,1358.0,0,0,4,7,28,1,8.0,0
2018,9,SC,0,1,6,8,44,2565.0,0,0,2,9,32,0,2.0,0
2019,3,SC,0,1,6,4,44,1500.0,0,0,5,5,24,1,6.0,0
2019,4,SC,0,1,6,3,44,1584.0,0,0,7,5,37,1,2.0,0
2019,7,SC,0,1,6,9,42,2496.0,0,0,2,9,32,0,2.0,0
2018,5,SC,0,1,6,3,44,1150.0,0,0,7,7,27,0,2.0,0
2018,8,SC,0,1,6,4,44,1842.0,0,0,3,7,34,1,2.0,0
2019,4,SC,0,1,6,5,44,1146.0,0,1,5,6,27,0,2.0,0
2019,6,SC,0,1,11,9,44,1320.0,0,0,8,5,20,0,2.0,0
2018,12,SC,0,1,11,9,20,1712.0,0,0,2,9,61,0,9.0,0
2019,7,SC,0,1,11,6,20,1214.0,1,0,4,7,21,1,2.0,0
2019,12,SC,0,1,11,7,20,2468.0,0,0,2,9,28,1,2.0,0
2019,5,SC,0,1,11,7,44,1300.0,0,0,5,7,26,0,2.0,0
2018,6,SC,0,1,11,5,44,4181.0,0,0,3,9,45,1,2.0,0
2019,4,SC,0,1,11,4,44,1422.0,0,0,4,7,22,0,2.0,0
2018,12,SC,0,1,11,9,30,2909.0,0,0,2,9,29,0,9.0,0
2019,5,SC,0,1,11,1,44,1718.0,0,0,4,7,36,1,9.0,0
2019,7,SC,0,1,33,2,43,2309.0,0,0,4,9,32,1,2.0,0
2018,2,SC,1,1,1,2,44,1484.0,0,0,7,7,22,1,9.0,1
2019,9,SC,1,1,2,2,44,1663.0,0,0,4,7,24,0,9.0,1
2019,12,SC,1,1,2,3,44,1400.0,0,0,5,7,41,0,9.0,1
2019,11,SC,1,1,2,3,44,1400.0,0,0,5,7,47,0,2.0,1
2019,6,SC,1,1,2,2,44,2170.0,0,0,7,3,50,1,2.0,1
2019,3,SC,1,1,2,1,44,2066.0,0,0,7,7,52,1,2.0,1
2019,12,SC,1,1,2,1,44,1400.0,0,0,5,7,20,1,8.0,1
2018,12,SC,0,1,4,1,44,1300.0,0,0,5,7,42,0,9.0,0
2019,3,SC,0,1,4,1,44,1100.0,0,0,5,1,19,0,9.0,0
2019,8,SC,0,1,11,3,44,1300.0,0,0,5,7,51,1,9.0,0
2018,2,SC,1,1,2,5,44,1573.0,0,0,6,5,40,1,2.0,1
2019,1,SC,1,1,2,6,44,1403.0,0,0,7,7,27,1,2.0,1
2019,2,SC,1,1,2,4,44,1100.0,0,0,7,7,42,1,2.0,1
2018,4,SC,1,1,2,3,44,1209.0,0,0,7,5,23,1,2.0,1
2018,4,SC,1,1,2,4,36,954.0,0,0,4,7,32,1,2.0,1
2018,11,SC,1,1,2,4,44,1110.0,0,0,7,7,37,1,9.0,1
2018,1,SC,1,1,2,1,44,1100.0,0,0,4,7,29,1,2.0,1
2019,11,SC,1,1,2,2,44,1334.0,0,0,7,3,54,0,2.0,1
2018,5,SC,0,1,6,6,44,1359.0,0,0,7,6,38,0,9.0,0
2019,3,SC,0,1,11,1,44,1237.0,0,0,8,6,20,1,9.0,0
2019,3,SC,1,1,2,1,44,1236.0,0,0,7,5,20,1,2.0,1
2018,3,SC,1,1,1,6,44,1399.0,0,0,7,5,20,1,8.0,1
2018,12,SC,1,1,2,1,44,1281.0,0,0,4,7,22,0,2.0,1
2019,12,SC,1,1,2,5,44,1570.0,0,0,5,7,31,0,6.0,1
2019,7,SC,1,1,2,4,42,1450.0,0,0,5,7,25,0,2.0,1
2019,10,SC,1,1,2,4,44,1300.0,0,0,7,5,29,0,2.0,1
2019,12,SC,1,1,2,4,44,2750.0,0,0,3,7,30,1,2.0,1
2019,12,SC,1,1,2,1,44,1146.0,0,0,3,9,37,0,9.0,1
2019,5,SC,1,1,2,1,24,744.0,0,0,1,9,25,1,9.0,1
2019,9,SC,1,1,2,2,44,1500.0,0,0,7,7,31,1,9.0,1
2018,11,SC,1,1,2,1,44,1350.0,0,0,7,7,31,1,9.0,1
2019,2,SC,1,1,2,5,44,1613.0,0,0,3,7,45,1,2.0,1
2019,8,SC,1,1,2,5,44,1650.0,0,0,3,7,25,0,2.0,1
2019,8,SC,1,1,2,3,44,1425.0,0,0,8,5,25,1,9.0,1
2019,4,SC,1,1,2,2,44,1680.0,0,0,7,7,34,1,9.0,1
2018,3,SC,1,1,2,1,44,2046.0,0,0,7,7,29,1,2.0,1
2019,6,SC,1,1,2,5,36,1000.0,0,0,4,7,55,0,2.0,1
2019,10,SC,1,1,2,4,44,1365.0,0,0,4,7,20,0,2.0,1
2019,11,SC,1,1,2,6,44,1377.0,0,0,5,7,43,0,2.0,1
2018,5,SC,1,1,2,1,44,1250.0,0,0,5,7,51,0,9.0,1
2018,8,SC,1,1,2,4,44,2500.0,0,0,2,9,28,0,2.0,1
2019,5,SC,1,1,2,6,44,1560.0,0,0,7,5,46,0,9.0,1
2019,1,SC,1,1,2,5,36,1000.0,0,0,4,7,22,0,2.0,1
2019,9,SC,0,1,4,1,44,1341.0,0,0,7,7,18,1,2.0,0
2018,11,SC,0,1,4,1,44,1805.0,0,0,7,6,25,1,2.0,0
2019,2,SC,0,1,4,1,36,1365.0,0,0,9,7,37,1,9.0,0
2018,5,SC,0,1,6,8,44,1225.0,0,0,7,7,36,0,2.0,0
2018,2,SC,0,1,6,3,36,1200.0,0,0,5,5,37,0,2.0,0
2018,5,SC,0,1,6,4,44,1214.0,0,0,5,6,19,0,8.0,0
2019,5,SC,0,1,6,7,44,1902.0,0,0,7,7,31,1,2.0,0
2019,8,SC,0,1,6,3,44,1195.0,0,0,7,7,27,1,9.0,0
2018,9,SC,0,1,6,2,43,1819.0,0,0,7,7,42,1,9.0,0
2018,1,SC,0,1,6,7,44,1330.0,0,0,7,7,36,1,2.0,0
2018,11,SC,0,1,6,4,44,1651.0,0,0,4,8,25,0,2.0,0
2018,2,SC,0,1,43,8,44,1448.0,0,0,3,7,19,0,2.0,0
2019,12,SC,0,1,43,8,20,1279.0,0,0,2,9,24,1,2.0,0
2019,4,SC,1,1,1,5,44,1363.0,0,0,7,7,24,0,9.0,1
2018,2,SC,1,1,2,7,44,1628.0,0,0,5,6,32,1,2.0,1
2019,11,SC,1,1,2,4,30,2401.0,0,0,4,8,25,1,2.0,1
2018,3,SC,1,1,2,1,44,1275.0,0,0,9,7,27,1,9.0,1
2019,10,SC,1,1,2,6,44,1500.0,0,0,7,4,42,1,2.0,1
2019,3,SC,1,1,2,8,44,1800.0,0,0,3,9,34,0,2.0,1
2019,2,SC,1,1,2,2,44,1540.0,0,0,5,8,36,0,2.0,1
2019,8,SC,1,1,2,1,44,1244.0,0,0,7,7,33,1,2.0,1
2019,10,SC,0,1,6,4,44,1312.0,0,0,5,7,23,1,8.0,0
2018,2,SC,0,1,11,6,44,1284.0,0,0,5,4,45,1,8.0,0
2018,7,SC,0,1,11,6,44,1744.0,0,0,7,7,26,1,9.0,0
2019,8,SC,0,1,43,3,44,1760.0,0,0,7,7,40,1,2.0,0
2018,11,SC,1,1,1,6,44,1110.0,0,0,5,4,23,1,2.0,1
2019,5,SC,1,1,2,4,44,1186.0,0,0,3,7,26,1,9.0,1
2019,8,SC,0,1,4,4,44,1785.0,0,0,3,7,24,1,2.0,0
2019,2,SC,0,1,6,4,44,1252.0,0,0,5,6,49,1,9.0,0
2019,2,SC,0,1,6,4,44,1465.0,0,0,4,8,19,0,2.0,0
2019,5,SC,0,1,11,1,44,1500.0,0,0,5,7,30,1,2.0,0
2019,5,SC,0,3,6,2,44,1215.0,0,0,6,7,26,1,9.0,0
2018,4,SC,0,3,4,1,22,527.0,0,0,3,6,19,0,2.0,0
2019,3,SC,1,1,2,9,44,1234.0,0,0,8,5,20,1,2.0,1
2018,3,SC,1,1,2,6,44,1300.0,0,0,4,6,32,1,2.0,1
2018,3,SC,1,1,2,6,44,1300.0,0,0,4,6,32,1,2.0,1
2019,10,SC,0,1,4,1,44,1310.0,0,0,7,7,51,1,2.0,0
2019,6,SC,0,1,11,3,44,1792.0,0,0,7,7,26,1,2.0,0
2018,10,SC,0,1,4,4,44,1152.0,0,0,7,7,27,1,2.0,0
2019,4,SC,1,1,2,3,44,1330.0,0,0,5,7,24,0,9.0,1
2018,8,SC,0,1,4,3,44,1504.0,0,0,7,5,52,1,2.0,0
2018,9,SC,0,1,4,1,40,3124.0,0,0,2,8,25,0,2.0,0
2018,8,SC,0,1,4,4,44,2033.0,0,0,5,7,50,0,2.0,0
2019,6,SC,0,1,6,2,44,1287.0,0,0,5,7,59,0,2.0,0
2019,12,SC,0,1,6,3,44,1267.0,0,0,4,7,33,0,2.0,0
2018,5,SC,0,1,11,1,40,1190.0,0,0,3,7,18,1,2.0,0
2018,3,SC,0,1,11,6,44,1087.0,0,0,5,7,18,1,2.0,0
2018,3,SC,1,1,2,5,20,591.0,1,0,4,6,15,0,2.0,1
2018,3,SC,1,1,2,5,20,591.0,1,0,4,6,15,0,2.0,1
2019,2,SC,1,1,2,7,44,2000.0,0,0,3,7,43,1,9.0,1
2019,9,SC,1,1,2,9,44,1236.0,0,0,8,6,23,1,8.0,1
2019,5,SC,1,1,2,1,44,1262.0,0,0,5,7,30,0,2.0,1
2018,8,SC,1,1,2,9,44,1168.0,0,0,8,4,19,0,8.0,1
2019,7,SC,0,1,4,9,44,1449.0,0,0,8,7,21,0,2.0,0
2018,2,SC,0,1,6,1,44,1213.0,0,0,5,5,18,1,2.0,0
2018,11,SC,0,1,6,9,44,1381.0,0,0,8,2,40,1,4.0,0
2019,7,SC,0,1,6,9,44,1313.0,0,0,8,7,27,0,8.0,0
2019,5,SC,0,1,11,4,44,1267.0,0,0,5,4,29,1,2.0,0
2019,7,SC,1,1,2,6,44,10560.0,0,0,2,9,25,0,9.0,1
2018,11,SC,1,1,2,6,44,1343.0,0,0,5,7,20,0,9.0,1
2019,8,SC,1,1,2,2,44,1262.0,0,0,3,7,19,0,2.0,1
2019,7,SC,0,1,6,5,44,1271.0,0,0,7,4,37,0,2.0,0
2018,7,SC,0,1,6,2,44,1100.0,0,0,5,5,31,0,2.0,0
2019,7,SC,0,1,6,3,44,1285.0,0,0,7,7,20,0,2.0,0
2018,10,SC,1,1,1,5,20,577.0,1,0,4,7,16,0,8.0,1
2018,2,SC,1,1,1,6,42,989.0,0,0,5,7,37,0,9.0,1
2019,9,SC,1,1,1,6,44,1334.0,0,0,7,9,21,0,2.0,1
2018,7,SC,1,1,1,5,20,577.0,1,0,4,6,16,0,2.0,1
2019,7,SC,1,1,2,3,44,1409.0,0,0,5,7,21,1,2.0,1
2019,1,SC,1,1,2,5,44,1293.0,0,0,5,6,29,1,2.0,1
2018,11,SC,1,1,2,8,44,1450.0,0,0,8,7,33,1,2.0,1
2019,5,SC,1,1,2,2,44,1293.0,0,0,5,7,19,1,2.0,1
2018,3,SC,1,1,2,1,44,1317.0,0,0,5,7,39,0,9.0,1
2018,4,SC,1,1,2,1,44,2353.0,0,0,4,7,45,1,2.0,1
2019,12,SC,1,1,2,3,44,4092.0,0,0,9,7,29,1,2.0,1
2019,1,SC,1,1,2,5,44,2819.0,0,0,7,3,52,1,2.0,1
2019,3,SC,1,1,2,4,44,1342.0,0,0,4,7,22,1,8.0,1
2018,2,SC,1,1,2,6,44,1306.0,0,0,4,5,24,1,2.0,1
2018,3,SC,1,1,2,5,44,1791.0,0,0,5,7,21,1,2.0,1
2019,2,SC,1,1,2,8,44,1455.0,0,0,8,4,29,1,2.0,1
2019,7,SC,1,1,2,5,44,2990.0,0,0,7,7,27,1,8.0,1
2019,10,SC,1,1,2,1,44,1450.0,0,0,5,7,34,0,2.0,1
2018,2,SC,1,1,2,2,44,1288.0,0,0,7,7,28,1,9.0,1
2018,2,SC,1,1,2,9,44,1423.0,0,0,8,4,22,1,2.0,1
2019,1,SC,1,1,2,2,44,1271.0,0,0,9,7,20,1,9.0,1
2019,1,SC,1,1,2,9,44,1288.0,0,0,8,7,25,0,2.0,1
2018,3,SC,1,1,2,2,44,2000.0,0,0,4,9,26,1,2.0,1
2019,10,SC,1,1,2,1,44,3387.0,0,0,9,7,45,1,2.0,1
2018,11,SC,1,1,2,3,44,1601.0,0,0,7,2,46,1,2.0,1
2019,3,SC,1,1,2,3,44,1441.0,0,0,7,5,28,1,8.0,1
2018,1,SC,0,1,4,9,44,1405.0,0,0,8,2,50,1,2.0,0
2019,10,SC,0,1,4,9,44,2242.0,0,0,8,5,27,1,2.0,0
2018,10,SC,0,1,4,5,44,2422.0,0,0,3,5,42,1,9.0,0
2019,11,SC,0,1,4,9,44,1957.0,0,0,8,1,31,1,2.0,0
2019,6,SC,0,1,4,6,44,1339.0,0,0,5,7,29,0,9.0,0
2019,10,SC,0,1,4,4,44,1390.0,0,0,3,7,30,1,9.0,0
2019,8,SC,0,1,4,2,24,981.0,0,0,3,9,50,0,9.0,0
2019,7,SC,0,1,4,1,44,1434.0,0,0,5,7,32,0,8.0,0
2019,7,SC,0,1,4,3,44,4092.0,0,0,9,4,27,1,9.0,0
2019,1,SC,0,1,4,7,44,4391.0,0,0,1,9,24,0,2.0,0
2019,8,SC,0,1,4,3,44,4092.0,0,0,9,5,38,1,2.0,0
2019,9,SC,0,1,6,4,37,1300.0,0,0,5,7,32,1,9.0,0
2019,9,SC,0,1,6,1,44,2671.0,0,0,5,8,38,0,2.0,0
2018,6,SC,0,1,6,6,44,1110.0,0,0,5,5,18,1,9.0,0
2019,11,SC,0,1,6,2,44,1441.0,0,0,8,7,27,1,8.0,0
2018,7,SC,0,1,6,4,44,1231.0,0,0,7,7,22,1,2.0,0
2019,12,SC,0,1,6,5,44,1450.0,0,0,4,8,25,0,2.0,0
2018,10,SC,0,1,6,5,44,1477.0,0,0,8,7,37,1,2.0,0
2019,3,SC,0,1,6,6,40,2036.0,0,0,3,9,28,0,2.0,0
2018,6,SC,0,1,6,3,44,976.0,0,0,4,7,24,0,9.0,0
2019,10,SC,0,1,6,9,44,1594.0,0,0,8,1,25,0,2.0,0
2019,9,SC,0,1,6,4,44,1706.0,0,0,4,7,21,0,8.0,0
2018,11,SC,0,1,6,5,44,1631.0,0,0,7,7,36,1,4.0,0
2018,1,SC,0,1,11,9,44,1311.0,0,0,8,6,20,1,2.0,0
2018,9,SC,0,1,33,6,44,2049.0,0,0,2,9,41,0,2.0,0
2019,11,SC,0,1,4,3,44,1800.0,0,0,4,8,20,1,2.0,0
2018,8,SC,1,1,2,8,44,1207.0,0,0,7,7,20,1,2.0,1
2019,12,SC,1,1,2,4,44,1772.0,0,0,7,2,52,1,2.0,1
2018,8,SC,1,1,2,8,44,1207.0,0,0,7,7,20,1,2.0,1
2018,9,SC,1,1,2,6,44,2133.0,0,0,7,7,26,1,2.0,1
2019,9,SC,1,1,2,3,44,2998.0,0,0,5,8,20,1,2.0,1
2019,3,SC,1,1,2,3,28,2578.0,0,0,4,8,25,0,2.0,1
2019,1,SC,1,1,2,4,44,2600.0,0,0,7,7,18,0,8.0,1
2019,4,SC,1,1,2,3,44,1267.0,0,0,8,7,22,0,2.0,1
2019,12,SC,0,1,4,4,44,3992.0,0,0,7,5,39,1,2.0,0
2018,8,SC,0,1,4,1,44,974.0,0,0,7,5,36,0,2.0,0
2019,5,SC,0,1,4,4,44,1550.0,0,0,7,4,42,1,8.0,0
2018,9,SC,0,1,6,8,44,1300.0,0,0,7,5,23,1,2.0,0
2019,11,SC,0,1,6,2,44,1547.0,0,0,7,7,33,1,2.0,0
2019,7,SC,0,1,6,3,44,2143.0,0,0,1,7,41,0,2.0,0
2018,2,SC,0,1,11,6,44,1262.0,0,0,8,4,28,1,2.0,0
2018,1,SC,0,1,11,4,44,1250.0,0,0,5,7,20,0,2.0,0
2018,2,SC,1,1,2,1,26,1249.0,0,0,7,5,44,1,2.0,1
2018,12,SC,0,1,11,4,44,1104.0,0,0,7,7,35,1,9.0,0
2018,8,SC,0,1,4,4,44,1214.0,0,0,8,5,32,0,2.0,0
2019,10,SC,1,1,2,1,44,1344.0,0,0,7,7,47,1,2.0,1
2019,5,SC,0,1,6,2,44,1298.0,0,0,7,7,18,0,2.0,0
2018,2,SC,1,1,25,1,44,2464.0,0,0,7,7,46,1,9.0,1
2018,6,SC,1,1,2,3,44,1270.0,0,0,5,6,25,0,2.0,1
2018,11,SC,1,1,2,1,44,1271.0,0,0,5,7,25,0,2.0,1
2019,1,SC,1,1,2,3,44,1301.0,0,0,5,7,24,0,9.0,1
2018,12,SC,1,1,2,3,44,1266.0,0,0,5,7,34,0,2.0,1
2019,8,SC,1,1,2,6,44,1267.0,0,0,7,8,33,1,4.0,1
2018,1,SC,1,1,2,1,44,2309.0,0,0,8,7,27,1,2.0,1
2019,2,SC,1,1,2,3,44,1747.0,0,0,7,7,45,1,9.0,1
2018,11,SC,1,1,2,7,44,1291.0,0,0,5,4,56,1,2.0,1
2019,1,SC,1,1,2,4,44,1380.0,0,0,7,7,25,1,2.0,1
2019,3,SC,1,1,2,4,44,1197.0,0,0,5,5,49,0,9.0,1
2019,11,SC,1,1,2,3,44,1500.0,0,0,3,9,28,0,2.0,1
2018,6,SC,1,1,2,2,44,3500.0,0,0,2,9,23,0,2.0,1
2019,10,SC,1,1,2,8,44,690.0,0,0,7,7,52,1,2.0,1
2018,4,SC,1,1,2,4,44,1385.0,0,0,5,9,36,1,2.0,1
2019,2,SC,1,1,2,4,44,1819.0,0,0,3,7,37,1,2.0,1
2018,5,SC,1,1,2,5,44,1520.0,0,0,1,7,21,1,2.0,1
2018,11,SC,1,1,2,5,44,1291.0,0,0,4,7,18,0,4.0,1
2018,6,SC,1,1,2,1,36,2125.0,0,0,5,8,27,1,2.0,1
2019,7,SC,1,1,2,4,44,1562.0,0,0,7,5,36,1,2.0,1
2019,10,SC,1,1,2,3,44,1298.0,0,0,5,6,27,0,9.0,1
2018,10,SC,1,1,2,2,44,3311.0,0,0,2,9,26,1,2.0,1
2019,7,SC,1,1,2,7,44,1545.0,0,0,7,7,34,1,2.0,1
2018,4,SC,1,1,2,5,44,1232.0,0,0,7,6,21,1,4.0,1
2018,2,SC,0,1,4,5,44,2812.0,0,0,4,6,40,0,2.0,0
2018,10,SC,0,1,4,7,44,1291.0,0,0,5,4,66,1,2.0,0
2018,4,SC,0,1,4,5,44,1400.0,0,0,3,7,22,0,2.0,0
2019,2,SC,0,1,4,4,30,1160.0,0,0,2,7,58,1,2.0,0
2018,12,SC,0,1,4,1,44,2200.0,0,0,1,7,27,0,6.0,0
2019,10,SC,0,1,4,6,44,4512.0,0,0,2,9,41,0,2.0,0
2018,11,SC,0,1,4,2,44,1742.0,0,0,1,7,31,0,2.0,0
2019,8,SC,0,1,4,5,44,3528.0,0,0,3,7,28,1,2.0,0
2019,10,SC,0,1,4,1,44,1421.0,0,0,5,7,54,1,2.0,0
2019,3,SC,0,1,4,3,25,841.0,0,0,3,7,35,0,9.0,0
2019,7,SC,0,1,4,2,44,1266.0,0,0,1,9,24,1,4.0,0
2018,8,SC,0,1,6,2,44,1395.0,0,0,7,7,50,0,2.0,0
2019,3,SC,0,1,6,2,44,1383.0,0,0,2,7,19,1,9.0,0
2018,4,SC,0,1,6,2,22,656.0,0,0,4,7,30,0,4.0,0
2019,1,SC,0,1,6,3,44,1470.0,0,0,5,7,24,1,8.0,0
2018,9,SC,0,1,6,1,44,1270.0,0,0,5,7,22,1,9.0,0
2018,11,SC,0,1,6,1,44,2000.0,0,0,3,7,24,0,2.0,0
2018,1,SC,0,1,6,5,44,1288.0,0,0,4,7,38,0,2.0,0
2018,4,SC,0,1,6,4,44,1365.0,0,0,7,5,36,0,9.0,0
2018,6,SC,0,1,6,7,44,1150.0,0,0,7,6,19,1,8.0,0
2018,3,SC,1,1,25,6,44,1519.0,0,0,7,7,20,1,2.0,1
2018,5,SC,1,1,2,1,44,1700.0,0,0,7,7,28,1,2.0,1
2019,8,SC,1,1,2,1,44,1276.0,0,0,5,7,31,0,2.0,1
2019,7,SC,1,1,1,3,20,595.0,1,0,4,7,14,1,2.0,1
2019,3,SC,1,1,2,4,44,1172.0,0,0,7,3,31,0,8.0,1
2018,8,SC,1,1,2,1,44,1310.0,0,0,4,7,32,0,2.0,1
2018,3,SC,1,1,2,3,44,1152.0,0,0,7,5,27,1,8.0,1
2019,7,SC,1,1,2,5,24,714.0,0,0,5,7,21,0,2.0,1
2018,10,SC,1,1,2,5,44,1110.0,0,0,6,5,34,1,2.0,1
2018,8,SC,0,1,4,3,24,843.0,1,0,4,7,20,0,2.0,0
2019,11,SC,0,1,8,4,44,1758.0,0,0,7,4,76,1,2.0,0
2019,4,SC,1,1,2,4,44,2500.0,0,0,8,6,38,0,2.0,1
2018,8,SC,1,1,2,3,44,1185.0,0,0,7,5,27,1,2.0,1
2019,2,SC,0,1,6,5,39,1547.0,0,0,7,7,28,1,2.0,0
2019,1,SC,0,1,4,3,44,1152.0,0,0,7,7,23,0,1.0,0
2019,7,SC,1,1,1,7,20,998.0,1,0,4,4,16,1,2.0,1
2018,4,SC,1,1,1,7,20,552.0,1,0,5,6,16,1,2.0,1
2018,4,SC,1,1,1,7,20,552.0,1,0,5,6,16,1,2.0,1
2018,4,SC,1,1,1,7,20,552.0,1,0,5,6,16,1,2.0,1
2018,3,SC,1,1,2,3,44,1271.0,0,0,5,7,48,1,9.0,1
2019,3,SC,1,1,2,5,44,1900.0,0,0,4,8,26,0,4.0,1
2018,9,SC,1,1,2,9,44,1375.0,0,0,5,7,26,1,2.0,1
2019,10,SC,1,1,2,3,44,1666.0,0,0,7,5,24,1,2.0,1
2018,11,SC,1,1,2,2,44,0.0,0,0,5,7,21,0,9.0,1
2018,1,SC,1,1,2,4,44,1271.0,0,0,5,7,25,0,2.0,1
2019,3,SC,1,1,2,5,24,927.0,0,0,3,7,20,0,9.0,1
2019,11,SC,1,1,2,1,44,1325.0,0,0,5,7,23,1,9.0,1
2019,9,SC,1,1,2,3,44,1172.0,0,0,5,7,21,1,2.0,1
2018,4,SC,1,1,2,1,36,937.0,0,0,4,7,27,0,8.0,1
2018,9,SC,1,1,2,9,44,1375.0,0,0,5,7,26,1,2.0,1
2018,7,SC,1,1,2,6,36,1319.0,0,1,4,8,20,1,2.0,1
2018,11,SC,1,1,2,3,44,1271.0,0,0,5,7,32,0,9.0,1
2018,1,SC,1,1,2,3,44,1294.0,0,0,5,7,26,1,9.0,1
2018,7,SC,1,1,2,1,44,1457.0,0,0,7,7,41,1,2.0,1
2019,7,SC,1,1,2,3,44,1600.0,0,0,4,9,40,0,2.0,1
2019,3,SC,1,1,2,1,44,1650.0,0,0,4,7,36,1,9.0,1
2019,11,SC,1,1,2,3,44,1325.0,0,0,5,7,41,1,2.0,1
2019,4,SC,1,1,2,9,44,1629.0,0,0,5,7,50,0,2.0,1
2018,2,SC,1,1,2,2,44,1173.0,0,0,3,9,27,1,9.0,1
2019,11,SC,1,1,2,9,44,1737.0,0,0,9,7,38,1,4.0,1
2018,11,SC,1,1,2,2,44,2046.0,0,0,1,9,31,1,2.0,1
2018,10,SC,1,1,2,1,44,1400.0,0,0,5,7,45,0,9.0,1
2019,2,SC,1,1,2,9,42,1281.0,0,0,5,7,43,0,8.0,1
2019,2,SC,1,1,2,1,44,1330.0,0,0,5,7,41,0,8.0,1
2019,5,SC,1,1,2,4,41,1231.0,0,0,5,7,29,0,2.0,1
2019,5,SC,1,1,2,2,36,1091.0,0,0,5,7,24,0,9.0,1
2018,5,SC,1,1,2,3,44,1404.0,0,0,5,7,31,0,9.0,1
2018,7,SC,1,1,2,3,44,1274.0,0,0,5,7,29,0,9.0,1
2019,11,SC,1,1,2,1,44,2000.0,0,0,5,7,24,1,2.0,1
2019,5,SC,1,1,2,3,44,1325.0,0,0,5,7,49,1,9.0,1
2019,6,SC,1,1,2,1,44,1201.0,0,0,4,7,23,0,9.0,1
2018,5,SC,1,1,2,1,36,1039.0,0,0,5,7,36,1,9.0,1
2019,1,SC,1,1,2,4,44,1380.0,0,0,4,9,45,0,2.0,1
2019,11,SC,1,1,2,9,44,1737.0,0,0,9,7,38,1,4.0,1
2018,11,SC,1,1,2,2,40,1700.0,0,0,4,7,26,0,9.0,1
2019,11,SC,1,1,2,9,44,1737.0,0,0,9,7,38,1,4.0,1
2018,3,SC,1,1,2,1,44,1940.0,0,0,7,6,35,1,2.0,1
2019,9,SC,1,1,2,9,36,1224.0,0,0,4,9,27,1,8.0,1
2019,11,SC,1,1,2,9,44,1737.0,0,0,9,7,38,1,4.0,1
2018,12,SC,1,1,2,9,20,530.0,0,0,4,8,45,0,2.0,1
2019,4,SC,1,1,2,2,44,1400.0,0,0,5,7,35,1,2.0,1
2018,9,SC,0,1,4,2,44,1857.0,0,0,5,7,46,0,8.0,0
2019,11,SC,0,1,4,3,44,1529.0,0,0,4,7,19,1,9.0,0
2019,11,SC,0,1,4,1,44,1529.0,0,0,5,7,25,0,2.0,0
2019,5,SC,0,1,4,9,44,1315.0,0,0,4,7,43,0,8.0,0
2019,9,SC,0,1,4,9,44,1234.0,0,0,4,7,26,0,2.0,0
2018,2,SC,0,1,4,6,44,1110.0,0,1,5,6,49,1,2.0,0
2018,6,SC,0,1,4,3,44,3244.0,0,0,1,9,45,1,9.0,0
2019,7,SC,0,1,4,1,36,1470.0,0,0,5,7,33,1,9.0,0
2019,12,SC,0,1,4,4,44,3366.0,0,0,1,9,36,0,2.0,0
2019,12,SC,0,1,4,9,44,10407.0,0,0,5,7,47,1,2.0,0
2018,11,SC,0,1,4,1,36,1101.0,0,0,5,6,20,1,9.0,0
2018,3,SC,0,1,4,3,44,1410.0,0,0,5,6,27,1,2.0,0
2019,5,SC,0,1,4,9,44,1315.0,0,0,4,7,43,0,8.0,0
2018,7,SC,0,1,4,2,44,1552.0,0,0,7,4,25,1,9.0,0
2019,2,SC,0,1,4,2,44,4283.0,0,0,1,7,57,1,2.0,0
2018,4,SC,0,1,4,9,44,1221.0,0,0,4,7,31,0,8.0,0
2018,10,SC,0,1,4,1,44,1386.0,0,0,4,7,31,1,2.0,0
2018,11,SC,0,1,4,9,40,978.0,0,0,5,5,50,0,8.0,0
2018,11,SC,0,1,4,7,44,1376.0,0,0,5,7,48,0,8.0,0
2018,5,SC,0,1,4,2,44,1831.0,0,0,4,8,25,0,2.0,0
2019,9,SC,0,1,4,8,40,1548.0,0,0,3,7,34,0,2.0,0
2018,2,SC,0,1,4,3,44,1410.0,0,0,5,7,37,0,2.0,0
2018,8,SC,0,1,4,6,40,9358.0,0,0,2,9,63,1,2.0,0
2019,12,SC,0,1,4,4,30,916.0,0,0,3,8,34,0,9.0,0
2018,9,SC,0,1,5,1,44,1410.0,0,0,4,7,22,0,4.0,0
2018,5,SC,0,1,6,3,44,1271.0,0,0,5,7,21,0,2.0,0
2018,9,SC,0,1,6,8,44,1677.0,0,0,7,2,37,1,8.0,0
2019,11,SC,0,1,6,2,32,1086.0,0,0,4,8,25,1,2.0,0
2019,2,SC,0,1,6,2,44,1293.0,0,0,5,9,33,0,2.0,0
2018,2,SC,0,1,6,3,44,1594.0,0,0,5,7,25,1,2.0,0
2019,2,SC,0,1,6,1,44,1317.0,0,0,4,7,32,0,2.0,0
2018,2,SC,0,1,6,9,44,1110.0,0,0,5,7,41,0,2.0,0
2018,7,SC,0,1,6,4,44,1310.0,0,0,5,7,38,0,2.0,0
2019,12,SC,0,1,6,6,20,1045.0,0,0,2,8,23,1,2.0,0
2018,10,SC,0,1,6,3,36,1202.0,0,0,5,8,26,0,2.0,0
2018,5,SC,0,1,6,2,44,1410.0,0,0,5,7,43,0,2.0,0
2019,8,SC,0,1,6,1,44,2408.0,0,0,7,7,27,1,2.0,0
2018,12,SC,0,1,6,2,36,1358.0,0,0,3,7,49,0,9.0,0
2019,1,SC,0,1,6,4,44,1695.0,0,0,5,7,33,1,9.0,0
2018,2,SC,0,1,6,1,44,1500.0,0,0,4,9,29,0,9.0,0
2019,7,SC,0,1,11,9,44,1239.0,0,0,5,5,24,1,8.0,0
2018,10,SC,0,1,11,1,36,1334.0,0,0,4,7,21,0,2.0,0
2019,11,SC,0,1,11,4,44,1325.0,0,0,5,7,39,0,9.0,0
2019,10,SC,0,1,11,1,44,1579.0,0,0,5,6,19,1,4.0,0
2019,1,SC,0,1,11,3,44,1335.0,0,0,5,7,24,0,2.0,0
2018,1,SC,0,1,11,4,44,1271.0,0,0,5,7,23,0,9.0,0
2018,12,SC,0,1,11,8,44,1324.0,0,0,7,7,19,0,8.0,0
2018,2,SC,0,1,11,1,44,1235.0,0,0,5,6,19,1,9.0,0
2018,10,SC,0,1,11,1,44,1410.0,0,0,5,7,25,0,2.0,0
2019,5,SC,0,1,11,9,44,1315.0,0,0,4,7,20,1,8.0,0
2019,11,SC,0,1,11,1,36,1156.0,0,0,4,7,21,0,9.0,0
2018,4,SC,1,1,25,8,40,1907.0,0,1,3,7,37,1,9.0,1
2019,5,SC,0,1,33,6,44,3667.0,0,0,4,7,29,0,9.0,0
2019,2,SC,1,1,2,5,44,1260.0,0,0,8,5,23,1,2.0,1
2019,1,SC,1,1,2,3,44,1465.0,0,0,5,7,20,0,2.0,1
2018,8,SC,0,1,4,1,44,2046.0,0,0,7,7,35,1,2.0,0
2018,11,SC,0,1,4,4,44,1190.0,0,0,6,6,33,0,2.0,0
2019,3,SC,0,1,11,5,44,1159.0,0,0,6,3,29,1,2.0,0
2019,3,SC,0,1,11,5,44,1159.0,0,0,6,3,29,1,2.0,0
2019,12,SC,0,1,11,1,44,1391.0,0,0,6,6,41,0,2.0,0
2019,3,SC,0,1,11,5,44,1159.0,0,0,6,3,29,1,2.0,0
2018,9,SC,0,1,11,1,44,3000.0,0,0,8,9,41,1,9.0,0
2019,3,SC,0,1,11,5,44,1159.0,0,0,6,3,29,1,2.0,0
2018,10,SC,0,1,11,4,20,434.0,0,0,4,6,29,1,2.0,0
2018,11,SC,1,1,2,3,44,1742.0,0,0,4,7,28,0,9.0,1
2019,6,SC,1,1,2,1,44,1337.0,0,0,3,7,32,1,2.0,1
2019,3,SC,0,1,4,2,44,1240.0,0,0,5,7,34,0,9.0,0
2018,6,SC,0,1,6,4,24,646.0,0,0,5,7,38,0,2.0,0
2019,2,SC,0,1,4,3,44,1157.0,0,0,4,7,25,1,2.0,0
2018,9,SC,0,1,6,1,44,1689.0,0,0,7,7,20,1,2.0,0
2018,7,SC,0,1,33,4,44,1300.0,0,0,7,7,44,1,9.0,0
2018,4,SC,1,1,1,8,44,1227.0,0,0,8,7,20,1,8.0,1
2019,2,SC,1,1,2,2,30,868.0,0,0,3,7,29,0,9.0,1
2019,12,SC,1,1,2,1,44,1345.0,0,0,4,7,18,0,2.0,1
2018,4,SC,1,1,2,4,44,1335.0,0,0,5,6,40,0,2.0,1
2018,8,SC,1,1,2,1,44,1300.0,0,0,5,7,36,1,2.0,1
2018,3,SC,1,1,2,2,44,1457.0,0,0,7,7,37,1,9.0,1
2018,3,SC,1,1,2,5,44,1350.0,0,0,7,7,26,0,9.0,1
2018,8,SC,1,1,2,4,44,1375.0,0,0,4,9,22,0,2.0,1
2018,4,SC,1,1,2,6,44,1260.0,0,0,7,7,18,0,9.0,1
2019,10,SC,0,1,4,5,40,1183.0,0,0,5,5,44,1,9.0,0
2019,2,SC,0,1,4,3,44,2007.0,0,0,3,8,33,0,2.0,0
2019,10,SC,0,1,4,2,44,1415.0,0,0,5,5,22,1,9.0,0
2019,5,SC,0,1,4,3,44,1400.0,0,0,1,7,31,0,2.0,0
2019,8,SC,0,1,4,4,44,1908.0,0,0,7,7,26,1,4.0,0
2018,5,SC,0,1,5,8,44,1238.0,0,0,3,5,42,0,2.0,0
2019,2,SC,0,1,6,5,44,2500.0,0,0,3,7,38,0,9.0,0
2019,2,SC,0,1,11,3,44,2750.0,0,0,7,8,33,0,2.0,0
2018,3,SC,0,1,11,2,44,1441.0,0,0,7,4,51,1,2.0,0
2019,4,SC,1,1,1,1,24,998.0,0,0,4,6,29,1,2.0,1
2019,11,SC,0,1,11,4,28,1300.0,0,0,5,6,36,0,9.0,0
2018,9,SC,1,1,2,5,44,1152.0,0,0,7,7,36,0,2.0,1
2018,9,SC,1,1,2,6,44,1180.0,0,0,8,7,34,1,4.0,1
2019,11,SC,0,1,4,6,44,1365.0,0,0,8,3,26,1,2.0,0
2019,1,SC,1,1,2,6,44,1700.0,0,0,4,9,43,0,2.0,1
2018,8,SC,1,1,2,7,44,3120.0,0,0,9,7,30,1,2.0,1
2019,5,SC,1,1,2,6,44,1691.0,0,0,7,5,22,1,9.0,1
2018,4,SC,0,1,6,3,44,1235.0,0,0,7,7,34,1,8.0,0
2019,11,SC,1,1,1,1,44,1298.0,0,0,7,6,32,0,8.0,1
2019,1,SC,1,1,2,5,44,1750.0,0,0,3,8,25,1,2.0,1
2018,2,SC,1,1,2,4,44,1213.0,0,0,5,7,20,0,9.0,1
2019,11,SC,1,1,2,7,44,2500.0,0,0,3,9,40,0,2.0,1
2018,1,SC,1,1,2,8,44,1201.0,0,0,7,8,18,0,2.0,1
2018,6,SC,0,1,4,4,44,1301.0,0,0,7,5,19,1,9.0,0
2018,2,SC,0,3,4,1,44,1279.0,0,0,6,5,56,1,2.0,0
2019,9,SC,0,1,6,2,20,1799.0,0,0,2,9,29,0,2.0,0
2019,9,SC,1,1,2,6,44,1325.0,0,0,5,5,24,1,2.0,1
2018,12,SC,0,1,4,2,44,1162.0,0,0,7,7,23,1,2.0,0
2018,2,SC,0,1,4,7,44,1393.0,0,0,5,7,26,0,2.0,0
2019,1,SC,0,1,11,7,44,1454.0,0,0,5,3,32,0,2.0,0
2018,6,SC,1,1,1,1,44,1256.0,0,0,7,7,18,1,9.0,1
2018,2,SC,1,1,2,5,43,1273.0,0,0,7,7,19,0,2.0,1
2018,5,SC,1,1,2,2,44,1400.0,0,0,7,5,31,0,2.0,1
2019,7,SC,1,1,2,7,44,3200.0,0,0,7,7,40,1,2.0,1
2018,9,SC,0,1,6,2,44,1230.0,0,0,5,7,28,1,2.0,0
2019,7,SC,0,1,6,4,44,1626.0,0,0,8,7,31,1,2.0,0
2018,3,SC,1,1,2,5,44,2100.0,0,0,5,7,36,1,8.0,1
2018,8,SC,1,1,2,6,44,2736.0,0,0,7,7,29,1,4.0,1
2018,4,SC,1,1,2,5,44,1110.0,0,0,5,3,56,0,9.0,1
2019,3,SC,1,1,2,2,44,1937.0,0,0,7,8,24,1,9.0,1
2018,9,SC,1,1,2,5,44,1635.0,0,0,4,7,24,1,2.0,1
2018,11,SC,1,1,2,4,44,1087.0,0,0,5,9,29,1,9.0,1
2018,10,SC,1,1,2,5,44,1083.0,0,0,7,7,52,0,9.0,1
2019,10,SC,0,1,4,7,44,2372.0,0,0,7,7,60,1,2.0,0
2019,6,SC,0,1,4,5,44,1217.0,0,0,7,7,70,1,9.0,0
2018,10,SC,0,1,4,1,44,1500.0,0,0,5,7,28,1,9.0,0
2018,2,SC,0,1,4,3,44,1365.0,0,0,7,7,46,1,2.0,0
2019,1,SC,0,1,4,4,44,2544.0,0,0,7,6,41,1,2.0,0
2019,4,SC,0,1,6,1,44,1000.0,0,0,4,8,18,0,2.0,0
2018,11,SC,1,1,2,2,44,2500.0,0,0,7,5,30,1,9.0,1
2018,2,SC,0,1,4,4,44,1983.0,0,0,7,3,34,1,2.0,0
2018,6,SC,1,1,2,2,44,1259.0,0,0,7,5,22,1,9.0,1
2018,8,SC,0,1,4,5,44,2266.0,0,0,8,5,34,1,2.0,0
2019,10,SC,0,1,4,1,44,1285.0,0,0,5,7,45,1,9.0,0
2019,3,SC,0,1,4,4,36,2360.0,0,0,4,7,24,0,2.0,0
2019,1,SC,0,1,6,4,44,1532.0,0,0,5,5,22,1,2.0,0
2018,5,SC,0,1,6,3,44,1461.0,0,0,5,7,30,1,2.0,0
2018,9,SC,0,1,4,1,44,1748.0,0,0,7,5,33,1,2.0,0
2018,11,SC,1,1,2,3,44,1694.0,0,0,7,3,46,1,2.0,1
2019,7,SC,1,1,2,4,44,1320.0,0,0,7,7,19,1,9.0,1
2018,5,SC,1,1,2,3,30,2192.0,0,0,4,8,21,0,2.0,1
2018,5,SC,1,1,2,4,44,1692.0,0,0,5,7,28,1,9.0,1
2019,3,SC,1,1,2,2,44,1424.0,0,0,7,7,23,1,2.0,1
2019,9,SC,1,1,2,7,44,10000.0,0,0,4,9,34,0,2.0,1
2018,12,SC,1,1,2,1,44,1600.0,0,0,4,7,35,0,2.0,1
2018,4,SC,0,1,4,7,44,3530.0,0,0,7,6,19,0,2.0,0
2019,4,SC,0,1,4,6,44,1490.0,0,0,3,5,22,0,8.0,0
2018,12,SC,0,1,6,1,44,1640.0,0,0,5,7,26,1,8.0,0
2018,10,SC,0,1,6,4,44,1914.0,0,0,8,5,50,1,2.0,0
2018,10,SC,1,1,2,8,44,1214.0,0,0,8,5,24,1,2.0,1
2018,7,SC,0,1,4,8,44,1288.0,0,0,8,7,34,0,2.0,0
2019,8,SC,1,1,2,1,44,1357.0,0,0,7,5,33,1,2.0,1
2018,10,SC,1,1,2,6,44,1821.0,0,0,5,7,23,1,9.0,1
2018,11,SC,1,1,2,9,44,1166.0,0,0,7,5,20,1,2.0,1
2019,4,SC,0,1,6,7,44,1205.0,0,0,7,7,20,1,9.0,0
2019,9,SC,0,1,6,4,44,1161.0,0,0,5,5,21,1,2.0,0
2019,3,SC,1,1,2,3,44,1300.0,0,0,4,8,20,1,2.0,1
2018,12,SC,0,1,4,9,44,1251.0,0,0,7,5,51,1,2.0,0
2019,1,SC,0,1,6,9,44,1251.0,0,0,3,7,21,0,2.0,0
2019,9,SC,0,1,6,1,44,1200.0,0,0,5,5,22,1,2.0,0
2019,11,SC,0,1,6,4,44,1270.0,0,0,5,8,23,1,2.0,0
2019,2,SC,1,1,1,2,36,1271.0,0,0,8,7,24,0,2.0,1
2018,11,SC,1,1,1,1,44,1456.0,0,0,5,7,18,0,2.0,1
2018,2,SC,1,1,2,2,44,1393.0,0,0,3,7,23,0,2.0,1
2018,2,SC,1,1,2,4,44,1250.0,0,0,7,6,42,0,2.0,1
2018,8,SC,1,1,2,1,30,1395.0,0,0,4,7,19,0,9.0,1
2018,1,SC,1,1,2,1,44,1241.0,0,0,4,7,19,0,2.0,1
2019,11,SC,1,1,2,2,44,2507.0,0,0,7,7,50,1,9.0,1
2019,3,SC,1,1,2,4,44,1500.0,0,0,4,9,45,1,9.0,1
2018,6,SC,1,1,2,1,44,1300.0,0,0,5,7,38,1,9.0,1
2019,12,SC,1,1,2,6,44,1700.0,0,0,4,9,37,1,9.0,1
2018,3,SC,1,1,2,7,36,1292.0,0,0,4,7,32,0,8.0,1
2019,10,SC,1,3,2,4,44,1992.0,0,0,6,2,49,1,9.0,1
2018,10,SC,1,3,2,3,44,1610.0,0,0,6,7,39,1,9.0,1
2019,3,SC,1,1,2,1,44,1511.0,0,0,7,7,39,1,9.0,1
2019,5,SC,1,1,2,3,44,1981.0,0,0,7,7,58,1,9.0,1
2018,12,SC,1,1,2,1,44,1285.0,0,0,7,4,43,1,9.0,1
2018,9,SC,1,1,2,2,44,1145.0,0,0,7,2,48,1,2.0,1
2018,7,SC,1,1,2,1,44,3339.0,0,0,1,9,30,1,9.0,1
2018,11,SC,1,1,2,4,44,1300.0,0,0,7,7,19,0,2.0,1
2019,12,SC,1,1,2,3,44,1594.0,0,0,7,6,57,1,2.0,1
2018,2,SC,1,1,2,3,44,1405.0,0,0,4,7,24,1,9.0,1
2019,5,SC,1,3,2,3,44,1675.0,0,0,6,5,51,1,9.0,1
2019,7,SC,1,1,2,2,44,1200.0,0,0,5,7,44,0,9.0,1
2018,6,SC,1,1,2,6,44,1816.0,0,0,4,7,31,1,9.0,1
2019,11,SC,1,1,2,3,44,1500.0,0,0,3,9,21,1,9.0,1
2019,6,SC,1,1,2,1,44,1500.0,0,0,2,8,22,0,2.0,1
2018,7,SC,1,1,2,2,36,769.0,0,0,2,9,42,1,2.0,1
2018,6,SC,1,1,2,7,44,1511.0,0,0,4,7,18,1,8.0,1
2018,4,SC,1,1,2,5,44,1280.0,0,0,7,7,26,1,9.0,1
2019,10,SC,1,1,2,1,36,903.0,0,0,3,7,24,0,2.0,1
2019,2,SC,1,1,2,3,44,2000.0,0,0,4,9,51,0,9.0,1
2018,4,SC,1,1,2,5,44,1294.0,0,0,4,5,20,1,9.0,1
2019,7,SC,1,1,2,6,44,2047.0,0,0,7,7,31,1,2.0,1
2018,2,SC,1,1,2,5,44,1241.0,0,0,5,7,47,0,2.0,1
2018,6,SC,1,1,2,4,44,2478.0,0,0,3,7,26,1,2.0,1
2018,3,SC,1,1,2,1,44,1271.0,0,0,5,7,25,1,2.0,1
2018,6,SC,0,1,4,5,44,2009.0,0,0,7,5,22,1,2.0,0
2018,2,SC,0,1,4,9,44,2232.0,0,0,8,5,44,1,9.0,0
2019,12,SC,0,1,4,4,44,1350.0,0,0,5,7,52,1,9.0,0
2018,8,SC,0,1,4,3,44,1900.0,0,0,5,7,31,0,2.0,0
2018,11,SC,0,3,4,5,44,1447.0,0,0,7,6,19,1,8.0,0
2019,9,SC,0,1,4,4,44,3649.0,0,0,5,9,49,1,2.0,0
2018,5,SC,0,1,4,8,44,1382.0,0,1,4,7,33,1,2.0,0
2018,1,SC,0,1,4,4,44,0.0,0,0,2,9,40,0,2.0,0
2019,3,SC,0,1,4,6,44,1281.0,0,0,7,7,35,1,4.0,0
2018,7,SC,0,1,4,1,41,2756.0,0,0,4,7,39,0,2.0,0
2018,1,SC,0,1,4,3,44,1400.0,0,0,5,7,48,1,9.0,0
2018,10,SC,0,1,4,1,44,954.0,0,0,4,7,38,0,2.0,0
2018,5,SC,0,1,4,4,44,1743.0,0,0,9,6,31,1,9.0,0
2019,6,SC,0,1,4,5,44,4177.0,0,0,2,9,39,1,2.0,0
2018,6,SC,0,1,4,2,44,1262.0,0,0,7,6,20,1,2.0,0
2018,2,SC,0,1,6,2,44,1400.0,0,0,8,5,34,0,2.0,0
2019,1,SC,0,3,6,5,44,1610.0,0,0,6,7,50,1,2.0,0
2019,1,SC,0,1,6,4,44,1235.0,0,0,5,7,41,0,2.0,0
2019,1,SC,0,1,6,2,44,1319.0,0,0,4,3,25,1,2.0,0
2019,1,SC,0,3,6,5,44,1610.0,0,0,6,7,50,1,2.0,0
2018,5,SC,0,1,6,6,44,1400.0,0,0,4,7,23,0,2.0,0
2019,4,SC,0,1,6,3,44,2876.0,0,0,7,7,45,1,9.0,0
2019,2,SC,0,3,6,4,44,1610.0,0,0,6,7,24,1,2.0,0
2018,10,SC,0,1,6,5,44,1435.0,0,0,4,7,38,0,8.0,0
2019,11,SC,0,1,11,8,44,1342.0,0,0,4,7,30,1,2.0,0
2019,7,SC,0,1,11,1,44,3123.0,0,0,3,7,31,1,8.0,0
2018,5,SC,0,1,11,6,44,1425.0,0,0,5,7,19,0,2.0,0
2019,12,SC,0,1,11,1,44,1336.0,0,0,9,7,39,1,9.0,0
2018,2,SC,0,1,11,8,44,1620.0,0,0,4,7,22,1,2.0,0
2019,8,SC,0,1,11,3,44,2554.0,0,0,5,7,36,0,2.0,0
2019,10,SC,0,1,11,3,44,1326.0,0,0,4,7,30,1,4.0,0
2018,4,SC,1,1,1,3,44,1300.0,0,0,5,7,19,1,2.0,1
2018,6,SC,1,1,2,1,44,2126.0,0,0,7,7,37,1,8.0,1
2018,10,SC,1,1,2,5,44,1552.0,0,0,4,5,46,0,2.0,1
2019,11,SC,1,1,2,6,44,1432.0,0,0,5,7,21,0,9.0,1
2018,5,SC,1,1,2,2,44,2500.0,0,0,7,7,26,1,9.0,1
2019,12,SC,1,1,2,4,44,1572.0,0,0,5,7,21,1,9.0,1
2019,9,SC,1,1,2,1,44,1386.0,0,0,5,7,30,0,2.0,1
2019,7,SC,1,1,2,2,44,2525.0,0,0,7,7,32,1,9.0,1
2018,3,SC,1,1,2,3,44,1623.0,0,0,8,7,21,1,9.0,1
2018,6,SC,1,1,2,4,44,1320.0,0,0,5,7,30,0,9.0,1
2019,12,SC,1,1,2,1,44,1432.0,0,0,5,6,29,0,9.0,1
2018,8,SC,0,1,4,2,44,1255.0,0,0,7,7,19,1,2.0,0
2018,1,SC,0,1,4,4,44,1444.0,0,0,7,7,35,1,9.0,0
2019,11,SC,0,1,4,4,44,1430.0,0,0,5,6,49,1,9.0,0
2019,10,SC,0,1,4,2,44,2532.0,0,0,7,7,36,1,9.0,0
2019,4,SC,0,1,4,2,44,2150.0,0,0,7,4,43,1,2.0,0
2019,7,SC,0,3,4,1,44,1331.0,0,0,4,7,22,0,9.0,0
2018,8,SC,0,1,4,3,44,2066.0,0,0,7,7,32,1,9.0,0
2019,3,SC,0,1,6,3,44,1630.0,0,0,5,8,30,0,2.0,0
2018,2,SC,0,1,6,4,36,0.0,0,0,3,8,23,0,2.0,0
2019,11,SC,0,1,11,4,44,1300.0,0,0,5,7,41,0,9.0,0
2018,5,SC,1,1,2,9,44,1179.0,0,0,7,7,45,0,2.0,1
2019,4,SC,1,1,2,6,44,1223.0,0,0,7,7,25,0,2.0,1
2019,12,SC,0,1,4,1,44,1300.0,0,0,5,7,22,0,2.0,0
2018,9,SC,0,1,6,1,44,1183.0,0,0,3,7,27,0,2.0,0
2019,3,SC,0,1,33,5,44,1606.0,0,0,8,4,45,1,2.0,0
2019,7,SC,1,1,2,1,44,1500.0,0,0,2,9,29,0,2.0,1
2018,5,SC,0,1,11,1,44,1357.0,0,0,7,5,26,1,2.0,0
2019,9,SC,1,1,2,9,44,1764.0,0,0,4,7,25,1,2.0,1
2018,10,SC,1,1,2,5,44,1381.0,0,0,5,5,22,1,9.0,1
2018,7,SC,1,1,2,3,44,1350.0,0,0,7,5,53,0,9.0,1
2018,5,SC,1,1,2,8,44,1495.0,0,0,8,7,20,1,8.0,1
2019,6,SC,1,1,2,2,44,1267.0,0,0,5,7,45,0,9.0,1
2018,11,SC,1,1,2,1,44,1230.0,0,0,7,4,21,1,9.0,1
2018,8,SC,1,1,2,4,44,1400.0,0,0,7,7,32,0,9.0,1
2018,1,SC,1,1,2,2,44,1900.0,0,0,7,5,34,1,2.0,1
2019,11,SC,1,1,2,1,44,1480.0,0,0,5,7,25,0,2.0,1
2018,12,SC,1,1,2,1,44,1381.0,0,0,5,7,19,0,2.0,1
2018,10,SC,1,1,2,4,44,1289.0,0,0,7,5,38,1,2.0,1
2019,5,SC,1,1,2,7,40,3427.0,0,0,4,9,56,0,2.0,1
2018,1,SC,1,1,2,2,44,1900.0,0,0,7,7,39,1,2.0,1
2019,10,SC,1,1,2,1,44,1697.0,0,0,5,7,27,0,9.0,1
2019,2,SC,1,1,2,3,44,1800.0,0,0,7,7,33,1,9.0,1
2018,12,SC,0,1,4,2,44,3608.0,0,0,7,5,23,1,2.0,0
2019,10,SC,0,1,4,4,44,4498.0,0,0,4,7,30,0,9.0,0
2019,4,SC,0,1,4,2,44,2260.0,0,0,7,7,32,1,2.0,0
2019,10,SC,0,1,4,3,40,4169.0,0,1,1,8,34,1,2.0,0
2018,12,SC,0,1,4,8,44,2059.0,0,0,3,4,36,0,2.0,0
2019,11,SC,0,1,6,1,44,1350.0,0,0,7,7,26,1,9.0,0
2019,1,SC,0,1,6,7,44,1110.0,0,0,5,3,37,0,9.0,0
2018,8,SC,0,1,6,5,44,2074.0,0,0,7,7,46,1,2.0,0
2019,2,SC,0,1,6,3,44,1230.0,0,0,7,7,24,1,9.0,0
2018,4,SC,0,1,6,4,44,1465.0,0,0,4,4,20,1,9.0,0
2018,5,SC,0,1,6,9,44,1396.0,0,0,7,6,27,1,9.0,0
2018,11,SC,0,1,6,6,44,4333.0,0,0,5,7,28,1,2.0,0
2018,12,SC,0,1,11,4,44,2000.0,0,0,7,7,42,1,2.0,0
2019,6,SC,0,1,11,2,44,1320.0,0,0,7,7,32,0,2.0,0
2018,8,SC,1,1,2,9,44,1416.0,0,0,8,6,18,0,2.0,1
2019,3,SC,1,1,2,8,40,2007.0,0,1,7,5,33,1,2.0,1
2018,2,SC,1,1,2,1,44,1625.0,0,0,7,5,38,1,2.0,1
2018,8,SC,1,1,2,8,40,1909.0,0,0,4,9,24,1,2.0,1
2018,8,SC,0,1,4,2,44,1840.0,0,0,7,5,36,1,2.0,0
2019,9,SC,0,1,4,6,44,1356.0,0,0,5,6,26,1,2.0,0
2018,1,SC,1,1,1,6,44,1333.0,0,0,7,6,39,1,9.0,1
2019,6,SC,1,1,1,5,20,1000.0,1,0,4,7,18,1,2.0,1
2019,6,SC,1,1,1,2,36,1055.0,0,0,4,6,18,0,2.0,1
2018,12,SC,1,1,1,9,44,1271.0,0,0,8,5,41,1,2.0,1
2019,11,SC,1,1,1,6,44,2240.0,0,0,3,8,22,0,2.0,1
2018,2,SC,1,1,2,7,44,1200.0,0,0,4,8,19,0,2.0,1
2019,10,SC,1,1,2,9,44,2878.0,0,0,3,7,44,1,9.0,1
2018,4,SC,1,1,2,4,44,1194.0,0,0,7,5,30,0,9.0,1
2019,11,SC,1,1,2,6,44,1330.0,0,0,4,5,18,1,2.0,1
2019,7,SC,1,1,2,9,36,1176.0,0,0,4,7,18,0,2.0,1
2018,1,SC,1,1,2,9,44,390.0,0,0,5,5,31,1,2.0,1
2019,10,SC,1,1,2,8,44,1476.0,0,0,7,7,29,1,2.0,1
2019,4,SC,1,1,2,6,44,1274.0,0,0,5,5,52,0,2.0,1
2018,11,SC,1,1,2,4,42,1286.0,0,0,5,7,19,0,2.0,1
2019,3,SC,1,1,2,3,44,1963.0,0,0,5,7,19,0,2.0,1
2018,5,SC,1,1,2,4,42,1591.0,0,0,5,9,51,0,2.0,1
2018,2,SC,1,1,2,6,44,1525.0,0,0,7,7,24,1,2.0,1
2018,3,SC,1,1,2,3,44,3000.0,0,0,1,9,47,1,2.0,1
2018,2,SC,1,1,2,3,44,1323.0,0,0,5,7,36,1,9.0,1
2018,9,SC,1,1,2,3,44,1297.0,0,0,5,7,20,0,2.0,1
2019,2,SC,1,1,2,1,44,1995.0,0,0,7,5,24,1,2.0,1
2018,3,SC,1,1,2,1,44,1658.0,0,0,8,7,46,1,8.0,1
2019,9,SC,1,1,2,6,44,2056.0,0,0,4,9,40,1,2.0,1
2019,4,SC,1,1,2,9,44,1559.0,0,0,2,7,54,1,8.0,1
2019,11,SC,1,1,2,1,44,1698.0,0,0,5,7,58,1,2.0,1
2019,5,SC,1,1,2,2,44,1400.0,0,0,5,8,36,1,9.0,1
2018,3,SC,1,1,2,1,44,1817.0,0,0,7,7,43,0,2.0,1
2018,3,SC,1,1,2,7,44,3669.0,0,0,3,9,36,1,8.0,1
2018,8,SC,1,1,2,2,44,1506.0,0,0,7,3,46,1,2.0,1
2018,9,SC,1,1,2,5,44,1376.0,0,0,7,7,35,0,8.0,1
2018,12,SC,1,1,2,3,44,1271.0,0,0,3,7,43,0,2.0,1
2019,5,SC,1,1,2,6,44,1233.0,0,0,7,5,48,1,9.0,1
2019,12,SC,1,1,2,2,44,1381.0,0,0,5,5,23,0,2.0,1
2018,10,SC,1,1,2,5,44,1110.0,0,0,9,7,36,0,2.0,1
2019,4,SC,1,1,2,6,44,1413.0,0,0,7,7,31,1,8.0,1
2019,4,SC,1,1,2,4,44,1470.0,0,0,5,9,35,0,2.0,1
2018,3,SC,1,1,2,3,44,1661.0,0,0,7,5,66,1,2.0,1
2018,1,SC,1,1,2,1,44,1700.0,0,0,9,7,36,1,9.0,1
2018,8,SC,1,1,2,3,44,2000.0,0,0,7,7,38,0,2.0,1
2018,7,SC,1,1,2,7,44,1320.0,0,0,4,6,18,0,2.0,1
2019,8,SC,1,1,2,6,44,1184.0,0,0,5,7,26,0,2.0,1
2018,12,SC,1,1,2,6,44,1427.0,0,0,7,7,40,1,9.0,1
2018,4,SC,1,1,2,1,44,1074.0,0,0,5,7,30,1,2.0,1
2019,6,SC,1,1,2,4,44,1326.0,0,0,5,7,40,0,2.0,1
2018,7,SC,1,1,2,7,44,1392.0,0,0,3,7,35,1,2.0,1
2018,5,SC,1,1,2,7,44,3669.0,0,0,3,9,51,1,8.0,1
2018,3,SC,1,1,2,6,44,1377.0,0,0,7,7,30,0,2.0,1
2018,8,SC,1,1,2,2,36,1231.0,0,0,5,8,21,1,8.0,1
2018,9,SC,1,1,2,6,44,1569.0,0,1,7,4,39,1,9.0,1
2019,2,SC,1,1,2,2,34,965.0,0,0,5,7,22,0,9.0,1
2018,4,SC,1,1,2,4,44,3080.0,0,0,3,7,28,1,9.0,1
2018,10,SC,1,1,2,5,44,1689.0,0,0,7,7,39,1,9.0,1
2019,10,SC,1,1,2,1,44,1357.0,0,0,9,6,37,1,2.0,1
2018,5,SC,1,1,2,1,44,1800.0,0,0,7,7,40,1,2.0,1
2019,2,SC,1,1,2,5,44,1205.0,0,0,7,7,26,0,8.0,1
2018,10,SC,1,1,2,4,44,1392.0,0,0,5,7,33,1,2.0,1
2018,9,SC,1,1,2,9,36,1254.0,0,0,4,7,26,0,2.0,1
2018,10,SC,1,1,2,6,44,1427.0,0,0,5,7,39,0,9.0,1
2018,1,SC,1,1,2,3,44,1198.0,0,0,7,7,22,1,8.0,1
2018,10,SC,0,1,4,2,44,1808.0,0,0,3,7,31,1,2.0,0
2019,10,SC,0,1,4,3,44,1916.0,0,0,1,7,36,1,2.0,0
2018,9,SC,0,1,4,3,44,1685.0,0,0,5,7,30,0,4.0,0
2018,10,SC,0,1,4,5,44,1273.0,0,0,7,7,33,0,8.0,0
2019,8,SC,0,1,4,1,44,1700.0,0,0,5,6,22,1,8.0,0
2018,8,SC,0,1,4,1,44,1427.0,0,0,5,7,35,1,9.0,0
2018,9,SC,0,1,4,1,44,1689.0,0,0,7,7,42,1,2.0,0
2019,3,SC,0,1,4,4,44,1769.0,0,0,5,7,38,1,9.0,0
2018,2,SC,0,1,4,3,44,1661.0,0,0,7,7,26,1,9.0,0
2019,10,SC,0,1,4,4,44,1385.0,0,0,5,7,22,0,9.0,0
2019,10,SC,0,1,4,2,44,1476.0,0,0,8,7,36,1,9.0,0
2018,7,SC,0,1,4,6,44,3425.0,0,0,7,8,55,1,2.0,0
2019,5,SC,0,1,4,3,44,2989.0,0,0,7,7,37,1,9.0,0
2018,5,SC,0,1,4,4,44,1641.0,0,0,7,4,29,1,9.0,0
2018,3,SC,0,1,4,1,44,1427.0,0,0,5,7,32,0,2.0,0
2018,3,SC,0,1,4,3,41,1420.0,0,0,1,8,29,1,2.0,0
2019,12,SC,0,3,4,1,44,1450.0,0,0,3,7,33,0,2.0,0
2018,4,SC,0,1,4,3,44,1961.0,0,0,5,8,21,1,2.0,0
2018,3,SC,0,1,4,4,44,1427.0,0,0,5,7,41,0,2.0,0
2019,9,SC,0,1,4,4,44,1446.0,0,0,3,9,25,0,6.0,0
2019,9,SC,0,1,4,9,44,1667.0,0,0,3,7,25,0,2.0,0
2019,7,SC,0,1,4,9,44,4182.0,0,0,7,7,27,1,8.0,0
2018,1,SC,0,1,4,3,44,1864.0,0,0,5,7,22,0,2.0,0
2019,7,SC,0,1,4,1,44,1460.0,0,0,7,7,36,1,9.0,0
2018,7,SC,0,1,4,6,44,1930.0,0,0,7,2,24,1,2.0,0
2018,7,SC,0,1,4,1,43,7033.0,0,0,1,9,37,0,2.0,0
2018,6,SC,0,1,4,3,44,1480.0,0,0,5,5,27,1,8.0,0
2018,3,SC,0,1,5,6,44,1412.0,0,0,4,7,21,0,8.0,0
2019,1,SC,0,1,5,3,42,1730.0,0,0,9,5,53,1,2.0,0
2019,11,SC,0,1,6,2,44,2812.0,0,0,2,8,22,1,9.0,0
2019,11,SC,0,1,6,8,44,1699.0,0,0,5,7,34,0,2.0,0
2019,8,SC,0,1,6,4,44,1329.0,0,0,7,7,19,1,2.0,0
2018,6,SC,0,1,6,2,36,647.0,0,0,3,7,25,1,9.0,0
2018,10,SC,0,1,6,1,44,1427.0,0,0,5,7,23,0,2.0,0
2019,12,SC,0,1,6,3,44,1517.0,0,0,5,9,33,0,2.0,0
2019,7,SC,0,1,6,2,44,1500.0,0,0,5,7,39,1,2.0,0
2018,7,SC,0,1,6,2,44,1455.0,0,0,5,7,18,1,9.0,0
2019,5,SC,0,1,6,6,44,1661.0,0,0,7,7,19,1,2.0,0
2018,6,SC,0,1,6,4,44,1427.0,0,0,5,7,41,1,2.0,0
2018,10,SC,0,1,6,9,36,1089.0,0,0,5,4,51,0,2.0,0
2019,12,SC,0,1,6,3,44,1800.0,0,0,9,6,19,1,9.0,0
2019,10,SC,0,1,6,8,44,1387.0,0,0,4,7,27,0,2.0,0
2018,1,SC,0,1,6,8,44,1152.0,0,0,4,9,39,0,2.0,0
2019,3,SC,0,1,6,2,44,1381.0,0,0,5,6,29,1,4.0,0
2018,9,SC,0,1,6,3,44,1568.0,0,0,4,7,27,0,9.0,0
2018,8,SC,0,1,6,3,36,1000.0,0,0,4,7,24,0,2.0,0
2019,1,SC,0,1,6,7,44,1392.0,0,0,5,7,40,1,2.0,0
2019,6,SC,0,1,11,5,44,2060.0,0,0,3,7,26,1,2.0,0
2019,5,SC,0,1,11,1,44,1381.0,0,0,5,7,43,0,2.0,0
2019,3,SC,0,1,11,6,22,607.0,1,0,7,6,18,1,8.0,0
2019,6,SC,0,1,11,6,32,1047.0,0,0,4,7,45,1,4.0,0
2019,9,SC,0,1,11,8,44,2208.0,0,0,5,7,24,0,2.0,0
2019,7,SC,0,1,11,1,36,1201.0,0,0,4,7,26,0,9.0,0
2018,11,SC,0,1,11,7,44,1935.0,0,0,8,5,27,1,9.0,0
2018,10,SC,1,1,25,3,44,1350.0,0,0,7,7,38,1,2.0,1
2018,3,SC,0,1,6,5,44,1120.0,0,0,7,5,22,0,2.0,0
2018,11,SC,1,1,1,7,30,1049.0,0,0,4,7,19,1,2.0,1
2018,11,SC,1,1,1,7,36,1244.0,0,0,4,8,18,1,2.0,1
2018,11,SC,1,1,1,7,30,1049.0,0,0,4,7,19,1,2.0,1
2019,5,SC,1,1,2,6,44,2200.0,0,0,4,7,26,1,8.0,1
2018,11,SC,1,1,2,3,40,1330.0,0,0,4,9,24,0,2.0,1
2019,8,SC,1,1,2,1,22,650.0,0,0,5,8,28,0,2.0,1
2019,7,SC,1,1,2,3,22,758.0,0,0,4,6,29,1,2.0,1
2019,8,SC,1,1,2,7,44,1466.0,0,0,8,8,25,1,2.0,1
2018,5,SC,0,1,4,7,44,1280.0,0,0,5,7,33,0,8.0,0
2019,4,SC,0,1,4,3,44,1300.0,0,0,5,7,36,0,8.0,0
2019,8,SC,0,1,4,5,44,1485.0,0,0,7,6,34,0,9.0,0
2018,6,SC,0,1,4,3,44,1400.0,0,0,5,7,28,1,2.0,0
2018,3,SC,0,1,6,6,44,1260.0,0,0,7,7,21,1,2.0,0
2019,5,SC,0,1,6,6,44,1188.0,0,0,7,7,32,0,4.0,0
2019,10,SC,0,1,6,5,44,1245.0,0,0,7,6,31,1,9.0,0
2018,2,SC,0,1,6,1,44,1100.0,0,0,7,7,38,1,9.0,0
2018,8,SC,0,1,6,3,44,1486.0,0,0,5,6,53,0,9.0,0
2019,12,SC,0,1,11,7,44,1200.0,0,0,6,3,48,1,2.0,0
2018,7,SC,0,1,43,1,44,1140.0,0,0,7,5,25,1,8.0,0
2019,12,SC,1,1,1,6,44,1537.0,0,0,5,7,21,1,4.0,1
2018,11,SC,1,1,2,6,44,2082.0,0,0,6,7,38,1,9.0,1
2018,1,SC,0,1,6,6,44,1582.0,0,0,6,7,51,1,2.0,0
2018,4,SC,0,1,11,3,44,1525.0,0,0,5,7,33,1,9.0,0
2018,5,SC,0,1,4,4,44,1278.0,0,0,7,5,24,0,2.0,0
2019,4,SC,1,1,2,4,44,1451.0,0,0,7,7,18,1,2.0,1
2019,1,SC,1,1,2,1,44,1111.0,0,0,6,4,20,1,2.0,1
2019,11,SC,1,3,2,4,44,1159.0,0,0,6,5,34,0,9.0,1
2018,5,SC,0,1,11,3,44,1250.0,0,0,4,7,26,1,2.0,0
2019,1,SC,1,1,2,1,44,1683.0,0,0,7,7,35,1,2.0,1
2018,6,SC,1,1,2,2,44,1360.0,0,0,4,8,20,0,9.0,1
2019,3,SC,1,1,2,1,44,1324.0,0,0,7,7,30,0,2.0,1
2018,5,SC,0,1,4,6,44,1354.0,0,0,7,6,35,1,9.0,0
2018,4,SC,0,1,6,2,44,1265.0,0,0,5,7,31,0,2.0,0
2019,10,SC,1,1,2,9,44,1267.0,0,0,7,7,19,0,8.0,1
2019,5,SC,1,1,2,6,44,1509.0,0,0,7,4,37,1,2.0,1
2018,4,SC,0,1,4,7,44,1591.0,0,0,7,5,32,1,9.0,0
2019,3,SC,0,1,4,4,44,3014.0,0,0,7,3,56,1,2.0,0
2019,8,SC,0,1,4,1,44,1150.0,0,0,6,2,52,1,8.0,0
2018,1,SC,1,1,2,7,44,1900.0,0,0,9,6,25,1,2.0,1
2019,1,SC,1,1,2,7,44,1125.0,0,0,7,3,39,0,2.0,1
2019,5,SC,1,1,2,1,44,1328.0,0,0,7,7,25,0,9.0,1
2018,2,SC,0,1,4,9,44,1237.0,0,0,7,7,28,1,2.0,0
2018,8,SC,0,1,6,6,44,1700.0,0,0,4,7,35,1,9.0,0
2018,11,SC,1,1,2,4,44,1120.0,0,0,7,7,20,0,9.0,1
2018,7,SC,1,1,2,2,44,1200.0,0,0,4,6,18,0,2.0,1
2019,10,SC,1,1,2,1,44,2380.0,0,0,7,2,45,1,9.0,1
2019,7,SC,0,1,4,2,44,1441.0,0,0,7,4,36,0,9.0,0
2018,4,SC,1,1,1,3,44,1166.0,0,0,7,6,18,1,2.0,1
2019,3,SC,1,1,2,2,44,1400.0,0,0,7,1,36,1,9.0,1
2019,4,SC,1,1,2,2,29,998.0,0,0,5,6,24,0,2.0,1
2019,10,SC,1,1,2,4,44,1430.0,0,0,7,5,48,1,2.0,1
2018,3,SC,1,1,1,6,20,550.0,0,0,4,6,29,0,9.0,1
2019,4,SC,1,1,2,7,44,1201.0,0,0,7,5,28,0,2.0,1
2018,10,SC,0,1,4,1,44,1519.0,0,0,7,7,34,1,2.0,0
2018,1,SC,1,1,2,4,44,615.0,0,0,5,7,46,0,2.0,1
2018,9,SC,0,1,6,4,44,1276.0,0,0,8,5,20,1,2.0,0
2019,2,SC,0,1,6,4,44,1339.0,0,0,7,7,26,0,2.0,0
2019,5,SC,0,1,6,5,24,644.0,0,0,7,5,20,0,2.0,0
2019,10,SC,0,1,6,3,44,1201.0,0,0,7,5,20,0,9.0,0
2019,10,SC,0,1,6,3,44,1405.0,0,0,7,7,24,0,9.0,0
2018,4,SC,1,1,2,4,44,2200.0,0,0,3,7,44,1,8.0,1
2018,7,SC,1,1,2,1,44,1400.0,0,0,5,6,18,0,9.0,1
2018,6,SC,1,1,2,3,44,1110.0,0,0,5,7,26,0,9.0,1
2018,8,SC,1,1,2,1,22,540.0,1,0,4,7,17,1,9.0,1
2018,10,SC,0,1,4,9,44,0.0,0,0,7,4,23,0,2.0,0
2019,11,SC,0,1,4,2,44,2200.0,0,0,1,5,49,1,9.0,0
2019,3,SC,0,1,4,2,44,1575.0,0,0,9,7,21,1,9.0,0
2018,1,SC,0,1,6,6,44,1506.0,0,0,5,7,28,0,9.0,0
2019,12,SC,0,1,11,2,44,1515.0,0,0,5,6,18,0,2.0,0
2018,11,SC,1,1,2,1,22,954.0,0,0,4,7,30,0,9.0,1
2019,2,SC,1,1,2,6,44,1200.0,0,0,4,4,19,1,2.0,1
2019,10,SC,1,1,2,5,44,1201.0,0,0,3,7,28,0,2.0,1
2019,6,SC,1,1,2,2,44,1328.0,0,0,7,5,22,1,2.0,1
2019,10,SC,1,1,2,4,44,2500.0,0,0,7,7,33,1,2.0,1
2019,9,SC,1,1,2,6,44,3200.0,0,0,3,8,26,0,9.0,1
2018,9,SC,1,1,2,5,44,1435.0,0,0,7,4,37,1,2.0,1
2019,7,SC,0,1,4,2,44,3049.0,0,0,7,5,33,1,2.0,0
2018,8,SC,1,1,2,6,36,1214.0,0,0,7,5,19,1,2.0,1
2018,12,SC,1,1,2,8,44,1576.0,0,0,8,6,21,1,2.0,1
2018,4,SC,0,1,4,4,43,1403.0,0,0,8,3,22,0,8.0,0
2018,9,SC,0,1,4,4,44,1650.0,0,0,4,9,49,1,8.0,0
2019,4,SC,1,1,2,1,40,1616.0,0,0,7,7,22,1,2.0,1
2019,3,SC,1,1,1,8,26,946.0,0,0,4,8,37,0,2.0,1
2018,3,SC,1,1,2,8,44,1131.0,0,0,5,7,33,1,2.0,1
2019,4,SC,1,1,2,8,30,1107.0,0,0,4,8,28,0,2.0,1
2018,6,SC,1,1,2,4,44,1382.0,0,0,7,7,21,1,2.0,1
2019,2,SC,1,1,2,1,20,1200.0,0,0,2,9,35,0,2.0,1
2018,9,SC,1,1,2,4,44,1419.0,0,0,5,3,39,1,9.0,1
2019,5,SC,1,1,2,4,44,1439.0,0,0,7,7,36,1,9.0,1
2019,11,SC,1,1,2,3,38,1458.0,0,0,4,7,29,1,2.0,1
2019,12,SC,1,1,2,3,30,1325.0,0,0,5,7,39,0,9.0,1
2018,2,SC,1,1,2,4,44,1827.0,0,0,5,5,18,1,2.0,1
2019,5,SC,1,1,2,4,44,1470.0,0,0,4,7,21,1,9.0,1
2019,11,SC,1,1,2,1,44,1643.0,0,0,5,7,38,0,2.0,1
2019,10,SC,0,1,4,1,44,1432.0,0,0,4,8,25,0,2.0,0
2018,1,SC,0,1,4,3,44,2578.0,0,0,7,5,20,1,2.0,0
2018,9,SC,0,1,4,1,44,1940.0,0,0,7,7,25,1,9.0,0
2019,10,SC,0,1,5,1,44,2110.0,0,0,7,7,28,1,9.0,0
2018,10,SC,0,1,6,1,26,2109.0,0,0,4,7,19,1,8.0,0
2018,2,SC,0,1,6,1,36,897.0,0,0,4,7,28,0,8.0,0
2018,12,SC,0,1,6,1,36,1485.0,0,0,4,7,19,0,2.0,0
2019,6,SC,0,1,6,1,44,1998.0,0,0,7,7,57,1,9.0,0
2018,8,SC,0,1,6,1,26,664.0,0,0,4,8,33,0,2.0,0
2019,4,SC,0,1,33,1,36,1202.0,0,0,5,8,25,0,9.0,0
2019,7,SC,1,1,2,1,44,2000.0,0,0,7,7,28,1,2.0,1
2018,9,SC,0,1,4,3,44,1160.0,0,0,7,7,51,1,9.0,0
2018,2,SC,0,1,6,1,44,1798.0,0,0,1,9,26,0,2.0,0
2018,5,SC,0,1,4,7,44,1110.0,0,0,6,7,26,1,8.0,0
2018,9,SC,1,1,2,3,44,1271.0,0,0,4,7,19,1,2.0,1
2019,6,SC,1,1,2,4,20,700.0,0,0,4,7,24,0,9.0,1
2019,12,SC,0,1,6,4,44,1444.0,0,0,7,6,35,1,9.0,0
2018,1,SC,1,1,2,4,44,1370.0,0,0,5,4,41,0,8.0,1
2018,5,SC,1,1,2,8,44,1779.0,0,0,6,3,34,1,4.0,1
2018,8,SC,0,3,6,2,44,1610.0,0,0,6,5,33,1,9.0,0
2018,3,SC,0,1,6,2,22,598.0,0,0,8,7,18,1,2.0,0
2018,3,SC,1,1,2,3,44,1786.0,0,0,1,7,34,0,9.0,1
2019,2,SC,0,1,6,4,44,1170.0,0,0,4,7,27,0,2.0,0
2019,1,SC,1,1,2,3,44,1250.0,0,0,5,6,29,1,2.0,1
2018,8,SC,1,1,2,4,44,1404.0,0,0,7,7,25,0,2.0,1
2018,3,SC,1,1,2,3,36,1896.0,0,0,7,7,20,1,2.0,1
2018,6,SC,1,1,2,2,44,1158.0,0,0,5,5,38,0,2.0,1
2019,8,SC,1,1,2,7,44,1227.0,0,0,7,7,18,0,2.0,1
2018,1,SC,0,1,4,2,44,1232.0,0,0,7,7,31,1,9.0,0
2019,8,SC,1,1,2,2,44,1220.0,0,0,7,7,31,1,2.0,1
2018,2,SC,0,1,6,5,44,2537.0,0,0,4,4,38,1,2.0,0
2018,5,SC,1,1,2,1,44,1110.0,0,0,6,4,40,1,2.0,1
2019,12,SC,0,1,6,1,44,1158.0,0,0,5,4,20,1,9.0,0
2019,1,SC,0,3,43,1,44,1110.0,0,0,6,3,33,0,2.0,0
2018,4,SC,1,1,2,1,44,1300.0,0,0,7,7,20,1,8.0,1
2019,1,SC,1,1,2,1,44,1386.0,0,0,7,5,55,1,2.0,1
2018,3,SC,0,1,6,6,44,1724.0,0,0,5,2,28,1,2.0,0
2019,1,SC,1,1,2,3,44,1214.0,0,0,5,7,31,0,9.0,1
2018,6,SC,1,1,2,1,44,1924.0,0,0,4,7,34,0,2.0,1
2018,11,SC,1,1,2,2,44,1141.0,0,0,5,7,28,0,8.0,1
2018,7,SC,0,3,6,3,44,1485.0,0,0,6,2,42,1,9.0,0
2018,11,SC,0,1,11,4,44,1166.0,0,0,7,6,36,1,2.0,0
2019,7,SC,1,1,2,4,41,18000.0,0,0,2,9,39,1,2.0,1
2018,8,SC,0,1,4,7,44,2002.0,0,0,7,7,24,1,2.0,0
2019,2,SC,0,1,6,4,44,1205.0,0,0,5,6,18,1,9.0,0
2019,8,SC,1,1,2,4,24,698.0,0,0,5,8,27,0,4.0,1
2019,7,SC,1,1,2,2,44,1201.0,0,0,7,4,19,0,2.0,1
2018,2,SC,1,1,2,2,44,1321.0,0,0,7,5,52,1,9.0,1
2019,7,SC,1,1,2,1,43,1210.0,0,0,7,6,33,1,2.0,1
2018,1,SC,1,1,2,3,44,1119.0,0,0,7,7,37,0,9.0,1
2019,3,SC,0,1,6,4,44,1431.0,0,0,7,7,25,0,2.0,0
2018,9,SC,1,3,2,2,44,1152.0,0,0,6,4,20,1,9.0,1
2018,10,SC,1,1,2,2,44,1300.0,0,0,7,4,25,1,2.0,1
2019,6,SC,1,1,2,3,43,2014.0,0,0,7,4,38,0,2.0,1
2018,4,SC,1,3,2,1,44,2073.0,0,0,6,4,50,1,2.0,1
2019,10,SC,0,1,4,1,29,921.0,0,0,5,6,29,0,2.0,0
2019,3,SC,0,1,6,4,44,1376.0,0,0,7,7,19,0,2.0,0
2018,5,SC,1,1,1,9,44,1280.0,0,0,7,7,25,0,2.0,1
2019,2,SC,1,1,2,3,44,1562.0,0,0,5,6,60,1,2.0,1
2019,9,SC,1,1,2,1,44,1350.0,0,0,7,7,54,0,2.0,1
2018,3,SC,1,1,2,1,44,1339.0,0,0,7,7,36,1,2.0,1
2018,9,SC,1,1,2,6,44,1373.0,0,0,4,9,23,0,2.0,1
2019,10,SC,1,1,2,1,36,1594.0,0,0,5,7,19,0,2.0,1
2019,9,SC,1,1,2,6,44,1300.0,0,0,5,7,24,1,2.0,1
2019,7,SC,0,1,4,4,44,1776.0,0,0,4,7,64,1,2.0,0
2018,7,SC,0,1,4,2,44,1878.0,0,0,5,7,24,1,9.0,0
2019,5,SC,0,1,4,4,44,2081.0,0,0,5,7,43,1,9.0,0
2018,3,SC,0,1,4,2,44,1218.0,0,0,5,7,31,0,2.0,0
2019,2,SC,0,1,4,1,44,1744.0,0,0,7,5,35,0,2.0,0
2019,11,SC,0,1,4,3,44,1700.0,0,0,4,6,20,1,2.0,0
2018,3,SC,1,1,2,4,44,1745.0,0,0,7,7,40,1,2.0,1
2019,3,SC,1,1,2,4,44,1167.0,0,0,7,5,19,1,9.0,1
2019,4,SC,1,1,2,4,44,1257.0,0,0,7,6,18,1,9.0,1
2019,7,SC,1,1,2,6,44,1643.0,0,0,7,4,43,1,4.0,1
2018,2,SC,1,1,2,6,44,1302.0,0,0,4,7,20,0,9.0,1
2018,4,SC,0,1,4,6,44,2030.0,0,0,3,7,29,1,9.0,0
2019,8,SC,0,1,4,4,44,1366.0,0,0,4,5,21,1,2.0,0
2019,6,SC,0,1,4,4,44,1313.0,0,0,7,4,49,0,2.0,0
2019,10,SC,0,1,6,7,44,1262.0,0,0,7,6,19,1,2.0,0
2019,2,SC,0,1,6,7,44,1564.0,0,0,7,3,48,1,2.0,0
2019,1,SC,0,1,6,2,44,1275.0,0,0,5,7,19,0,2.0,0
2019,3,SC,0,1,11,5,44,1814.0,0,0,7,4,45,1,2.0,0
2019,2,SC,1,1,2,4,44,1405.0,0,0,7,8,22,1,2.0,1
2018,6,SC,1,1,2,8,44,1280.0,0,0,7,7,18,1,2.0,1
2019,5,SC,1,1,2,8,44,1469.0,0,0,7,2,39,1,2.0,1
2018,7,SC,1,1,2,6,44,1518.0,0,0,7,7,20,0,2.0,1
2018,12,SC,0,1,4,4,40,1191.0,0,0,4,4,18,1,2.0,0
2019,9,SC,0,3,4,1,44,1357.0,0,0,6,7,24,0,2.0,0
2019,2,SC,0,1,6,5,44,1122.0,0,0,5,6,25,0,2.0,0
2019,7,SC,1,1,1,1,36,1142.0,0,0,5,5,22,0,2.0,1
2018,10,SC,1,1,2,2,44,1565.0,0,0,7,7,27,1,9.0,1
2019,11,SC,1,1,2,4,44,1298.0,0,0,7,2,27,1,8.0,1
2018,4,SC,0,1,4,6,44,1111.0,0,0,6,3,36,0,2.0,0
2018,4,SC,0,1,4,6,44,1111.0,0,0,6,3,36,0,2.0,0
2019,3,SC,0,1,11,6,44,1159.0,0,0,6,3,51,1,2.0,0
2019,5,SC,1,1,2,3,44,1800.0,0,0,7,4,37,1,9.0,1
2018,1,SC,1,1,2,1,44,1444.0,0,0,7,7,31,1,2.0,1
2019,7,SC,1,1,2,1,44,1371.0,0,0,5,7,38,1,9.0,1
2018,5,SC,1,1,2,5,44,1271.0,0,0,5,7,28,0,2.0,1
2018,10,SC,1,1,2,5,44,1395.0,0,0,4,7,35,1,9.0,1
2018,3,SC,1,1,1,2,44,1179.0,0,0,5,7,29,1,2.0,1
2019,10,SC,1,1,2,7,22,901.0,0,0,4,9,39,0,9.0,1
2018,1,SC,1,1,2,1,44,1500.0,0,0,7,5,24,1,2.0,1
2018,7,SC,1,1,2,3,44,1999.0,0,0,9,9,40,1,9.0,1
2018,1,SC,1,1,2,3,44,1223.0,0,0,5,7,23,1,9.0,1
2018,9,SC,1,1,2,7,41,1185.0,0,0,5,7,18,0,9.0,1
2018,11,SC,1,1,2,5,44,1482.0,0,0,7,5,20,1,8.0,1
2018,1,SC,1,1,2,5,44,1169.0,0,0,7,6,28,1,2.0,1
2019,2,SC,1,1,2,7,44,2123.0,0,0,3,5,20,1,2.0,1
2018,6,SC,1,1,2,4,44,1276.0,0,0,3,7,18,1,2.0,1
2018,1,SC,1,1,2,6,44,1240.0,0,0,4,7,25,1,2.0,1
2019,5,SC,1,1,2,1,44,1500.0,0,0,9,7,40,1,9.0,1
2018,6,SC,0,1,4,4,44,1317.0,0,0,7,7,25,0,9.0,0
2018,2,SC,0,1,6,7,44,1266.0,0,0,7,7,35,1,4.0,0
2018,9,SC,0,1,6,4,44,2125.0,0,0,9,8,21,1,2.0,0
2018,2,SC,0,1,6,6,44,1408.0,0,0,6,5,51,1,2.0,0
2019,5,SC,1,1,25,7,30,2224.0,0,0,2,9,35,0,2.0,1
2018,4,SC,1,1,25,6,44,1379.0,0,0,7,4,36,1,2.0,1
2019,3,SC,1,1,2,5,44,1368.0,0,0,4,8,20,1,2.0,1
2019,10,SC,1,1,2,2,44,1334.0,0,0,4,8,23,1,2.0,1
2018,7,SC,1,1,1,1,42,1153.0,0,0,7,7,18,0,2.0,1
2018,4,SC,0,3,4,1,22,763.0,0,0,6,6,37,1,2.0,0
2019,5,SC,1,1,2,1,44,2000.0,0,0,7,7,35,1,9.0,1
2018,6,SC,1,1,2,1,44,1265.0,0,0,4,7,21,0,9.0,1
2018,7,SC,1,1,2,6,44,1412.0,0,0,3,7,22,1,2.0,1
2018,10,SC,0,1,4,1,44,1270.0,0,0,3,7,26,1,2.0,0
2018,8,SC,0,1,4,6,36,1914.0,0,0,7,4,31,1,4.0,0
2019,5,SC,0,1,4,3,44,1600.0,0,0,1,6,51,1,9.0,0
2018,6,SC,0,1,6,4,44,1420.0,0,0,7,7,23,1,2.0,0
2019,9,SC,1,1,2,7,44,1372.0,0,0,7,7,34,0,2.0,1
2019,10,SC,1,1,2,6,44,1430.0,0,0,7,3,43,1,2.0,1
2019,4,SC,1,1,2,2,44,1467.0,0,0,7,5,36,1,2.0,1
2018,3,SC,1,1,2,4,43,1119.0,0,0,7,2,42,1,2.0,1
2018,2,SC,0,1,4,5,44,1212.0,0,0,7,4,35,0,2.0,0
2018,5,SC,0,1,4,6,43,1525.0,0,0,7,5,24,1,2.0,0
2018,2,SC,0,1,4,8,44,1359.0,0,0,7,6,27,0,2.0,0
2019,1,SC,0,1,4,5,44,1450.0,0,0,7,7,42,1,2.0,0
2018,2,SC,0,1,11,6,44,1212.0,0,0,7,5,43,0,2.0,0
2018,3,SC,0,1,43,3,44,1119.0,0,0,7,6,29,0,2.0,0
2018,7,SC,0,1,6,4,44,1171.0,0,0,5,7,38,1,9.0,0
2019,11,SC,1,1,2,1,44,1158.0,0,0,6,7,41,1,9.0,1
2018,5,SC,0,3,4,6,44,1110.0,0,0,6,7,23,1,8.0,0
2018,7,SC,0,1,4,1,44,1179.0,0,0,4,6,32,0,6.0,0
2019,8,SC,0,1,4,1,44,1193.0,0,0,6,7,27,1,2.0,0
2019,5,SC,0,3,6,1,44,1158.0,0,0,6,7,21,1,9.0,0
2018,12,SC,0,3,6,3,44,1110.0,0,0,6,5,29,1,8.0,0
2019,5,SC,0,3,6,1,44,1158.0,0,0,6,7,21,1,9.0,0
2018,11,SC,1,1,25,4,44,1110.0,0,0,6,3,21,1,9.0,1
2018,11,SC,1,1,25,4,44,1110.0,0,0,6,3,21,1,9.0,1
2018,11,SC,1,1,25,4,44,1110.0,0,0,6,3,21,1,9.0,1
2018,11,SC,1,1,25,4,44,1110.0,0,0,6,3,21,1,9.0,1
2018,11,SC,1,1,25,4,44,1110.0,0,0,6,3,21,1,9.0,1
2018,11,SC,1,1,25,4,44,1110.0,0,0,6,3,21,1,9.0,1
2018,11,SC,1,1,25,4,44,1110.0,0,0,6,3,21,1,9.0,1
2019,5,SC,0,1,43,4,44,1158.0,0,0,6,7,36,1,9.0,0
2019,10,SC,1,1,1,1,36,1010.0,0,0,5,7,21,0,8.0,1
2019,11,SC,1,1,2,1,44,1903.0,0,0,1,7,29,1,2.0,1
2019,4,SC,1,1,2,7,44,1865.0,0,0,5,6,44,1,2.0,1
2018,2,SC,1,1,2,1,44,2057.0,0,0,7,6,32,1,9.0,1
2019,2,SC,1,1,2,1,44,1700.0,0,0,5,7,21,1,9.0,1
2018,1,SC,1,1,2,9,44,1031.0,0,0,5,4,51,1,4.0,1
2019,2,SC,1,1,2,6,44,1110.0,0,0,5,4,49,1,2.0,1
2019,5,SC,1,1,2,9,44,1047.0,0,0,5,6,35,0,9.0,1
2018,9,SC,1,1,2,4,44,1684.0,0,0,4,7,18,1,2.0,1
2018,5,SC,1,1,2,7,44,1392.0,0,0,4,8,24,1,2.0,1
2019,8,SC,1,1,2,4,44,1506.0,0,0,7,7,45,1,9.0,1
2018,1,SC,1,1,2,1,44,1344.0,0,0,4,9,25,1,2.0,1
2018,8,SC,1,1,2,5,44,1254.0,0,0,5,7,32,1,2.0,1
2018,7,SC,1,1,2,9,44,943.0,0,0,5,7,51,0,9.0,1
2018,7,SC,1,1,2,9,44,1948.0,0,0,3,7,34,1,2.0,1
2019,6,SC,1,1,2,1,44,1470.0,0,0,5,7,20,0,9.0,1
2019,1,SC,1,1,2,1,44,1455.0,0,0,7,7,19,1,9.0,1
2019,7,SC,1,1,2,9,40,1176.0,0,0,4,8,21,1,9.0,1
2018,11,SC,1,1,2,9,40,1438.0,0,0,7,6,28,1,9.0,1
2018,5,SC,1,1,2,4,44,1473.0,0,0,7,7,37,1,2.0,1
2019,9,SC,1,1,2,9,36,908.0,0,0,5,6,31,0,9.0,1
2019,2,SC,1,1,2,9,44,1093.0,0,0,5,5,40,0,9.0,1
2019,10,SC,1,1,2,1,44,1350.0,0,0,5,7,39,0,9.0,1
2018,8,SC,1,1,2,7,44,1847.0,0,0,9,7,37,1,2.0,1
2018,3,SC,1,1,2,3,44,1152.0,0,0,7,3,55,0,9.0,1
2019,2,SC,1,1,2,9,44,1093.0,0,0,5,4,41,0,4.0,1
2018,11,SC,1,1,2,1,44,1470.0,0,0,5,7,27,1,2.0,1
2019,2,SC,1,1,2,4,25,1140.0,0,0,3,7,48,0,9.0,1
2019,8,SC,1,1,2,6,44,1575.0,0,0,5,7,33,0,9.0,1
2019,6,SC,1,1,2,6,44,1461.0,0,0,7,7,40,1,2.0,1
2018,8,SC,1,1,2,6,20,707.0,1,0,3,6,17,0,2.0,1
2019,6,SC,0,1,4,3,44,2164.0,0,0,1,7,41,1,9.0,0
2019,1,SC,0,1,4,4,44,1339.0,0,0,5,4,21,0,6.0,0
2018,6,SC,0,1,4,4,44,2100.0,0,0,7,6,25,1,8.0,0
2018,10,SC,0,1,4,3,36,1293.0,0,0,5,7,37,0,9.0,0
2018,2,SC,0,1,4,4,44,1087.0,0,0,5,7,30,0,2.0,0
2018,4,SC,0,1,4,1,44,1235.0,0,0,5,7,30,1,2.0,0
2019,9,SC,0,1,4,1,44,1470.0,0,0,5,7,26,0,2.0,0
2018,5,SC,0,1,4,3,44,1410.0,0,0,5,7,29,0,2.0,0
2018,2,SC,0,1,4,9,44,1110.0,0,0,5,5,21,0,9.0,0
2018,11,SC,0,1,4,9,44,1009.0,0,0,5,5,46,0,4.0,0
2019,2,SC,0,1,4,9,40,989.0,0,0,5,7,44,0,9.0,0
2019,3,SC,0,1,4,5,40,1421.0,0,0,5,4,34,0,2.0,0
2018,4,SC,0,1,4,5,44,4770.0,0,0,5,9,46,1,2.0,0
2018,8,SC,0,1,4,3,44,1998.0,0,0,7,7,26,1,2.0,0
2018,6,SC,0,1,4,2,44,1271.0,0,0,5,7,19,0,2.0,0
2018,3,SC,0,1,4,4,42,1220.0,0,0,5,7,26,1,9.0,0
2018,2,SC,0,1,4,4,44,1570.0,0,0,4,7,32,1,2.0,0
2018,6,SC,0,1,5,4,44,1271.0,0,0,5,7,19,1,2.0,0
2018,12,SC,0,1,6,2,37,835.0,0,0,5,7,22,0,2.0,0
2018,7,SC,0,1,6,1,44,1441.0,0,0,5,5,19,0,8.0,0
2019,4,SC,0,1,6,9,20,458.0,0,0,5,7,38,0,8.0,0
2019,5,SC,0,1,6,4,44,1495.0,0,0,5,6,39,1,2.0,0
2019,4,SC,0,1,6,7,44,2000.0,0,0,2,9,46,0,2.0,0
2018,11,SC,0,1,6,7,24,759.0,0,0,5,4,28,1,2.0,0
2018,2,SC,0,1,11,6,44,1375.0,0,0,5,7,50,0,9.0,0
2019,12,SC,0,1,11,3,41,1231.0,0,0,4,7,27,0,2.0,0
2019,11,SC,0,1,11,9,44,1110.0,0,0,4,7,21,1,9.0,0
2019,8,SC,0,1,11,9,44,1606.0,0,0,7,5,42,1,9.0,0
2018,11,SC,1,1,2,1,32,1220.0,0,0,4,7,21,1,2.0,1
2018,8,SC,0,1,4,1,44,1501.0,0,0,7,5,42,1,2.0,0
2018,10,SC,1,1,2,2,44,1329.0,0,0,7,7,40,1,2.0,1
2019,3,SC,1,1,2,9,44,1253.0,0,0,7,7,21,0,2.0,1
2018,9,SC,0,1,4,4,44,2700.0,0,0,4,9,28,1,2.0,0
2018,1,SC,0,1,6,5,44,1214.0,0,0,7,5,27,0,9.0,0
2019,12,SC,0,1,11,6,44,1319.0,0,0,7,7,23,1,9.0,0
2018,12,SC,1,1,2,5,44,1810.0,0,0,8,6,19,1,4.0,1
2019,9,SC,0,1,4,4,44,2627.0,0,0,7,5,38,1,2.0,0
2018,9,SC,0,1,6,1,44,1245.0,0,0,5,4,19,0,2.0,0
2019,5,SC,0,3,33,2,44,1158.0,0,0,4,6,20,0,2.0,0
2018,3,SC,1,1,2,3,44,1180.0,0,0,5,7,21,0,2.0,1
2019,8,SC,1,1,2,1,44,1325.0,0,0,7,7,34,1,9.0,1
2018,10,SC,1,1,2,5,44,1215.0,0,0,5,3,54,1,9.0,1
2019,10,SC,1,1,2,6,44,1088.0,0,0,7,7,25,1,9.0,1
2019,8,SC,1,1,2,4,44,1557.0,0,0,5,7,25,0,2.0,1
2018,2,SC,1,1,2,5,40,954.0,1,0,7,7,19,1,2.0,1
2018,9,SC,1,1,2,6,44,1698.0,0,0,8,7,44,1,2.0,1
2018,8,SC,0,1,6,3,30,1916.0,0,0,3,7,37,0,2.0,0
2018,11,SC,0,1,6,8,44,1170.0,0,0,7,4,20,1,2.0,0
2019,7,SC,0,1,11,2,44,1250.0,0,0,6,5,39,1,2.0,0
2019,5,SC,1,1,2,7,44,1201.0,0,0,7,7,32,1,2.0,1
2019,10,SC,0,1,11,4,44,1210.0,0,0,7,7,22,1,2.0,0
2018,11,SC,1,1,2,5,44,1426.0,0,0,5,7,23,1,8.0,1
2018,2,SC,0,1,6,5,44,1376.0,0,0,8,4,20,1,2.0,0
2019,3,SC,1,1,2,9,44,1298.0,0,0,7,8,38,1,4.0,1
2019,2,SC,1,1,2,9,44,1214.0,0,0,7,5,27,1,8.0,1
2019,8,SC,0,3,33,1,44,1697.0,0,0,6,4,48,1,2.0,0
2019,3,SC,1,1,2,7,44,1172.0,0,0,7,5,21,0,2.0,1
2019,3,SC,1,1,2,7,44,1301.0,0,0,7,7,23,0,2.0,1
2018,5,SC,0,1,4,2,44,1310.0,0,0,5,7,34,0,9.0,0
2019,5,SC,0,1,4,2,44,1255.0,0,0,7,5,52,1,2.0,0
2019,4,SC,1,1,2,4,44,1350.0,0,0,4,8,18,1,2.0,1
2018,2,SC,0,1,6,5,44,1250.0,0,0,7,7,19,1,2.0,0
2018,10,SC,0,1,6,1,44,1408.0,0,0,7,7,22,0,2.0,0
2018,10,SC,0,1,6,1,44,1500.0,0,0,7,7,34,1,2.0,0
2019,10,SC,0,1,6,5,44,1526.0,0,0,4,8,27,0,2.0,0
2019,1,SC,0,1,6,1,44,1235.0,0,0,9,7,29,1,2.0,0
2018,2,SC,1,1,1,3,44,1240.0,0,0,5,3,33,0,2.0,1
2018,6,SC,1,1,1,2,30,1181.0,0,0,5,6,35,1,2.0,1
2019,3,SC,1,1,2,4,44,1278.0,0,0,5,7,33,1,2.0,1
2019,1,SC,1,1,2,2,44,1800.0,0,0,7,7,21,1,2.0,1
2018,11,SC,1,1,2,6,44,1109.0,0,0,5,7,22,0,9.0,1
2018,10,SC,1,1,2,4,44,1152.0,0,0,7,6,34,1,2.0,1
2019,7,SC,1,1,2,5,44,1412.0,0,0,7,7,26,0,9.0,1
2019,12,SC,0,1,4,2,44,1500.0,0,0,5,4,22,1,2.0,0
2019,2,SC,0,1,6,1,44,1295.0,0,0,5,7,28,0,2.0,0
2018,3,SC,1,1,2,2,43,1800.0,0,0,8,4,35,1,2.0,1
2019,1,SC,1,1,2,2,44,1200.0,0,0,7,4,41,0,9.0,1
2019,4,SC,1,1,2,1,44,1206.0,0,0,7,6,46,0,2.0,1
2018,1,SC,1,1,2,2,44,1457.0,0,0,7,5,33,1,9.0,1
2018,2,SC,1,1,2,5,44,1300.0,0,0,4,7,32,1,2.0,1
2019,3,SC,1,1,2,3,44,1376.0,0,0,8,5,46,1,9.0,1
2019,3,SC,1,1,2,8,44,1463.0,0,0,7,7,21,1,9.0,1
2019,3,SC,1,1,2,8,44,1463.0,0,0,7,7,21,1,9.0,1
2019,10,SC,1,1,2,6,44,1722.0,0,0,5,7,33,1,2.0,1
2019,3,SC,1,1,2,8,44,1463.0,0,0,7,7,21,1,9.0,1
2018,11,SC,0,1,4,3,44,1694.0,0,0,7,4,39,1,2.0,0
2019,6,SC,0,1,4,7,44,1584.0,0,0,7,5,23,1,2.0,0
2019,1,SC,0,1,4,1,44,2216.0,0,0,7,6,37,1,2.0,0
2019,8,SC,0,1,4,4,44,1363.0,0,0,7,5,22,0,2.0,0
2018,7,SC,0,1,4,1,44,1739.0,0,0,7,6,54,1,2.0,0
2019,1,SC,0,1,6,2,44,1600.0,0,0,8,7,51,0,4.0,0
2019,1,SC,0,1,6,7,44,1461.0,0,0,3,7,23,1,2.0,0
2019,6,SC,0,1,11,1,24,776.0,0,0,5,6,29,0,9.0,0
2019,6,SC,0,1,11,4,44,1523.0,0,0,7,9,48,1,2.0,0
2018,4,SC,0,1,4,9,44,1607.0,0,0,7,7,22,1,2.0,0
2019,4,SC,0,1,33,9,44,1335.0,0,0,5,7,29,0,2.0,0
2019,4,SC,1,1,2,4,44,1275.0,0,0,7,2,44,1,2.0,1
2019,3,SC,1,1,1,1,40,1524.0,0,0,3,8,20,0,9.0,1
2018,10,SC,1,1,2,7,44,1330.0,0,0,7,5,24,1,2.0,1
2019,12,SC,0,1,4,8,44,3569.0,0,0,7,3,52,1,2.0,0
2018,3,SC,1,1,2,3,44,1163.0,0,0,7,7,34,1,2.0,1
2019,9,SC,1,1,2,9,36,3443.0,0,0,2,9,32,0,2.0,1
2019,3,SC,1,1,2,2,44,1400.0,0,0,4,7,22,1,9.0,1
2019,3,SC,1,1,2,2,44,1818.0,0,0,7,7,31,1,2.0,1
2018,8,SC,1,1,2,3,44,1717.0,0,0,8,7,34,1,2.0,1
2019,2,SC,1,1,2,4,30,854.0,0,0,7,6,36,1,2.0,1
2018,7,SC,1,1,2,1,44,2200.0,0,0,7,7,40,1,9.0,1
2019,10,SC,1,1,2,3,44,1501.0,0,0,7,7,24,1,2.0,1
2018,7,SC,1,1,2,5,44,1271.0,0,0,7,7,33,1,2.0,1
2019,3,SC,0,1,4,2,44,1886.0,0,0,5,7,65,1,2.0,0
2018,3,SC,0,1,4,5,44,1476.0,0,0,4,7,25,0,2.0,0
2018,2,SC,0,1,4,1,44,1394.0,0,0,7,1,51,1,9.0,0
2018,1,SC,0,1,4,2,44,1335.0,0,0,4,7,28,1,9.0,0
2018,3,SC,0,1,6,4,44,1185.0,0,0,5,7,28,1,2.0,0
2018,2,SC,0,1,6,5,44,1743.0,0,0,5,7,37,1,2.0,0
2018,1,SC,0,1,6,4,44,1359.0,0,0,8,7,32,0,2.0,0
2019,6,SC,0,1,6,9,40,1771.0,0,0,3,7,40,0,2.0,0
2018,12,SC,0,1,6,4,44,1245.0,0,0,5,7,31,0,9.0,0
2019,9,SC,1,1,25,5,44,1400.0,0,0,9,8,30,1,9.0,1
2018,4,SC,1,1,2,3,44,2336.0,0,0,9,7,43,1,2.0,1
2019,1,SC,1,1,2,5,44,2167.0,0,0,9,7,34,1,9.0,1
2018,7,SC,1,1,2,2,44,1297.0,0,0,5,4,36,0,2.0,1
2019,3,SC,1,1,2,7,44,1487.0,0,0,7,7,28,1,8.0,1
2018,11,SC,0,1,4,4,44,1937.0,0,0,7,4,52,1,2.0,0
2019,4,SC,0,1,4,1,44,1232.0,0,0,5,3,50,0,2.0,0
2018,12,SC,1,1,2,5,44,1267.0,0,0,7,7,19,0,2.0,1
2018,2,SC,1,1,2,1,44,1670.0,0,0,7,5,32,1,2.0,1
2018,12,SC,1,1,2,9,44,1168.0,0,0,8,7,24,0,8.0,1
2019,1,SC,1,1,2,5,44,1854.0,0,0,4,8,22,0,2.0,1
2019,8,SC,1,1,2,1,44,1719.0,0,0,7,5,41,1,9.0,1
2019,7,SC,1,1,2,6,44,998.0,0,0,7,5,25,1,8.0,1
2018,11,SC,1,1,2,9,44,1168.0,0,0,8,6,24,0,4.0,1
2018,4,SC,1,1,2,5,44,1452.0,0,0,4,7,20,0,9.0,1
2018,1,SC,1,1,2,1,44,1235.0,0,0,4,8,20,0,2.0,1
2018,4,SC,1,1,2,5,44,1452.0,0,0,4,7,20,0,9.0,1
2019,8,SC,0,1,4,2,36,1731.0,0,0,5,7,59,0,2.0,0
2019,6,SC,0,1,4,7,44,1470.0,0,0,5,6,41,0,2.0,0
2018,11,SC,0,1,4,6,44,1513.0,0,0,5,5,18,1,2.0,0
2019,5,SC,0,1,6,5,44,1593.0,0,0,5,7,18,1,2.0,0
2018,1,SC,0,1,6,5,40,7398.0,0,0,4,9,49,0,2.0,0
2019,2,SC,0,1,6,5,44,1438.0,0,0,6,5,24,1,9.0,0
2019,8,SC,0,1,6,3,30,993.0,0,1,4,8,30,0,9.0,0
2018,12,SC,0,3,11,6,44,1148.0,0,0,6,7,40,0,8.0,0
2018,12,SC,0,3,11,6,44,1148.0,0,0,6,7,40,0,8.0,0
2018,5,SC,0,1,4,3,44,1293.0,0,0,7,7,30,1,2.0,0
2019,8,SC,0,1,6,4,36,1073.0,0,0,7,6,18,0,2.0,0
2018,11,SC,0,1,6,1,44,1152.0,0,0,7,7,25,0,2.0,0
2018,5,SC,1,1,2,3,24,657.0,0,0,5,7,20,0,2.0,1
2019,4,SC,0,1,6,6,20,541.0,1,0,3,4,14,1,2.0,0
2019,10,SC,1,1,1,9,44,1343.0,0,0,8,5,18,0,1.0,1
2019,3,SC,1,1,2,1,44,1400.0,0,0,5,7,31,0,9.0,1
2019,11,SC,1,1,2,5,44,1530.0,0,0,4,7,22,0,2.0,1
2019,6,SC,0,1,4,9,44,1392.0,0,0,8,1,29,0,4.0,0
2019,11,SC,0,1,4,7,44,2182.0,0,0,7,7,36,1,8.0,0
2018,9,SC,0,1,4,1,44,1275.0,0,0,4,7,31,0,9.0,0
2018,3,SC,0,1,4,7,44,1155.0,0,0,2,9,30,1,2.0,0
2018,12,SC,0,1,4,5,44,1629.0,0,0,7,3,53,1,2.0,0
2019,9,SC,0,1,6,7,44,2182.0,0,0,7,7,27,1,2.0,0
2019,9,SC,0,1,6,7,44,2182.0,0,0,7,7,34,1,8.0,0
2019,1,SC,0,1,6,2,44,1388.0,0,0,5,7,24,0,2.0,0
2019,9,SC,0,3,6,2,44,1624.0,0,0,6,6,22,1,2.0,0
2019,9,RS,0,1,4,2,44,1294.0,0,0,3,6,20,1,2.0,0
2019,7,RS,1,3,2,2,44,1764.0,0,0,6,6,48,1,2.0,1
2019,1,RS,0,1,6,4,44,1414.0,0,0,4,8,24,1,8.0,0
2018,4,RS,1,1,2,4,44,1310.0,0,0,8,7,37,1,2.0,1
2019,11,RS,1,1,2,1,44,1291.0,0,0,4,7,26,0,2.0,1
2018,3,RS,1,1,2,1,44,1220.0,0,0,5,2,35,1,2.0,1
2019,3,RS,1,1,2,4,44,1568.0,0,0,7,5,32,1,2.0,1
2018,10,RS,1,1,2,1,44,1220.0,0,0,4,7,30,1,9.0,1
2018,9,RS,1,1,2,1,44,1568.0,0,0,7,4,25,1,2.0,1
2019,2,RS,1,1,2,1,44,1239.0,0,0,5,7,33,0,2.0,1
2019,10,RS,0,1,4,4,44,1315.0,0,0,5,7,42,1,4.0,0
2019,5,RS,0,1,4,1,44,1285.0,0,0,5,7,24,1,8.0,0
2019,10,RS,0,1,4,7,44,1376.0,0,0,5,5,46,1,4.0,0
2018,6,RS,0,1,6,5,44,8433.0,0,0,2,9,29,1,9.0,0
2019,3,RS,0,1,11,1,44,1227.0,0,0,7,7,26,0,2.0,0
2018,6,RS,1,1,2,1,35,973.0,0,0,8,7,29,0,9.0,1
2019,5,RS,1,1,2,3,44,1300.0,0,0,7,5,43,0,2.0,1
2018,5,RS,1,1,2,7,44,1234.0,0,0,7,8,23,1,2.0,1
2018,11,RS,0,1,6,5,44,1254.0,0,0,7,1,58,1,2.0,0
2019,9,RS,0,1,6,1,44,1920.0,0,0,7,3,41,1,2.0,0
2018,12,RS,1,1,2,1,44,1545.0,0,0,7,6,35,1,8.0,1
2019,7,RS,1,1,2,1,44,1330.0,0,0,5,7,36,0,2.0,1
2018,8,RS,1,1,2,1,44,954.0,0,0,7,7,27,1,2.0,1
2018,1,RS,1,1,2,1,44,1264.0,0,0,7,2,25,1,2.0,1
2018,7,RS,1,3,2,1,44,1215.0,0,0,6,7,42,1,6.0,1
2019,8,RS,0,1,4,1,44,1088.0,0,0,7,3,68,1,4.0,0
2018,1,RS,0,3,4,1,44,1217.0,0,0,6,4,66,0,2.0,0
2018,10,RS,0,1,6,6,44,7318.0,0,0,1,9,27,1,2.0,0
2019,10,RS,0,1,6,2,44,1275.0,0,0,5,7,37,1,2.0,0
2019,11,RS,0,1,11,5,44,1500.0,0,0,5,7,33,1,9.0,0
2018,10,RS,0,1,11,1,44,1228.0,0,0,5,8,24,0,2.0,0
2018,12,RS,1,1,25,4,30,1240.0,0,0,4,7,35,0,8.0,1
2018,10,RS,0,1,4,2,40,1941.0,0,0,3,7,33,1,2.0,0
2019,7,RS,0,1,6,1,44,1615.0,0,0,7,7,23,1,4.0,0
2018,9,RS,0,1,4,3,44,1251.0,0,0,5,5,23,0,8.0,0
2019,5,RS,0,1,11,5,44,1213.0,0,0,7,5,18,0,2.0,0
2019,12,RS,1,1,2,3,44,1294.0,0,0,5,7,22,1,2.0,1
2019,3,RS,1,1,1,1,44,1205.0,0,0,7,5,26,1,2.0,1
2019,6,RS,1,1,2,3,44,1122.0,0,0,5,6,21,0,2.0,1
2019,4,RS,1,1,2,4,44,1660.0,0,0,5,9,37,0,8.0,1
2018,9,RS,1,1,2,7,44,2200.0,0,0,3,8,23,0,2.0,1
2019,5,RS,1,1,2,3,44,1545.0,0,0,7,7,24,1,2.0,1
2018,1,RS,1,1,2,5,44,1300.0,0,0,7,4,30,1,2.0,1
2018,3,RS,1,1,2,3,20,2273.0,0,0,2,9,32,0,9.0,1
2019,8,RS,0,1,4,5,44,1584.0,0,0,7,5,28,1,8.0,0
2019,3,RS,0,1,4,4,44,1285.0,0,0,7,7,28,1,2.0,0
2018,2,RS,0,1,4,2,44,1200.0,0,0,5,8,23,0,2.0,0
2019,4,RS,0,1,4,3,44,1709.0,0,0,5,4,51,0,2.0,0
2018,10,RS,0,1,4,1,42,1473.0,0,0,4,8,22,0,2.0,0
2018,3,RS,0,1,4,9,44,1965.0,0,0,3,7,32,1,2.0,0
2019,2,RS,0,1,6,3,44,1349.0,0,0,4,7,23,0,2.0,0
2018,4,RS,0,1,6,1,40,2300.0,0,0,4,7,38,0,2.0,0
2018,10,RS,0,1,6,3,42,1247.0,0,0,4,7,34,1,2.0,0
2018,10,RS,0,1,6,3,44,1038.0,0,0,5,7,50,0,2.0,0
2018,4,RS,0,1,6,1,44,1400.0,0,0,7,7,28,1,2.0,0
2018,7,RS,0,1,11,8,22,625.0,1,0,7,6,17,1,2.0,0
2019,6,RS,0,1,11,3,44,1701.0,0,0,7,4,46,1,2.0,0
2018,3,RS,1,1,1,5,44,1215.0,0,0,8,4,23,0,2.0,1
2018,1,RS,1,1,2,6,44,1185.0,0,0,6,4,19,1,2.0,1
2018,4,RS,0,1,4,5,44,3699.0,0,0,2,9,39,0,2.0,0
2018,3,RS,0,1,11,6,44,1196.0,0,0,6,4,56,0,8.0,0
2019,6,RS,0,1,11,6,44,1227.0,0,0,6,4,41,1,8.0,0
2019,11,RS,1,3,25,2,44,1276.0,0,0,6,4,59,1,9.0,1
2018,8,RS,1,1,2,1,44,1392.0,0,0,7,7,43,1,9.0,1
2019,2,RS,1,1,2,6,44,1569.0,0,0,7,7,41,1,9.0,1
2018,5,RS,0,1,6,1,44,1648.0,0,0,4,7,26,1,9.0,0
2019,4,RS,1,1,2,7,44,1254.0,0,0,7,4,52,1,2.0,1
2019,5,RS,1,1,2,5,44,1310.0,0,0,7,4,49,0,2.0,1
2019,6,RS,1,1,2,5,44,2204.0,0,0,7,7,35,1,9.0,1
2018,1,RS,1,3,2,1,44,1210.0,0,0,6,4,45,1,9.0,1
2019,6,RS,0,1,4,5,44,1678.0,0,0,8,4,68,1,2.0,0
2018,11,RS,0,1,6,6,22,638.0,0,0,4,9,33,0,2.0,0
2018,1,RS,1,1,2,4,44,1254.0,0,0,5,7,24,0,9.0,1
2018,4,RS,1,3,2,1,44,1494.0,0,0,7,5,24,1,2.0,1
2019,4,RS,1,1,2,3,44,1556.0,0,0,5,7,44,1,4.0,1
2019,3,RS,1,1,2,6,44,1500.0,0,0,4,8,22,1,2.0,1
2019,6,RS,0,1,11,5,44,1536.0,0,0,6,5,23,0,4.0,0
2019,6,RS,0,1,11,5,44,1230.0,0,0,6,4,50,1,2.0,0
2019,6,RS,0,1,11,5,44,1501.0,0,0,6,5,69,1,4.0,0
2018,8,RS,1,1,2,5,44,1270.0,0,0,7,7,27,1,9.0,1
2018,2,RS,1,1,2,9,44,1036.0,0,0,5,3,39,0,2.0,1
2018,3,RS,1,1,2,3,44,1351.0,0,0,5,7,33,0,2.0,1
2018,11,RS,1,1,2,7,44,1304.0,0,0,3,6,58,1,2.0,1
2019,11,RS,1,1,2,7,44,1280.0,0,0,5,7,34,1,2.0,1
2018,5,RS,1,1,2,1,36,1516.0,0,0,3,7,19,0,2.0,1
2018,7,RS,1,1,2,9,40,942.0,0,0,5,6,23,0,8.0,1
2018,2,RS,1,1,2,3,44,1220.0,0,0,4,6,38,0,9.0,1
2018,5,RS,0,1,4,4,44,2000.0,0,0,8,8,36,1,2.0,0
2018,7,RS,0,1,4,3,44,1350.0,0,0,7,6,51,0,2.0,0
2018,3,RS,0,1,4,1,44,2312.0,0,0,5,7,56,1,9.0,0
2018,6,RS,0,1,4,2,44,1648.0,0,0,7,4,25,1,2.0,0
2018,1,RS,0,1,4,1,44,1500.0,0,0,7,7,28,1,2.0,0
2018,12,RS,0,1,4,4,44,1476.0,0,0,5,5,61,1,8.0,0
2019,3,RS,0,1,4,2,44,1211.0,0,0,5,8,25,0,2.0,0
2019,2,RS,0,1,4,1,44,2000.0,0,0,1,8,35,1,9.0,0
2019,5,RS,0,1,4,6,44,1922.0,0,0,7,7,45,1,2.0,0
2018,12,RS,0,1,6,9,40,1411.0,0,0,7,7,56,1,2.0,0
2018,8,RS,0,1,6,1,30,1522.0,0,0,2,9,30,0,2.0,0
2018,12,RS,0,1,11,1,44,1568.0,0,0,7,5,47,1,9.0,0
2019,9,RS,0,1,11,5,42,1596.0,0,0,7,7,37,1,2.0,0
2018,2,RS,0,1,4,4,44,1382.0,0,0,4,7,23,0,2.0,0
2018,6,RS,0,1,4,4,44,2522.0,0,0,7,3,45,1,2.0,0
2019,5,RS,0,1,4,2,44,1148.0,0,0,6,7,45,1,9.0,0
2019,5,RS,0,1,6,3,44,1148.0,0,0,6,7,20,1,8.0,0
2019,1,RS,1,1,25,1,44,1227.0,0,0,6,4,26,1,8.0,1
2019,11,RS,0,1,4,4,44,1368.0,0,0,7,7,22,0,2.0,0
2019,5,RS,1,1,1,6,20,618.0,1,0,4,6,15,1,2.0,1
2019,1,RS,1,1,1,5,44,1291.0,0,0,7,7,20,1,2.0,1
2018,2,RS,1,1,2,6,44,1282.0,0,0,8,6,18,0,2.0,1
2019,2,RS,1,1,2,1,44,1305.0,0,0,5,6,51,1,2.0,1
2018,6,RS,0,1,4,4,44,1278.0,0,0,3,7,23,1,2.0,0
2019,1,RS,0,1,6,2,44,1946.0,0,0,3,7,24,1,2.0,0
2018,3,RS,0,1,6,4,44,1353.0,0,0,7,7,44,0,2.0,0
2018,11,RS,1,1,25,8,44,1182.0,0,0,7,7,29,1,2.0,1
2019,7,RS,1,1,2,1,44,998.0,0,0,5,8,21,1,2.0,1
2019,9,RS,1,1,2,9,44,1128.0,0,0,4,7,30,1,2.0,1
2019,10,RS,1,1,2,5,44,1282.0,0,0,7,7,32,0,4.0,1
2019,6,RS,1,1,2,2,44,1966.0,0,0,7,7,50,1,2.0,1
2018,12,RS,0,1,4,1,44,1522.0,0,0,7,7,37,1,2.0,0
2019,8,RS,1,1,2,1,44,1345.0,0,0,5,2,36,1,2.0,1
2018,2,RS,1,1,2,3,44,1293.0,0,0,7,9,24,1,2.0,1
2018,3,RS,1,1,2,3,44,1242.0,0,0,5,6,19,0,2.0,1
2018,5,RS,1,1,2,1,44,1229.0,0,0,5,6,18,0,2.0,1
2019,5,RS,1,1,2,3,44,1700.0,0,0,1,7,34,0,2.0,1
2018,1,RS,0,1,4,4,44,1500.0,0,0,3,5,57,1,2.0,0
2019,10,RS,0,1,4,3,44,1298.0,0,0,5,4,45,0,2.0,0
2019,6,RS,0,1,4,3,44,1806.0,0,0,7,8,41,1,8.0,0
2019,10,RS,0,1,4,1,44,1428.0,0,0,5,3,57,0,2.0,0
2019,9,RS,0,1,11,6,20,594.0,1,0,4,6,17,0,2.0,0
2018,3,RS,0,1,11,4,44,1177.0,0,0,6,5,47,0,2.0,0
2018,5,RS,1,1,2,4,44,1191.0,0,0,7,4,30,1,2.0,1
2019,6,RS,1,1,2,1,44,1285.0,0,0,4,7,27,0,9.0,1
2018,2,RS,1,1,2,1,44,1100.0,0,0,7,5,43,1,2.0,1
2018,6,RS,1,1,2,1,44,1104.0,0,0,4,9,24,0,9.0,1
2018,3,RS,1,1,2,7,44,2200.0,0,0,4,7,29,0,9.0,1
2018,1,RS,1,1,2,4,44,1056.0,0,0,5,7,21,1,2.0,1
2019,12,RS,1,1,2,4,44,1305.0,0,0,5,7,22,1,8.0,1
2018,4,RS,1,1,2,8,44,3044.0,0,0,3,7,27,1,2.0,1
2018,10,RS,1,1,2,1,44,2387.0,0,0,3,7,33,0,8.0,1
2018,5,RS,1,1,2,3,44,2800.0,0,0,7,7,44,1,2.0,1
2019,7,RS,1,1,2,1,44,2000.0,0,0,1,7,29,1,2.0,1
2018,5,RS,1,1,2,8,44,1544.0,0,0,7,7,46,1,2.0,1
2018,10,RS,1,1,2,1,44,1230.0,0,0,5,7,40,1,2.0,1
2018,3,RS,1,1,2,3,44,2270.0,0,0,2,9,39,1,9.0,1
2019,4,RS,1,1,2,9,44,2498.0,0,0,4,6,22,1,9.0,1
2018,7,RS,1,1,2,2,44,1177.0,0,0,4,7,19,0,9.0,1
2018,11,RS,1,1,2,1,44,1455.0,0,0,5,4,20,0,2.0,1
2018,11,RS,1,1,2,4,44,3215.0,0,0,2,9,31,1,2.0,1
2019,8,RS,1,1,2,3,44,1305.0,0,0,5,7,53,1,9.0,1
2018,1,RS,1,1,2,1,44,1190.0,0,0,7,7,18,1,9.0,1
2019,2,RS,1,1,2,3,44,1156.0,0,0,7,4,24,1,2.0,1
2018,8,RS,0,1,4,8,44,5000.0,0,0,9,7,44,1,2.0,0
2019,2,RS,0,1,4,4,36,1133.0,0,0,5,2,49,0,2.0,0
2018,2,RS,0,1,4,4,44,1689.0,0,0,4,7,27,0,2.0,0
2019,6,RS,0,1,4,5,44,1305.0,0,0,5,7,29,1,2.0,0
2018,8,RS,0,1,4,5,36,954.0,0,0,3,7,32,1,2.0,0
2018,8,RS,0,1,4,4,44,2100.0,0,0,1,7,31,1,2.0,0
2019,8,RS,0,1,4,2,44,1277.0,0,0,7,5,41,1,2.0,0
2019,11,RS,0,1,4,2,44,1000.0,0,0,7,7,42,1,9.0,0
2018,6,RS,0,1,4,2,44,1111.0,0,0,4,8,42,0,2.0,0
2018,8,RS,0,1,4,6,44,1419.0,0,0,4,7,30,0,2.0,0
2018,10,RS,0,1,4,2,44,3240.0,0,0,7,7,41,1,2.0,0
2018,6,RS,0,1,4,5,44,1800.0,0,0,1,7,35,0,2.0,0
2019,7,RS,0,1,4,1,44,1666.0,0,0,1,7,38,0,2.0,0
2019,9,RS,0,1,4,5,44,1265.0,0,0,4,4,67,1,2.0,0
2018,8,RS,0,1,4,8,44,2761.0,0,0,7,7,30,1,2.0,0
2019,1,RS,0,1,4,2,44,2408.0,0,0,5,7,37,0,2.0,0
2018,3,RS,0,1,4,1,44,1386.0,0,0,4,8,21,1,2.0,0
2019,7,RS,0,1,4,7,44,2862.0,0,0,5,5,38,1,2.0,0
2019,9,RS,0,1,4,1,44,1285.0,0,0,5,7,39,0,2.0,0
2019,7,RS,0,1,6,6,44,1541.0,0,0,7,5,31,1,2.0,0
2019,8,RS,0,1,6,3,44,961.0,0,0,3,7,33,0,9.0,0
2019,12,RS,0,1,6,1,44,1568.0,0,0,7,4,47,1,9.0,0
2018,6,RS,0,1,6,4,20,524.0,1,0,5,6,16,1,2.0,0
2018,3,RS,0,1,6,1,44,1137.0,0,0,7,6,20,1,9.0,0
2018,4,RS,0,1,6,6,36,3666.0,0,0,2,9,28,0,2.0,0
2019,3,RS,0,1,11,4,22,651.0,1,0,4,6,20,0,9.0,0
2018,1,RS,0,1,11,4,44,1413.0,0,0,4,7,36,1,9.0,0
2018,1,RS,0,1,11,2,36,984.0,0,0,5,6,21,1,2.0,0
2019,11,RS,1,1,25,8,40,4608.0,0,0,2,9,39,0,2.0,1
2018,1,RS,0,1,43,2,44,1320.0,0,0,5,7,28,0,2.0,0
2018,9,RS,1,1,2,3,44,1230.0,0,0,5,7,43,0,2.0,1
2018,10,RS,1,1,2,5,44,1002.0,0,0,7,6,29,1,2.0,1
2018,12,RS,1,1,2,1,44,1269.0,0,0,5,4,35,0,2.0,1
2019,3,RS,1,1,2,1,44,1474.0,0,0,7,6,28,1,2.0,1
2019,2,RS,0,1,4,1,44,937.0,0,0,4,7,22,0,9.0,0
2018,2,RS,0,1,11,4,44,1063.0,0,0,7,6,21,1,2.0,0
2019,3,RS,0,1,43,1,36,1272.0,0,0,5,7,25,1,9.0,0
2018,12,RS,0,1,11,1,44,1031.0,0,0,7,7,24,1,9.0,0
2018,3,RS,0,3,11,3,44,1500.0,0,0,5,5,32,1,2.0,0
2019,4,RS,0,3,4,3,44,1841.0,0,0,6,5,39,1,2.0,0
2018,8,RS,1,1,2,1,44,1196.0,0,0,7,5,41,1,2.0,1
2019,9,RS,1,1,1,4,44,1693.0,0,0,8,7,43,1,2.0,1
2018,2,RS,1,1,2,1,44,1351.0,0,0,4,9,25,0,2.0,1
2019,12,RS,1,1,2,4,44,1300.0,0,0,7,9,22,1,2.0,1
2018,6,RS,1,1,2,4,44,1255.0,0,0,4,7,21,1,2.0,1
2019,5,RS,0,1,4,4,44,2073.0,0,0,4,7,25,1,2.0,0
2019,10,RS,0,1,6,3,44,1319.0,0,0,3,7,36,0,2.0,0
2019,11,RS,0,1,6,1,24,694.0,0,0,5,7,43,0,2.0,0
2019,2,RS,1,1,1,3,20,599.0,1,0,4,6,15,1,2.0,1
2019,5,RS,0,1,4,9,44,2314.0,0,0,7,7,31,0,2.0,0
2019,2,RS,0,1,6,8,20,665.0,1,0,9,6,17,0,8.0,0
2018,1,RS,1,1,2,4,44,1796.0,0,0,7,4,34,1,2.0,1
2019,8,RS,1,1,2,4,35,1256.0,0,0,7,7,37,1,2.0,1
2019,3,RS,1,1,2,1,44,1261.0,0,0,4,5,47,1,2.0,1
2019,9,RS,0,1,4,2,44,2079.0,0,0,7,5,38,1,2.0,0
2019,8,RS,1,1,1,2,44,1100.0,0,0,4,8,22,1,2.0,1
2018,5,RS,1,1,1,1,27,779.0,0,0,3,7,18,1,2.0,1
2019,8,RS,1,1,2,9,44,1272.0,0,0,7,7,25,0,8.0,1
2019,9,RS,1,1,2,7,36,1227.0,0,0,5,4,31,0,8.0,1
2018,3,RS,1,1,2,2,44,2017.0,0,0,1,9,47,0,2.0,1
2019,10,RS,1,1,2,4,44,5143.0,0,0,2,9,41,0,2.0,1
2019,10,RS,1,1,2,5,44,1225.0,0,0,7,6,19,1,2.0,1
2019,4,RS,1,1,2,5,44,1196.0,0,0,6,4,38,1,8.0,1
2019,4,RS,1,1,2,3,36,1197.0,0,0,5,8,32,0,2.0,1
2019,7,RS,1,3,2,3,44,1237.0,0,0,6,6,22,1,2.0,1
2019,3,RS,1,1,2,3,44,1320.0,0,0,4,8,36,0,2.0,1
2019,8,RS,1,1,2,3,44,916.0,0,0,5,7,28,1,2.0,1
2018,10,RS,1,1,2,7,44,1700.0,0,0,4,7,48,0,2.0,1
2018,11,RS,1,1,2,1,44,1432.0,0,0,3,9,33,0,2.0,1
2018,6,RS,1,1,2,2,44,1401.0,0,0,4,5,43,1,2.0,1
2019,8,RS,1,3,2,1,44,1437.0,0,0,6,4,48,1,2.0,1
2019,5,RS,1,1,2,1,44,2800.0,0,0,4,7,39,1,2.0,1
2019,3,RS,1,1,2,4,44,1278.0,0,0,7,7,25,0,2.0,1
2018,10,RS,1,3,2,1,44,1387.0,0,0,6,4,44,1,2.0,1
2018,3,RS,1,1,2,2,44,2890.0,0,0,7,7,31,1,4.0,1
2018,6,RS,1,1,2,2,44,1200.0,0,0,5,4,54,1,4.0,1
2018,8,RS,1,1,2,1,44,1338.0,0,0,7,5,36,1,9.0,1
2019,2,RS,1,1,2,8,38,1255.0,0,0,7,7,20,1,2.0,1
2018,11,RS,1,1,2,3,44,1104.0,0,0,5,7,52,0,2.0,1
2019,9,RS,1,1,2,4,44,1223.0,0,0,4,5,18,1,2.0,1
2018,4,RS,1,1,2,1,44,1171.0,0,0,5,1,49,1,2.0,1
2018,2,RS,1,1,2,3,44,1378.0,0,0,4,7,43,0,2.0,1
2018,3,RS,1,1,2,6,36,2301.0,0,0,2,9,26,0,8.0,1
2019,8,RS,1,1,2,4,24,960.0,0,0,8,5,48,1,2.0,1
2018,10,RS,1,1,2,3,44,1572.0,0,0,5,7,28,0,2.0,1
2019,8,RS,1,1,2,1,44,1654.0,0,0,3,9,49,0,2.0,1
2019,11,RS,1,1,2,6,36,873.0,0,0,7,6,29,1,4.0,1
2018,9,RS,1,1,2,1,44,1196.0,0,0,5,7,50,0,2.0,1
2018,11,RS,1,1,2,3,44,1800.0,0,0,5,7,40,1,9.0,1
2019,7,RS,1,1,2,2,44,1330.0,0,0,5,6,18,1,2.0,1
2018,2,RS,1,1,2,1,40,1831.0,0,0,3,7,57,0,9.0,1
2019,5,RS,1,1,2,5,44,3827.0,0,0,3,7,49,1,2.0,1
2019,9,RS,1,1,2,8,44,2605.0,0,0,3,6,36,0,2.0,1
2018,11,RS,1,1,2,6,44,1189.0,0,0,7,5,32,0,2.0,1
2018,10,RS,1,1,2,3,44,1200.0,0,0,7,5,44,1,8.0,1
2018,8,RS,1,1,2,1,44,1559.0,0,0,7,3,45,1,8.0,1
2018,5,RS,1,1,2,1,44,1363.0,0,0,5,5,48,0,9.0,1
2018,7,RS,1,1,2,3,44,1616.0,0,0,7,8,46,1,9.0,1
2019,8,RS,1,1,2,9,44,1272.0,0,0,7,7,27,1,8.0,1
2018,8,RS,0,3,4,2,44,1387.0,0,0,6,4,33,1,2.0,0
2019,12,RS,0,1,4,2,44,2090.0,0,0,7,7,44,1,6.0,0
2019,5,RS,0,1,4,3,42,1260.0,0,0,4,7,25,0,2.0,0
2019,12,RS,0,1,4,1,44,2249.0,0,0,7,7,36,0,2.0,0
2019,8,RS,0,1,4,6,44,1401.0,0,0,7,7,36,0,9.0,0
2019,2,RS,0,1,4,1,44,3116.0,0,0,5,8,24,1,2.0,0
2018,1,RS,0,1,4,2,44,1514.0,0,0,5,7,32,0,9.0,0
2019,7,RS,0,1,4,3,44,1773.0,0,0,7,7,30,1,9.0,0
2018,10,RS,0,1,4,5,40,3821.0,0,0,1,8,29,0,2.0,0
2018,6,RS,0,1,4,1,44,2500.0,0,0,3,8,33,1,9.0,0
2019,9,RS,0,1,4,2,44,1381.0,0,0,3,8,33,0,2.0,0
2018,7,RS,0,1,4,6,44,2444.0,0,0,7,5,32,1,2.0,0
2019,3,RS,0,1,4,9,44,1790.0,0,0,7,7,24,1,2.0,0
2018,8,RS,0,1,4,6,44,1766.0,0,0,8,5,37,0,2.0,0
2018,3,RS,0,1,4,3,44,1341.0,0,0,8,7,44,0,2.0,0
2019,8,RS,0,1,4,1,44,1925.0,0,0,7,6,60,0,2.0,0
2019,9,RS,0,1,4,6,44,1323.0,0,0,5,8,60,0,2.0,0
2018,6,RS,0,1,4,9,44,1740.0,0,0,5,5,39,0,2.0,0
2019,7,RS,0,1,4,1,44,1625.0,0,0,5,7,19,0,2.0,0
2018,6,RS,0,3,4,2,44,1387.0,0,0,6,5,28,1,2.0,0
2018,5,RS,0,1,4,9,44,2594.0,0,0,3,7,35,1,2.0,0
2018,1,RS,0,1,4,3,44,2413.0,0,0,3,8,27,0,2.0,0
2018,9,RS,0,1,4,4,44,2308.0,0,0,5,5,31,0,9.0,0
2018,4,RS,0,1,6,5,44,1540.0,0,0,7,4,30,1,2.0,0
2019,11,RS,0,1,6,1,44,2030.0,0,0,4,5,24,0,2.0,0
2019,3,RS,0,1,6,6,44,1174.0,0,0,8,7,29,0,2.0,0
2018,8,RS,0,1,6,3,44,1842.0,0,0,5,5,71,0,2.0,0
2019,9,RS,0,1,6,3,44,1332.0,0,0,3,7,29,0,9.0,0
2019,11,RS,0,1,6,4,44,1324.0,0,0,8,9,28,1,2.0,0
2018,1,RS,0,1,6,2,44,2193.0,0,0,4,7,27,0,2.0,0
2018,8,RS,0,1,6,5,44,6466.0,0,0,2,9,31,1,2.0,0
2018,9,RS,0,1,6,6,44,1100.0,0,0,7,4,22,0,2.0,0
2018,12,RS,0,1,6,3,44,1159.0,0,0,5,7,42,0,9.0,0
2018,12,RS,0,1,6,2,33,1591.0,0,0,5,6,65,0,2.0,0
2018,8,RS,0,1,6,9,44,1598.0,0,0,4,7,29,0,2.0,0
2019,11,RS,0,1,8,6,44,3819.0,0,0,5,7,62,1,2.0,0
2018,12,RS,0,1,11,6,22,657.0,1,0,7,6,18,1,2.0,0
2019,8,RS,0,1,11,8,22,673.0,1,0,4,6,16,0,2.0,0
2018,4,RS,0,1,11,4,20,453.0,1,0,4,6,15,1,2.0,0
2019,12,RS,0,1,11,9,22,672.0,1,1,4,6,18,1,2.0,0
2018,8,RS,0,1,11,5,44,1302.0,0,0,7,6,19,1,8.0,0
2019,3,RS,0,1,11,5,20,600.0,1,0,4,6,16,1,2.0,0
2019,2,RS,0,1,11,7,44,1276.0,0,0,7,4,22,1,2.0,0
2019,5,RS,0,1,11,3,44,1275.0,0,0,7,5,33,1,8.0,0
2018,7,RS,0,1,11,5,44,1512.0,0,0,7,9,30,1,2.0,0
2019,4,RS,0,3,11,6,44,1536.0,0,0,6,4,28,1,2.0,0
2019,3,RS,0,1,11,1,40,1200.0,0,0,3,9,24,0,2.0,0
2019,9,RS,0,1,11,9,22,672.0,1,1,4,7,17,0,2.0,0
2019,6,RS,0,1,11,4,44,1618.0,0,0,5,5,21,1,2.0,0
2018,4,RS,1,1,25,8,44,1578.0,0,0,3,7,34,0,2.0,1
2018,3,RS,0,1,43,4,44,1529.0,0,0,7,5,36,1,9.0,0
2018,3,RS,0,1,33,4,44,1235.0,0,0,4,5,28,0,2.0,0
2019,3,RS,1,1,2,2,44,1219.0,0,0,6,4,26,1,2.0,1
2019,9,RS,0,1,6,6,44,1229.0,0,0,7,5,18,1,8.0,0
2019,8,RS,1,1,2,3,44,2412.0,0,0,4,7,33,1,2.0,1
2018,10,RS,1,1,2,8,44,1710.0,0,0,5,4,31,1,2.0,1
2019,5,RS,1,1,2,2,44,1267.0,0,0,1,7,21,0,2.0,1
2019,4,RS,0,1,11,5,44,1713.0,0,0,4,4,31,1,8.0,0
2018,1,RS,1,1,2,3,44,1631.0,0,0,4,7,26,0,9.0,1
2018,5,RS,1,1,2,2,44,1220.0,0,0,9,7,21,1,2.0,1
2018,9,RS,0,1,4,2,44,1525.0,0,0,7,6,45,1,2.0,0
2018,12,RS,1,1,2,6,44,1200.0,0,0,6,3,28,1,4.0,1
2019,11,RS,1,1,2,1,22,631.0,0,0,5,7,22,0,9.0,1
2019,2,RS,0,1,4,5,44,2503.0,0,0,4,6,23,1,2.0,0
2018,7,RS,0,1,6,8,44,1184.0,0,0,4,8,22,1,2.0,0
2018,9,RS,0,1,6,5,44,954.0,0,0,7,7,19,1,2.0,0
2018,9,RS,0,1,11,5,44,1223.0,0,0,8,7,21,0,2.0,0
2018,4,RS,0,1,11,6,20,1001.0,1,0,5,7,18,0,2.0,0
2019,1,RS,0,1,6,3,44,1300.0,0,0,5,7,27,0,2.0,0
2019,12,RS,0,1,6,5,44,2437.0,0,0,7,7,69,1,2.0,0
2019,7,RS,1,1,2,1,25,998.0,0,0,5,7,29,0,2.0,1
2019,8,RS,1,1,2,5,44,1714.0,0,0,7,7,29,1,2.0,1
2019,6,RS,1,1,2,5,44,1375.0,0,0,7,8,34,0,2.0,1
2019,12,RS,0,1,6,6,44,1353.0,0,0,7,4,29,1,2.0,0
2019,1,RS,0,1,6,1,44,1628.0,0,0,7,3,52,1,2.0,0
2018,3,RS,0,3,6,4,44,1554.0,0,0,6,7,26,0,2.0,0
2019,6,RS,1,1,25,6,44,1143.0,0,0,7,6,18,1,2.0,1
2018,6,RS,1,1,2,9,44,22847.0,0,0,3,9,36,0,2.0,1
2019,2,RS,1,1,2,9,44,1447.0,0,0,5,7,41,0,2.0,1
2019,2,RS,1,1,2,9,44,1447.0,0,0,5,7,41,0,2.0,1
2018,6,RS,0,1,4,7,40,1356.0,0,0,5,5,33,0,2.0,0
2018,7,RS,0,1,4,4,44,1579.0,0,0,4,8,29,0,2.0,0
2018,4,RS,0,1,4,2,44,1230.0,0,0,1,7,31,0,2.0,0
2018,9,RS,0,1,6,9,28,945.0,0,0,5,7,26,1,2.0,0
2019,3,RS,1,1,2,6,44,1469.0,0,0,7,5,28,1,2.0,1
2018,8,RS,1,1,2,1,44,1168.0,0,0,5,7,22,1,2.0,1
2018,4,RS,0,1,4,9,44,1438.0,0,0,7,4,44,0,2.0,0
2018,4,RS,0,1,4,3,44,1300.0,0,0,7,7,41,0,2.0,0
2019,1,RS,1,1,2,4,44,1252.0,0,0,5,7,21,0,8.0,1
2018,1,RS,0,1,4,4,44,969.0,0,0,6,5,46,0,2.0,0
2018,5,RS,1,1,2,3,44,954.0,0,0,7,7,27,1,2.0,1
2018,12,RS,1,1,2,5,44,1302.0,0,0,4,7,21,1,2.0,1
2019,6,RS,1,1,2,9,44,1280.0,0,0,8,8,18,0,2.0,1
2019,2,RS,1,1,2,3,44,1500.0,0,0,5,7,23,1,2.0,1
2018,2,RS,1,1,2,4,44,1350.0,0,0,7,6,29,1,2.0,1
2019,4,RS,1,1,2,3,44,2211.0,0,0,7,7,38,1,9.0,1
2019,3,RS,1,1,2,7,44,2374.0,0,0,7,6,27,1,8.0,1
2019,6,RS,1,1,2,9,44,1459.0,0,0,7,6,29,0,8.0,1
2019,1,RS,0,1,4,4,44,1736.0,0,0,7,4,32,1,8.0,0
2019,3,RS,0,1,4,2,44,1413.0,0,0,7,7,34,1,2.0,0
2018,1,RS,0,1,4,5,44,2107.0,0,0,7,5,27,1,2.0,0
2018,3,RS,0,1,4,7,30,1388.0,0,0,4,7,26,0,2.0,0
2018,5,RS,0,1,4,4,44,1300.0,0,0,7,7,32,1,2.0,0
2018,9,RS,0,1,4,4,44,3700.0,0,0,4,9,35,0,2.0,0
2018,8,RS,0,1,6,5,44,1220.0,0,0,3,7,27,0,2.0,0
2018,12,RS,0,1,11,1,44,1200.0,0,0,5,3,48,0,2.0,0
2019,5,RS,1,1,25,4,22,625.0,1,0,5,4,16,1,2.0,1
2019,4,RS,0,1,33,5,44,2035.0,0,0,7,5,41,1,2.0,0
2018,6,RS,1,1,2,2,44,1265.0,0,0,6,7,18,1,9.0,1
2018,5,RS,0,1,6,2,44,1333.0,0,0,3,7,34,0,2.0,0
2019,4,RS,1,1,1,3,44,1418.0,0,0,4,7,20,1,2.0,1
2018,11,RS,0,1,6,4,44,3345.0,0,0,4,8,27,0,2.0,0
2018,5,RS,0,1,33,1,44,1251.0,0,0,5,7,35,1,2.0,0
2018,10,RS,1,1,2,6,44,1089.0,0,0,7,4,31,1,2.0,1
2019,3,RS,1,1,2,4,44,1438.0,0,0,5,7,19,0,2.0,1
2019,3,RS,1,1,2,4,44,1258.0,0,0,5,2,47,0,2.0,1
2018,8,RS,1,1,2,1,44,1500.0,0,0,4,9,29,0,2.0,1
2018,7,RS,0,1,4,4,44,1737.0,0,0,4,4,27,1,2.0,0
2019,3,RS,0,1,6,1,44,1172.0,0,0,7,5,30,1,2.0,0
2019,1,RS,0,1,6,5,44,1287.0,0,0,4,8,25,0,2.0,0
2018,6,RS,0,1,11,2,22,600.0,0,0,5,7,22,1,2.0,0
2018,12,RS,1,1,2,1,44,1377.0,0,0,5,7,29,0,2.0,1
2018,5,RS,1,1,2,1,40,1630.0,0,0,5,7,50,0,2.0,1
2019,11,RS,1,1,2,5,44,1375.0,0,0,8,7,29,1,4.0,1
2019,5,RS,1,1,2,9,44,1256.0,0,0,7,7,19,1,2.0,1
2018,3,RS,1,1,2,3,44,1203.0,0,0,4,7,29,0,2.0,1
2018,3,RS,1,1,2,1,44,2481.0,0,0,1,7,27,1,2.0,1
2018,7,RS,1,1,2,4,44,2015.0,0,0,5,7,38,1,2.0,1
2019,11,RS,1,1,2,2,33,1007.0,0,0,3,7,26,0,2.0,1
2019,6,RS,1,1,2,7,44,2340.0,0,0,9,7,36,1,2.0,1
2018,2,RS,1,1,2,1,31,853.0,0,0,5,7,48,0,9.0,1
2019,2,RS,0,1,4,4,30,982.0,0,0,5,4,46,0,2.0,0
2018,8,RS,0,1,4,1,44,1256.0,0,0,4,7,36,0,2.0,0
2018,1,RS,0,1,4,5,44,1278.0,0,0,3,7,28,1,2.0,0
2018,11,RS,0,1,4,5,44,3311.0,0,0,7,7,45,1,2.0,0
2018,8,RS,0,1,6,5,44,2112.0,0,0,7,7,38,1,4.0,0
2019,5,RS,1,1,2,3,44,2500.0,0,0,1,9,35,1,2.0,1
2019,11,RS,1,1,2,6,44,1730.0,0,0,7,4,30,1,2.0,1
2019,4,RS,0,1,33,7,40,5179.0,0,0,3,9,31,0,2.0,0
2018,6,RS,0,1,6,4,44,2021.0,0,0,7,7,36,1,2.0,0
2018,5,RS,1,1,2,6,44,1900.0,0,0,7,7,33,1,8.0,1
2018,2,RS,1,1,2,3,44,1053.0,0,0,7,4,23,1,2.0,1
2018,7,RS,0,1,4,7,44,1215.0,0,0,7,8,47,0,2.0,0
2019,5,RS,0,1,4,4,44,1888.0,0,0,1,7,59,1,2.0,0
2018,10,RS,0,1,4,4,44,1733.0,0,0,8,4,40,0,2.0,0
2018,10,RS,0,1,4,5,44,1258.0,0,0,5,4,54,0,2.0,0
2018,2,RS,0,1,4,1,44,1956.0,0,0,9,7,43,1,2.0,0
2018,6,RS,0,1,4,3,44,1215.0,0,0,4,6,24,0,2.0,0
2019,11,RS,0,1,4,1,44,1278.0,0,0,5,8,22,0,2.0,0
2019,9,RS,0,1,11,4,44,1250.0,0,0,7,7,27,1,1.0,0
2019,12,RS,0,1,11,8,22,691.0,1,0,9,4,15,1,8.0,0
2019,8,RS,1,1,2,1,44,1280.0,0,0,5,6,42,1,9.0,1
2019,5,RS,0,1,4,2,44,1180.0,0,0,7,4,42,0,2.0,0
2018,5,RS,1,1,2,1,44,2273.0,0,0,5,7,35,1,2.0,1
2019,11,RS,0,1,4,4,44,2408.0,0,0,7,7,32,1,2.0,0
2018,7,RS,0,1,11,1,44,1826.0,0,0,7,6,40,1,2.0,0
2019,9,RS,0,3,4,1,44,1167.0,0,0,6,3,35,1,4.0,0
2019,5,RS,0,3,4,3,44,1423.0,0,0,6,4,28,1,8.0,0
2018,5,RS,1,1,2,1,43,1284.0,0,0,4,9,31,0,2.0,1
2019,1,RS,1,1,2,1,44,1460.0,0,0,4,7,18,1,9.0,1
2018,8,RS,1,1,2,5,44,1216.0,0,0,7,7,29,0,2.0,1
2018,6,RS,1,1,2,4,44,1030.0,0,0,9,2,37,1,2.0,1
2019,11,RS,0,1,4,2,44,1000.0,0,0,5,7,40,0,2.0,0
2018,1,RS,1,1,2,9,44,1386.0,0,0,8,2,27,1,2.0,1
2018,11,RS,1,1,2,1,30,806.0,0,0,5,7,18,0,2.0,1
2018,1,RS,1,1,2,1,44,1278.0,0,0,9,6,21,1,2.0,1
2018,3,RS,0,1,6,6,44,1527.0,0,0,7,4,19,1,2.0,0
2018,3,RS,0,1,6,1,44,1452.0,0,0,7,7,31,1,2.0,0
2018,6,RS,0,1,6,4,44,1400.0,0,0,4,7,36,0,2.0,0
2018,8,RS,0,1,4,3,44,1709.0,0,0,8,7,25,1,9.0,0
2019,3,RS,0,1,33,6,44,2083.0,0,0,7,7,47,1,2.0,0
2018,10,RS,1,1,2,1,27,873.0,0,0,5,7,20,0,2.0,1
2019,4,RS,0,1,11,2,36,1006.0,0,0,4,7,20,1,2.0,0
2018,8,RS,0,1,4,4,44,1251.0,0,0,5,6,25,1,2.0,0
2018,12,RS,0,1,4,8,44,2070.0,0,0,7,7,37,1,2.0,0
2019,1,RS,1,1,2,6,44,1339.0,0,0,7,7,46,0,2.0,1
2019,4,RS,1,1,2,4,44,1221.0,0,0,7,7,30,1,2.0,1
2019,3,RS,1,1,2,3,44,1260.0,0,0,6,6,51,1,2.0,1
2018,12,RS,1,1,2,6,44,1243.0,0,0,5,7,22,1,2.0,1
2019,12,RS,1,1,2,5,44,1612.0,0,0,5,7,25,0,8.0,1
2019,3,RS,1,1,2,1,44,1260.0,0,0,5,7,31,0,2.0,1
2019,10,RS,1,1,2,1,44,1243.0,0,0,4,7,29,0,8.0,1
2019,11,RS,1,1,2,5,44,1400.0,0,0,5,5,18,1,4.0,1
2018,6,RS,1,1,2,3,44,954.0,0,0,5,7,23,1,9.0,1
2019,3,RS,1,1,2,1,43,1216.0,0,0,4,7,24,1,2.0,1
2019,4,RS,0,1,4,1,44,1243.0,0,0,6,5,54,1,2.0,0
2019,12,RS,0,1,4,3,44,3254.0,0,0,3,7,24,1,9.0,0
2019,12,RS,0,1,4,4,44,1320.0,0,0,5,7,25,0,2.0,0
2018,6,RS,0,1,4,5,44,2060.0,0,0,5,7,35,0,2.0,0
2018,6,RS,0,1,4,4,44,1196.0,0,0,7,5,25,1,2.0,0
2019,3,RS,0,1,4,2,44,3844.0,0,0,1,7,55,1,2.0,0
2019,8,RS,0,1,6,4,42,1150.0,0,0,5,5,48,0,2.0,0
2019,2,RS,0,1,6,2,44,1383.0,0,0,5,7,19,1,2.0,0
2019,11,RS,0,1,6,1,44,1293.0,0,0,5,9,37,1,4.0,0
2018,8,RS,0,1,11,5,44,1229.0,0,0,8,7,28,0,9.0,0
2019,2,RS,1,1,1,9,22,499.0,1,0,7,6,17,1,2.0,1
2019,2,RS,1,1,1,9,22,499.0,1,0,7,6,17,1,2.0,1
2018,11,RS,1,1,1,7,44,2077.0,0,0,5,3,50,0,8.0,1
2019,2,RS,1,1,1,9,22,499.0,1,0,7,6,17,1,2.0,1
2018,2,RS,1,1,1,9,22,468.0,1,0,7,6,15,1,2.0,1
2019,2,RS,1,1,1,9,22,499.0,1,0,7,6,17,1,2.0,1
2019,2,RS,1,1,1,9,22,499.0,1,0,7,6,17,1,2.0,1
2018,8,RS,1,1,1,3,24,737.0,0,0,4,7,31,0,9.0,1
2019,2,RS,1,1,1,9,22,499.0,1,0,7,6,17,1,2.0,1
2019,3,RS,1,1,2,5,44,1480.0,0,0,7,7,40,1,9.0,1
2018,9,RS,1,1,2,1,44,1417.0,0,0,4,7,46,0,2.0,1
2018,2,RS,1,1,2,2,44,1232.0,0,0,8,5,35,1,9.0,1
2019,4,RS,1,1,2,5,20,629.0,0,0,7,4,37,1,2.0,1
2018,4,RS,1,1,2,2,44,1985.0,0,0,7,7,48,1,9.0,1
2019,2,RS,1,1,2,6,44,1326.0,0,0,8,7,45,1,9.0,1
2018,3,RS,1,1,2,7,44,1596.0,0,0,5,6,53,0,2.0,1
2018,7,RS,1,1,2,6,44,1230.0,0,0,4,5,43,1,2.0,1
2018,8,RS,1,1,2,4,44,1054.0,0,0,7,7,39,0,9.0,1
2018,1,RS,1,1,2,8,44,1369.0,0,0,4,9,33,0,4.0,1
2018,7,RS,1,1,2,6,44,1612.0,0,0,7,6,34,1,9.0,1
2018,6,RS,0,1,4,7,44,1700.0,0,0,3,7,21,1,2.0,0
2019,12,RS,0,1,4,9,40,10197.0,0,0,1,7,33,0,2.0,0
2018,10,RS,0,1,4,3,44,1230.0,0,0,1,7,49,1,2.0,0
2019,6,RS,0,1,4,4,44,1890.0,0,0,3,7,30,1,9.0,0
2018,6,RS,0,1,4,4,30,1001.0,0,0,5,7,38,1,2.0,0
2019,9,RS,0,1,4,4,44,1745.0,0,0,1,7,24,1,8.0,0
2018,12,RS,0,1,6,3,44,1831.0,0,0,4,6,21,0,2.0,0
2018,10,RS,0,1,6,4,20,1015.0,1,0,5,6,16,0,2.0,0
2018,10,RS,0,1,43,1,40,1582.0,0,0,7,6,21,1,2.0,0
2019,5,RS,1,1,2,6,44,1500.0,0,0,6,7,55,1,2.0,1
2018,12,RS,1,1,2,7,44,1271.0,0,0,4,7,24,0,2.0,1
2019,12,RS,1,1,2,3,44,1650.0,0,0,7,5,42,1,2.0,1
2019,3,RS,0,1,6,8,40,9155.0,0,0,3,9,32,1,2.0,0
2018,11,RS,1,1,2,1,44,1285.0,0,0,1,9,48,0,2.0,1
2019,2,RS,0,1,6,4,44,1621.0,0,0,7,7,34,0,2.0,0
2019,7,RS,0,1,6,3,44,1249.0,0,0,7,5,44,0,2.0,0
2019,2,RS,0,1,8,4,44,1448.0,0,0,8,7,25,1,2.0,0
2019,10,RS,0,1,33,4,44,1401.0,0,0,8,7,23,0,4.0,0
2018,10,RS,1,1,2,2,44,1225.0,0,0,5,7,23,0,2.0,1
2018,8,RS,1,1,2,9,44,1269.0,0,0,7,7,22,0,2.0,1
2019,10,RS,0,1,6,9,30,607.0,1,0,4,7,16,1,2.0,0
2018,11,RS,0,1,4,3,44,2001.0,0,0,7,3,44,1,8.0,0
2018,2,RS,1,1,1,6,20,460.0,1,0,4,6,15,0,8.0,1
2018,5,RS,1,1,2,2,21,600.0,0,0,5,2,50,0,2.0,1
2018,3,RS,1,1,2,5,44,1800.0,0,0,7,5,49,0,2.0,1
2019,5,RS,0,1,6,1,44,1130.0,0,0,7,5,20,1,2.0,0
2019,7,RS,0,1,6,7,44,1060.0,0,0,7,4,26,1,2.0,0
2019,10,RS,1,1,2,1,24,1000.0,0,0,5,7,40,0,2.0,1
2018,1,RS,1,1,2,1,22,643.0,0,0,5,5,48,0,2.0,1
2018,3,RS,1,1,2,5,44,1262.0,0,0,3,7,25,1,9.0,1
2019,12,RS,1,1,2,9,42,1265.0,0,0,5,7,40,0,2.0,1
2019,2,RS,1,1,2,6,44,5800.0,0,0,4,9,28,1,2.0,1
2019,6,RS,0,1,4,8,30,1044.0,0,0,5,8,33,0,2.0,0
2018,8,RS,0,1,4,1,44,1247.0,0,0,3,7,50,0,2.0,0
2019,5,RS,0,1,6,3,30,1336.0,0,0,2,9,33,0,9.0,0
2019,1,RS,1,1,2,1,44,1221.0,0,0,5,5,44,1,9.0,1
2019,8,RS,1,1,2,1,44,1225.0,0,0,5,6,19,0,2.0,1
2019,6,RS,1,1,2,4,44,1015.0,0,0,7,7,23,1,2.0,1
2019,3,RS,1,1,25,2,44,1227.0,0,0,6,3,31,1,2.0,1
2019,1,RS,0,1,11,5,44,5870.0,0,0,6,6,39,1,2.0,0
2018,7,RS,1,1,2,1,44,1796.0,0,0,7,7,45,1,2.0,1
2019,9,RS,0,1,6,1,20,502.0,0,0,5,7,47,0,2.0,0
2019,5,RS,1,1,2,1,44,1265.0,0,0,5,5,44,0,2.0,1
2019,1,RS,0,1,6,3,44,1251.0,0,0,5,7,30,0,9.0,0
2018,11,RS,0,1,11,5,20,438.0,1,0,7,5,15,1,2.0,0
2018,4,RS,1,1,1,4,44,0.0,0,0,4,7,19,1,2.0,1
2018,3,RS,1,1,2,7,44,1235.0,0,0,4,7,18,0,2.0,1
2019,11,RS,1,1,2,1,20,691.0,0,0,2,8,27,1,2.0,1
2019,6,RS,1,1,2,9,44,1252.0,0,0,8,6,18,0,2.0,1
2019,1,RS,1,1,2,1,42,3000.0,0,0,2,9,32,0,2.0,1
2019,12,RS,1,1,2,1,44,1286.0,0,0,9,7,31,1,9.0,1
2019,11,RS,1,1,2,2,44,1323.0,0,0,5,9,22,0,2.0,1
2019,3,RS,0,1,4,3,44,1627.0,0,0,4,6,18,1,2.0,0
2019,2,RS,0,1,4,2,42,1372.0,0,0,4,8,30,0,2.0,0
2018,8,RS,0,1,4,2,44,1861.0,0,0,7,7,29,0,2.0,0
2019,5,RS,0,1,4,5,44,1104.0,0,0,5,7,33,1,4.0,0
2019,4,RS,0,1,4,3,44,1218.0,0,0,5,7,40,1,2.0,0
2019,8,RS,0,1,4,5,44,3560.0,0,0,4,8,27,0,2.0,0
2019,3,RS,0,1,6,9,44,1451.0,0,0,4,8,22,0,2.0,0
2018,5,RS,0,1,6,3,44,1484.0,0,0,5,5,73,1,2.0,0
2019,3,RS,0,1,6,3,44,1285.0,0,0,5,8,26,0,2.0,0
2019,8,RS,0,1,11,6,44,1412.0,0,0,5,5,19,1,9.0,0
2019,5,RS,0,1,11,3,44,1631.0,0,0,7,7,28,1,2.0,0
2019,3,RS,1,1,1,3,44,1408.0,0,0,7,7,21,1,2.0,1
2018,5,RS,1,1,2,8,44,1172.0,0,0,7,9,29,1,2.0,1
2018,2,RS,1,1,2,8,44,1172.0,0,0,7,5,20,0,4.0,1
2018,2,RS,1,1,2,3,44,1287.0,0,0,7,4,26,1,2.0,1
2018,2,RS,1,1,2,3,44,1287.0,0,0,7,4,26,1,2.0,1
2018,1,RS,0,1,4,3,44,1230.0,0,0,4,7,23,0,2.0,0
2019,4,RS,1,1,1,6,20,596.0,1,0,4,6,15,1,2.0,1
2018,11,RS,1,1,2,4,44,1253.0,0,0,7,7,31,1,9.0,1
2019,11,RS,1,1,2,1,44,1413.0,0,0,6,6,43,0,4.0,1
2019,11,RS,1,1,2,4,44,1286.0,0,0,7,7,28,1,2.0,1
2018,9,RS,0,1,4,4,44,1835.0,0,0,7,3,28,1,2.0,0
2019,8,RS,0,1,6,2,44,1750.0,0,0,7,7,24,1,9.0,0
2019,12,RS,0,1,6,2,44,1500.0,0,0,8,5,48,0,2.0,0
2019,12,RS,0,1,6,6,44,2712.0,0,0,3,8,31,1,8.0,0
2018,1,RS,1,1,2,4,44,1105.0,0,0,7,6,18,1,2.0,1
2019,4,RS,1,1,2,1,44,1826.0,0,0,7,4,34,1,2.0,1
2019,5,RS,1,1,2,9,40,1418.0,0,0,5,5,34,1,8.0,1
2019,12,RS,1,1,2,1,44,1715.0,0,0,7,7,52,1,4.0,1
2019,9,RS,1,1,2,3,44,1499.0,0,0,8,6,25,0,2.0,1
2019,12,RS,0,1,4,3,44,1496.0,0,0,9,5,30,1,2.0,0
2018,4,RS,0,1,4,3,44,2871.0,0,0,8,6,42,1,4.0,0
2018,5,RS,0,1,4,6,22,587.0,1,0,4,6,16,0,2.0,0
2018,11,RS,0,1,4,9,44,1254.0,0,0,3,7,40,0,2.0,0
2018,1,RS,0,3,4,1,44,1175.0,0,0,6,3,53,1,2.0,0
2019,10,RS,0,1,6,9,44,1317.0,0,0,7,3,52,0,8.0,0
2018,2,RS,1,1,25,9,44,1229.0,0,0,7,7,55,1,2.0,1
2019,10,RS,1,1,1,1,22,499.0,0,0,5,6,29,0,2.0,1
2018,11,RS,1,1,2,3,44,1260.0,0,0,8,3,54,1,2.0,1
2018,12,RS,0,1,11,3,44,1260.0,0,0,8,5,28,1,2.0,0
2019,1,RS,1,1,1,6,44,998.0,0,0,7,6,29,0,2.0,1
2019,5,RS,1,1,2,4,44,1271.0,0,0,7,1,55,1,8.0,1
2018,4,RS,0,3,6,3,44,1194.0,0,0,6,7,38,0,9.0,0
2018,10,RS,1,1,2,4,44,1173.0,0,0,7,7,26,0,9.0,1
2019,8,RS,0,1,4,6,44,2310.0,0,0,7,7,53,0,2.0,0
2018,2,RS,0,1,4,1,44,1238.0,0,0,5,7,39,0,8.0,0
2019,2,RS,1,3,25,4,44,1227.0,0,0,6,7,35,1,1.0,1
2019,3,RS,1,1,2,1,44,1291.0,0,0,4,5,51,1,2.0,1
2018,4,RS,0,1,11,1,44,2094.0,0,0,4,7,21,1,2.0,0
2018,7,RS,1,1,2,2,44,1626.0,0,0,7,7,22,1,8.0,1
2019,6,RS,0,1,4,1,44,1996.0,0,0,4,7,44,0,2.0,0
2019,9,RS,1,1,2,8,44,1447.0,0,0,7,5,35,0,2.0,1
2018,1,RS,1,1,2,5,44,954.0,0,0,7,7,23,0,2.0,1
2018,9,RS,1,1,2,8,44,1161.0,0,0,7,5,20,1,2.0,1
2018,1,RS,1,1,2,5,44,954.0,0,0,7,7,23,0,2.0,1
2018,1,RS,1,1,2,5,44,954.0,0,0,7,7,23,0,2.0,1
2019,4,RS,1,1,2,9,44,1218.0,0,0,7,7,23,1,8.0,1
2018,2,RS,0,1,4,1,22,974.0,0,0,4,6,28,0,2.0,0
2018,1,RS,0,1,6,9,44,1231.0,0,0,7,4,39,0,8.0,0
2018,12,RS,0,1,11,9,44,1260.0,0,0,7,4,31,1,8.0,0
2019,10,RS,1,1,2,2,44,2158.0,0,0,7,4,41,1,2.0,1
2018,5,RS,0,1,4,4,44,1196.0,0,0,7,6,26,1,2.0,0
2018,3,RS,1,1,2,5,44,1250.0,0,0,4,7,19,0,9.0,1
2019,9,RS,0,1,4,4,44,1330.0,0,0,7,7,22,0,2.0,0
2018,10,RS,0,1,4,2,44,1715.0,0,0,7,7,23,1,2.0,0
2019,7,RS,1,1,2,4,44,1275.0,0,0,8,4,43,1,2.0,1
2019,11,RS,1,1,2,3,44,1377.0,0,0,7,3,42,0,2.0,1
2019,3,RS,1,1,2,2,44,1083.0,0,0,5,3,46,0,2.0,1
2018,11,RS,1,1,2,5,44,1298.0,0,0,4,4,30,1,2.0,1
2019,5,RS,1,1,2,3,30,2302.0,0,0,4,8,22,0,2.0,1
2018,9,RS,1,1,2,1,44,1218.0,0,0,4,8,24,0,2.0,1
2018,9,RS,1,1,2,1,44,1218.0,0,0,4,7,31,0,9.0,1
2018,2,RS,1,1,2,6,44,1159.0,0,0,7,4,55,0,2.0,1
2018,4,RS,1,1,2,4,44,1096.0,0,0,3,9,36,0,2.0,1
2019,6,RS,1,1,2,1,44,1353.0,0,0,9,7,46,1,2.0,1
2018,8,RS,1,1,2,4,44,1500.0,0,0,5,9,24,0,2.0,1
2019,1,RS,1,1,2,7,44,1207.0,0,0,7,4,43,1,8.0,1
2019,9,RS,1,1,2,7,44,1236.0,0,0,7,7,33,1,2.0,1
2018,7,RS,1,1,2,4,44,2769.0,0,0,7,7,47,1,2.0,1
2019,4,RS,1,1,2,2,44,1178.0,0,0,4,6,18,1,9.0,1
2018,2,RS,1,1,2,2,44,1287.0,0,0,5,7,40,0,8.0,1
2018,9,RS,1,1,2,1,44,1568.0,0,0,7,7,19,1,9.0,1
2019,6,RS,1,1,2,4,44,1353.0,0,0,7,5,33,0,9.0,1
2019,2,RS,1,1,2,1,44,1310.0,0,0,7,5,48,0,2.0,1
2019,10,RS,1,1,2,4,44,2800.0,0,0,3,9,26,1,2.0,1
2018,3,RS,1,1,2,4,44,1166.0,0,0,7,7,41,1,9.0,1
2019,11,RS,1,1,2,1,44,1386.0,0,0,5,7,24,1,2.0,1
2019,1,RS,1,1,2,7,44,1519.0,0,0,7,4,55,0,2.0,1
2018,6,RS,0,1,4,4,44,1729.0,0,0,7,3,46,1,9.0,0
2018,7,RS,0,1,4,1,44,3200.0,0,0,5,7,29,1,2.0,0
2019,7,RS,0,1,4,1,44,1329.0,0,0,5,6,24,0,9.0,0
2018,1,RS,0,1,4,3,36,3548.0,0,0,2,9,43,1,9.0,0
2018,8,RS,0,1,4,1,44,1700.0,0,0,5,7,39,1,2.0,0
2018,2,RS,0,1,4,3,44,1245.0,0,0,8,7,35,1,9.0,0
2018,10,RS,0,1,4,4,44,1320.0,0,0,7,7,63,1,9.0,0
2018,2,RS,0,1,4,5,44,1105.0,0,1,7,2,52,1,2.0,0
2018,7,RS,0,1,4,2,44,1275.0,0,0,3,8,28,0,2.0,0
2018,8,RS,0,1,4,2,44,2175.0,0,0,7,9,25,1,2.0,0
2019,4,RS,0,1,6,1,44,1287.0,0,0,4,7,24,1,9.0,0
2018,2,RS,0,1,6,6,44,1314.0,0,0,7,3,50,0,2.0,0
2019,6,RS,0,1,6,6,21,3980.0,0,0,3,9,40,0,9.0,0
2019,11,RS,0,1,11,1,44,1265.0,0,0,8,7,31,1,8.0,0
2019,4,RS,0,1,11,1,44,2370.0,0,0,4,9,24,0,2.0,0
2018,3,RS,0,1,11,3,44,1601.0,0,0,7,4,55,1,2.0,0
2018,10,RS,0,1,11,3,44,2200.0,0,0,7,5,36,1,2.0,0
2018,2,RS,0,1,11,2,44,1200.0,0,0,4,8,22,0,2.0,0
2018,12,RS,0,1,11,3,44,1340.0,0,0,5,4,52,0,2.0,0
2019,7,RS,0,1,33,3,44,2600.0,0,0,3,7,34,1,2.0,0
2019,7,RS,0,1,33,4,44,1318.0,0,0,4,8,20,0,2.0,0
2018,5,RS,0,1,33,3,44,1813.0,0,0,7,5,43,1,2.0,0
2019,10,RS,1,1,2,5,44,1332.0,0,0,5,6,18,0,2.0,1
2018,5,RS,1,1,2,4,20,1420.0,0,0,3,7,22,1,9.0,1
2019,11,RS,1,1,2,1,44,1317.0,0,0,5,5,19,1,8.0,1
2019,2,RS,1,1,2,2,44,1216.0,0,0,4,9,28,1,2.0,1
2018,9,RS,0,1,4,1,44,1370.0,0,0,7,6,37,1,2.0,0
2019,12,RS,0,1,4,1,44,1267.0,0,0,5,7,30,1,2.0,0
2018,10,RS,1,1,1,3,44,0.0,0,0,7,8,20,1,2.0,1
2019,8,RS,1,1,2,1,44,1295.0,0,0,4,7,23,0,2.0,1
2018,3,RS,0,1,4,1,44,1232.0,0,0,5,7,46,0,2.0,0
2019,11,RS,0,1,4,1,44,2111.0,0,0,7,7,41,1,9.0,0
2019,5,RS,0,1,33,5,44,2617.0,0,0,4,7,22,1,2.0,0
2019,8,RS,0,1,6,3,44,1377.0,0,0,8,7,38,0,2.0,0
2019,3,RS,1,1,1,4,44,1699.0,0,0,5,8,19,0,2.0,1
2019,1,RS,1,1,2,9,44,2978.0,0,0,3,8,23,1,2.0,1
2018,6,RS,1,1,2,1,44,1320.0,0,0,7,6,36,1,8.0,1
2019,10,RS,0,1,4,4,44,1287.0,0,0,7,4,25,1,9.0,0
2018,4,RS,1,1,2,6,44,1168.0,0,0,8,7,34,1,2.0,1
2019,8,RS,1,1,2,3,44,1439.0,0,0,7,7,28,1,2.0,1
2019,1,RS,1,1,2,3,44,1230.0,0,0,1,5,38,0,2.0,1
2018,9,RS,0,1,4,3,44,1230.0,0,0,5,7,21,0,2.0,0
2019,10,RS,0,1,4,4,44,1397.0,0,0,7,7,50,0,2.0,0
2018,4,RS,0,1,4,1,44,1230.0,0,0,5,5,23,0,2.0,0
2018,2,RS,0,1,4,6,44,1164.0,0,0,7,5,19,1,2.0,0
2018,8,RS,1,1,2,3,44,1699.0,0,0,7,5,37,1,2.0,1
2018,10,RS,0,1,11,2,44,1795.0,0,0,5,7,42,0,2.0,0
2018,5,RS,1,1,1,7,20,586.0,1,0,4,4,15,1,2.0,1
2019,12,RS,1,1,1,9,44,1317.0,0,0,7,7,28,0,2.0,1
2018,8,RS,1,1,2,1,44,1249.0,0,0,3,7,40,1,9.0,1
2019,7,RS,1,1,2,7,40,2216.0,0,0,3,7,24,0,2.0,1
2018,12,RS,1,1,2,2,44,1251.0,0,0,5,7,29,0,2.0,1
2019,12,RS,1,1,2,6,44,1234.0,0,0,4,7,18,1,2.0,1
2018,4,RS,1,1,2,5,20,581.0,1,0,4,7,18,0,2.0,1
2019,8,RS,1,1,2,3,22,680.0,0,0,4,7,43,1,9.0,1
2018,12,RS,1,1,2,5,44,1321.0,0,0,7,5,41,1,8.0,1
2019,11,RS,1,1,2,2,44,1382.0,0,0,4,6,29,0,2.0,1
2019,2,RS,1,1,2,2,44,1200.0,0,0,4,7,18,0,9.0,1
2019,11,RS,1,1,2,5,44,1235.0,0,0,5,6,19,1,9.0,1
2019,10,RS,1,1,2,3,44,1334.0,0,0,5,7,18,1,2.0,1
2018,7,RS,1,1,2,4,44,1676.0,0,0,7,7,27,1,2.0,1
2019,7,RS,1,1,2,5,44,1323.0,0,0,5,4,33,0,8.0,1
2018,6,RS,1,1,2,3,30,1194.0,0,0,4,5,29,1,2.0,1
2018,10,RS,1,3,2,5,44,1250.0,0,0,6,3,30,1,2.0,1
2019,4,RS,1,1,2,1,44,1460.0,0,0,4,8,33,0,9.0,1
2019,8,RS,1,1,2,4,44,1332.0,0,0,5,7,38,0,2.0,1
2018,2,RS,1,1,2,9,44,1482.0,0,0,5,7,39,0,2.0,1
2018,11,RS,1,1,2,2,44,1230.0,0,0,5,7,20,0,9.0,1
2019,9,RS,0,1,4,2,24,1273.0,0,0,5,6,43,1,9.0,0
2019,4,RS,0,1,4,6,40,5977.0,0,0,2,9,36,0,2.0,0
2018,12,RS,0,1,4,3,44,1989.0,0,0,7,7,20,1,9.0,0
2019,11,RS,0,1,4,7,44,1276.0,0,0,3,7,27,1,2.0,0
2018,6,RS,0,1,4,1,44,1290.0,0,0,8,2,31,1,2.0,0
2018,2,RS,0,1,4,6,44,1092.0,0,0,4,7,46,0,9.0,0
2018,5,RS,0,1,4,6,44,2661.0,0,0,2,9,31,0,2.0,0
2018,3,RS,0,1,4,4,44,1545.0,0,0,7,7,29,0,2.0,0
2018,7,RS,0,1,4,3,44,3024.0,0,0,4,9,31,1,8.0,0
2019,6,RS,0,1,4,7,44,1356.0,0,0,4,4,20,1,2.0,0
2019,8,RS,0,1,6,6,34,1089.0,0,0,4,9,23,0,9.0,0
2019,12,RS,0,1,6,7,44,1702.0,0,0,4,7,22,1,2.0,0
2018,2,RS,0,1,6,9,40,1393.0,0,0,5,5,29,0,2.0,0
2019,5,RS,0,1,6,9,24,12526.0,0,0,2,9,46,1,2.0,0
2018,2,RS,0,1,6,5,44,1229.0,0,0,3,7,24,0,2.0,0
2018,8,RS,0,1,11,4,22,593.0,1,0,4,6,15,0,2.0,0
2019,6,RS,1,1,1,3,20,588.0,1,0,5,4,20,0,2.0,1
2019,2,RS,1,1,2,3,30,2800.0,0,0,2,9,28,0,2.0,1
2019,12,RS,1,1,2,6,44,1254.0,0,0,7,2,20,1,9.0,1
2018,11,RS,1,1,2,1,44,2900.0,0,0,1,7,26,1,9.0,1
2018,12,RS,1,1,2,1,44,1410.0,0,0,9,5,27,1,2.0,1
2018,9,RS,1,3,2,5,44,1315.0,0,0,6,6,25,1,2.0,1
2018,8,RS,1,1,2,1,44,1033.0,0,0,5,7,22,1,9.0,1
2019,3,RS,1,1,2,4,44,1199.0,0,0,4,7,35,0,2.0,1
2018,4,RS,1,1,2,3,44,1523.0,0,0,7,7,40,1,2.0,1
2018,1,RS,1,1,2,7,44,1254.0,0,0,7,7,50,0,2.0,1
2018,6,RS,0,1,4,3,44,1210.0,0,0,9,7,42,1,9.0,0
2019,1,RS,0,1,4,3,44,1534.0,0,0,7,5,53,1,2.0,0
2018,9,RS,0,1,4,4,44,1386.0,0,0,4,7,27,1,9.0,0
2019,12,RS,0,1,4,1,44,1415.0,0,0,3,7,19,0,9.0,0
2019,4,RS,0,1,4,3,44,1236.0,0,0,5,9,47,0,2.0,0
2018,5,RS,0,1,4,1,44,1280.0,0,0,5,7,24,0,2.0,0
2019,4,RS,0,1,6,5,40,10608.0,0,0,2,9,32,1,2.0,0
2019,12,RS,0,1,6,1,44,1368.0,0,0,5,7,19,0,9.0,0
2019,1,RS,0,1,11,7,20,1261.0,0,0,8,4,51,0,2.0,0
2018,3,RS,0,1,11,2,44,1280.0,0,0,4,7,39,0,8.0,0
2018,6,RS,0,1,11,4,44,1224.0,0,0,5,3,34,0,2.0,0
2019,10,RS,0,1,11,1,44,1611.0,0,0,7,6,30,1,2.0,0
2019,2,RS,1,1,25,6,44,1600.0,0,0,4,7,49,1,2.0,1
2018,2,RS,1,1,2,8,21,566.0,0,1,7,5,29,0,2.0,1
2019,3,RS,0,1,6,6,44,3134.0,0,0,7,6,36,1,2.0,0
2018,11,RS,1,1,2,1,40,1900.0,0,0,2,9,34,0,9.0,1
2018,8,RS,1,1,1,3,44,1225.0,0,0,5,9,33,0,2.0,1
2019,6,RS,1,1,1,7,40,2310.0,0,0,2,9,31,1,2.0,1
2019,7,RS,1,1,1,3,44,2000.0,0,0,2,7,23,0,2.0,1
2018,8,RS,1,1,1,9,30,706.0,0,0,5,5,48,0,2.0,1
2018,5,RS,1,1,1,6,24,577.0,1,0,5,6,16,0,8.0,1
2018,4,RS,1,1,1,2,44,0.0,0,0,5,8,21,0,2.0,1
2019,5,RS,1,1,1,2,44,1112.0,0,0,3,7,44,0,2.0,1
2018,3,RS,1,1,1,5,40,3186.0,0,0,3,9,24,0,2.0,1
2019,5,RS,1,1,1,4,44,1285.0,0,0,5,7,37,0,2.0,1
2018,6,RS,1,1,1,3,20,490.0,1,0,4,6,17,0,9.0,1
2019,7,RS,1,1,1,8,20,954.0,1,0,4,2,15,0,2.0,1
2019,1,RS,1,1,1,8,20,598.0,1,0,4,5,20,0,4.0,1
2018,9,RS,1,1,2,8,36,1287.0,0,0,3,6,37,1,2.0,1
2019,2,RS,1,1,2,1,44,1700.0,0,0,4,9,45,0,2.0,1
2019,5,RS,1,1,2,1,44,1376.0,0,0,7,7,28,1,9.0,1
2019,5,RS,1,1,2,3,44,1500.0,0,0,5,7,35,0,2.0,1
2019,7,RS,1,1,2,6,36,1123.0,0,0,4,7,22,1,2.0,1
2019,4,RS,1,3,2,1,30,873.0,0,0,4,7,37,0,8.0,1
2018,12,RS,1,1,2,7,44,1290.0,0,0,5,5,24,1,2.0,1
2018,10,RS,1,1,2,1,44,1300.0,0,0,5,7,25,0,2.0,1
2019,10,RS,1,1,2,9,44,1231.0,0,0,5,7,29,0,2.0,1
2019,11,RS,1,1,2,1,36,1034.0,0,0,5,5,33,0,2.0,1
2018,8,RS,1,1,2,9,44,1321.0,0,0,4,7,25,1,2.0,1
2018,4,RS,1,1,2,9,44,1060.0,0,0,5,5,49,0,8.0,1
2019,7,RS,1,1,2,2,44,2721.0,0,0,7,5,56,1,2.0,1
2018,3,RS,1,1,2,6,44,3196.0,0,0,2,9,42,0,9.0,1
2018,8,RS,1,1,2,8,36,1259.0,0,0,4,9,37,0,2.0,1
2018,3,RS,1,1,2,4,44,1602.0,0,0,1,8,42,0,2.0,1
2018,8,RS,1,1,2,8,44,3200.0,0,0,1,9,27,0,2.0,1
2018,4,RS,1,1,2,9,36,1184.0,0,0,5,4,45,0,2.0,1
2019,9,RS,1,1,2,1,44,1400.0,0,0,2,9,36,0,2.0,1
2018,2,RS,1,1,2,8,44,1830.0,0,0,5,7,44,1,4.0,1
2018,9,RS,1,1,2,1,36,1014.0,0,0,5,7,30,0,9.0,1
2019,1,RS,1,1,2,8,44,1569.0,0,0,7,5,29,1,8.0,1
2019,3,RS,1,1,2,7,36,2080.0,0,0,3,7,32,0,2.0,1
2019,6,RS,1,1,2,4,44,1641.0,0,0,4,7,37,1,2.0,1
2018,5,RS,1,1,2,6,30,3390.0,0,0,4,9,43,1,8.0,1
2018,2,RS,1,1,2,1,20,583.0,0,0,5,4,59,0,4.0,1
2019,11,RS,1,1,2,4,44,1418.0,0,0,5,8,20,0,2.0,1
2018,10,RS,1,1,2,5,44,3000.0,0,0,3,7,47,1,9.0,1
2018,8,RS,1,1,2,7,44,1304.0,0,0,7,6,41,1,8.0,1
2019,4,RS,1,1,2,4,44,2184.0,0,0,3,7,32,1,2.0,1
2019,8,RS,1,1,2,6,44,1332.0,0,0,5,7,35,1,4.0,1
2018,5,RS,1,1,2,6,40,8506.0,0,0,1,9,43,1,9.0,1
2019,10,RS,1,1,2,6,44,1305.0,0,0,5,7,19,1,9.0,1
2018,11,RS,1,1,2,7,40,4682.0,0,0,3,9,30,0,2.0,1
2019,4,RS,1,1,2,6,44,1500.0,0,0,5,7,37,1,2.0,1
2018,8,RS,1,1,2,4,44,1700.0,0,0,9,7,45,1,2.0,1
2018,3,RS,1,1,2,9,36,1716.0,0,0,3,7,45,0,4.0,1
2019,8,RS,1,1,2,1,24,2971.0,0,0,2,9,32,0,2.0,1
2019,3,RS,1,1,2,3,44,3000.0,0,0,4,8,32,0,9.0,1
2019,5,RS,1,1,2,5,35,2600.0,0,0,4,9,32,0,2.0,1
2019,5,RS,1,1,2,8,44,1390.0,0,0,5,5,47,1,2.0,1
2018,7,RS,1,1,2,6,44,1053.0,0,0,5,6,20,0,2.0,1
2019,2,RS,1,1,2,2,44,1275.0,0,0,8,7,22,1,9.0,1
2019,11,RS,1,1,2,1,44,1349.0,0,0,4,7,20,0,8.0,1
2019,7,RS,1,1,2,5,44,1315.0,0,0,3,7,18,1,2.0,1
2018,5,RS,1,1,2,3,44,1203.0,0,0,5,7,32,0,2.0,1
2018,11,RS,1,1,2,3,44,1830.0,0,0,2,8,27,1,8.0,1
2019,2,RS,1,1,2,5,44,1083.0,0,0,5,5,39,0,2.0,1
2018,2,RS,1,1,2,4,44,1167.0,0,0,4,7,50,1,2.0,1
2019,3,RS,1,1,2,3,44,1632.0,0,0,4,8,22,1,2.0,1
2019,5,RS,1,1,2,5,44,2059.0,0,0,4,9,23,0,2.0,1
2018,3,RS,1,1,2,5,44,1220.0,0,0,5,6,20,1,2.0,1
2018,8,RS,1,1,2,2,44,1230.0,0,0,5,7,27,1,2.0,1
2018,3,RS,1,1,2,1,44,1200.0,0,0,5,7,67,1,9.0,1
2018,2,RS,1,1,2,1,44,1203.0,0,0,5,7,29,1,9.0,1
2019,11,RS,1,1,2,1,44,1342.0,0,0,5,7,33,0,2.0,1
2019,11,RS,1,1,2,2,40,4000.0,0,0,1,9,29,0,2.0,1
2019,10,RS,1,1,2,6,44,1265.0,0,0,5,6,27,0,2.0,1
2018,10,RS,1,1,2,1,44,1500.0,0,0,3,7,27,1,2.0,1
2018,8,RS,1,1,2,8,42,1186.0,0,0,5,7,33,0,2.0,1
2019,6,RS,1,1,2,5,44,1353.0,0,0,4,7,30,1,4.0,1
2019,7,RS,1,1,2,6,44,1285.0,0,0,4,7,42,1,2.0,1
2019,11,RS,1,1,2,3,36,1014.0,0,0,5,6,18,0,2.0,1
2019,9,RS,1,1,2,3,44,1342.0,0,0,5,7,29,1,8.0,1
2018,3,RS,1,1,2,6,44,1036.0,0,0,5,3,27,1,2.0,1
2018,6,RS,1,1,2,4,44,1284.0,0,0,5,7,26,0,2.0,1
2019,3,RS,1,1,2,5,44,1512.0,0,0,5,7,19,0,8.0,1
2019,9,RS,1,1,2,1,44,1336.0,0,0,5,5,36,0,9.0,1
2018,5,RS,1,1,2,4,44,3800.0,0,0,7,7,40,1,9.0,1
2018,4,RS,1,1,2,2,44,1177.0,0,0,4,7,22,1,2.0,1
2018,9,RS,1,1,2,3,44,1177.0,0,0,4,7,23,0,2.0,1
2019,8,RS,1,1,2,1,36,1280.0,0,0,5,7,28,1,9.0,1
2018,8,RS,1,1,2,2,44,1230.0,0,0,5,7,27,1,2.0,1
2019,8,RS,1,1,2,3,36,1590.0,0,0,3,7,36,0,2.0,1
2019,9,RS,1,1,2,1,44,1379.0,0,0,5,7,56,0,9.0,1
2018,3,RS,1,1,2,4,44,1522.0,0,0,7,6,38,1,2.0,1
2018,4,RS,1,1,2,5,44,1211.0,0,0,5,5,36,1,9.0,1
2018,10,RS,1,1,2,9,44,1445.0,0,0,7,7,31,1,2.0,1
2018,4,RS,1,1,2,7,44,16185.0,0,0,2,9,34,1,2.0,1
2019,2,RS,1,1,2,1,44,1423.0,0,0,3,9,23,0,2.0,1
2019,5,RS,1,1,2,8,44,3845.0,0,0,1,9,48,0,2.0,1
2019,3,RS,1,1,2,4,44,2257.0,0,0,8,6,24,1,2.0,1
2018,11,RS,1,1,2,7,40,4682.0,0,0,3,9,30,0,2.0,1
2019,12,RS,1,1,2,6,44,1160.0,0,0,5,4,26,1,8.0,1
2019,7,RS,1,1,2,4,44,1317.0,0,0,5,8,25,0,2.0,1
2019,11,RS,1,1,2,1,44,1288.0,0,0,4,7,31,0,2.0,1
2019,11,RS,1,1,2,5,36,1628.0,0,0,2,9,30,0,9.0,1
2018,2,RS,1,1,2,3,36,983.0,0,0,5,7,18,0,2.0,1
2018,7,RS,1,1,2,1,44,1203.0,0,0,5,7,30,1,2.0,1
2018,9,RS,1,1,2,1,44,1640.0,0,0,5,7,40,1,4.0,1
2019,6,RS,1,1,2,7,36,1051.0,0,0,4,8,21,0,2.0,1
2019,9,RS,1,1,2,9,20,682.0,0,0,5,7,35,0,2.0,1
2018,1,RS,1,1,2,4,42,8785.0,0,0,2,9,29,0,2.0,1
2018,10,RS,1,1,2,5,30,1655.0,0,0,3,8,26,0,2.0,1
2019,8,RS,1,1,2,1,44,1376.0,0,0,7,7,40,1,8.0,1
2018,7,RS,1,1,2,2,44,1203.0,0,0,8,7,45,1,4.0,1
2018,1,RS,1,1,2,8,44,1800.0,0,0,4,8,24,1,2.0,1
2019,4,RS,1,1,2,4,44,1285.0,0,0,4,6,18,0,2.0,1
2018,11,RS,1,1,2,6,44,2527.0,0,0,4,8,28,0,2.0,1
2019,8,RS,1,1,2,2,44,1265.0,0,0,5,7,37,1,9.0,1
2019,5,RS,1,1,2,4,44,1303.0,0,0,5,7,53,0,2.0,1
2018,9,RS,1,1,2,5,44,1500.0,0,0,4,7,30,0,6.0,1
2019,8,RS,1,1,2,5,37,3000.0,0,0,2,9,29,0,2.0,1
2018,12,RS,1,1,2,3,44,1244.0,0,0,4,7,39,0,2.0,1
2019,12,RS,1,1,2,8,36,1134.0,0,0,4,7,26,1,2.0,1
2019,4,RS,1,1,2,5,44,1275.0,0,0,5,4,27,0,9.0,1
2019,7,RS,1,1,2,4,44,1641.0,0,0,5,7,21,0,2.0,1
2019,4,RS,1,1,2,3,44,1213.0,0,0,4,7,37,0,2.0,1
2019,10,RS,1,1,2,8,44,1500.0,0,0,5,7,39,1,8.0,1
2019,4,RS,1,1,2,1,36,1225.0,0,0,5,7,26,1,2.0,1
2019,12,RS,1,1,2,3,44,1486.0,0,0,5,7,47,1,2.0,1
2019,1,RS,1,1,2,1,44,1275.0,0,0,5,7,20,1,9.0,1
2019,1,RS,1,1,2,8,40,985.0,0,0,5,7,19,0,2.0,1
2018,8,RS,1,1,2,6,44,1206.0,0,0,7,7,31,1,9.0,1
2019,7,RS,1,1,2,8,44,1361.0,0,0,5,7,34,1,2.0,1
2018,6,RS,1,1,2,2,44,3690.0,0,0,2,9,32,0,2.0,1
2018,8,RS,1,1,2,2,40,1700.0,0,0,3,8,24,0,2.0,1
2018,3,RS,1,1,2,5,36,954.0,0,0,4,7,27,0,9.0,1
2019,7,RS,1,1,2,6,36,1106.0,0,0,4,9,40,0,2.0,1
2019,2,RS,1,1,2,8,44,1323.0,0,0,5,7,31,0,2.0,1
2018,11,RS,1,1,2,7,44,3674.0,0,0,4,8,42,1,2.0,1
2019,6,RS,1,1,2,8,40,1417.0,0,0,5,5,25,1,2.0,1
2018,9,RS,1,1,2,9,44,1170.0,0,0,5,4,37,0,8.0,1
2018,2,RS,1,1,2,5,44,1175.0,0,0,5,6,38,1,2.0,1
2018,11,RS,1,1,2,8,43,1209.0,0,0,4,7,19,0,2.0,1
2019,8,RS,1,1,2,9,39,2771.0,0,0,3,7,30,0,2.0,1
2019,7,RS,1,1,2,7,36,1035.0,0,0,4,7,19,1,4.0,1
2019,9,RS,1,1,2,6,44,1416.0,0,0,4,7,27,0,2.0,1
2019,7,RS,1,1,2,2,44,1292.0,0,0,4,7,48,1,4.0,1
2019,10,RS,1,1,2,1,36,1060.0,0,0,4,7,19,0,9.0,1
2018,4,RS,1,1,2,5,44,1190.0,0,0,7,4,30,1,2.0,1
2018,4,RS,1,1,2,2,44,1176.0,0,0,5,5,42,0,2.0,1
2018,3,RS,1,1,2,8,40,1800.0,0,0,4,7,38,1,2.0,1
2019,10,RS,1,1,2,8,44,1305.0,0,0,5,4,25,1,2.0,1
2019,2,RS,1,1,2,9,36,6823.0,0,0,2,9,31,0,2.0,1
2019,2,RS,1,1,2,7,44,2581.0,0,0,2,9,28,0,9.0,1
2019,1,RS,1,1,2,5,44,1285.0,0,0,5,7,18,0,2.0,1
2019,10,RS,1,1,2,2,44,1400.0,0,0,5,7,18,1,9.0,1
2019,11,RS,1,1,2,7,40,2012.0,0,0,2,9,36,1,2.0,1
2019,6,RS,1,1,2,8,44,1225.0,0,0,4,7,25,0,2.0,1
2019,5,RS,1,1,2,6,44,1138.0,0,0,5,4,35,0,2.0,1
2018,12,RS,1,1,2,6,44,3984.0,0,0,3,9,24,0,2.0,1
2018,3,RS,1,1,2,5,44,1247.0,0,0,5,5,49,1,2.0,1
2019,5,RS,1,1,2,3,44,1227.0,0,0,5,5,34,0,2.0,1
2018,7,RS,1,1,2,2,44,1480.0,0,0,7,5,40,1,2.0,1
2018,7,RS,1,1,2,2,44,1475.0,0,0,4,8,27,0,2.0,1
2019,9,RS,1,1,2,5,44,1285.0,0,0,3,8,25,1,2.0,1
2018,2,RS,1,1,2,3,36,983.0,0,0,5,7,18,0,2.0,1
2018,1,RS,1,1,2,6,39,1163.0,0,0,4,7,30,1,4.0,1
2018,3,RS,1,1,2,3,44,1104.0,0,0,5,5,28,0,2.0,1
2018,1,RS,1,1,2,9,44,1277.0,0,0,7,7,27,1,2.0,1
2019,5,RS,1,1,2,2,42,1800.0,0,0,4,8,33,1,2.0,1
2018,9,RS,1,1,2,8,44,1028.0,0,0,7,7,33,1,2.0,1
2018,8,RS,1,1,2,1,44,1271.0,0,0,9,7,37,1,2.0,1
2018,6,RS,1,1,2,1,44,1323.0,0,0,5,7,23,0,2.0,1
2018,6,RS,1,1,2,2,44,1197.0,0,0,7,7,35,1,4.0,1
2018,10,RS,1,1,2,4,44,1177.0,0,0,5,7,26,1,4.0,1
2018,9,RS,1,1,2,7,44,1140.0,0,0,5,5,33,0,4.0,1
2018,4,RS,1,1,2,9,36,1184.0,0,0,5,4,45,0,2.0,1
2018,4,RS,1,1,2,9,36,1184.0,0,0,5,4,45,0,2.0,1
2019,10,RS,1,1,2,9,44,1243.0,0,0,5,7,36,0,2.0,1
2018,7,RS,1,1,2,6,44,1447.0,0,0,5,7,36,1,2.0,1
2018,8,RS,1,1,2,5,44,1247.0,0,0,5,7,30,1,4.0,1
2019,2,RS,1,1,2,5,44,1342.0,0,0,5,7,36,1,2.0,1
2019,6,RS,0,1,4,4,44,1555.0,0,0,7,7,22,1,4.0,0
2019,1,RS,0,1,4,5,36,1080.0,0,0,5,7,46,0,9.0,0
2019,7,RS,0,1,4,9,43,2698.0,0,0,7,2,64,1,2.0,0
2018,8,RS,0,3,4,5,44,1568.0,0,0,7,5,35,1,8.0,0
2018,5,RS,0,1,4,3,44,1344.0,0,0,5,7,28,1,8.0,0
2019,10,RS,0,1,4,4,44,6182.0,0,0,3,9,36,1,2.0,0
2018,8,RS,0,1,4,1,36,1130.0,0,0,4,7,27,0,2.0,0
2019,7,RS,0,1,4,7,44,1609.0,0,0,3,7,33,0,9.0,0
2018,8,RS,0,1,4,6,44,1594.0,0,0,3,7,28,1,2.0,0
2019,12,RS,0,1,4,6,40,6329.0,0,0,4,9,50,0,2.0,0
2018,1,RS,0,1,4,4,40,2400.0,0,0,3,8,24,1,2.0,0
2019,5,RS,0,1,4,4,44,1239.0,0,0,4,7,20,0,4.0,0
2019,6,RS,0,1,4,4,44,2125.0,0,0,4,7,29,0,2.0,0
2019,10,RS,0,1,4,4,40,2890.0,0,0,3,9,28,0,2.0,0
2019,8,RS,0,1,4,3,24,1650.0,0,0,1,7,39,1,2.0,0
2018,11,RS,0,1,4,7,33,877.0,0,0,5,7,34,0,2.0,0
2018,6,RS,0,1,4,2,44,1230.0,0,0,3,7,38,1,2.0,0
2018,6,RS,0,1,4,5,44,1317.0,0,0,5,9,27,0,4.0,0
2018,12,RS,0,1,4,9,42,8565.0,0,0,4,7,55,1,2.0,0
2018,3,RS,0,1,4,5,44,1306.0,0,0,3,7,39,1,2.0,0
2019,1,RS,0,1,4,8,30,976.0,0,0,4,7,37,0,4.0,0
2019,6,RS,0,1,4,4,44,1474.0,0,0,7,5,61,1,2.0,0
2018,4,RS,0,1,4,2,40,2000.0,0,0,3,9,39,0,2.0,0
2018,12,RS,0,3,4,5,44,1227.0,0,0,7,2,52,1,2.0,0
2018,7,RS,0,1,4,8,44,15180.0,0,0,2,9,57,1,2.0,0
2018,12,RS,0,1,4,3,44,1239.0,0,0,5,4,27,1,2.0,0
2019,4,RS,0,1,4,3,44,1285.0,0,0,3,7,55,1,9.0,0
2018,11,RS,0,1,4,3,44,1230.0,0,0,5,7,20,1,9.0,0
2018,11,RS,0,1,4,9,36,954.0,0,0,4,7,20,0,4.0,0
2018,6,RS,0,1,4,4,44,2727.0,0,0,3,6,35,0,2.0,0
2019,5,RS,0,1,4,1,44,1390.0,0,0,4,7,20,1,2.0,0
2018,7,RS,0,1,4,5,44,942.0,0,0,5,7,43,0,2.0,0
2019,3,RS,0,1,4,8,44,1718.0,0,0,7,7,31,1,2.0,0
2019,10,RS,0,1,4,6,44,499.0,0,0,5,5,47,1,2.0,0
2019,3,RS,0,1,4,6,36,904.0,0,0,4,7,25,0,4.0,0
2018,3,RS,0,1,4,5,44,3208.0,0,0,3,7,36,1,2.0,0
2019,4,RS,0,1,4,2,44,1110.0,0,0,5,7,32,0,8.0,0
2019,9,RS,0,1,4,9,44,1500.0,0,0,3,7,33,1,8.0,0
2019,2,RS,0,1,4,6,40,7203.0,0,0,3,9,40,1,2.0,0
2018,10,RS,0,1,4,7,44,3031.0,0,0,4,7,29,0,2.0,0
2018,11,RS,0,1,4,4,44,1268.0,0,0,5,5,64,0,2.0,0
2019,5,RS,0,1,4,2,44,1216.0,0,0,5,5,42,1,2.0,0
2018,3,RS,0,1,4,2,44,1657.0,0,0,5,7,44,0,9.0,0
2019,4,RS,0,1,4,9,44,1083.0,0,0,4,7,21,1,8.0,0
2019,1,RS,0,1,4,8,44,1122.0,0,0,5,4,46,0,2.0,0
2019,1,RS,0,1,4,2,44,1768.0,0,0,7,7,26,1,2.0,0
2018,12,RS,0,1,4,8,40,942.0,0,0,5,6,49,0,8.0,0
2019,5,RS,0,1,4,1,44,1281.0,0,0,4,5,25,0,2.0,0
2018,5,RS,0,1,4,6,44,1680.0,0,0,9,8,34,0,2.0,0
2018,6,RS,0,1,4,2,44,1320.0,0,0,3,7,32,0,2.0,0
2018,3,RS,0,1,4,6,40,3448.0,0,0,4,9,32,1,2.0,0
2018,9,RS,0,1,4,9,44,1261.0,0,0,5,5,36,0,4.0,0
2018,1,RS,0,1,4,1,44,2000.0,0,0,1,9,37,0,9.0,0
2019,12,RS,0,1,4,4,44,1335.0,0,0,5,7,40,1,2.0,0
2019,6,RS,0,1,4,8,44,3862.0,0,0,4,7,32,1,2.0,0
2019,9,RS,0,1,4,5,44,1305.0,0,0,5,7,30,1,4.0,0
2018,7,RS,0,1,4,8,44,1780.0,0,0,9,5,53,1,2.0,0
2018,6,RS,0,1,4,5,44,5537.0,0,0,3,7,40,1,2.0,0
2019,3,RS,0,1,4,9,36,2037.0,0,0,7,7,41,1,8.0,0
2019,10,RS,0,1,4,6,44,1266.0,0,0,9,7,30,1,9.0,0
2018,8,RS,0,1,4,3,44,1787.0,0,0,1,7,45,1,2.0,0
2018,1,RS,0,1,4,5,40,974.0,0,0,4,7,24,0,2.0,0
2018,8,RS,0,1,4,6,44,1378.0,0,0,7,7,26,1,2.0,0
2019,1,RS,0,1,4,6,44,2038.0,0,0,9,7,35,1,2.0,0
2018,10,RS,0,1,4,7,44,5480.0,0,0,8,9,35,1,2.0,0
2018,4,RS,0,1,4,1,22,1257.0,0,0,2,9,25,0,2.0,0
2019,2,RS,0,1,4,2,44,1239.0,0,0,5,7,34,1,9.0,0
2019,2,RS,0,1,4,3,44,1236.0,0,0,5,6,37,0,2.0,0
2018,11,RS,0,1,4,3,44,1561.0,0,0,7,7,64,1,9.0,0
2018,8,RS,0,1,4,9,44,2215.0,0,0,7,4,36,1,2.0,0
2018,4,RS,0,1,4,4,44,1431.0,0,0,4,7,29,0,2.0,0
2018,10,RS,0,1,4,6,44,1866.0,0,0,4,8,31,0,2.0,0
2018,8,RS,0,1,4,4,44,1803.0,0,0,5,5,48,0,2.0,0
2019,6,RS,0,1,4,6,44,1920.0,0,0,7,6,50,1,4.0,0
2018,8,RS,0,1,4,9,37,4325.0,0,0,2,9,39,1,2.0,0
2019,11,RS,0,1,4,4,44,1156.0,0,0,5,7,27,0,8.0,0
2019,7,RS,0,1,4,3,44,1240.0,0,0,8,7,51,1,2.0,0
2019,2,RS,0,1,5,4,44,1254.0,0,0,7,4,34,1,4.0,0
2018,12,RS,0,1,5,1,44,1734.0,0,0,5,6,50,0,2.0,0
2018,9,RS,0,1,6,5,44,1220.0,0,0,5,7,18,1,2.0,0
2018,8,RS,0,1,6,9,44,2058.0,0,0,3,8,28,1,2.0,0
2018,4,RS,0,1,6,6,36,1630.0,0,0,2,9,38,0,4.0,0
2019,8,RS,0,1,6,6,36,993.0,0,0,4,5,28,0,2.0,0
2018,8,RS,0,1,6,6,36,1562.0,0,0,4,7,23,0,9.0,0
2019,2,RS,0,1,6,4,44,5800.0,0,0,2,9,36,1,2.0,0
2019,5,RS,0,1,6,1,44,1200.0,0,0,5,7,25,0,2.0,0
2018,11,RS,0,1,6,1,40,10000.0,0,0,4,9,31,1,2.0,0
2018,4,RS,0,1,6,8,44,1276.0,0,0,5,7,27,1,8.0,0
2018,8,RS,0,1,6,2,44,571.0,0,0,5,7,19,0,8.0,0
2019,3,RS,0,1,6,7,43,1095.0,0,0,4,6,45,1,2.0,0
2018,5,RS,0,1,6,6,44,10000.0,0,0,1,9,40,1,2.0,0
2019,11,RS,0,1,6,9,36,993.0,0,0,4,7,26,0,2.0,0
2019,12,RS,0,1,6,1,36,1200.0,0,0,3,7,20,0,9.0,0
2019,7,RS,0,1,6,6,44,1239.0,0,0,5,7,51,0,2.0,0
2018,5,RS,0,1,6,8,40,1005.0,0,0,5,6,39,1,8.0,0
2019,11,RS,0,1,6,4,40,4055.0,0,0,3,9,38,1,2.0,0
2019,2,RS,0,1,6,5,44,998.0,0,1,7,7,39,0,8.0,0
2019,12,RS,0,1,6,4,44,1162.0,0,0,3,7,20,1,2.0,0
2018,8,RS,0,1,6,9,44,1434.0,0,0,4,7,38,0,2.0,0
2019,6,RS,0,1,6,9,39,2151.0,0,0,3,7,37,0,2.0,0
2019,3,RS,0,1,6,4,44,1285.0,0,0,5,7,19,0,2.0,0
2018,3,RS,0,1,6,5,43,1243.0,0,0,5,6,46,0,9.0,0
2019,5,RS,0,1,6,1,40,6000.0,0,0,2,9,31,1,2.0,0
2018,2,RS,0,1,6,4,44,3000.0,0,0,2,9,25,1,9.0,0
2019,7,RS,0,1,6,5,44,4991.0,0,0,5,7,24,0,2.0,0
2018,1,RS,0,1,6,6,44,1410.0,0,0,8,7,27,0,9.0,0
2018,3,RS,0,1,6,4,44,1162.0,0,0,5,7,22,0,2.0,0
2019,9,RS,0,1,6,6,44,6984.0,0,0,2,9,24,1,2.0,0
2019,5,RS,0,1,6,5,44,1285.0,0,0,5,7,32,0,4.0,0
2018,9,RS,0,1,6,5,44,2051.0,0,0,4,9,30,0,2.0,0
2018,3,RS,0,1,6,4,44,1976.0,0,0,2,9,26,1,8.0,0
2018,4,RS,0,1,6,4,44,1190.0,0,0,7,7,60,1,9.0,0
2019,11,RS,0,1,6,4,44,6479.0,0,0,4,7,30,0,2.0,0
2018,7,RS,0,1,6,6,40,942.0,0,0,5,7,33,0,4.0,0
2018,7,RS,0,1,6,9,36,1716.0,0,0,3,7,39,1,2.0,0
2018,4,RS,0,1,6,6,40,9419.0,0,0,3,9,34,1,2.0,0
2018,4,RS,0,1,6,5,36,1428.0,0,0,2,8,23,0,2.0,0
2018,10,RS,0,1,6,7,44,3282.0,0,0,3,9,27,0,2.0,0
2019,6,RS,0,1,6,5,44,1083.0,0,0,5,5,51,1,2.0,0
2018,11,RS,0,1,6,7,42,11135.0,0,0,2,9,31,1,2.0,0
2019,4,RS,0,1,6,3,44,1380.0,0,0,5,7,20,1,2.0,0
2019,9,RS,0,1,11,5,20,577.0,1,0,5,4,16,0,2.0,0
2018,11,RS,0,1,11,1,44,1239.0,0,0,5,7,27,1,8.0,0
2018,2,RS,0,1,11,4,44,1203.0,0,0,5,7,33,0,2.0,0
2019,10,RS,0,1,11,2,44,2910.0,0,0,5,7,32,0,2.0,0
2019,12,RS,0,1,11,6,22,561.0,1,0,4,6,18,0,9.0,0
2019,10,RS,0,1,11,3,44,1700.0,0,0,4,9,35,1,2.0,0
2019,9,RS,0,1,11,2,44,1239.0,0,0,5,7,35,1,2.0,0
2018,8,RS,0,1,11,9,44,1213.0,0,0,5,7,28,0,2.0,0
2018,4,RS,0,1,11,3,44,1230.0,0,0,4,7,24,0,2.0,0
2019,5,RS,0,1,11,3,30,1721.0,0,0,2,9,22,0,8.0,0
2019,8,RS,0,1,11,9,44,1125.0,0,0,5,4,52,0,2.0,0
2019,8,RS,0,1,11,5,30,1054.0,0,0,4,8,30,0,2.0,0
2019,2,RS,0,1,11,6,44,1112.0,0,0,3,7,22,1,9.0,0
2019,8,RS,0,1,11,6,36,904.0,0,0,4,7,26,0,9.0,0
2019,2,RS,0,1,11,6,30,1021.0,0,0,4,5,29,1,2.0,0
2019,3,RS,0,1,11,6,44,2132.0,0,0,7,5,47,1,2.0,0
2019,3,RS,0,1,11,1,44,1083.0,0,0,6,5,40,1,2.0,0
2019,2,RS,0,1,11,9,40,2976.0,0,0,4,7,38,0,2.0,0
2018,3,RS,0,1,11,2,44,1230.0,0,0,5,7,22,0,2.0,0
2019,5,RS,0,1,11,3,44,1379.0,0,0,5,8,27,1,9.0,0
2019,4,RS,1,1,25,8,36,6818.0,0,0,2,9,26,1,2.0,1
2019,1,RS,0,1,43,5,20,598.0,1,0,9,6,16,0,2.0,0
2018,7,RS,0,1,43,2,44,1500.0,0,0,4,7,45,0,2.0,0
2019,4,RS,0,1,43,7,44,2700.0,0,0,5,7,22,0,2.0,0
2019,4,RS,0,1,43,7,44,2700.0,0,0,5,7,22,0,2.0,0
2019,4,RS,0,1,43,7,44,2700.0,0,0,5,7,22,0,2.0,0
2019,12,RS,0,1,43,4,40,6760.0,0,0,1,9,41,1,2.0,0
2019,11,RS,0,1,43,1,44,1500.0,0,0,7,7,35,1,4.0,0
2019,4,RS,0,1,43,7,44,2700.0,0,0,5,7,22,0,2.0,0
2019,3,RS,1,1,2,9,44,1254.0,0,0,7,6,25,0,2.0,1
2019,5,RS,0,1,6,9,44,1278.0,0,0,8,4,19,1,2.0,0
2019,5,RS,1,1,1,5,44,2613.0,0,0,5,7,23,1,2.0,1
2019,4,RS,1,1,2,5,44,1097.0,0,0,7,7,21,1,2.0,1
2019,1,RS,0,1,6,2,44,998.0,0,0,7,7,22,1,4.0,0
2019,3,RS,1,1,2,2,44,1278.0,0,0,7,8,42,1,2.0,1
2019,10,RS,1,1,1,1,44,628.0,0,0,5,7,26,0,2.0,1
2019,3,RS,1,1,1,7,20,589.0,1,0,7,4,16,1,2.0,1
2018,5,RS,1,1,2,5,44,1373.0,0,0,7,7,22,1,2.0,1
2018,5,RS,1,1,2,5,44,1373.0,0,0,7,7,22,1,2.0,1
2018,5,RS,1,1,2,7,44,1209.0,0,0,5,5,32,0,2.0,1
2019,11,RS,1,1,2,7,44,1371.0,0,0,4,7,35,0,2.0,1
2018,10,RS,1,1,2,5,44,1577.0,0,0,7,7,33,1,9.0,1
2019,5,RS,1,1,2,7,44,1300.0,0,0,5,4,39,1,9.0,1
2019,2,RS,0,1,4,1,44,1200.0,0,0,5,7,26,0,2.0,0
2019,12,RS,0,1,4,6,44,1428.0,0,0,5,7,34,1,9.0,0
2019,3,RS,0,1,4,3,44,1246.0,0,0,5,5,37,1,9.0,0
2018,8,RS,0,1,4,8,40,1498.0,0,0,7,7,62,1,2.0,0
2019,8,RS,0,3,4,1,44,1231.0,0,0,7,7,50,1,2.0,0
2018,12,RS,0,1,6,3,44,1300.0,0,0,5,7,26,0,2.0,0
2018,5,RS,0,1,6,2,44,1324.0,0,0,3,7,30,0,2.0,0
2018,6,RS,0,1,11,8,44,1245.0,0,0,4,7,25,1,2.0,0
2019,11,RS,1,1,25,6,44,1499.0,0,0,6,2,29,1,2.0,1
2019,11,RS,1,1,25,6,44,2019.0,0,0,6,2,54,1,2.0,1
2019,9,RS,0,1,4,1,44,1378.0,0,0,5,7,29,0,2.0,0
2019,8,RS,0,1,6,8,44,1255.0,0,0,8,4,23,1,9.0,0
2018,10,RS,0,1,4,5,44,1300.0,0,0,7,6,18,1,2.0,0
2018,11,RS,0,1,6,3,44,1223.0,0,0,6,4,20,1,2.0,0
2018,5,RS,1,1,2,1,22,682.0,0,0,7,6,40,0,2.0,1
2019,2,RS,0,1,6,7,44,1284.0,0,0,7,5,24,1,2.0,0
2019,1,RS,1,1,2,5,44,1015.0,0,0,7,6,22,1,2.0,1
2018,11,RS,0,1,4,5,44,1471.0,0,0,7,7,24,1,2.0,0
2018,7,RS,1,3,2,2,44,1469.0,0,0,6,2,44,1,8.0,1
2019,10,RS,0,1,4,5,44,2198.0,0,0,6,3,26,1,2.0,0
2019,8,RS,1,3,2,2,44,1237.0,0,0,6,7,24,0,2.0,1
2019,9,RS,1,1,2,2,44,2600.0,0,0,7,4,41,1,9.0,1
2019,3,RS,0,1,4,6,44,5528.0,0,0,5,7,44,1,2.0,0
2019,2,RS,0,1,4,4,44,1598.0,0,0,7,2,68,1,2.0,0
2018,10,RS,1,1,1,4,36,885.0,0,0,5,7,19,0,2.0,1
2018,7,RS,1,1,1,4,44,1697.0,0,0,7,4,23,1,2.0,1
2018,3,RS,1,1,2,8,44,1122.0,0,1,8,2,52,0,2.0,1
2019,1,RS,1,1,2,1,44,1302.0,0,0,5,7,21,0,2.0,1
2018,12,RS,1,1,2,7,44,1311.0,0,0,5,6,24,1,2.0,1
2019,5,RS,1,1,2,1,44,1311.0,0,0,5,7,27,0,2.0,1
2019,11,RS,1,1,2,8,44,1194.0,0,0,8,4,26,1,2.0,1
2019,12,RS,1,1,2,3,44,1560.0,0,0,5,7,52,0,2.0,1
2019,3,RS,1,1,2,8,44,1254.0,0,0,8,6,20,1,2.0,1
2019,3,RS,1,1,2,7,44,1290.0,0,0,8,4,58,1,2.0,1
2018,6,RS,1,1,2,3,44,1170.0,0,0,8,6,26,0,2.0,1
2019,3,RS,1,1,2,8,44,1254.0,0,0,8,6,20,1,2.0,1
2018,11,RS,1,1,2,1,44,1650.0,0,0,4,8,45,0,2.0,1
2019,8,RS,1,1,2,6,44,1605.0,0,0,7,7,37,1,2.0,1
2019,3,RS,1,1,2,7,44,1425.0,0,0,8,7,35,0,2.0,1
2019,10,RS,1,1,2,1,44,1385.0,0,0,4,7,57,0,2.0,1
2019,4,RS,1,1,2,3,44,1224.0,0,0,5,7,35,0,2.0,1
2019,4,RS,1,1,2,1,44,1098.0,0,0,5,7,34,1,4.0,1
2019,8,RS,1,1,2,5,44,1228.0,0,0,8,4,20,1,2.0,1
2018,11,RS,0,1,4,3,44,1290.0,0,0,4,7,34,1,2.0,0
2018,9,RS,0,1,4,3,44,1229.0,0,0,5,6,20,1,2.0,0
2019,2,RS,0,1,4,9,44,1592.0,0,0,4,8,20,1,2.0,0
2018,11,RS,0,1,4,3,44,4359.0,0,0,2,9,31,0,2.0,0
2019,4,RS,0,1,6,1,44,1272.0,0,0,5,7,32,0,2.0,0
2019,8,RS,0,1,6,3,44,1250.0,0,0,5,9,25,1,2.0,0
2018,3,RS,0,1,6,5,20,1666.0,0,0,2,9,34,0,2.0,0
2018,6,RS,0,1,6,5,44,2899.0,0,0,1,5,57,1,2.0,0
2019,11,RS,0,1,6,1,44,1180.0,0,0,7,6,25,1,2.0,0
2019,8,RS,0,1,11,7,44,3093.0,0,0,8,6,62,1,2.0,0
2019,7,RS,0,1,11,7,44,3791.0,0,0,5,8,31,0,8.0,0
2019,6,RS,0,1,11,2,44,1171.0,0,0,4,2,43,1,8.0,0
2018,9,RS,0,1,11,8,44,1203.0,0,0,4,5,20,0,2.0,0
2019,9,RS,0,1,11,8,44,1170.0,0,0,8,7,42,0,2.0,0
2019,6,RS,0,1,11,8,44,1194.0,0,0,8,4,48,1,2.0,0
2019,12,RS,0,1,11,5,44,1205.0,0,1,8,5,38,1,1.0,0
2018,9,RS,0,1,11,7,44,1124.0,0,0,8,7,55,0,2.0,0
2018,8,RS,0,1,11,8,44,1122.0,0,0,8,7,26,0,2.0,0
2018,12,RS,0,1,11,7,44,1210.0,0,0,8,5,27,0,2.0,0
2019,7,RS,0,1,11,8,44,1194.0,0,0,8,2,62,1,2.0,0
2019,1,RS,0,1,11,8,44,1254.0,0,0,6,7,55,0,4.0,0
2018,8,RS,0,1,11,8,44,1203.0,0,1,8,5,51,1,2.0,0
2019,6,RS,0,1,11,8,44,1170.0,0,1,8,4,40,0,2.0,0
2018,7,RS,0,1,11,4,44,2300.0,0,0,4,8,26,1,2.0,0
2018,8,RS,0,1,11,6,44,1170.0,0,0,8,4,53,0,4.0,0
2018,10,RS,0,1,11,1,20,546.0,0,0,5,5,52,0,2.0,0
2018,10,RS,1,1,25,6,44,2032.0,0,0,7,5,46,1,2.0,1
2018,8,RS,1,1,1,3,20,586.0,1,0,4,6,16,1,2.0,1
2019,10,RS,1,1,1,5,44,998.0,0,0,4,7,23,0,2.0,1
2018,8,RS,1,1,1,3,20,586.0,1,0,4,6,16,1,2.0,1
2019,7,RS,1,1,1,9,40,1182.0,0,0,5,7,29,0,2.0,1
2018,7,RS,1,1,1,4,22,477.0,1,0,5,4,17,0,2.0,1
2018,7,RS,1,1,2,2,44,1203.0,0,0,5,7,26,1,2.0,1
2018,3,RS,1,1,2,2,44,1592.0,0,0,7,7,46,1,2.0,1
2018,1,RS,1,1,2,3,44,1210.0,0,0,4,7,24,0,2.0,1
2018,6,RS,1,1,2,1,44,1200.0,0,0,4,7,26,1,2.0,1
2019,1,RS,1,1,2,7,40,1489.0,0,0,3,7,36,0,2.0,1
2018,7,RS,1,1,2,8,44,1910.0,0,0,9,8,27,1,2.0,1
2019,3,RS,1,1,2,4,44,1260.0,0,0,4,7,21,0,2.0,1
2019,8,RS,0,1,4,1,44,1243.0,0,0,5,7,27,1,2.0,0
2018,7,RS,0,1,4,3,26,1456.0,0,0,2,9,37,1,9.0,0
2018,3,RS,0,1,4,4,44,1175.0,0,0,5,5,20,1,2.0,0
2019,12,RS,0,1,4,5,44,1335.0,0,0,5,7,31,0,2.0,0
2019,2,RS,0,1,4,2,40,1087.0,0,0,4,9,45,0,9.0,0
2018,8,RS,0,1,4,9,44,2185.0,0,0,5,7,22,0,9.0,0
2018,10,RS,0,1,4,4,44,1036.0,0,0,5,5,33,1,2.0,0
2019,2,RS,0,1,4,1,36,1165.0,0,0,5,7,33,1,9.0,0
2019,6,RS,0,1,6,1,44,1203.0,0,0,5,7,34,0,2.0,0
2018,4,RS,0,1,6,1,44,1175.0,0,0,7,4,23,1,8.0,0
2019,4,RS,0,1,6,2,44,1416.0,0,0,5,7,26,1,9.0,0
2019,3,RS,0,1,11,9,44,1313.0,0,0,5,7,32,1,2.0,0
2018,6,RS,0,1,11,6,44,1343.0,0,0,7,6,19,1,9.0,0
2019,12,RS,0,1,11,3,30,909.0,0,0,5,7,58,0,9.0,0
2018,8,RS,0,1,11,9,33,932.0,0,0,5,7,57,0,2.0,0
2018,4,RS,0,1,11,9,36,1211.0,0,0,5,5,38,0,2.0,0
2019,3,RS,0,1,11,3,44,1260.0,0,0,5,7,36,0,2.0,0
2019,12,RS,0,1,11,1,44,1541.0,0,0,7,4,33,1,2.0,0
2019,7,RS,0,1,11,4,44,1320.0,0,0,4,7,39,1,2.0,0
2018,12,RS,1,1,2,2,44,1033.0,0,0,5,7,54,0,2.0,1
2019,3,RS,1,1,2,1,44,1221.0,0,0,7,4,51,1,4.0,1
2018,12,RS,0,1,4,3,44,1474.0,0,0,7,7,48,1,2.0,0
2018,3,RS,0,1,4,2,44,1230.0,0,0,8,7,48,1,8.0,0
2019,6,RS,0,1,4,4,44,1210.0,0,0,4,7,25,1,2.0,0
2018,3,RS,0,3,4,1,44,1397.0,0,0,6,2,57,1,2.0,0
2018,10,RS,1,1,2,5,44,1945.0,0,0,5,7,40,1,2.0,1
2019,6,RS,1,3,2,1,44,1278.0,0,0,6,5,35,1,2.0,1
2019,7,RS,1,1,2,1,44,1500.0,0,0,7,7,25,1,2.0,1
2018,1,RS,1,1,2,3,44,1296.0,0,0,4,7,20,1,9.0,1
2019,8,RS,0,1,4,5,22,649.0,0,0,5,7,37,0,2.0,0
2018,4,RS,0,1,4,2,44,1348.0,0,0,7,7,30,1,2.0,0
2018,6,RS,0,1,4,7,44,1970.0,0,0,7,4,53,1,8.0,0
2018,10,RS,0,1,5,7,44,2079.0,0,0,7,4,31,1,8.0,0
2019,10,RS,0,1,6,2,44,1260.0,0,0,5,7,39,0,2.0,0
2019,3,RS,0,1,6,2,20,572.0,1,0,4,7,19,1,4.0,0
2019,3,RS,0,1,11,7,44,1348.0,0,0,7,5,21,0,2.0,0
2018,10,RS,0,1,11,2,44,1261.0,0,0,7,7,31,1,2.0,0
2019,3,RS,0,1,11,7,44,1348.0,0,0,7,6,20,0,4.0,0
2019,7,RS,1,1,2,1,44,1294.0,0,0,3,9,22,1,2.0,1
2018,2,RS,0,1,4,6,44,1229.0,0,0,5,4,26,0,2.0,0
2019,9,RS,0,1,4,3,44,1372.0,0,0,3,7,26,1,9.0,0
2019,4,RS,0,1,11,1,44,1279.0,0,0,5,7,27,1,2.0,0
2018,3,RS,1,1,1,6,20,534.0,1,0,7,6,17,0,2.0,1
2018,3,RS,1,1,1,6,20,534.0,1,0,7,6,17,0,2.0,1
2019,10,RS,1,1,1,2,44,1496.0,0,0,7,7,23,1,2.0,1
2019,5,RS,1,1,1,2,44,1243.0,0,0,7,7,39,1,2.0,1
2019,8,RS,0,1,4,4,44,1224.0,0,0,5,7,41,0,2.0,0
2018,2,RS,0,1,4,4,36,1663.0,0,0,3,7,34,0,9.0,0
2019,2,RS,0,1,4,3,44,1251.0,0,0,5,7,32,0,9.0,0
2018,7,RS,0,1,4,7,20,471.0,0,0,5,6,60,0,2.0,0
2018,7,RS,0,1,11,9,44,1455.0,0,0,7,7,27,0,2.0,0
2018,10,RS,0,1,11,9,44,1641.0,0,0,7,4,18,1,2.0,0
2019,2,RS,1,1,1,7,44,1269.0,0,0,7,6,29,1,2.0,1
2019,1,RS,1,3,2,1,44,1776.0,0,0,6,2,58,1,2.0,1
2018,1,RS,1,1,2,8,44,1133.0,0,0,7,7,29,0,2.0,1
2018,8,RS,1,1,2,3,44,1251.0,0,0,8,7,32,1,2.0,1
2019,11,RS,0,1,4,5,20,492.0,0,0,5,5,50,0,9.0,0
2018,1,RS,0,1,4,3,44,12021.0,0,0,7,7,48,1,2.0,0
2018,11,RS,1,1,2,7,40,1118.0,0,0,5,7,44,0,2.0,1
2018,5,RS,0,1,4,2,44,1333.0,0,0,5,7,65,0,2.0,0
2019,1,RS,0,1,4,8,44,4340.0,0,0,4,7,29,1,2.0,0
2019,10,RS,0,1,33,4,44,2117.0,0,0,3,6,25,1,2.0,0
2018,5,RS,0,1,6,1,44,1648.0,0,0,7,2,53,1,2.0,0
2019,1,RS,0,3,6,1,44,1215.0,0,0,6,6,19,1,2.0,0
2018,3,RS,1,1,2,7,44,1170.0,0,0,8,7,31,0,4.0,1
2018,6,RS,0,1,4,6,44,1247.0,0,0,3,6,19,1,2.0,0
2019,2,RS,0,1,4,2,20,560.0,0,0,5,6,55,0,2.0,0
2018,4,RS,0,1,4,2,44,1196.0,0,0,2,7,27,0,2.0,0
2018,11,RS,1,1,2,7,44,1223.0,0,0,5,7,37,0,2.0,1
2019,5,RS,0,1,6,6,44,1321.0,0,0,5,7,30,0,2.0,0
2018,1,RS,1,1,2,1,44,1229.0,0,0,4,7,29,0,2.0,1
2018,11,RS,0,1,4,6,44,1977.0,0,0,8,7,35,0,9.0,0
2019,6,RS,1,1,2,3,44,2300.0,0,0,6,6,23,1,2.0,1
2019,1,RS,1,3,25,3,44,1227.0,0,0,6,5,18,1,9.0,1
2019,4,RS,1,1,1,7,20,462.0,1,0,9,6,20,0,2.0,1
2019,7,RS,1,1,1,3,20,589.0,1,0,5,6,15,0,2.0,1
2019,2,RS,1,1,2,3,40,877.0,0,0,5,7,23,0,9.0,1
2019,4,RS,1,1,2,1,44,1207.0,0,0,5,7,18,0,2.0,1
2019,5,RS,1,1,2,6,44,1502.0,0,0,7,7,19,1,2.0,1
2019,2,RS,1,1,2,9,44,1180.0,0,0,5,4,22,1,9.0,1
2018,9,RS,1,1,2,3,44,1568.0,0,0,7,7,54,1,2.0,1
2019,2,RS,1,1,2,6,24,692.0,0,0,4,7,23,0,2.0,1
2019,6,RS,1,1,2,6,36,987.0,0,0,5,7,21,0,4.0,1
2019,12,RS,1,1,2,5,44,1300.0,0,0,4,7,31,0,4.0,1
2019,2,RS,1,1,2,9,22,605.0,0,0,5,7,43,0,9.0,1
2019,2,RS,1,1,2,9,44,1180.0,0,0,5,4,22,1,9.0,1
2019,6,RS,0,1,4,9,22,541.0,0,0,5,7,50,0,2.0,0
2018,4,RS,0,1,4,4,44,1229.0,0,0,8,7,18,1,9.0,0
2019,8,RS,0,1,4,2,44,1373.0,0,0,7,5,31,1,2.0,0
2019,6,RS,0,1,4,2,27,856.0,0,0,8,7,34,0,9.0,0
2018,2,RS,0,1,4,1,44,1405.0,0,0,4,7,45,0,9.0,0
2019,6,RS,0,1,4,3,44,590.0,0,0,5,7,42,0,2.0,0
2019,12,RS,0,1,4,2,44,1900.0,0,0,3,7,21,1,9.0,0
2019,11,RS,0,1,4,4,44,1331.0,0,0,7,6,22,1,2.0,0
2019,9,RS,0,1,4,1,44,1199.0,0,0,7,7,41,1,2.0,0
2019,12,RS,0,1,4,7,44,2492.0,0,0,4,9,31,0,2.0,0
2019,10,RS,0,1,4,2,44,1265.0,0,0,4,7,21,0,2.0,0
2018,4,RS,0,1,6,4,44,1238.0,0,0,7,5,54,0,2.0,0
2018,12,RS,0,1,11,8,44,1036.0,0,0,5,3,39,0,2.0,0
2018,12,RS,0,1,11,1,44,1400.0,0,0,4,7,37,1,9.0,0
2018,10,RS,0,1,11,3,44,1269.0,0,0,5,7,22,1,2.0,0
2019,5,RS,0,1,11,6,36,987.0,0,0,5,7,28,1,2.0,0
2019,3,RS,0,1,11,9,44,1110.0,0,0,5,5,22,0,9.0,0
2019,9,RS,0,1,4,3,44,1287.0,0,0,7,2,37,1,2.0,0
2019,3,RS,0,1,4,1,44,1500.0,0,0,5,4,24,1,2.0,0
2018,12,RS,0,1,4,2,44,1230.0,0,0,4,7,33,0,9.0,0
2018,9,RS,1,1,1,1,22,625.0,0,0,5,8,20,0,2.0,1
2019,4,RS,1,1,2,4,44,1229.0,0,0,5,7,19,1,9.0,1
2018,10,RS,0,1,11,6,44,1313.0,0,0,7,7,26,0,4.0,0
2019,9,RS,0,1,11,2,44,1342.0,0,0,3,7,19,0,2.0,0
2019,8,RS,1,1,1,9,44,1668.0,0,0,8,4,21,0,2.0,1
2018,8,RS,1,1,2,4,36,0.0,0,0,4,6,19,0,2.0,1
2019,6,RS,0,1,4,9,44,1570.0,0,0,8,5,18,1,2.0,0
2018,4,RS,0,1,4,4,44,1253.0,0,0,5,7,23,1,2.0,0
2019,9,RS,0,1,4,4,44,2011.0,0,0,7,5,35,1,2.0,0
2018,7,RS,0,1,6,2,44,1312.0,0,0,9,7,28,1,9.0,0
2019,12,RS,0,1,4,4,44,1294.0,0,0,5,4,23,1,2.0,0
2019,7,RS,0,1,4,5,44,1163.0,0,0,7,5,37,1,2.0,0
2019,1,RS,0,3,4,2,22,619.0,0,0,6,7,22,0,9.0,0
2018,6,RS,1,1,2,8,44,1190.0,0,0,7,8,35,0,2.0,1
2018,5,RS,1,1,2,7,36,813.0,0,0,5,7,21,1,4.0,1
2019,3,RS,1,1,2,6,44,1350.0,0,0,7,6,38,0,8.0,1
2018,4,RS,1,1,2,5,44,1174.0,0,0,7,7,22,1,2.0,1
2018,4,RS,1,1,2,4,44,1386.0,0,0,7,4,50,1,2.0,1
2019,6,RS,1,1,2,1,44,1309.0,0,0,7,5,19,0,2.0,1
2019,9,RS,1,1,2,5,44,1265.0,0,0,7,6,19,0,2.0,1
2018,6,RS,1,1,2,9,44,2400.0,0,0,9,7,36,1,2.0,1
2019,3,RS,1,1,2,3,44,1477.0,0,0,8,7,33,0,9.0,1
2018,3,RS,0,1,4,7,44,1269.0,0,0,7,7,27,0,2.0,0
2019,5,RS,0,1,4,5,44,1269.0,0,0,7,5,29,0,2.0,0
2018,2,RS,0,1,4,5,44,1214.0,0,0,8,7,21,1,2.0,0
2018,10,RS,0,1,6,7,36,1083.0,0,0,4,7,23,0,2.0,0
2018,1,RS,0,3,6,4,44,1176.0,0,0,6,5,20,1,2.0,0
2018,7,RS,0,1,6,1,44,2046.0,0,0,7,7,42,1,9.0,0
2019,5,RS,0,1,6,9,44,1234.0,0,0,7,6,19,1,2.0,0
2018,3,RS,0,1,11,3,44,1174.0,0,0,7,5,18,0,2.0,0
2018,11,RS,0,1,11,6,20,434.0,1,0,4,5,18,1,2.0,0
2018,11,RS,0,1,11,6,20,434.0,1,0,4,5,18,1,2.0,0
2019,2,RS,1,1,2,5,44,2702.0,0,0,7,5,32,1,2.0,1
2019,7,RS,1,1,2,2,44,1315.0,0,0,5,7,43,0,2.0,1
2018,4,RS,1,1,2,6,44,1796.0,0,0,7,9,38,1,2.0,1
2018,7,RS,1,1,2,2,44,1527.0,0,0,5,7,21,1,2.0,1
2019,11,RS,1,1,2,1,44,2606.0,0,0,7,7,45,1,9.0,1
2019,11,RS,0,1,4,3,44,1276.0,0,0,5,5,28,1,2.0,0
2018,11,RS,0,1,4,3,44,1492.0,0,0,5,7,23,1,2.0,0
2018,5,RS,0,1,4,4,44,1243.0,0,0,4,7,44,1,2.0,0
2019,3,RS,0,1,4,1,44,1205.0,0,0,3,7,37,0,2.0,0
2018,12,RS,1,1,2,1,44,1269.0,0,0,5,7,19,0,2.0,1
2019,3,RS,1,1,2,9,44,1254.0,0,0,8,6,29,0,2.0,1
2019,4,RS,1,1,2,1,44,1115.0,0,0,7,7,44,1,9.0,1
2019,3,RS,1,1,2,9,44,1254.0,0,0,8,6,29,0,2.0,1
2019,11,RS,1,1,2,6,43,1431.0,0,0,7,4,23,1,8.0,1
2019,12,RS,0,1,4,4,44,1654.0,0,0,7,4,58,1,2.0,0
2019,4,RS,0,1,6,5,44,1682.0,0,0,7,5,33,1,8.0,0
2018,8,RS,0,1,6,3,44,2407.0,0,0,4,6,27,0,2.0,0
2019,9,RS,1,1,2,2,44,1230.0,0,0,5,8,24,0,2.0,1
2018,1,RS,1,1,1,1,22,620.0,0,0,5,6,29,1,2.0,1
2018,5,RS,0,1,4,1,44,1309.0,0,0,4,7,34,1,9.0,0
2019,1,RS,1,1,2,9,44,3000.0,0,0,2,9,29,0,2.0,1
2018,4,RS,1,1,2,3,44,1105.0,0,0,7,5,65,1,2.0,1
2019,11,RS,0,1,4,6,44,1380.0,0,0,7,4,19,0,2.0,0
2018,1,RS,0,1,4,9,44,1725.0,0,0,4,5,25,1,2.0,0
2019,10,RS,0,1,6,9,44,1583.0,0,0,8,5,50,0,2.0,0
2019,4,RS,0,1,4,4,44,1300.0,0,0,4,7,26,1,9.0,0
2019,6,RS,0,1,6,3,44,998.0,0,0,4,7,27,1,2.0,0
2018,11,RS,1,1,2,1,44,1546.0,0,0,6,6,54,1,2.0,1
2018,2,RS,1,1,2,3,44,1496.0,0,0,5,7,20,0,2.0,1
2018,10,RS,1,1,2,1,44,1253.0,0,0,5,7,22,1,2.0,1
2019,5,RS,0,1,4,2,44,1223.0,0,0,7,7,33,1,2.0,0
2019,9,RS,1,1,25,6,36,1218.0,0,0,3,7,21,0,2.0,1
2019,2,RS,0,1,4,7,44,1853.0,0,0,8,7,52,1,2.0,0
2018,3,RS,0,1,6,4,44,1786.0,0,0,1,7,31,0,2.0,0
2018,7,RS,0,1,6,1,44,1197.0,0,0,7,7,26,1,9.0,0
2018,5,RS,0,1,6,1,44,954.0,0,0,2,7,50,0,2.0,0
2019,8,RS,1,1,2,5,37,868.0,0,0,7,4,29,0,2.0,1
2018,7,RS,1,1,2,6,44,1450.0,0,0,4,8,20,0,2.0,1
2018,5,RS,1,1,2,6,44,1287.0,0,0,4,7,29,1,2.0,1
2018,4,RS,1,1,2,1,44,1203.0,0,0,5,6,34,0,2.0,1
2018,12,RS,0,1,4,6,20,1436.0,0,0,2,7,34,0,9.0,0
2019,4,RS,1,1,25,2,44,1267.0,0,0,5,7,20,0,2.0,1
2019,3,RS,1,1,2,8,36,1587.0,0,0,3,7,29,0,4.0,1
2019,8,RS,1,1,2,1,44,1200.0,0,0,4,7,18,0,2.0,1
2018,12,RS,1,1,2,4,24,667.0,0,0,4,7,22,1,2.0,1
2019,9,RS,0,1,4,3,44,1387.0,0,0,5,7,28,1,2.0,0
2018,2,RS,0,1,6,4,44,1301.0,0,0,5,7,25,1,4.0,0
2018,12,RS,0,1,33,4,44,1210.0,0,0,5,7,26,0,9.0,0
2019,10,RS,1,1,2,4,44,1450.0,0,0,7,6,30,0,2.0,1
2019,5,RS,1,1,2,5,44,1247.0,0,0,7,5,26,1,4.0,1
2018,2,RS,1,1,2,8,44,1203.0,0,0,7,7,25,0,2.0,1
2019,1,RS,1,1,2,5,44,1320.0,0,0,8,4,21,1,2.0,1
2018,8,RS,1,1,2,6,43,1108.0,0,0,7,4,30,1,6.0,1
2019,3,RS,1,1,2,8,44,1247.0,0,0,7,4,38,1,8.0,1
2018,10,RS,1,1,2,1,38,1041.0,0,0,5,7,21,1,2.0,1
2018,12,RS,0,1,4,4,44,1389.0,0,0,7,7,25,1,9.0,0
2018,2,RS,0,1,4,6,43,2999.0,0,0,7,5,32,1,2.0,0
2019,7,RS,1,1,2,6,44,1294.0,0,0,7,7,31,0,2.0,1
2018,5,RS,1,1,2,1,22,477.0,0,0,5,7,31,0,9.0,1
2019,3,RS,1,1,2,5,44,1269.0,0,0,7,7,39,1,9.0,1
2019,8,RS,0,1,6,1,44,1254.0,0,0,5,7,28,0,2.0,0
2019,9,RS,0,1,6,2,40,1265.0,0,0,5,7,54,0,9.0,0
2018,10,RS,0,1,11,3,44,1036.0,0,0,5,4,42,0,2.0,0
2018,8,RS,1,1,2,8,44,1309.0,0,0,9,5,32,1,2.0,1
2018,4,RS,0,1,11,6,44,1716.0,0,0,7,8,45,1,2.0,0
2019,1,RS,0,1,33,5,44,2368.0,0,0,9,7,62,1,9.0,0
2019,2,RS,0,1,6,1,44,1455.0,0,0,7,2,46,1,9.0,0
2019,7,RS,1,1,2,2,44,2135.0,0,0,7,4,31,1,9.0,1
2018,8,RS,0,3,4,2,22,630.0,0,0,4,6,18,1,2.0,0
2018,7,RS,1,1,2,5,44,1461.0,0,0,8,4,43,1,2.0,1
2018,12,RS,0,1,4,5,44,2329.0,0,0,7,4,42,1,8.0,0
2019,2,RS,0,1,6,1,44,1321.0,0,0,7,7,28,1,9.0,0
2018,4,RS,1,1,2,2,44,1518.0,0,0,5,9,22,0,2.0,1
2018,8,RS,1,1,2,1,44,1233.0,0,0,6,2,47,1,9.0,1
2018,4,RS,1,1,2,6,24,1059.0,0,0,7,6,18,1,2.0,1
2018,4,RS,0,1,4,7,44,1160.0,0,0,5,5,34,0,2.0,0
2019,9,RS,0,3,4,3,44,1290.0,0,0,6,4,32,1,2.0,0
2019,3,RS,0,1,4,5,44,1211.0,0,0,7,7,27,1,2.0,0
2018,3,RS,0,1,4,4,36,909.0,0,0,5,7,53,1,2.0,0
2019,2,RS,1,1,1,8,44,2442.0,0,0,6,7,19,1,1.0,1
2018,2,RS,1,1,2,3,44,1229.0,0,0,6,2,27,0,8.0,1
2019,2,RS,1,3,2,3,44,1227.0,0,0,6,5,21,1,8.0,1
2019,8,RS,1,1,2,7,44,1316.0,0,0,7,5,25,0,8.0,1
2019,2,RS,1,1,2,8,44,1506.0,0,0,6,5,49,1,2.0,1
2018,2,RS,1,1,2,3,44,1185.0,0,0,6,4,48,1,8.0,1
2019,1,RS,1,1,2,3,44,1248.0,0,0,5,7,60,0,2.0,1
2019,12,RS,1,1,2,4,44,1311.0,0,0,5,7,27,0,2.0,1
2018,9,RS,1,1,2,1,44,1230.0,0,0,4,7,30,0,2.0,1
2019,4,RS,1,1,2,8,44,1462.0,0,0,6,4,26,1,1.0,1
2018,12,RS,1,1,2,1,44,1971.0,0,0,4,5,39,1,2.0,1
2019,10,RS,0,1,4,4,44,1525.0,0,0,7,7,25,1,2.0,0
2019,1,RS,0,3,4,4,44,1474.0,0,0,7,7,40,1,8.0,0
2018,12,RS,0,1,4,9,44,1227.0,0,0,6,4,56,1,8.0,0
2018,6,RS,0,1,6,1,44,2015.0,0,0,7,7,23,1,2.0,0
2019,5,RS,0,1,6,3,44,2030.0,0,0,8,2,51,1,2.0,0
2019,5,RS,0,1,11,9,44,1227.0,0,0,6,4,50,0,8.0,0
2018,3,RS,0,1,11,8,44,1370.0,0,0,6,4,20,0,2.0,0
2018,4,RS,0,1,11,8,44,1652.0,0,0,6,4,18,1,2.0,0
2019,3,RS,0,1,11,9,44,1468.0,0,0,6,4,59,1,8.0,0
2018,2,RS,0,1,11,7,44,1388.0,0,0,6,7,22,1,1.0,0
2018,10,RS,0,1,11,5,44,1251.0,0,0,4,7,18,0,2.0,0
2019,4,RS,0,3,11,1,44,1304.0,0,0,6,4,34,0,2.0,0
2018,4,RS,0,1,11,8,44,1448.0,0,0,6,5,30,1,8.0,0
2018,7,RS,0,1,11,8,44,1752.0,0,0,6,4,46,1,2.0,0
2018,3,RS,0,1,11,6,44,1252.0,0,0,6,4,20,1,2.0,0
2018,5,RS,0,1,11,8,44,1593.0,0,0,6,4,51,1,2.0,0
2019,4,RS,0,3,11,1,44,1273.0,0,0,6,3,49,1,4.0,0
2019,11,RS,1,3,25,4,44,1276.0,0,0,6,4,26,0,2.0,1
2019,1,RS,1,1,25,7,44,1234.0,0,0,6,4,25,1,1.0,1
2019,2,RS,1,1,25,1,44,1227.0,0,0,6,3,20,1,4.0,1
2018,12,RS,0,3,43,4,44,1315.0,0,0,6,4,50,1,2.0,0
2019,5,RS,0,1,6,3,44,1205.0,0,0,8,7,38,1,2.0,0
2019,3,RS,1,1,2,6,44,1184.0,0,0,7,7,21,1,2.0,1
2018,2,RS,1,1,2,3,44,1281.0,0,0,3,8,27,1,2.0,1
2018,6,RS,1,1,2,5,44,1281.0,0,0,9,9,29,1,2.0,1
2018,2,RS,1,1,2,7,44,1122.0,0,0,8,4,33,0,2.0,1
2018,2,RS,1,1,2,7,44,1122.0,0,0,8,4,33,0,2.0,1
2018,5,RS,0,1,4,4,44,1236.0,0,0,5,7,21,1,2.0,0
2019,7,RS,0,1,4,1,44,1555.0,0,0,7,4,34,1,2.0,0
2018,7,RS,0,1,4,4,34,445.0,0,0,2,9,36,1,2.0,0
2019,2,RS,0,1,4,5,44,1221.0,0,0,7,6,24,1,8.0,0
2018,6,RS,0,1,4,6,44,1367.0,0,0,5,5,41,1,2.0,0
2019,6,RS,0,1,11,7,44,1249.0,0,0,8,4,54,1,2.0,0
2019,3,RS,1,1,25,7,44,1399.0,0,0,8,7,30,0,2.0,1
2019,2,RS,1,1,25,1,44,1087.0,0,0,5,6,46,0,9.0,1
2019,3,RS,1,1,25,7,44,1399.0,0,0,8,7,30,0,2.0,1
2019,12,RS,0,1,43,1,44,1209.0,0,0,8,2,51,0,2.0,0
2019,12,RS,0,1,43,1,44,1209.0,0,0,8,2,51,0,2.0,0
2018,8,RS,1,1,2,4,44,1225.0,0,0,7,7,33,0,2.0,1
2018,2,RS,0,1,4,4,44,1229.0,0,0,5,7,32,1,2.0,0
2019,2,RS,1,1,25,4,44,1173.0,0,0,8,7,38,0,9.0,1
2019,11,RS,0,1,4,3,44,1325.0,0,0,7,7,31,0,2.0,0
2019,9,RS,0,1,11,4,44,1256.0,0,0,7,7,26,0,2.0,0
2018,2,RS,1,1,2,3,44,1030.0,0,0,5,7,35,1,2.0,1
2019,3,RS,1,1,2,3,44,1302.0,0,0,5,6,43,0,8.0,1
2019,3,RS,1,1,2,3,44,1280.0,0,0,5,7,37,1,2.0,1
2019,1,RS,1,1,2,6,44,1316.0,0,0,5,7,34,1,2.0,1
2018,3,RS,1,1,2,2,44,1395.0,0,0,9,7,31,1,2.0,1
2019,2,RS,1,1,2,1,32,3550.0,0,0,1,9,27,0,2.0,1
2018,11,RS,0,1,4,2,44,1156.0,0,0,7,7,63,1,9.0,0
2018,3,RS,0,1,4,4,44,2378.0,0,0,4,7,33,1,9.0,0
2019,10,RS,0,1,6,1,30,882.0,0,0,7,7,25,0,2.0,0
2018,10,RS,0,1,11,5,44,1251.0,0,0,5,6,19,1,2.0,0
2019,3,RS,1,1,1,2,44,1250.0,0,0,5,7,42,0,2.0,1
2019,9,RS,0,1,4,4,44,1479.0,0,0,8,5,46,1,2.0,0
2019,10,RS,0,1,6,3,44,1237.0,0,0,6,6,21,1,2.0,0
2018,12,RS,1,1,2,5,44,1036.0,0,0,6,7,24,1,2.0,1
2018,1,RS,1,1,2,5,44,1344.0,0,0,5,7,26,1,9.0,1
2019,1,MS,1,1,2,1,44,1004.0,0,0,6,2,39,1,8.0,1
2019,8,MS,1,1,2,7,44,1111.0,0,0,6,4,24,1,8.0,1
2019,5,MS,0,1,5,1,44,1128.0,0,0,9,7,23,1,8.0,0
2018,9,MS,0,3,43,1,44,0.0,0,0,6,7,42,1,9.0,0
2019,2,MS,1,1,2,1,44,1319.0,0,0,4,7,25,0,2.0,1
2018,6,MS,0,1,4,9,44,1253.0,0,0,6,4,25,1,8.0,0
2018,6,MS,0,1,4,9,44,2043.0,0,0,6,7,36,1,8.0,0
2018,9,MS,0,1,4,9,44,1729.0,0,0,6,2,25,1,8.0,0
2018,5,MS,0,1,4,2,44,1085.0,0,0,5,7,46,1,9.0,0
2019,8,MS,1,1,2,1,44,1200.0,0,0,1,2,30,1,9.0,1
2018,9,MS,1,1,2,6,44,1752.0,0,0,7,6,45,1,9.0,1
2018,9,MS,1,1,2,5,44,1084.0,0,0,5,4,37,1,2.0,1
2018,1,MS,1,3,2,1,44,1036.0,0,0,6,7,60,1,2.0,1
2018,12,MS,1,1,2,3,30,2302.0,0,0,4,8,19,1,2.0,1
2019,1,MS,1,3,2,1,44,1061.0,0,0,6,2,24,1,8.0,1
2018,3,MS,0,1,6,6,44,1347.0,0,0,7,7,20,1,9.0,0
2019,6,MS,0,1,4,4,44,1103.0,0,0,4,7,23,1,9.0,0
2018,10,MS,0,3,4,2,44,1061.0,0,0,6,5,39,0,8.0,0
2018,7,MS,1,3,25,1,44,2798.0,0,0,2,9,37,0,2.0,1
2018,1,MS,0,3,4,1,44,1080.0,0,0,6,7,40,1,9.0,0
2018,3,MS,1,3,2,1,44,954.0,0,0,6,7,19,1,9.0,1
2018,6,MS,0,1,4,5,44,1321.0,0,0,8,5,23,1,8.0,0
2018,1,MS,0,1,4,2,44,1010.0,0,0,4,7,27,0,9.0,0
2018,11,MS,1,1,2,1,44,1103.0,0,0,5,5,29,1,8.0,1
2018,1,MS,1,1,2,6,44,1045.0,0,0,3,7,22,1,2.0,1
2018,2,MS,1,1,2,3,44,1016.0,0,0,7,6,24,1,2.0,1
2019,1,MS,1,1,2,1,44,998.0,0,0,7,7,18,1,9.0,1
2019,12,MS,0,1,4,3,44,1097.0,0,0,4,9,23,0,8.0,0
2018,7,MS,0,3,6,1,44,1528.0,0,0,6,4,33,1,8.0,0
2019,10,MS,0,1,11,6,44,1240.0,0,0,4,9,34,1,9.0,0
2019,10,MS,1,1,2,1,40,2316.0,0,0,6,7,32,1,8.0,1
2019,7,MS,1,3,1,1,44,1111.0,0,0,5,7,21,0,2.0,1
2019,9,MS,0,1,5,9,44,1111.0,0,0,6,4,29,1,1.0,0
2018,3,MS,0,1,6,2,44,993.0,0,0,7,6,22,1,8.0,0
2018,1,MS,1,1,1,9,36,937.0,0,0,4,4,18,0,2.0,1
2019,6,MS,1,1,1,7,44,998.0,0,0,9,4,19,1,1.0,1
2018,3,MS,1,1,2,1,30,1018.0,0,0,3,7,37,1,2.0,1
2018,4,MS,1,1,2,7,42,2736.0,0,0,2,9,27,1,2.0,1
2018,4,MS,1,1,2,3,40,5000.0,0,0,3,9,42,1,2.0,1
2018,4,MS,1,1,2,6,44,1301.0,0,0,5,8,40,0,2.0,1
2019,6,MS,1,1,2,6,44,1318.0,0,0,7,6,30,1,8.0,1
2018,3,MS,1,1,2,2,44,987.0,0,0,5,4,48,1,2.0,1
2018,9,MS,1,1,2,1,44,987.0,0,0,5,5,53,0,8.0,1
2019,8,MS,1,1,2,5,44,1431.0,0,0,7,7,54,1,8.0,1
2019,11,MS,1,1,2,4,44,1350.0,0,0,8,2,36,1,8.0,1
2018,4,MS,1,1,2,4,44,1035.0,0,0,5,4,38,0,2.0,1
2018,10,MS,1,1,2,2,22,564.0,0,0,4,8,27,1,2.0,1
2019,7,MS,1,1,2,9,36,998.0,0,0,4,7,19,0,4.0,1
2019,7,MS,1,1,2,9,36,998.0,0,0,4,7,19,0,4.0,1
2019,4,MS,1,1,2,5,44,1069.0,0,0,7,6,25,0,2.0,1
2018,3,MS,1,1,2,9,44,1156.0,0,0,5,6,39,0,9.0,1
2019,11,MS,1,1,2,6,44,1107.0,0,0,4,7,22,1,8.0,1
2019,10,MS,1,1,2,9,44,1099.0,0,0,7,7,21,1,2.0,1
2019,3,MS,1,1,2,1,44,1000.0,0,0,4,8,20,1,8.0,1
2019,1,MS,1,1,2,4,44,1116.0,0,0,5,9,24,0,2.0,1
2019,8,MS,1,1,2,3,44,1254.0,0,0,4,8,26,1,4.0,1
2019,2,MS,1,1,2,8,44,1368.0,0,0,7,7,40,1,2.0,1
2019,2,MS,1,1,2,9,44,2652.0,0,0,3,8,25,1,8.0,1
2019,6,MS,1,1,2,3,44,2200.0,0,0,1,9,26,0,8.0,1
2018,7,MS,1,1,2,4,44,1392.0,0,0,8,7,54,1,8.0,1
2018,1,MS,1,1,2,6,44,1091.0,0,0,5,7,24,1,9.0,1
2019,3,MS,1,1,2,1,44,1198.0,0,0,7,5,50,1,9.0,1
2019,11,MS,1,1,2,4,44,1338.0,0,0,5,7,20,0,8.0,1
2019,5,MS,1,1,2,6,44,1273.0,0,0,4,7,34,0,8.0,1
2019,11,MS,1,1,2,1,44,1300.0,0,0,5,7,42,0,9.0,1
2019,11,MS,1,1,2,4,33,1243.0,0,0,4,7,36,0,2.0,1
2019,2,MS,1,1,2,5,44,1269.0,0,0,5,9,39,1,2.0,1
2019,3,MS,1,1,2,5,44,1055.0,0,0,5,7,56,1,8.0,1
2019,6,MS,1,1,2,6,44,1040.0,0,0,5,4,39,1,8.0,1
2019,5,MS,1,1,2,2,44,1120.0,0,0,5,7,23,1,9.0,1
2018,10,MS,1,1,2,6,30,7172.0,0,0,2,9,37,0,9.0,1
2019,3,MS,1,1,2,4,44,1300.0,0,0,3,7,33,1,2.0,1
2018,8,MS,1,1,2,3,44,1120.0,0,0,4,7,33,0,9.0,1
2019,11,MS,1,1,2,4,44,1338.0,0,0,5,7,20,0,8.0,1
2018,6,MS,1,1,2,1,44,1025.0,0,0,5,6,38,1,2.0,1
2018,2,MS,1,3,2,3,44,1200.0,0,0,6,5,58,1,2.0,1
2018,10,MS,1,1,2,5,44,1420.0,0,0,7,5,49,1,2.0,1
2019,5,MS,1,1,2,4,44,1098.0,0,0,5,7,26,1,8.0,1
2018,8,MS,1,1,2,1,44,1065.0,0,0,5,5,22,0,9.0,1
2018,7,MS,1,1,2,3,44,1112.0,0,0,5,7,21,1,9.0,1
2019,4,MS,1,1,2,1,44,2800.0,0,0,7,5,54,1,6.0,1
2018,6,MS,1,1,2,1,44,1365.0,0,0,5,7,30,1,2.0,1
2019,3,MS,1,1,2,4,44,1130.0,0,0,4,6,29,1,8.0,1
2019,1,MS,1,1,2,4,30,1068.0,0,0,3,5,20,0,2.0,1
2019,1,MS,1,1,2,4,44,1422.0,0,0,7,5,33,1,8.0,1
2018,3,MS,1,1,2,9,44,4072.0,0,0,4,9,60,1,9.0,1
2019,7,MS,1,1,2,9,36,998.0,0,0,4,7,19,0,4.0,1
2018,3,MS,1,1,2,4,44,1919.0,0,0,3,9,30,0,2.0,1
2018,12,MS,1,1,2,3,44,1130.0,0,0,5,9,23,0,8.0,1
2018,8,MS,1,1,2,4,44,1327.0,0,0,3,9,43,0,2.0,1
2018,10,MS,1,1,2,5,44,1420.0,0,0,7,5,49,1,2.0,1
2018,7,MS,0,3,4,4,44,1134.0,0,0,7,5,24,1,4.0,0
2018,10,MS,0,1,4,7,44,1211.0,0,0,4,7,30,1,2.0,0
2019,6,MS,0,1,4,2,44,2600.0,0,0,1,8,24,0,2.0,0
2018,7,MS,0,1,4,3,44,1450.0,0,0,5,6,22,1,8.0,0
2018,2,MS,0,1,4,7,44,2020.0,0,0,7,6,35,1,8.0,0
2019,4,MS,0,1,4,5,44,1175.0,0,0,4,7,20,0,4.0,0
2019,2,MS,0,1,4,3,44,1300.0,0,0,1,9,20,0,9.0,0
2019,5,MS,0,1,4,3,44,1753.0,0,0,4,7,40,0,8.0,0
2019,7,MS,0,1,4,3,24,1777.0,0,0,3,9,40,0,8.0,0
2018,12,MS,0,1,4,8,44,1974.0,0,0,5,7,40,0,2.0,0
2018,9,MS,0,1,4,6,44,987.0,0,0,5,7,26,0,1.0,0
2019,7,MS,0,1,4,9,44,1032.0,0,0,5,6,52,0,8.0,0
2019,8,MS,0,1,4,2,44,1175.0,0,0,5,7,32,0,2.0,0
2018,8,MS,0,1,4,3,44,1065.0,0,0,5,7,31,1,8.0,0
2018,10,MS,0,1,4,1,44,1306.0,0,0,7,7,26,1,9.0,0
2019,6,MS,0,1,4,3,44,1047.0,0,0,7,5,24,1,2.0,0
2018,1,MS,0,1,4,5,44,2784.0,0,0,4,7,35,1,8.0,0
2018,7,MS,0,1,4,4,44,1366.0,0,0,5,7,22,0,8.0,0
2018,9,MS,0,1,4,5,44,1082.0,0,0,4,7,25,0,9.0,0
2018,5,MS,0,1,4,3,44,4026.0,0,0,2,7,39,1,9.0,0
2018,5,MS,0,1,4,2,44,1092.0,0,0,5,7,41,1,9.0,0
2019,12,MS,0,1,4,4,36,1056.0,0,0,5,5,22,0,8.0,0
2019,11,MS,0,1,4,2,44,1337.0,0,0,5,2,54,0,8.0,0
2018,7,MS,0,1,4,1,44,1016.0,0,0,7,6,60,1,8.0,0
2019,10,MS,0,1,4,4,44,1232.0,0,0,8,7,53,0,9.0,0
2019,9,MS,0,1,6,7,42,1400.0,0,0,3,7,34,0,9.0,0
2019,2,MS,0,1,6,9,44,1051.0,0,0,7,7,21,1,2.0,0
2018,7,MS,0,3,6,3,44,1061.0,0,0,5,5,29,0,2.0,0
2018,12,MS,0,1,6,2,44,1082.0,0,0,5,6,33,1,8.0,0
2019,2,MS,0,1,6,1,36,1120.0,0,0,5,7,31,1,8.0,0
2019,2,MS,0,1,6,2,44,1500.0,0,0,4,8,20,1,2.0,0
2019,1,MS,0,1,6,6,44,1368.0,0,0,4,6,25,0,9.0,0
2018,12,MS,0,1,6,9,44,1733.0,0,0,3,7,71,0,9.0,0
2019,9,MS,0,1,6,7,44,1032.0,0,0,4,9,39,1,2.0,0
2018,3,MS,0,1,6,6,44,1290.0,0,0,3,7,28,0,2.0,0
2018,1,MS,0,1,6,1,44,1130.0,0,0,5,7,31,1,8.0,0
2019,12,MS,0,1,6,3,44,1217.0,0,0,4,7,22,1,2.0,0
2018,5,MS,0,1,6,2,44,1060.0,0,0,5,7,25,0,8.0,0
2018,2,MS,0,3,6,3,44,1200.0,0,0,6,5,19,1,8.0,0
2019,3,MS,0,1,6,3,44,1130.0,0,0,5,7,42,1,2.0,0
2019,9,MS,0,1,6,3,36,917.0,0,0,5,7,19,1,9.0,0
2019,7,MS,0,1,11,3,20,1402.0,0,0,3,9,35,0,8.0,0
2018,12,MS,0,1,11,1,44,1405.0,0,0,7,7,45,1,9.0,0
2018,4,MS,0,1,11,8,44,1924.0,0,0,5,6,30,0,8.0,0
2018,11,MS,0,3,11,1,44,1120.0,0,0,4,7,29,1,8.0,0
2019,11,MS,0,1,11,9,44,1060.0,0,0,5,4,19,1,8.0,0
2018,4,MS,0,1,11,4,44,1035.0,0,0,5,7,26,1,9.0,0
2019,9,MS,0,3,11,1,40,1475.0,0,0,7,6,48,1,2.0,0
2019,1,MS,0,1,11,6,44,1032.0,0,0,4,8,25,1,4.0,0
2018,11,MS,0,1,11,4,44,1056.0,0,0,5,7,24,0,8.0,0
2018,1,MS,0,1,43,6,44,1091.0,0,0,4,7,25,1,8.0,0
2019,10,MS,0,1,43,9,44,1032.0,0,0,5,6,42,0,2.0,0
2019,9,MS,0,1,33,2,44,1175.0,0,0,5,7,28,0,2.0,0
2019,3,MS,0,1,33,3,44,1566.0,0,0,7,7,31,1,2.0,0
2019,10,MS,1,3,2,1,44,1111.0,0,0,6,3,43,1,8.0,1
2018,12,MS,1,1,2,1,44,1301.0,0,0,3,8,30,0,2.0,1
2018,3,MS,0,1,4,7,44,1010.0,0,0,7,4,22,0,2.0,0
2019,8,MS,0,1,6,8,44,1546.0,0,0,3,7,24,0,2.0,0
2019,12,MS,0,1,11,2,44,1129.0,0,0,5,7,18,0,8.0,0
2019,9,MS,1,1,2,1,44,1500.0,0,0,7,5,39,1,8.0,1
2019,4,MS,1,1,2,1,44,1400.0,0,0,5,7,32,1,8.0,1
2019,5,MS,1,3,2,1,44,1350.0,0,0,6,7,23,1,8.0,1
2019,3,MS,0,1,4,6,44,1935.0,0,0,5,4,36,1,8.0,0
2018,12,MS,0,1,4,2,44,1048.0,0,0,4,7,26,0,9.0,0
2018,12,MS,0,1,11,3,44,1095.0,0,0,5,7,20,1,8.0,0
2018,4,MS,0,1,33,6,44,2373.0,0,0,3,7,43,1,8.0,0
2018,1,MS,1,3,2,1,44,1036.0,0,0,6,2,52,1,2.0,1
2018,5,MS,1,1,2,9,44,2758.0,0,0,9,5,34,1,9.0,1
2019,2,MS,1,1,25,6,44,2043.0,0,0,7,2,31,1,2.0,1
2018,10,MS,1,3,25,3,44,1325.0,0,0,6,2,50,1,8.0,1
2019,7,MS,1,1,2,3,44,1090.0,0,0,5,7,43,0,9.0,1
2018,10,MS,1,1,2,1,44,954.0,0,0,5,7,40,0,9.0,1
2018,3,MS,0,1,5,5,44,1050.0,0,0,8,5,31,1,9.0,0
2018,9,MS,1,1,1,4,44,1150.0,0,0,5,7,19,0,8.0,1
2019,1,MS,1,1,2,6,44,8008.0,0,0,2,9,43,1,1.0,1
2019,11,MS,1,1,2,5,44,1054.0,0,0,7,4,26,1,8.0,1
2018,3,MS,1,1,2,4,44,1363.0,0,0,7,7,32,1,2.0,1
2019,1,MS,1,1,2,5,44,1300.0,0,0,3,7,40,1,2.0,1
2019,1,MS,1,1,2,6,44,2780.0,0,0,3,7,45,1,1.0,1
2019,9,MS,1,1,2,1,44,2125.0,0,0,4,9,46,0,2.0,1
2019,8,MS,1,1,2,1,44,1400.0,0,0,7,7,35,1,9.0,1
2019,11,MS,1,1,2,5,44,1226.0,0,0,5,7,39,0,2.0,1
2018,11,MS,1,1,2,6,44,1185.0,0,0,7,4,30,1,8.0,1
2018,3,MS,1,1,2,5,44,1200.0,0,0,7,5,45,1,8.0,1
2019,10,MS,0,1,4,6,44,1664.0,0,0,5,6,26,0,2.0,0
2019,1,MS,0,1,4,4,44,1136.0,0,0,7,5,37,0,2.0,0
2018,12,MS,0,1,4,9,44,6808.0,0,0,2,9,32,0,8.0,0
2019,12,MS,0,1,4,3,44,1394.0,0,0,3,7,39,1,8.0,0
2018,6,MS,0,1,4,2,44,1321.0,0,0,7,7,23,1,2.0,0
2018,3,MS,0,1,4,7,44,1084.0,0,0,7,5,34,1,9.0,0
2018,9,MS,0,1,4,9,44,6808.0,0,0,2,9,28,0,2.0,0
2018,9,MS,0,1,4,4,44,1044.0,0,0,5,7,24,0,8.0,0
2018,8,MS,0,1,4,2,44,1191.0,0,0,5,7,23,1,9.0,0
2019,3,MS,0,1,4,3,44,1065.0,0,0,5,7,30,1,8.0,0
2018,12,MS,0,1,4,9,44,1204.0,0,0,5,7,46,1,1.0,0
2018,8,MS,0,1,4,9,44,1185.0,0,0,5,4,29,1,1.0,0
2018,10,MS,0,1,6,5,30,813.0,0,0,5,7,31,0,8.0,0
2019,4,MS,0,1,6,4,44,1200.0,0,0,4,7,29,0,2.0,0
2018,6,MS,0,1,6,4,44,1755.0,0,0,3,7,41,0,9.0,0
2019,12,MS,0,1,11,1,44,1249.0,0,0,8,7,36,1,8.0,0
2019,6,MS,1,1,25,9,20,453.0,1,0,4,6,18,1,8.0,1
2018,9,MS,1,3,2,3,44,1152.0,0,0,6,4,30,1,2.0,1
2019,1,MS,0,1,4,1,44,1097.0,0,0,4,3,35,1,8.0,0
2019,12,MS,1,1,2,6,44,1153.0,0,0,5,7,44,0,8.0,1
2018,9,MS,0,1,4,4,44,1037.0,0,0,5,6,29,1,8.0,0
2019,9,MS,0,3,4,1,44,1508.0,0,0,6,4,28,1,2.0,0
2019,8,MS,1,1,2,4,44,2785.0,0,0,7,7,28,1,8.0,1
2019,7,MS,1,1,2,2,20,1185.0,0,0,3,7,37,0,2.0,1
2018,9,MS,1,1,2,1,44,1045.0,0,0,4,7,20,1,2.0,1
2018,8,MS,0,1,33,4,44,1560.0,0,0,5,9,43,1,2.0,0
2018,2,MS,1,3,2,1,44,1036.0,0,0,5,3,32,0,8.0,1
2019,10,MS,1,1,2,2,44,1103.0,0,0,4,6,52,1,9.0,1
2018,12,MS,1,1,2,3,44,954.0,0,0,3,7,35,1,9.0,1
2018,7,MS,1,1,2,2,44,1164.0,0,0,5,7,41,0,8.0,1
2019,6,MS,0,1,4,5,44,1712.0,0,0,4,7,21,0,8.0,0
2019,6,MS,0,1,6,4,44,1591.0,0,0,5,7,26,1,2.0,0
2018,10,MS,1,3,2,3,44,1061.0,0,0,6,6,19,1,9.0,1
2019,6,MS,0,1,6,1,44,1136.0,0,0,7,3,43,1,8.0,0
2018,5,MS,1,1,2,4,44,1100.0,0,0,5,7,26,1,8.0,1
2019,6,MS,1,1,2,5,44,1164.0,0,0,7,7,33,0,2.0,1
2018,10,MS,1,1,2,6,44,1570.0,0,0,6,7,53,1,2.0,1
2018,4,MS,1,1,2,1,44,1045.0,0,0,5,7,35,0,9.0,1
2018,6,MS,1,1,2,1,44,3000.0,0,0,1,7,54,1,9.0,1
2018,6,MS,0,3,4,4,44,1061.0,0,0,6,7,24,0,9.0,0
2018,7,MS,0,1,11,1,44,1553.0,0,0,8,7,40,1,2.0,0
2018,1,MS,0,1,6,1,44,1050.0,0,0,7,3,54,1,8.0,0
2019,6,MS,1,1,2,3,44,1996.0,0,0,9,7,39,1,8.0,1
2018,2,MS,0,1,4,4,44,1032.0,0,0,4,2,45,1,9.0,0
2018,4,MS,0,1,4,4,44,1050.0,0,0,7,7,21,1,4.0,0
2019,12,MS,0,1,4,1,44,1111.0,0,0,6,7,62,1,1.0,0
2019,5,MS,1,1,2,4,44,1090.0,0,0,7,6,47,0,2.0,1
2018,11,MS,1,1,2,3,44,1346.0,0,0,4,4,30,1,2.0,1
2018,9,MS,1,1,2,2,40,2700.0,0,0,7,7,36,1,2.0,1
2019,10,MS,1,1,2,1,44,1500.0,0,0,7,6,34,1,8.0,1
2018,3,MS,0,1,4,4,44,1083.0,0,0,4,7,34,0,2.0,0
2018,10,MS,0,1,4,1,44,1017.0,0,0,7,7,39,0,8.0,0
2019,5,MS,1,1,1,2,44,1065.0,0,0,5,7,21,0,8.0,1
2018,12,MS,1,1,2,5,44,1150.0,0,0,5,7,50,0,2.0,1
2019,9,MS,1,3,2,1,44,2200.0,0,0,6,5,22,1,8.0,1
2019,9,MS,0,1,4,4,44,1572.0,0,0,4,6,45,1,2.0,0
2018,6,MS,0,1,6,6,44,1110.0,0,0,5,7,22,1,8.0,0
2018,10,MS,0,1,6,3,44,1016.0,0,0,5,7,49,1,9.0,0
2019,3,MS,0,3,33,2,44,2000.0,0,0,6,4,31,1,2.0,0
2019,6,MS,0,3,4,1,44,1618.0,0,0,6,5,36,1,9.0,0
2018,5,MS,0,1,6,4,44,1409.0,0,0,7,3,25,1,8.0,0
2018,12,MS,1,3,1,1,44,4434.0,0,0,6,6,34,1,2.0,1
2019,4,MS,1,3,2,1,44,1444.0,0,0,6,3,43,1,2.0,1
2019,9,MS,1,1,2,9,44,1336.0,0,0,8,1,23,0,8.0,1
2018,8,MS,1,1,2,2,44,1606.0,0,0,7,7,27,1,9.0,1
2018,2,MS,0,1,4,7,44,1780.0,0,0,8,7,49,0,6.0,0
2019,2,MS,0,1,4,2,44,1607.0,0,0,7,7,30,1,2.0,0
2019,10,MS,0,3,4,2,44,3992.0,0,0,6,5,46,1,2.0,0
2018,5,MS,0,3,6,3,44,2245.0,0,0,6,6,30,1,8.0,0
2018,6,MS,1,1,2,6,44,1492.0,0,0,5,5,31,1,9.0,1
2019,1,MS,1,3,2,3,44,1375.0,0,0,6,5,37,1,2.0,1
2018,5,MS,0,1,4,1,36,1045.0,0,0,5,7,20,0,9.0,0
2018,12,MS,0,1,6,4,44,1091.0,0,0,5,7,20,0,2.0,0
2018,1,MS,0,1,11,9,44,1230.0,0,0,8,4,31,1,8.0,0
2019,8,MS,0,1,11,9,44,1155.0,0,0,7,6,21,0,8.0,0
2018,4,MS,1,3,2,3,44,954.0,0,0,6,4,28,1,8.0,1
2018,5,MS,1,1,25,9,44,3422.0,0,0,9,4,33,1,4.0,1
2018,6,MS,0,1,4,2,44,2185.0,0,0,1,7,52,0,2.0,0
2018,2,MS,1,3,2,2,44,1036.0,0,0,6,4,47,1,8.0,1
2018,5,MS,1,1,1,8,44,1210.0,0,0,7,3,18,1,2.0,1
2019,11,MS,1,1,1,9,44,1069.0,0,0,3,7,25,1,8.0,1
2019,6,MS,1,1,2,1,44,1143.0,0,0,4,8,23,0,9.0,1
2018,2,MS,1,1,2,3,44,2640.0,0,0,9,7,45,1,2.0,1
2019,2,MS,1,1,2,4,44,1573.0,0,0,7,7,40,0,8.0,1
2018,5,MS,1,1,2,5,44,1036.0,0,0,6,2,57,1,2.0,1
2019,1,MS,1,1,2,2,44,1329.0,0,0,6,5,58,1,8.0,1
2019,8,MS,1,1,2,9,44,1862.0,0,0,7,4,59,1,8.0,1
2019,5,MS,1,1,2,6,44,1781.0,0,0,7,6,41,1,8.0,1
2018,2,MS,1,1,2,4,44,1090.0,0,0,5,7,23,1,8.0,1
2018,1,MS,1,1,2,5,44,1036.0,0,0,6,6,23,1,1.0,1
2019,2,MS,0,1,4,2,44,1090.0,0,0,5,6,24,0,2.0,0
2019,3,MS,0,1,4,4,44,3738.0,0,0,4,9,39,0,2.0,0
2019,9,MS,0,1,6,3,44,1176.0,0,0,4,7,39,0,2.0,0
2019,6,MS,0,1,6,5,44,1906.0,0,0,4,7,24,0,8.0,0
2018,4,MS,0,1,11,1,44,1800.0,0,0,9,7,47,1,8.0,0
2018,6,MS,0,1,11,5,44,1109.0,0,0,4,5,24,0,8.0,0
2018,2,MT,0,1,6,7,44,1071.0,0,0,7,4,21,1,8.0,0
2019,7,MT,1,1,2,1,44,1048.0,0,0,6,7,24,1,9.0,1
2018,8,MT,1,1,2,1,44,1311.0,0,0,9,7,24,1,9.0,1
2019,5,MT,1,1,2,2,44,1500.0,0,0,1,6,31,1,4.0,1
2019,4,MT,1,1,2,1,44,1000.0,0,0,4,7,28,1,9.0,1
2019,1,MT,1,3,2,4,44,2994.0,0,0,6,2,44,1,8.0,1
2019,12,MT,0,1,6,1,44,998.0,0,0,5,9,35,0,2.0,0
2019,2,MT,1,1,2,7,44,1311.0,0,0,3,7,32,1,8.0,1
2019,6,MT,0,1,11,7,44,1048.0,0,0,5,4,48,1,8.0,0
2018,10,MT,0,3,4,6,44,954.0,0,0,6,4,45,1,8.0,0
2019,12,MT,0,1,4,9,44,1170.0,0,0,6,6,25,1,8.0,0
2019,2,MT,1,1,25,1,44,1025.0,0,0,6,4,42,1,9.0,1
2019,2,MT,1,1,25,1,44,1025.0,0,0,6,4,42,1,9.0,1
2018,10,MT,0,3,4,5,44,1535.0,0,0,6,5,39,1,8.0,0
2019,7,MT,1,3,2,1,44,1200.0,0,0,6,2,44,1,2.0,1
2019,11,MT,0,1,4,2,44,998.0,0,0,5,6,18,1,8.0,0
2019,7,MT,0,3,6,2,44,1200.0,0,0,6,4,35,1,4.0,0
2018,9,MT,0,1,4,2,44,1494.0,0,0,5,7,23,0,9.0,0
2019,4,MT,1,1,2,6,44,0.0,0,0,2,9,42,0,2.0,1
2018,6,MT,0,3,4,2,44,1478.0,0,0,7,7,54,1,8.0,0
2019,5,MT,0,3,4,2,44,1700.0,0,0,6,7,34,1,2.0,0
2018,3,MT,0,1,4,2,44,958.0,0,0,5,7,24,0,8.0,0
2019,9,MT,0,1,4,2,44,1050.0,0,0,8,7,22,1,8.0,0
2019,6,MT,0,1,4,4,44,1015.0,0,0,5,7,19,1,8.0,0
2019,9,MT,0,1,4,3,44,1055.0,0,0,5,6,22,1,8.0,0
2018,4,MT,0,1,6,2,24,2473.0,0,0,2,9,34,1,2.0,0
2018,9,MT,0,1,6,4,36,1160.0,0,0,5,7,30,1,4.0,0
2019,2,MT,0,1,6,1,44,1075.0,0,0,5,8,38,1,2.0,0
2018,12,MT,0,1,6,9,44,1318.0,0,0,7,2,37,1,8.0,0
2018,9,MT,0,1,11,2,44,958.0,0,0,5,7,24,0,8.0,0
2018,6,MT,1,1,2,5,44,2084.0,0,0,4,8,53,1,9.0,1
2019,5,MT,0,3,4,1,44,998.0,0,0,5,7,51,0,9.0,0
2018,10,MT,0,1,4,3,44,1090.0,0,0,4,7,26,0,9.0,0
2019,7,MT,0,3,11,1,44,1200.0,0,0,6,5,28,1,4.0,0
2019,1,MT,1,1,2,3,44,1324.0,0,0,1,7,36,0,8.0,1
2019,1,MT,1,1,2,2,44,1333.0,0,0,8,7,42,1,8.0,1
2019,9,MT,1,1,2,4,44,1050.0,0,0,4,7,39,0,8.0,1
2018,5,MT,1,1,2,5,44,1103.0,0,0,5,6,26,1,8.0,1
2019,2,MT,0,1,4,6,44,1162.0,0,0,6,4,26,1,8.0,0
2019,9,MT,0,1,4,2,44,1050.0,0,0,4,8,26,0,8.0,0
2018,1,MT,0,1,4,1,44,973.0,0,0,5,7,27,0,8.0,0
2019,5,MT,1,1,2,1,44,1900.0,0,0,7,7,43,1,8.0,1
2019,3,MT,1,1,2,1,44,1200.0,0,0,5,7,24,1,9.0,1
2018,6,MT,1,1,2,6,40,1500.0,0,0,8,6,22,0,8.0,1
2019,6,MT,1,3,2,4,44,1800.0,0,0,4,9,25,0,8.0,1
2018,4,MT,1,3,2,7,44,2686.0,0,0,6,4,39,1,4.0,1
2019,10,MT,1,1,2,1,44,1191.0,0,0,7,4,43,1,8.0,1
2019,7,MT,1,1,2,4,44,1530.0,0,0,7,2,61,1,4.0,1
2019,4,MT,1,3,2,7,44,3629.0,0,0,9,5,28,1,2.0,1
2019,7,MT,0,1,4,5,44,1088.0,0,0,5,7,35,0,2.0,0
2019,6,MT,0,3,4,4,44,1677.0,0,0,6,5,31,1,2.0,0
2018,10,MT,0,1,6,4,43,1020.0,0,0,5,4,22,0,9.0,0
2018,10,MT,0,1,11,1,44,1170.0,0,0,6,2,59,1,2.0,0
2019,5,MT,1,1,2,1,44,1315.0,0,0,7,7,41,1,9.0,1
2018,5,MT,1,3,2,2,44,2309.0,0,0,6,7,23,1,9.0,1
2019,11,MT,0,1,4,2,44,1569.0,0,0,8,7,30,1,9.0,0
2018,1,MT,0,3,4,1,44,1000.0,0,0,4,7,47,0,2.0,0
2018,5,MT,0,1,11,6,44,1100.0,0,0,6,3,36,1,4.0,0
2019,7,MT,0,1,11,6,44,1416.0,0,0,7,7,35,0,8.0,0
2018,5,MT,0,1,11,6,44,1100.0,0,0,6,3,36,1,4.0,0
2018,5,MT,0,1,11,6,44,1100.0,0,0,6,4,30,1,2.0,0
2019,6,MT,0,1,43,5,20,557.0,1,0,4,6,17,1,8.0,0
2019,3,MT,1,1,1,1,44,1433.0,0,0,6,2,60,1,2.0,1
2018,6,MT,1,3,2,7,44,1418.0,0,0,6,3,35,1,6.0,1
2018,3,MT,1,1,1,5,44,958.0,0,0,5,6,18,1,8.0,1
2019,1,MT,1,3,2,3,44,998.0,0,0,6,5,31,1,2.0,1
2018,8,MT,1,3,2,1,44,1200.0,0,0,6,5,25,1,8.0,1
2018,1,MT,0,1,4,2,44,954.0,0,0,5,6,21,0,8.0,0
2019,5,MT,0,1,6,2,44,998.0,0,0,1,6,18,0,8.0,0
2018,2,MT,1,1,2,1,44,1431.0,0,0,4,7,26,1,9.0,1
2019,11,MT,0,3,4,3,44,1300.0,0,0,6,6,42,1,2.0,0
2018,11,MT,0,3,4,1,44,2156.0,0,0,7,7,26,1,8.0,0
2019,2,MT,0,3,4,2,44,1660.0,0,0,1,9,30,1,2.0,0
2018,2,MT,1,1,2,8,44,1253.0,0,0,7,7,34,1,8.0,1
2019,8,MT,0,1,4,7,44,1405.0,0,0,7,7,35,1,8.0,0
2019,5,MT,0,1,4,4,36,1531.0,0,0,5,4,29,1,2.0,0
2019,9,MT,0,1,4,6,44,2220.0,0,0,7,7,36,1,4.0,0
2018,7,MT,0,1,6,2,44,1110.0,0,0,4,7,33,0,8.0,0
2019,11,MT,0,1,4,4,44,1900.0,0,0,7,2,61,1,8.0,0
2019,7,MT,0,1,4,4,44,1100.0,0,0,5,7,19,1,8.0,0
2018,2,MT,0,1,11,3,44,992.0,0,0,4,5,29,1,8.0,0
2018,2,MT,1,1,1,8,44,1189.0,0,0,5,6,28,0,8.0,1
2018,12,MT,1,1,2,1,44,1600.0,0,0,1,7,37,1,8.0,1
2019,8,MT,0,1,4,9,44,1760.0,0,0,7,2,32,1,8.0,0
2019,9,MT,0,1,4,5,44,2404.0,0,0,7,7,31,1,9.0,0
2019,12,MT,0,3,43,2,44,1024.0,0,0,6,7,29,1,9.0,0
2019,12,MT,1,1,1,3,20,500.0,1,0,4,5,14,1,8.0,1
2019,2,MT,1,1,2,4,44,1080.0,0,0,7,7,50,0,8.0,1
2019,5,MT,1,1,2,9,44,1024.0,0,0,3,7,41,1,8.0,1
2019,11,MT,1,1,2,5,44,1030.0,0,0,5,7,39,1,8.0,1
2019,1,MT,1,3,2,1,44,1500.0,0,0,5,7,24,1,9.0,1
2019,5,MT,1,1,2,4,44,1075.0,0,0,3,7,20,1,9.0,1
2019,8,MT,1,1,2,5,44,1200.0,0,0,4,9,28,0,9.0,1
2018,7,MT,1,3,2,1,40,1127.0,0,0,5,6,56,0,2.0,1
2018,7,MT,1,1,2,8,44,1700.0,0,0,3,9,38,1,8.0,1
2018,12,MT,1,1,2,2,36,1617.0,0,0,5,7,38,0,9.0,1
2019,9,MT,1,1,2,1,44,1075.0,0,0,5,7,18,1,8.0,1
2019,12,MT,1,1,2,1,44,1200.0,0,0,2,7,32,0,8.0,1
2019,12,MT,1,3,2,4,44,1643.0,0,0,7,3,40,1,8.0,1
2018,5,MT,1,1,2,1,44,1478.0,0,0,7,5,34,1,2.0,1
2018,11,MT,1,1,2,3,44,1075.0,0,0,3,7,28,1,8.0,1
2018,9,MT,1,1,2,1,44,1712.0,0,0,1,7,54,1,9.0,1
2018,10,MT,1,1,2,1,44,1138.0,0,0,7,3,21,1,9.0,1
2019,3,MT,1,1,2,6,44,1009.0,0,0,7,3,31,1,9.0,1
2018,1,MT,1,1,2,5,44,1100.0,0,0,4,7,21,1,8.0,1
2019,11,MT,1,1,2,2,44,1200.0,0,0,5,7,37,0,9.0,1
2019,9,MT,1,1,2,9,44,1024.0,0,0,3,9,26,1,8.0,1
2019,10,MT,1,1,2,6,29,1100.0,0,0,5,7,25,0,8.0,1
2018,10,MT,1,1,2,1,44,1020.0,0,0,5,9,30,0,8.0,1
2018,8,MT,1,1,2,4,44,1927.0,0,0,7,7,27,1,8.0,1
2018,12,MT,1,1,2,1,44,985.0,0,0,5,7,24,0,4.0,1
2018,3,MT,1,1,2,1,44,1054.0,0,0,4,7,71,1,8.0,1
2018,10,MT,1,1,2,1,44,1020.0,0,0,5,9,30,0,8.0,1
2018,4,MT,1,1,2,2,44,1478.0,0,0,7,2,51,1,8.0,1
2019,8,MT,1,1,2,1,44,1080.0,0,0,5,7,36,1,8.0,1
2018,6,MT,1,1,2,4,44,1075.0,0,0,5,7,26,0,4.0,1
2019,5,MT,1,1,2,3,44,1075.0,0,0,5,7,29,1,8.0,1
2019,1,MT,1,1,2,3,44,1091.0,0,0,5,7,19,0,9.0,1
2018,6,MT,1,1,2,6,44,2500.0,0,0,7,7,32,1,8.0,1
2018,1,MT,1,1,2,2,44,990.0,0,0,5,7,21,0,9.0,1
2019,10,MT,1,1,2,2,44,1600.0,0,0,1,7,43,0,2.0,1
2019,8,MT,1,1,2,1,44,1015.0,0,0,5,7,37,0,8.0,1
2018,4,MT,1,1,2,5,44,1075.0,0,0,5,6,20,0,4.0,1
2019,6,MT,1,1,2,4,44,1141.0,0,1,4,7,26,1,2.0,1
2019,12,MT,1,1,2,6,44,1292.0,0,0,9,7,19,1,9.0,1
2019,11,MT,1,1,2,8,36,1083.0,0,0,5,7,27,0,8.0,1
2019,6,MT,1,1,2,7,44,1696.0,0,0,3,8,21,1,9.0,1
2019,11,MT,0,1,4,4,33,1229.0,0,0,5,7,50,1,8.0,0
2019,2,MT,0,1,4,4,44,2500.0,0,0,7,7,48,1,8.0,0
2019,5,MT,0,1,4,4,44,2358.0,0,0,7,7,27,1,8.0,0
2019,8,MT,0,1,4,4,44,1816.0,0,0,7,7,43,1,8.0,0
2019,5,MT,0,1,4,5,44,1540.0,0,0,9,7,28,1,2.0,0
2019,2,MT,0,1,4,2,44,1980.0,0,0,1,5,57,1,8.0,0
2019,8,MT,0,1,4,2,44,1075.0,0,0,4,7,20,0,8.0,0
2019,12,MT,0,1,4,3,44,1137.0,0,0,5,4,49,0,2.0,0
2019,5,MT,0,1,4,4,40,4814.0,0,0,5,9,48,0,2.0,0
2019,2,MT,0,1,4,2,44,1001.0,0,0,4,7,27,1,9.0,0
2019,11,MT,0,1,4,4,44,1700.0,0,0,4,9,33,0,8.0,0
2019,11,MT,0,1,4,2,44,2321.0,0,0,8,7,40,0,2.0,0
2018,7,MT,0,1,4,6,44,1520.0,0,0,7,6,24,1,8.0,0
2018,6,MT,0,1,4,2,44,1100.0,0,0,4,7,19,1,9.0,0
2019,9,MT,0,1,4,5,44,1100.0,0,0,4,8,21,0,8.0,0
2018,7,MT,0,1,4,2,44,1788.0,0,0,4,7,33,0,8.0,0
2019,5,MT,0,1,4,4,44,2021.0,0,0,5,9,30,1,9.0,0
2018,9,MT,0,1,4,5,44,985.0,0,0,5,6,21,0,8.0,0
2019,8,MT,0,1,4,1,44,4561.0,0,0,2,9,30,0,9.0,0
2019,7,MT,0,1,4,2,44,1293.0,0,0,5,7,22,0,4.0,0
2019,12,MT,0,1,4,1,44,1656.0,0,0,7,4,61,1,2.0,0
2019,5,MT,0,1,4,6,44,1080.0,0,0,5,5,32,0,8.0,0
2018,8,MT,0,1,4,6,44,1039.0,0,0,7,3,36,1,8.0,0
2019,2,MT,0,1,4,4,44,1530.0,0,0,7,6,35,1,8.0,0
2019,5,MT,0,1,4,3,44,1572.0,0,0,7,6,54,1,8.0,0
2018,7,MT,0,1,4,2,36,1047.0,0,0,5,7,43,0,9.0,0
2018,8,MT,0,1,4,6,44,1198.0,0,0,7,6,27,1,8.0,0
2018,6,MT,0,1,6,8,44,2943.0,0,0,3,9,33,1,2.0,0
2019,9,MT,0,1,6,7,44,1080.0,0,0,4,7,34,0,8.0,0
2018,12,MT,0,1,6,4,44,1050.0,0,0,7,5,26,1,9.0,0
2018,8,MT,0,1,6,3,44,954.0,0,0,3,7,19,1,8.0,0
2019,8,MT,0,1,6,1,44,1075.0,0,0,5,7,30,0,9.0,0
2018,9,MT,0,1,6,6,44,1047.0,0,0,5,7,30,1,9.0,0
2019,7,MT,0,1,6,1,44,1100.0,0,0,4,9,20,0,2.0,0
2018,12,MT,0,1,6,2,44,3135.0,0,0,1,9,35,0,8.0,0
2018,2,MT,0,1,6,4,44,2052.0,0,0,4,7,29,1,2.0,0
2018,6,MT,0,1,6,3,44,1000.0,0,0,5,7,35,0,9.0,0
2018,9,MT,0,1,6,4,44,1020.0,0,0,5,7,31,0,2.0,0
2019,4,MT,0,1,6,5,44,1230.0,0,0,3,7,34,0,8.0,0
2018,9,MT,0,1,6,7,44,1046.0,0,0,5,7,20,0,4.0,0
2019,7,MT,0,1,6,6,44,1843.0,0,0,7,7,35,1,8.0,0
2019,7,MT,0,1,11,3,22,555.0,1,0,4,7,19,0,8.0,0
2018,9,MT,0,1,11,1,20,477.0,1,0,4,6,17,0,8.0,0
2019,8,MT,0,1,11,4,20,468.0,1,0,4,6,16,0,2.0,0
2019,10,MT,0,1,11,5,44,1116.0,0,0,5,5,19,0,8.0,0
2019,12,MT,0,1,11,6,36,1080.0,0,0,4,7,18,0,9.0,0
2019,11,MT,0,1,11,1,36,1075.0,0,0,7,7,21,1,8.0,0
2019,10,MT,0,3,11,1,44,1592.0,0,0,7,7,58,1,8.0,0
2019,12,MT,0,1,11,1,44,1300.0,0,0,5,7,52,0,9.0,0
2018,4,MT,0,1,11,5,44,1047.0,0,0,5,7,36,0,9.0,0
2019,11,MT,0,1,11,6,36,1135.0,0,0,5,6,23,1,8.0,0
2019,11,MT,0,1,11,5,20,499.0,1,0,4,6,15,1,4.0,0
2019,10,MT,0,1,11,5,44,1091.0,0,0,6,6,26,1,8.0,0
2019,9,MT,1,1,25,5,44,2102.0,0,0,2,7,40,0,9.0,1
2019,6,MT,1,1,25,6,44,1773.0,0,0,7,6,45,1,8.0,1
2018,1,MT,0,1,43,3,44,990.0,0,0,4,8,22,0,8.0,0
2019,1,MT,0,1,43,4,44,1020.0,0,0,5,6,28,0,8.0,0
2018,12,MT,0,1,33,5,44,1042.0,0,0,3,7,31,0,8.0,0
2018,2,MT,1,1,2,9,44,1039.0,0,0,7,7,31,1,8.0,1
2019,1,MT,0,1,4,2,44,1878.0,0,0,4,8,25,0,2.0,0
2019,3,MT,0,1,11,4,44,1400.0,0,0,6,3,24,1,8.0,0
2018,3,MT,0,3,4,1,44,1885.0,0,0,6,7,35,1,8.0,0
2019,2,MT,0,1,11,2,44,1000.0,0,0,7,7,30,1,8.0,0
2018,6,MT,0,1,4,3,44,1055.0,0,0,5,7,40,1,8.0,0
2019,5,MT,0,1,6,3,44,1300.0,0,0,6,7,23,1,9.0,0
2019,11,MT,0,1,4,2,22,644.0,0,0,5,6,49,0,4.0,0
2019,2,MT,1,3,2,6,44,1246.0,0,0,6,4,45,1,8.0,1
2018,3,MT,0,1,4,1,44,1200.0,0,0,5,7,35,0,8.0,0
2018,2,MT,0,3,6,4,44,1806.0,0,0,6,3,19,1,8.0,0
2019,6,MT,0,1,4,1,44,1050.0,0,0,9,7,42,1,2.0,0
2019,4,MT,1,1,2,3,44,1250.0,0,0,6,7,20,1,2.0,1
2018,11,MT,0,3,4,1,44,1939.0,0,0,6,4,39,1,8.0,0
2019,7,MT,0,1,6,3,44,1250.0,0,0,6,4,32,1,2.0,0
2018,8,MT,0,3,43,1,44,1200.0,0,0,6,5,38,1,8.0,0
2019,2,MT,1,3,2,3,44,1100.0,0,0,6,5,25,1,4.0,1
2019,7,MT,1,1,2,5,44,1618.0,0,0,5,7,34,0,4.0,1
2019,8,MT,1,1,2,1,44,1810.0,0,0,7,6,40,1,8.0,1
2019,8,MT,1,1,2,1,44,1810.0,0,0,7,6,40,1,8.0,1
2019,8,MT,1,1,2,1,44,1810.0,0,0,7,6,40,1,8.0,1
2019,6,MT,0,1,4,1,44,1043.0,0,0,4,7,18,0,8.0,0
2019,6,MT,0,1,6,8,44,2829.0,0,0,7,7,35,1,8.0,0
2019,12,MT,0,1,11,1,44,2138.0,0,0,3,7,20,0,8.0,0
2018,5,MT,0,1,4,7,44,1082.0,0,0,7,7,22,0,8.0,0
2018,1,MT,1,1,2,4,44,1534.0,0,0,7,6,21,1,2.0,1
2018,3,MT,1,3,2,1,44,1400.0,0,0,7,2,61,1,2.0,1
2019,2,MT,0,3,6,3,44,1074.0,0,0,6,3,33,1,2.0,0
2019,1,MT,1,3,2,1,44,2000.0,0,0,1,7,34,1,9.0,1
2019,3,MT,0,1,4,1,44,1133.0,0,0,5,7,29,0,8.0,0
2018,12,MT,0,3,4,1,44,2100.0,0,0,7,7,39,1,8.0,0
2018,8,MT,0,1,6,2,44,954.0,0,0,5,7,47,0,6.0,0
2019,12,MT,0,3,6,5,44,1600.0,0,0,6,4,25,1,9.0,0
2019,7,MT,0,1,4,4,44,1497.0,0,0,7,6,24,0,2.0,0
2019,3,MT,1,1,1,6,36,819.0,0,0,4,6,36,0,8.0,1
2019,9,MT,1,1,2,7,44,1684.0,0,0,7,6,34,1,2.0,1
2019,12,MT,1,1,2,4,44,1746.0,0,0,7,8,35,1,8.0,1
2018,7,MT,1,1,2,9,44,2000.0,0,0,3,9,22,0,8.0,1
2018,4,MT,1,1,2,3,40,1190.0,0,0,7,7,26,1,8.0,1
2019,11,MT,1,1,2,3,44,1500.0,0,0,5,9,26,0,8.0,1
2018,8,MT,1,1,2,4,44,1512.0,0,0,6,9,30,1,8.0,1
2018,1,MT,1,1,2,4,44,1234.0,0,0,4,6,26,1,8.0,1
2018,7,MT,1,1,2,9,44,2000.0,0,0,3,9,22,0,8.0,1
2019,5,MT,0,1,4,8,44,1870.0,0,0,7,7,33,1,8.0,0
2018,8,MT,0,1,4,1,44,1214.0,0,0,1,7,23,0,8.0,0
2019,5,MT,0,1,6,1,36,2302.0,0,0,4,9,34,1,2.0,0
2018,2,MT,0,1,6,1,44,1371.0,0,0,7,6,25,1,8.0,0
2018,2,MT,0,1,6,3,44,2037.0,0,0,2,9,23,1,2.0,0
2019,10,MT,0,1,6,1,44,1200.0,0,0,5,7,42,1,9.0,0
2019,6,MT,0,1,11,4,44,1875.0,0,0,7,4,42,1,8.0,0
2018,3,MT,0,1,11,5,30,2368.0,0,0,7,4,32,1,8.0,0
2019,1,MT,1,1,25,6,44,998.0,0,0,5,4,26,0,9.0,1
2019,7,MT,0,1,43,1,44,1119.0,0,0,7,5,35,1,8.0,0
2019,12,MT,1,3,2,3,44,1400.0,0,0,7,7,28,1,8.0,1
2018,4,MT,1,1,2,1,44,990.0,0,0,5,7,28,1,9.0,1
2019,5,MT,1,1,2,1,44,1300.0,0,0,6,3,20,1,8.0,1
2018,12,MT,1,1,2,4,44,1983.0,0,0,7,7,28,1,8.0,1
2019,7,MT,1,1,2,8,44,1602.0,0,0,7,3,64,1,2.0,1
2018,4,MT,1,1,2,7,36,1824.0,0,0,7,7,32,1,2.0,1
2018,4,MT,1,1,2,7,36,2089.0,0,0,9,8,22,1,8.0,1
2019,11,MT,0,1,4,8,44,1383.0,0,0,7,7,29,1,8.0,0
2018,2,MT,0,1,4,4,44,1104.0,0,0,8,5,42,0,2.0,0
2019,6,MT,0,1,4,3,44,1200.0,0,0,8,7,46,1,9.0,0
2018,3,MT,1,3,2,1,44,1087.0,0,0,6,6,29,0,4.0,1
2019,9,MT,1,1,2,1,44,1500.0,0,0,7,7,31,1,9.0,1
2019,3,MT,0,1,6,2,44,1020.0,0,0,6,7,54,1,4.0,0
2019,10,MT,1,3,2,2,44,1652.0,0,0,6,2,46,1,8.0,1
2018,6,MT,0,1,8,7,44,2110.0,0,0,7,5,55,1,9.0,0
2019,12,MT,1,1,1,7,44,1609.0,0,0,7,7,20,1,8.0,1
2018,3,MT,1,1,2,3,44,1500.0,0,0,7,7,43,1,2.0,1
2018,8,MT,1,1,2,1,44,1080.0,0,0,3,6,19,0,8.0,1
2018,4,MT,1,1,2,3,44,993.0,0,0,5,7,18,0,2.0,1
2019,9,MT,1,1,2,2,44,1600.0,0,0,8,7,24,1,8.0,1
2018,1,MT,0,1,4,7,44,1341.0,0,0,6,6,19,1,8.0,0
2018,8,MT,0,1,4,1,44,1100.0,0,0,7,7,44,1,2.0,0
2018,3,MT,0,3,6,2,44,2120.0,0,0,6,7,31,1,2.0,0
2019,12,MT,0,1,6,1,44,1335.0,0,0,8,5,19,0,2.0,0
2018,1,MT,1,1,2,1,44,954.0,0,0,9,6,19,1,2.0,1
2019,4,MT,1,1,25,9,44,1747.0,0,0,7,7,25,1,8.0,1
2019,9,MT,0,1,4,5,44,2465.0,0,0,7,4,36,1,8.0,0
2018,7,MT,0,1,5,6,44,1100.0,0,0,6,4,26,1,9.0,0
2019,10,MT,0,1,11,6,44,1161.0,0,0,6,4,24,1,9.0,0
2019,7,MT,1,1,2,8,44,1155.0,0,0,7,7,25,0,8.0,1
2019,7,MT,1,1,2,8,44,1155.0,0,0,7,7,25,0,8.0,1
2019,12,MT,0,1,4,8,44,1328.0,0,0,8,7,38,0,8.0,0
2018,3,MT,0,3,6,1,44,1306.0,0,0,6,7,48,1,4.0,0
2018,11,MT,0,3,11,1,44,1000.0,0,0,6,5,45,1,8.0,0
2018,12,MT,0,3,11,1,44,1000.0,0,0,6,5,21,1,8.0,0
2018,12,MT,0,1,33,2,44,1821.0,0,0,4,7,30,0,8.0,0
2019,11,MT,1,1,1,8,44,1196.0,0,0,7,7,19,1,8.0,1
2018,7,MT,1,1,2,2,44,985.0,0,0,5,7,20,0,8.0,1
2019,10,MT,1,1,2,6,44,1739.0,0,0,7,7,22,1,8.0,1
2018,3,MT,0,1,4,6,44,1424.0,0,0,7,5,43,0,8.0,0
2018,1,MT,0,1,4,3,44,1200.0,0,0,7,5,37,1,9.0,0
2019,6,MT,0,3,6,2,44,998.0,0,0,6,7,22,1,8.0,0
2018,9,MT,0,1,11,6,22,651.0,1,0,4,7,19,0,8.0,0
2018,9,MT,0,3,11,3,44,1600.0,0,0,6,3,19,1,8.0,0
2019,8,MT,0,1,4,6,44,2904.0,0,0,5,7,37,0,8.0,0
2018,12,MT,0,1,11,2,44,1000.0,0,0,8,7,36,1,9.0,0
2019,11,MT,1,1,1,9,44,1326.0,0,0,7,4,20,1,8.0,1
2019,3,MT,1,1,2,5,44,1409.0,0,0,8,7,33,0,8.0,1
2019,11,MT,1,1,2,2,44,998.0,0,0,5,7,23,0,9.0,1
2018,6,MT,1,1,2,1,44,1255.0,0,0,8,4,43,0,8.0,1
2019,8,MT,1,1,2,1,44,998.0,0,0,4,7,40,0,9.0,1
2019,12,MT,1,1,2,3,44,1100.0,0,0,5,7,22,0,8.0,1
2018,9,MT,0,1,6,3,44,0.0,0,0,5,7,21,0,8.0,0
2018,4,MT,0,1,6,5,44,989.0,0,0,4,7,21,0,8.0,0
2019,8,MT,0,1,4,6,44,2370.0,0,0,7,5,31,1,9.0,0
2019,4,MT,0,3,6,1,37,2970.0,0,0,3,9,31,0,2.0,0
2019,3,MT,0,3,6,1,44,1673.0,0,0,6,6,22,1,2.0,0
2018,7,MT,1,1,2,4,44,1650.0,0,0,7,4,28,1,4.0,1
2018,7,MT,1,1,2,2,44,1067.0,0,0,9,4,20,1,8.0,1
2019,3,MT,1,1,2,3,44,2018.0,0,0,7,4,26,1,8.0,1
2018,10,MT,1,1,2,1,44,1000.0,0,0,7,6,18,1,8.0,1
2018,12,MT,1,1,2,6,30,714.0,0,0,5,7,40,0,8.0,1
2019,11,MT,1,1,2,1,44,1275.0,0,0,7,3,40,1,8.0,1
2018,12,MT,1,1,2,6,30,714.0,0,0,5,7,40,0,8.0,1
2019,3,MT,0,1,4,1,44,1947.0,0,0,9,6,26,1,8.0,0
2019,5,MT,0,1,4,5,44,1335.0,0,0,5,5,27,0,2.0,0
2019,2,MT,0,1,4,2,44,1000.0,0,0,8,7,32,1,8.0,0
2018,3,MT,0,1,4,5,44,1400.0,0,0,6,4,33,1,8.0,0
2019,6,MT,0,1,4,2,44,1600.0,0,0,9,7,38,1,9.0,0
2019,2,MT,0,3,4,2,44,3633.0,0,0,3,6,39,1,2.0,0
2019,10,MT,0,1,4,1,44,1128.0,0,0,5,7,54,1,9.0,0
2019,3,MT,0,1,6,3,44,1068.0,0,0,4,7,26,0,8.0,0
2018,1,MT,0,1,6,4,20,1366.0,0,0,2,9,25,0,2.0,0
2018,1,MT,0,1,6,1,44,1269.0,0,0,7,7,32,1,8.0,0
2019,1,MT,0,1,6,7,44,1032.0,0,0,5,6,22,1,8.0,0
2018,7,MT,1,1,25,2,44,1000.0,0,0,5,7,38,0,8.0,1
2018,12,MT,0,1,43,3,44,2000.0,0,0,5,6,45,0,8.0,0
2018,10,MT,1,3,1,1,44,1986.0,0,0,6,3,18,1,2.0,1
2019,5,MT,1,1,2,1,36,1400.0,0,0,5,7,20,0,2.0,1
2018,6,MT,1,1,2,7,44,1966.0,0,0,7,3,43,1,8.0,1
2018,12,MT,1,1,2,3,44,1200.0,0,0,6,7,30,1,4.0,1
2018,2,MT,1,1,2,7,44,1500.0,0,0,4,7,27,0,2.0,1
2019,2,MT,0,1,4,4,44,2396.0,0,0,6,7,22,1,8.0,0
2019,1,MT,0,1,6,3,44,1500.0,0,0,7,4,29,1,9.0,0
2019,5,MT,1,1,25,6,44,1434.0,0,0,7,7,20,1,8.0,1
2019,12,MT,0,1,6,3,44,1567.0,0,0,4,8,24,0,2.0,0
2018,3,MT,0,1,4,1,44,954.0,0,0,4,7,27,1,9.0,0
2018,5,MT,1,1,2,5,44,2060.0,0,0,6,7,54,1,8.0,1
2019,2,MT,1,1,2,7,44,1820.0,0,0,8,7,22,1,8.0,1
2018,9,MT,1,3,2,1,44,2100.0,0,0,6,7,31,1,2.0,1
2019,8,MT,0,1,11,5,44,1341.0,0,0,7,5,23,1,8.0,0
2018,12,MT,0,3,4,2,44,954.0,0,0,5,4,26,0,8.0,0
2019,1,MT,1,3,1,5,44,1572.0,0,0,6,7,33,1,8.0,1
2018,1,MT,1,1,1,1,44,965.0,0,0,4,7,19,1,9.0,1
2018,7,MT,1,1,2,4,44,3000.0,0,0,3,6,38,1,2.0,1
2018,4,MT,1,1,2,5,44,2000.0,0,0,5,3,59,0,8.0,1
2018,11,MT,1,1,2,1,44,1869.0,0,0,8,5,34,1,9.0,1
2019,1,MT,1,1,2,4,44,1277.0,0,0,5,6,19,1,4.0,1
2019,4,MT,1,1,2,2,44,998.0,0,0,7,7,24,1,9.0,1
2019,5,MT,1,1,2,7,44,1134.0,0,0,5,5,47,1,9.0,1
2019,7,MT,1,1,2,4,44,1600.0,0,0,3,7,32,1,9.0,1
2019,6,MT,1,1,2,1,36,3012.0,0,0,3,9,22,0,2.0,1
2018,7,MT,1,3,2,2,44,1500.0,0,0,6,7,35,1,9.0,1
2019,5,MT,1,1,2,5,44,1063.0,0,0,9,7,32,1,9.0,1
2019,4,MT,1,1,2,1,44,998.0,0,0,7,7,29,1,2.0,1
2019,12,MT,1,1,2,2,30,930.0,0,0,4,7,22,0,8.0,1
2019,2,MT,1,1,2,4,44,1386.0,0,0,4,9,43,0,2.0,1
2018,2,MT,1,1,2,6,26,486.0,0,0,2,9,33,0,8.0,1
2018,11,MT,1,1,2,3,44,1004.0,0,0,5,7,18,0,2.0,1
2019,4,MT,1,1,2,7,44,2216.0,0,0,7,7,26,1,9.0,1
2019,5,MT,1,1,2,4,44,1100.0,0,0,5,7,32,1,9.0,1
2018,9,MT,1,1,2,5,44,1854.0,0,0,6,5,43,1,9.0,1
2018,8,MT,1,1,2,6,44,3000.0,0,0,3,7,38,1,8.0,1
2018,2,MT,1,1,2,5,44,1100.0,0,0,7,7,32,1,8.0,1
2018,2,MT,0,1,4,6,44,1620.0,0,0,8,7,32,0,4.0,0
2018,8,MT,0,1,4,1,44,1762.0,0,0,7,8,41,1,2.0,0
2019,6,MT,0,1,4,2,44,1078.0,0,0,5,7,35,0,9.0,0
2018,7,MT,0,1,4,6,36,1034.0,0,0,4,4,28,0,8.0,0
2019,12,MT,0,1,4,7,44,2152.0,0,0,7,6,35,1,9.0,0
2018,2,MT,0,1,4,5,44,1061.0,0,0,5,7,30,0,8.0,0
2018,10,MT,0,1,4,6,44,1044.0,0,0,4,6,18,1,8.0,0
2019,9,MT,0,1,4,2,44,1041.0,0,0,5,7,37,0,8.0,0
2018,6,MT,0,1,4,2,44,1224.0,0,0,7,7,32,1,8.0,0
2018,1,MT,0,1,4,6,44,2299.0,0,0,3,6,25,1,9.0,0
2018,10,MT,0,1,4,4,44,1656.0,0,0,7,5,48,1,9.0,0
2019,10,MT,0,1,4,5,44,6500.0,0,0,5,8,33,1,9.0,0
2019,12,MT,0,1,4,2,44,4000.0,0,0,2,9,45,1,9.0,0
2019,2,MT,0,1,4,4,44,2500.0,0,0,7,7,45,1,8.0,0
2019,2,MT,0,1,4,1,22,539.0,0,0,5,7,33,1,9.0,0
2018,4,MT,0,3,4,4,44,1375.0,0,0,7,7,27,1,8.0,0
2018,1,MT,0,1,6,3,44,1010.0,0,0,4,6,23,0,8.0,0
2018,1,MT,0,3,6,5,40,1118.0,0,0,4,8,22,0,2.0,0
2018,5,MT,0,1,6,4,44,5063.0,0,0,7,6,28,1,2.0,0
2019,8,MT,0,1,11,6,44,1126.0,0,0,7,6,22,1,8.0,0
2019,10,MT,0,1,11,8,44,1225.0,0,0,7,7,19,1,8.0,0
2018,6,MT,0,1,43,6,44,1119.0,0,0,4,7,19,1,4.0,0
2018,4,MT,0,1,33,2,44,1181.0,0,0,5,7,44,0,4.0,0
2019,6,MT,0,1,4,6,44,1909.0,0,0,6,6,21,1,8.0,0
2019,12,MT,0,3,4,2,44,1400.0,0,0,6,5,28,1,8.0,0
2018,1,MT,1,1,2,1,44,954.0,0,0,5,7,20,0,9.0,1
2019,4,MT,1,1,2,4,44,998.0,0,0,6,7,20,1,8.0,1
2019,12,MT,1,1,2,8,44,1757.0,0,0,6,6,26,1,8.0,1
2018,2,MT,1,3,2,9,44,1755.0,0,0,6,4,29,1,8.0,1
2019,11,MT,1,3,2,6,44,1870.0,0,0,7,4,30,1,8.0,1
2019,3,MT,1,1,2,4,44,2700.0,0,0,3,8,33,1,2.0,1
2018,9,MT,1,3,2,1,44,954.0,0,0,6,7,42,1,9.0,1
2019,11,MT,0,1,4,2,44,1100.0,0,0,5,4,38,0,8.0,0
2018,10,MT,0,1,4,8,44,2362.0,0,0,6,2,34,1,8.0,0
2019,8,MT,0,1,4,5,44,1711.0,0,0,9,4,24,1,9.0,0
2018,3,MT,1,1,1,4,20,475.0,1,0,4,6,16,1,8.0,1
2018,6,MT,1,1,2,1,44,4000.0,0,0,4,9,23,1,8.0,1
2018,12,MT,1,1,2,1,44,1000.0,0,0,7,6,36,1,2.0,1
2018,3,MT,1,1,2,1,20,1485.0,0,0,2,9,29,0,8.0,1
2019,4,MT,1,1,2,4,44,1150.0,0,0,7,7,45,1,4.0,1
2019,8,MT,1,1,2,6,20,568.0,1,0,4,6,17,1,2.0,1
2019,8,MT,1,1,2,5,44,1060.0,0,0,4,7,22,1,9.0,1
2019,10,MT,1,1,2,2,40,3500.0,0,0,2,8,39,0,2.0,1
2018,5,MT,1,1,2,2,44,0.0,0,0,5,7,59,1,9.0,1
2018,7,MT,1,1,2,2,44,1296.0,0,0,7,4,26,1,9.0,1
2018,6,MT,1,1,2,4,44,1182.0,0,0,4,8,39,0,2.0,1
2018,2,MT,1,1,2,1,44,960.0,0,0,5,2,44,0,4.0,1
2019,3,MT,1,1,2,2,44,2500.0,0,0,7,7,57,1,9.0,1
2019,6,MT,1,1,2,4,44,1015.0,0,0,5,4,37,0,8.0,1
2019,7,MT,1,1,2,1,44,1060.0,0,0,5,7,20,1,9.0,1
2019,5,MT,0,1,4,6,44,1632.0,0,0,7,7,29,1,9.0,0
2018,12,MT,0,1,4,3,44,1287.0,0,0,7,6,46,0,2.0,0
2018,10,MT,0,1,4,3,44,2308.0,0,0,7,7,45,1,2.0,0
2019,11,MT,0,1,4,3,44,1060.0,0,0,4,7,42,0,2.0,0
2018,11,MT,0,1,6,2,44,985.0,0,0,5,4,44,0,9.0,0
2018,3,MT,0,1,43,1,44,2000.0,0,0,7,7,32,1,8.0,0
2018,8,MT,1,1,1,3,22,600.0,1,0,4,7,15,1,2.0,1
2019,6,MT,1,1,2,8,44,2860.0,0,0,4,7,25,1,2.0,1
2018,7,MT,1,1,2,1,44,954.0,0,0,7,7,19,1,8.0,1
2018,4,MT,1,1,2,5,44,1474.0,0,0,5,7,36,0,8.0,1
2019,8,MT,1,1,2,7,44,1138.0,0,0,7,4,51,1,8.0,1
2019,6,MT,1,1,2,3,44,1060.0,0,0,7,7,33,1,8.0,1
2019,7,MT,1,1,2,6,44,1060.0,0,0,4,7,29,1,9.0,1
2019,8,MT,1,1,2,4,44,1191.0,0,0,7,7,26,1,8.0,1
2019,11,MT,1,3,2,3,44,1500.0,0,0,4,7,29,0,6.0,1
2019,3,MT,1,1,2,8,44,1099.0,0,0,7,6,18,0,4.0,1
2019,8,MT,1,1,2,4,44,1400.0,0,0,7,7,37,1,9.0,1
2018,4,MT,1,1,2,4,44,1669.0,0,0,7,6,30,1,8.0,1
2018,11,MT,0,1,4,4,44,1918.0,0,0,9,4,55,1,2.0,0
2019,3,MT,0,1,4,6,44,1637.0,0,0,3,6,42,1,8.0,0
2019,6,MT,0,1,4,1,44,1060.0,0,0,3,7,21,1,2.0,0
2019,6,MT,0,1,4,1,44,1060.0,0,0,5,8,29,1,9.0,0
2018,7,MT,0,3,4,4,44,1153.0,0,0,7,7,34,1,8.0,0
2018,8,MT,0,1,4,1,44,1243.0,0,0,6,3,26,1,8.0,0
2018,4,MT,0,1,4,1,44,1774.0,0,0,4,5,27,1,9.0,0
2018,5,MT,0,1,4,4,44,1000.0,0,0,5,2,35,0,2.0,0
2019,12,MT,0,1,6,5,44,1242.0,0,0,7,2,54,1,2.0,0
2019,6,MT,0,3,6,1,44,1313.0,0,0,6,6,24,1,9.0,0
2018,11,MT,0,1,11,2,44,1800.0,0,0,3,7,27,1,2.0,0
2018,3,MT,0,1,11,1,44,960.0,0,0,5,7,19,1,9.0,0
2019,8,MT,1,3,25,4,44,2322.0,0,0,6,7,33,1,8.0,1
2019,1,MT,1,1,1,1,44,998.0,0,0,5,2,29,0,8.0,1
2018,3,MT,1,1,2,1,44,954.0,0,0,4,9,25,0,8.0,1
2019,9,MT,1,1,2,2,44,1163.0,0,0,5,5,33,1,8.0,1
2019,12,MT,1,1,2,8,44,1259.0,0,0,7,6,27,1,8.0,1
2018,2,MT,1,1,2,9,44,1155.0,0,0,7,7,32,1,6.0,1
2019,11,MT,1,3,2,4,44,2200.0,0,0,2,7,32,0,8.0,1
2018,2,MT,1,1,2,3,44,1500.0,0,0,8,7,29,1,2.0,1
2019,4,MT,1,1,2,9,44,1230.0,0,0,7,6,21,1,2.0,1
2019,6,MT,0,1,4,6,44,1212.0,0,0,5,6,25,1,8.0,0
2018,11,MT,0,1,4,3,44,954.0,0,0,8,5,29,1,8.0,0
2019,3,MT,0,3,4,1,44,1475.0,0,0,6,6,20,1,9.0,0
2018,11,MT,0,1,4,1,20,954.0,0,0,2,8,23,0,2.0,0
2018,2,MT,0,1,4,8,44,1184.0,0,0,7,3,30,1,4.0,0
2019,1,MT,0,1,6,8,44,1175.0,0,0,7,6,37,0,2.0,0
2019,2,MT,0,1,6,5,20,499.0,1,0,4,4,17,1,4.0,0
2018,5,MT,1,1,25,5,20,537.0,1,0,4,6,16,1,2.0,1
2019,11,MT,1,3,2,2,44,1650.0,0,0,6,7,41,1,2.0,1
2018,1,MT,1,3,2,4,44,1908.0,0,0,7,1,53,1,8.0,1
2019,4,MT,0,3,4,3,44,1562.0,0,0,6,5,26,1,2.0,0
2018,1,MT,0,3,4,1,44,954.0,0,0,6,3,47,0,2.0,0
2018,4,MT,1,1,2,4,44,1090.0,0,0,7,7,44,1,2.0,1
2019,9,MT,1,3,2,5,44,1155.0,0,0,6,5,25,1,8.0,1
2019,3,MT,1,1,2,2,44,1080.0,0,0,4,7,20,0,8.0,1
2019,2,MT,1,1,2,1,44,1200.0,0,0,1,7,30,1,9.0,1
2018,3,MT,1,1,2,1,44,1478.0,0,0,4,7,40,1,8.0,1
2019,9,MT,1,1,2,1,44,1121.0,0,0,7,5,25,1,9.0,1
2018,4,MT,1,1,2,1,44,1075.0,0,0,5,7,28,1,8.0,1
2018,3,MT,1,1,2,1,44,1000.0,0,0,7,7,19,1,9.0,1
2019,6,MT,1,1,2,1,44,1075.0,0,0,5,7,42,0,9.0,1
2018,9,MT,1,1,2,2,44,985.0,0,0,5,7,35,0,8.0,1
2018,2,MT,1,1,2,3,44,1001.0,0,0,5,7,31,0,2.0,1
2019,6,MT,1,1,2,4,44,1695.0,0,0,7,7,32,1,8.0,1
2019,8,MT,1,1,2,5,44,1075.0,0,0,8,7,48,0,9.0,1
2018,4,MT,1,1,2,3,44,1500.0,0,0,4,8,34,0,2.0,1
2019,4,MT,0,1,4,5,44,2088.0,0,0,7,6,48,1,9.0,0
2018,3,MT,0,1,4,3,44,1332.0,0,0,4,7,28,0,9.0,0
2019,10,MT,0,1,4,4,44,1080.0,0,0,4,7,21,1,2.0,0
2019,6,MT,0,1,4,7,44,1013.0,0,0,7,6,21,1,8.0,0
2018,4,MT,0,1,4,4,44,1020.0,0,0,7,7,22,1,9.0,0
2018,8,MT,0,1,4,1,44,1020.0,0,0,5,7,24,0,8.0,0
2018,11,MT,0,1,4,1,44,1100.0,0,0,4,7,19,0,8.0,0
2018,10,MT,0,1,5,7,44,1142.0,0,0,5,7,62,1,9.0,0
2019,1,MT,0,1,5,7,44,1441.0,0,0,4,8,33,1,9.0,0
2018,9,MT,0,1,5,2,44,1020.0,0,0,4,7,32,0,2.0,0
2018,2,MT,0,1,6,4,44,1797.0,0,0,7,7,63,1,9.0,0
2019,12,MT,0,1,6,4,44,1040.0,0,0,5,7,51,1,9.0,0
2019,11,MT,0,1,6,5,44,1095.0,0,0,8,3,22,1,8.0,0
2019,5,MT,0,1,6,6,44,2150.0,0,0,7,4,29,1,8.0,0
2018,7,MT,0,1,6,5,44,1271.0,0,0,5,7,28,1,8.0,0
2019,10,MT,0,1,6,3,44,1075.0,0,0,7,7,36,1,8.0,0
2018,4,MT,0,1,6,1,44,1020.0,0,0,1,7,27,0,9.0,0
2019,7,MT,0,1,11,5,40,1765.0,0,0,4,8,18,1,8.0,0
2019,11,MT,0,1,11,3,20,565.0,1,0,4,6,16,0,8.0,0
2018,3,MT,0,1,11,1,44,1100.0,0,0,7,7,24,1,8.0,0
2019,1,MT,0,1,43,1,44,1200.0,0,0,4,7,29,0,9.0,0
2018,9,MT,1,1,2,7,44,990.0,0,0,7,7,22,1,8.0,1
2019,1,MT,1,1,2,3,20,1539.0,0,0,2,9,40,0,2.0,1
2018,4,MT,0,1,11,7,44,990.0,0,0,7,6,18,1,8.0,0
2018,1,MT,1,1,2,2,44,954.0,0,0,5,7,35,0,8.0,1
2019,1,MT,1,1,2,1,44,1652.0,0,0,3,9,51,1,9.0,1
2018,3,MT,1,3,2,1,44,1300.0,0,0,6,6,27,1,8.0,1
2018,3,MT,0,1,6,1,44,954.0,0,0,4,7,23,0,2.0,0
2018,3,MT,0,1,4,1,44,956.0,0,0,4,7,20,0,2.0,0
2019,9,MT,0,1,6,9,44,1518.0,0,0,4,7,31,1,8.0,0
2019,6,MT,1,3,2,1,44,1750.0,0,0,6,2,30,1,2.0,1
2018,7,MT,1,3,1,1,44,1200.0,0,0,6,5,40,1,2.0,1
2019,5,MT,1,3,2,1,44,998.0,0,0,6,3,62,1,8.0,1
2018,10,MT,1,1,2,2,44,1127.0,0,0,7,7,36,1,8.0,1
2018,2,GO,1,1,2,6,44,1279.0,0,0,7,7,29,1,2.0,1
2019,1,GO,0,1,4,3,44,1128.0,0,0,5,7,22,1,2.0,0
2018,3,GO,1,1,2,4,44,1584.0,0,0,7,3,49,1,8.0,1
2019,6,GO,1,1,2,1,44,1060.0,0,0,4,7,27,0,8.0,1
2018,10,GO,1,1,2,8,44,1256.0,0,0,5,7,25,1,8.0,1
2019,10,GO,0,1,4,5,44,1623.0,0,0,7,7,36,1,8.0,0
2019,7,GO,0,1,4,5,44,1018.0,0,0,7,5,41,1,8.0,0
2018,3,GO,0,1,6,8,44,4522.0,0,0,2,9,31,1,8.0,0
2019,8,GO,0,1,11,1,44,850.0,0,0,5,7,24,1,2.0,0
2019,4,GO,0,1,11,8,20,656.0,1,0,4,5,19,0,2.0,0
2018,7,GO,0,1,43,1,44,1054.0,0,0,5,7,18,0,2.0,0
2019,10,GO,1,1,2,1,44,1060.0,0,0,5,7,24,1,9.0,1
2018,4,GO,1,1,2,2,44,1092.0,0,0,5,7,31,0,9.0,1
2018,11,GO,0,1,4,1,44,954.0,0,0,8,6,20,1,2.0,0
2018,5,GO,0,1,11,5,44,1850.0,0,0,7,7,48,1,4.0,0
2018,9,GO,0,3,4,1,44,954.0,0,0,5,7,27,0,8.0,0
2018,4,GO,1,1,1,8,44,1500.0,0,1,8,8,33,0,2.0,1
2018,6,GO,1,1,1,5,44,954.0,0,0,7,3,32,1,8.0,1
2019,6,GO,1,1,2,2,36,1092.0,0,0,5,4,43,0,8.0,1
2018,8,GO,1,1,2,4,44,954.0,0,0,7,7,20,1,2.0,1
2018,8,GO,1,1,2,2,44,1854.0,0,0,7,7,30,1,2.0,1
2019,4,GO,1,1,2,3,42,1797.0,0,0,5,7,20,1,8.0,1
2018,4,GO,1,1,2,6,44,1031.0,0,0,4,7,30,0,8.0,1
2019,4,GO,1,1,2,9,44,1185.0,0,0,7,7,48,1,8.0,1
2018,4,GO,1,1,2,3,44,1016.0,0,0,5,7,32,0,8.0,1
2019,6,GO,1,1,2,3,44,1015.0,0,0,3,6,23,0,8.0,1
2019,10,GO,1,1,2,4,44,1200.0,0,0,7,7,27,1,9.0,1
2018,4,GO,1,1,2,3,44,1311.0,0,0,7,7,22,1,8.0,1
2019,12,GO,1,1,2,1,44,1060.0,0,0,5,6,18,1,2.0,1
2018,9,GO,1,1,2,4,44,1700.0,0,0,7,6,35,1,8.0,1
2019,9,GO,1,1,2,3,44,1018.0,0,0,5,7,51,0,8.0,1
2018,3,GO,1,1,2,3,44,1340.0,0,0,7,5,58,1,8.0,1
2019,4,GO,1,1,2,3,44,1050.0,0,0,7,7,18,1,9.0,1
2018,2,GO,1,1,2,1,44,1000.0,0,0,7,7,30,1,2.0,1
2019,2,GO,1,1,2,4,44,1015.0,0,0,5,8,22,1,8.0,1
2019,6,GO,1,1,2,1,44,998.0,0,0,5,5,55,1,2.0,1
2018,2,GO,1,1,2,2,44,990.0,0,0,5,7,22,1,8.0,1
2019,3,GO,1,1,2,1,44,1200.0,0,0,4,7,18,0,2.0,1
2019,2,GO,0,1,4,4,44,1018.0,0,0,5,7,55,1,9.0,0
2018,6,GO,0,1,4,3,44,1009.0,0,0,5,7,34,0,8.0,0
2018,10,GO,0,1,4,5,44,1020.0,0,0,5,2,48,0,2.0,0
2018,9,GO,0,3,4,1,44,954.0,0,0,7,7,41,1,9.0,0
2018,8,GO,0,3,4,1,44,1116.0,0,0,4,7,40,0,8.0,0
2019,7,GO,0,1,4,1,44,1060.0,0,0,2,5,31,0,2.0,0
2019,6,GO,0,1,4,4,36,2183.0,0,0,3,6,59,1,8.0,0
2019,2,GO,0,1,4,7,44,8765.0,0,0,2,9,26,1,8.0,0
2018,6,GO,0,3,4,7,44,954.0,0,0,7,3,32,1,8.0,0
2019,11,GO,0,1,4,1,44,1334.0,0,0,5,7,29,1,8.0,0
2018,4,GO,0,1,4,1,44,1000.0,0,0,4,7,27,0,9.0,0
2019,10,GO,0,1,5,4,44,1696.0,0,0,7,5,49,1,9.0,0
2019,1,GO,0,1,6,2,44,1015.0,0,0,5,8,20,0,2.0,0
2019,7,GO,0,1,6,2,44,1654.0,0,0,7,7,37,1,8.0,0
2019,4,GO,0,1,6,1,44,1226.0,0,0,3,7,34,1,8.0,0
2019,10,GO,0,1,6,1,44,1092.0,0,0,5,7,19,0,9.0,0
2019,10,GO,0,1,6,8,44,2142.0,0,0,7,4,56,1,8.0,0
2018,7,GO,0,1,6,1,44,1015.0,0,0,1,7,43,1,8.0,0
2018,3,GO,0,1,6,7,44,1552.0,0,0,7,4,40,1,8.0,0
2018,9,GO,0,1,11,6,44,1331.0,0,0,8,7,41,1,2.0,0
2019,12,GO,0,1,11,9,44,1211.0,0,1,8,7,31,1,2.0,0
2019,11,GO,0,1,11,4,44,1277.0,0,0,5,7,36,0,8.0,0
2019,4,GO,0,1,11,1,36,1174.0,0,0,8,7,44,1,8.0,0
2018,5,GO,0,3,11,5,44,1533.0,0,0,7,4,47,1,8.0,0
2018,7,GO,0,1,11,6,44,1212.0,0,0,7,5,25,1,8.0,0
2018,6,GO,0,1,11,3,44,1300.0,0,0,5,7,35,0,2.0,0
2019,8,GO,0,1,33,4,44,1261.0,0,0,3,7,29,0,9.0,0
2018,8,GO,0,1,33,5,44,1788.0,0,0,4,8,28,1,8.0,0
2018,8,GO,0,1,4,3,44,980.0,0,0,7,6,19,1,8.0,0
2018,8,GO,0,1,4,3,44,980.0,0,0,7,6,19,1,8.0,0
2018,10,GO,1,1,2,1,44,5968.0,0,0,7,3,56,1,2.0,1
2018,8,GO,1,1,2,8,44,1123.0,0,0,4,5,37,1,8.0,1
2018,8,GO,1,1,2,7,44,1616.0,0,0,7,7,25,1,2.0,1
2018,12,GO,1,1,2,3,44,1500.0,0,0,9,7,26,1,9.0,1
2018,1,GO,1,1,2,7,44,1014.0,0,0,7,5,21,1,9.0,1
2019,4,GO,1,1,2,2,44,1748.0,0,0,7,7,60,1,8.0,1
2019,2,GO,1,1,2,5,44,1128.0,0,0,5,7,55,1,2.0,1
2018,11,GO,1,1,2,9,40,955.0,0,0,5,5,47,0,8.0,1
2019,4,GO,1,1,2,4,44,998.0,0,0,7,7,18,1,8.0,1
2019,12,GO,1,1,2,1,44,1168.0,0,0,5,7,20,1,4.0,1
2018,3,GO,1,1,2,3,44,1559.0,0,0,7,7,28,1,8.0,1
2019,5,GO,1,1,2,5,23,1107.0,0,0,2,9,30,1,8.0,1
2019,6,GO,1,1,2,2,44,1801.0,0,0,7,7,23,1,8.0,1
2019,11,GO,1,1,2,1,44,998.0,0,0,2,5,45,1,2.0,1
2019,6,GO,1,1,2,3,44,998.0,0,0,7,7,49,0,8.0,1
2018,10,GO,1,1,2,6,44,1108.0,0,0,4,7,29,1,8.0,1
2019,7,GO,1,1,2,7,36,1060.0,0,0,4,5,58,1,8.0,1
2018,11,GO,1,1,2,9,40,955.0,0,0,5,5,47,0,8.0,1
2018,9,GO,1,1,2,1,44,1268.0,0,0,5,7,54,1,8.0,1
2018,8,GO,1,1,2,5,44,1873.0,0,0,7,7,30,1,2.0,1
2019,6,GO,1,1,2,3,44,1250.0,0,0,5,7,31,0,9.0,1
2018,7,GO,1,1,2,1,44,1078.0,0,0,7,7,32,1,8.0,1
2018,11,GO,1,1,2,9,40,955.0,0,0,5,5,47,0,8.0,1
2018,11,GO,1,1,2,9,40,955.0,0,0,5,5,47,0,8.0,1
2018,7,GO,0,1,4,7,44,1054.0,0,0,7,6,36,1,8.0,0
2018,7,GO,0,1,4,9,44,1123.0,0,0,5,7,53,0,2.0,0
2019,7,GO,0,1,4,4,44,1067.0,0,0,4,7,32,1,8.0,0
2018,4,GO,0,1,4,5,44,1451.0,0,0,8,9,32,1,2.0,0
2018,5,GO,0,1,4,9,44,1131.0,0,0,7,4,25,1,4.0,0
2019,4,GO,0,1,4,9,44,2600.0,0,0,2,9,31,0,2.0,0
2018,1,GO,0,1,4,6,44,1339.0,0,0,7,7,52,1,4.0,0
2018,11,GO,0,1,4,2,33,1317.0,0,0,5,7,23,1,8.0,0
2018,9,GO,0,1,4,4,44,1583.0,0,0,9,7,30,1,2.0,0
2018,11,GO,0,1,4,8,44,1030.0,0,0,7,7,23,1,8.0,0
2019,11,GO,0,1,4,1,44,2753.0,0,0,7,7,44,1,9.0,0
2018,5,GO,0,1,4,7,44,1018.0,0,0,5,5,60,0,8.0,0
2019,3,GO,0,1,4,3,44,1123.0,0,0,5,7,37,1,8.0,0
2019,6,GO,0,1,4,1,44,1134.0,0,0,7,7,27,1,8.0,0
2019,5,GO,0,1,4,2,44,3168.0,0,0,2,9,27,1,8.0,0
2019,3,GO,0,1,4,4,44,1018.0,0,0,5,6,60,0,2.0,0
2018,6,GO,0,1,5,5,44,1023.0,0,0,4,7,20,1,8.0,0
2019,9,GO,0,1,6,7,44,1943.0,0,0,1,9,31,0,8.0,0
2018,7,GO,0,1,6,7,44,1409.0,0,0,7,7,52,1,2.0,0
2018,2,GO,0,1,11,3,44,1321.0,0,0,5,6,23,1,8.0,0
2019,10,GO,0,1,11,6,44,1060.0,0,0,5,7,33,0,8.0,0
2019,1,GO,0,1,11,8,44,1032.0,0,0,4,8,24,0,2.0,0
2018,9,GO,0,1,11,4,44,1697.0,0,0,5,7,23,1,8.0,0
2018,12,GO,0,1,11,6,44,1264.0,0,0,7,2,24,1,4.0,0
2018,9,GO,1,1,25,7,44,1089.0,0,0,5,6,25,1,8.0,1
2019,9,GO,0,1,43,2,44,1909.0,0,0,7,7,39,1,9.0,0
2018,9,GO,0,1,43,1,44,1296.0,0,0,7,7,27,1,9.0,0
2018,12,GO,0,1,4,1,44,1366.0,0,0,7,5,39,1,8.0,0
2019,2,GO,0,1,4,4,44,1100.0,0,0,7,4,37,0,8.0,0
2019,1,GO,1,1,2,2,44,998.0,0,0,4,9,21,0,9.0,1
2019,4,GO,0,1,11,5,44,1752.0,0,0,7,4,40,1,8.0,0
2019,11,GO,1,1,25,1,44,1800.0,0,0,7,7,22,1,8.0,1
2019,8,GO,1,1,2,4,44,1023.0,0,0,7,7,28,0,4.0,1
2018,2,GO,1,1,2,5,44,1100.0,0,0,4,7,28,0,8.0,1
2019,4,GO,1,1,2,1,44,1400.0,0,0,7,7,22,1,4.0,1
2019,9,GO,1,1,2,1,44,998.0,0,0,4,6,26,0,9.0,1
2018,11,GO,0,1,4,5,44,954.0,0,0,5,5,35,1,9.0,0
2018,8,GO,1,1,2,1,44,1366.0,0,0,7,7,27,1,2.0,1
2018,12,GO,0,1,6,2,44,954.0,0,0,7,3,29,0,8.0,0
2019,4,GO,1,3,1,3,44,1950.0,0,0,5,3,44,1,2.0,1
2018,8,GO,0,3,4,1,44,1136.0,0,0,6,2,54,1,2.0,0
2018,9,GO,1,1,2,1,33,954.0,0,0,5,7,21,1,2.0,1
2018,10,GO,1,1,2,5,44,1500.0,0,0,7,7,32,1,2.0,1
2018,8,GO,1,1,1,9,40,954.0,1,0,4,7,20,1,8.0,1
2018,8,GO,1,1,1,9,40,954.0,1,0,4,7,20,1,8.0,1
2018,12,GO,0,1,4,6,44,1120.0,0,0,5,7,38,0,8.0,0
2018,2,GO,1,1,2,1,44,1277.0,0,0,8,7,34,1,2.0,1
2018,1,GO,1,1,2,1,44,1500.0,0,0,5,7,33,0,8.0,1
2018,12,GO,1,1,2,5,44,1150.0,0,0,5,4,31,1,8.0,1
2018,6,GO,1,3,2,4,44,954.0,0,0,4,6,45,0,2.0,1
2019,3,GO,1,1,2,1,44,998.0,0,0,7,7,18,1,9.0,1
2019,5,GO,1,1,2,4,44,1274.0,0,0,5,7,28,1,8.0,1
2018,1,GO,1,1,2,4,44,1781.0,0,0,4,7,29,0,2.0,1
2019,2,GO,0,1,4,5,44,1321.0,0,0,5,4,25,0,8.0,0
2019,10,GO,0,1,4,4,44,2893.0,0,0,2,9,34,0,2.0,0
2018,2,GO,0,1,4,3,44,1012.0,0,0,5,7,36,1,8.0,0
2018,12,GO,0,3,6,1,44,1000.0,0,0,6,7,23,1,8.0,0
2018,4,GO,1,1,2,1,44,954.0,0,0,4,9,34,1,8.0,1
2018,4,GO,1,3,2,1,44,0.0,0,0,6,6,20,1,8.0,1
2019,8,GO,1,1,2,1,44,2000.0,0,0,3,5,33,1,9.0,1
2018,3,GO,1,3,2,1,36,954.0,0,0,7,5,32,1,8.0,1
2019,8,GO,0,1,4,2,44,1585.0,0,0,7,7,22,1,2.0,0
2018,8,GO,1,1,1,5,20,1708.0,0,0,2,9,27,0,8.0,1
2018,5,GO,1,1,2,1,44,954.0,0,0,2,7,29,0,9.0,1
2018,9,GO,1,1,2,5,30,957.0,0,0,3,9,29,0,2.0,1
2019,1,GO,0,1,4,1,44,4823.0,0,0,2,9,41,0,2.0,0
2018,6,GO,0,1,4,2,44,1092.0,0,0,5,7,47,0,2.0,0
2019,7,GO,0,1,4,2,44,1061.0,0,0,5,7,39,0,2.0,0
2019,10,GO,0,1,4,2,44,1650.0,0,0,9,7,37,1,2.0,0
2019,10,GO,0,1,11,1,44,1117.0,0,0,7,4,29,1,8.0,0
2018,1,GO,0,1,33,5,44,1312.0,0,0,7,7,35,1,4.0,0
2019,5,GO,1,1,2,1,44,998.0,0,0,5,7,19,1,2.0,1
2019,10,GO,1,1,2,3,20,454.0,0,0,5,7,20,1,2.0,1
2018,2,GO,0,1,4,1,44,1100.0,0,0,3,7,35,0,8.0,0
2018,9,GO,0,1,43,2,44,1580.0,0,0,6,7,56,1,8.0,0
2018,5,GO,1,1,2,5,44,1020.0,0,0,5,7,23,1,2.0,1
2018,10,GO,0,3,6,1,44,954.0,0,0,6,2,48,1,4.0,0
2018,8,GO,1,1,1,4,44,1270.0,0,0,5,4,39,0,2.0,1
2018,7,GO,1,3,1,1,44,954.0,0,0,6,3,21,1,4.0,1
2019,6,GO,1,1,2,3,22,1732.0,0,0,3,7,43,1,9.0,1
2018,3,GO,1,3,2,2,44,402.0,0,0,6,5,47,1,8.0,1
2018,4,GO,1,3,2,8,44,954.0,0,0,6,1,47,1,8.0,1
2018,4,GO,1,3,2,4,44,2263.0,0,0,6,5,31,1,9.0,1
2019,4,GO,1,1,2,1,44,1250.0,0,0,5,7,24,0,9.0,1
2018,4,GO,1,3,2,8,44,954.0,0,0,6,1,47,1,8.0,1
2018,12,GO,0,1,4,1,44,970.0,0,0,6,6,22,0,8.0,0
2019,10,GO,0,1,4,8,44,1545.0,0,0,5,2,24,1,8.0,0
2018,2,GO,0,1,4,1,44,1686.0,0,0,9,4,23,1,8.0,0
2018,10,GO,0,3,4,8,44,954.0,0,0,6,2,36,1,4.0,0
2018,11,GO,0,3,4,6,44,1349.0,0,0,6,4,24,1,2.0,0
2018,12,GO,0,1,4,1,44,970.0,0,0,6,6,22,0,8.0,0
2019,7,GO,0,3,4,2,44,3992.0,0,0,4,7,44,0,8.0,0
2018,1,GO,0,1,6,3,44,954.0,0,0,5,7,38,1,2.0,0
2019,12,GO,0,1,6,3,44,1042.0,0,0,4,7,30,0,8.0,0
2018,10,GO,0,3,11,4,44,1829.0,0,0,6,7,41,1,8.0,0
2018,7,GO,1,3,25,8,44,954.0,0,0,6,6,28,1,8.0,1
2019,6,GO,0,3,4,2,44,1996.0,0,0,6,5,58,1,8.0,0
2018,1,GO,0,1,4,9,44,1105.0,0,0,6,7,46,0,9.0,0
2019,12,GO,0,1,4,9,44,1837.0,0,0,8,7,25,1,2.0,0
2018,12,GO,1,1,25,1,44,1541.0,0,0,4,9,35,0,8.0,1
2018,9,GO,1,3,1,1,44,954.0,0,0,6,5,33,1,2.0,1
2018,12,GO,1,1,2,1,44,1056.0,0,0,5,7,42,0,9.0,1
2018,11,GO,0,1,4,3,44,1155.0,0,0,5,7,37,1,8.0,0
2018,1,GO,0,1,11,7,44,1095.0,0,0,6,1,42,1,8.0,0
2018,1,GO,0,1,11,7,44,1095.0,0,0,6,1,42,1,8.0,0
2018,10,GO,1,1,25,7,44,1045.0,0,0,6,6,33,0,8.0,1
2018,10,GO,1,1,25,7,44,1045.0,0,0,6,6,33,0,8.0,1
2018,10,GO,1,1,25,7,44,1045.0,0,0,6,6,33,0,8.0,1
2018,10,GO,1,1,25,7,44,1045.0,0,0,6,6,33,0,8.0,1
2018,10,GO,1,1,25,7,44,1045.0,0,0,6,6,33,0,8.0,1
2019,6,GO,0,1,43,5,44,1585.0,0,0,6,6,28,0,8.0,0
2019,6,GO,0,1,43,5,44,1045.0,0,0,6,4,23,1,8.0,0
2019,5,GO,0,1,43,5,44,1045.0,0,1,6,6,46,0,4.0,0
2019,8,GO,1,1,25,7,44,1088.0,0,0,9,3,29,1,8.0,1
2018,11,GO,1,1,2,1,37,1100.0,0,0,4,3,31,0,4.0,1
2018,2,GO,1,1,2,1,44,954.0,0,0,5,7,22,0,8.0,1
2018,1,GO,1,1,2,8,44,1669.0,0,0,7,7,44,1,2.0,1
2018,12,GO,1,1,2,2,44,954.0,0,0,5,7,28,0,8.0,1
2018,1,GO,0,1,4,9,44,1010.0,0,0,7,2,28,1,2.0,0
2019,12,GO,0,1,4,3,44,1996.0,0,0,4,9,38,1,8.0,0
2019,5,GO,0,1,6,1,43,998.0,0,0,5,7,20,0,9.0,0
2019,7,GO,0,1,6,8,44,1119.0,0,0,6,8,22,1,2.0,0
2019,8,GO,0,1,6,6,44,1352.0,0,0,7,7,32,0,8.0,0
2019,8,GO,0,1,6,1,44,998.0,0,0,5,7,23,0,9.0,0
2018,6,GO,0,1,11,8,30,650.0,1,0,7,8,20,0,8.0,0
2018,6,GO,0,1,11,8,30,650.0,1,0,7,8,20,0,8.0,0
2019,2,GO,1,1,25,1,44,2032.0,0,0,9,7,49,1,9.0,1
2019,4,GO,1,1,25,2,44,1038.0,0,0,7,7,39,1,8.0,1
2019,6,GO,1,1,25,8,44,1108.0,0,0,4,7,18,0,8.0,1
2019,9,GO,0,1,43,7,44,1119.0,0,0,6,2,48,1,8.0,0
2019,6,GO,0,1,33,5,44,998.0,0,0,9,7,20,1,8.0,0
2019,7,GO,1,1,1,2,44,998.0,0,0,5,7,42,0,8.0,1
2019,5,GO,1,1,1,8,20,495.0,1,0,4,4,15,1,4.0,1
2019,8,GO,1,1,1,9,30,2500.0,0,0,3,9,47,0,8.0,1
2018,8,GO,1,1,1,1,44,6000.0,0,0,1,7,21,1,8.0,1
2018,11,GO,1,1,1,9,30,672.0,1,0,4,6,16,1,8.0,1
2019,10,GO,1,1,1,6,20,489.0,1,0,4,6,15,0,4.0,1
2019,5,GO,1,1,1,1,44,1050.0,0,0,5,9,26,0,8.0,1
2019,12,GO,1,1,1,9,36,1039.0,0,0,4,7,27,0,8.0,1
2019,6,GO,1,1,1,1,26,825.0,0,0,5,7,23,1,2.0,1
2018,8,GO,1,1,2,4,44,954.0,0,0,4,7,31,0,9.0,1
2018,12,GO,1,1,2,3,44,1300.0,0,0,2,7,22,1,2.0,1
2019,5,GO,1,1,2,3,44,1150.0,0,0,5,7,36,1,9.0,1
2018,11,GO,1,1,2,3,44,1013.0,0,0,5,7,29,1,2.0,1
2019,7,GO,1,1,2,5,44,1623.0,0,0,7,5,39,1,8.0,1
2018,9,GO,1,1,2,4,44,3500.0,0,0,2,9,35,0,2.0,1
2019,10,GO,1,1,2,6,44,3050.0,0,0,3,8,41,0,2.0,1
2018,11,GO,1,1,2,1,44,1015.0,0,0,5,7,25,1,8.0,1
2019,8,GO,1,1,2,4,20,469.0,1,0,4,6,16,0,8.0,1
2018,11,GO,1,1,2,3,44,1218.0,0,0,5,7,23,0,8.0,1
2019,1,GO,1,1,2,4,44,1150.0,0,0,5,4,44,1,8.0,1
2019,10,GO,1,1,2,6,44,1570.0,0,0,7,4,62,1,8.0,1
2019,9,GO,1,1,2,1,44,1500.0,0,0,5,7,24,1,8.0,1
2018,2,GO,1,1,2,5,44,1562.0,0,0,4,7,25,0,8.0,1
2019,1,GO,1,1,2,8,44,1123.0,0,0,5,7,26,1,8.0,1
2019,1,GO,1,1,2,5,44,1152.0,0,0,3,7,18,1,2.0,1
2018,2,GO,1,1,2,2,44,954.0,0,0,4,7,25,0,8.0,1
2019,2,GO,1,1,2,1,44,1700.0,0,0,4,9,32,1,2.0,1
2019,1,GO,1,3,2,3,44,998.0,0,0,5,5,34,0,4.0,1
2018,2,GO,1,1,2,7,44,1153.0,0,0,7,7,20,1,8.0,1
2018,8,GO,1,1,2,1,44,1100.0,0,0,5,6,18,0,8.0,1
2018,9,GO,1,1,2,1,44,954.0,0,0,7,6,21,1,8.0,1
2018,9,GO,1,1,2,2,44,954.0,0,0,5,7,19,1,2.0,1
2019,11,GO,1,1,2,1,44,1018.0,0,0,4,7,22,0,8.0,1
2019,8,GO,1,1,2,5,44,1634.0,0,0,7,5,44,1,8.0,1
2018,10,GO,1,1,2,3,44,1150.0,0,0,5,6,28,0,8.0,1
2018,7,GO,1,1,2,1,40,1270.0,0,0,5,7,32,1,8.0,1
2018,1,GO,1,1,2,9,30,1450.0,0,0,3,7,52,0,8.0,1
2018,9,GO,1,1,2,4,44,1400.0,0,0,8,7,46,1,8.0,1
2019,1,GO,1,1,2,4,44,998.0,0,0,4,7,19,0,9.0,1
2018,7,GO,1,1,2,3,44,1400.0,0,0,4,8,22,1,8.0,1
2018,9,GO,1,1,2,4,44,1100.0,0,0,5,2,46,1,9.0,1
2018,10,GO,1,1,2,5,44,1101.0,0,0,5,7,51,0,2.0,1
2018,5,GO,1,1,2,4,30,1636.0,0,0,4,9,43,0,8.0,1
2019,12,GO,1,1,2,6,44,2304.0,0,0,5,7,41,0,8.0,1
2018,4,GO,1,1,2,3,44,1013.0,0,0,4,8,29,1,8.0,1
2019,7,GO,1,1,2,5,44,5890.0,0,0,3,9,27,1,2.0,1
2019,12,GO,1,1,2,6,35,1260.0,0,0,3,7,33,1,8.0,1
2019,5,GO,1,1,2,5,20,941.0,0,0,5,7,21,1,2.0,1
2019,12,GO,1,1,2,2,44,1307.0,0,0,7,7,41,1,8.0,1
2018,2,GO,1,1,2,7,44,1679.0,0,0,9,7,38,1,8.0,1
2019,6,GO,1,1,2,3,44,1500.0,0,0,7,9,38,1,8.0,1
2018,9,GO,1,1,2,2,44,1268.0,0,0,5,7,24,0,8.0,1
2019,6,GO,1,1,2,4,44,2648.0,0,0,7,2,38,1,8.0,1
2019,12,GO,1,1,2,3,44,1188.0,0,0,5,8,25,1,4.0,1
2018,3,GO,1,1,2,4,44,981.0,0,0,7,3,29,1,8.0,1
2018,7,GO,1,1,2,8,43,1052.0,0,0,7,7,29,1,8.0,1
2019,1,GO,1,1,2,4,44,1000.0,0,0,5,7,43,0,9.0,1
2019,7,GO,1,1,2,1,44,1100.0,0,0,7,7,43,0,8.0,1
2018,3,GO,1,1,2,1,44,1000.0,0,0,4,7,35,1,8.0,1
2018,10,GO,1,1,2,3,44,1150.0,0,0,5,6,28,0,8.0,1
2019,3,GO,1,1,2,1,44,1150.0,0,0,5,7,50,1,2.0,1
2018,3,GO,1,1,2,2,44,1018.0,0,0,7,7,26,1,8.0,1
2018,1,GO,1,1,2,3,44,954.0,0,0,4,6,27,0,2.0,1
2018,3,GO,1,1,2,1,44,1013.0,0,0,5,7,44,0,8.0,1
2018,10,GO,1,1,2,2,44,1300.0,0,0,5,5,26,1,2.0,1
2018,6,GO,1,1,2,4,44,1200.0,0,0,5,7,34,0,9.0,1
2018,7,GO,1,1,2,8,43,1052.0,0,0,7,7,29,1,8.0,1
2019,6,GO,1,1,2,1,44,1018.0,0,0,7,4,25,1,9.0,1
2019,12,GO,1,1,2,2,44,1600.0,0,0,3,7,27,1,2.0,1
2018,12,GO,1,1,2,1,44,1144.0,0,0,4,7,23,0,2.0,1
2019,1,GO,1,1,2,1,44,1416.0,0,0,7,5,44,1,8.0,1
2019,1,GO,1,1,2,4,44,3370.0,0,0,2,9,40,1,8.0,1
2018,7,GO,1,1,2,1,44,1013.0,0,0,5,7,38,1,9.0,1
2019,4,GO,1,1,2,1,44,1400.0,0,0,8,7,48,1,9.0,1
2018,1,GO,1,1,2,4,44,1559.0,0,0,7,5,29,1,8.0,1
2018,3,GO,1,1,2,1,44,1089.0,0,0,5,7,25,1,2.0,1
2018,2,GO,1,3,2,4,44,1559.0,0,0,7,7,31,1,4.0,1
2019,9,GO,1,1,2,7,44,1296.0,0,0,5,7,48,1,2.0,1
2019,8,GO,1,1,2,6,38,1060.0,0,0,4,7,40,0,8.0,1
2019,7,GO,1,1,2,4,44,1060.0,0,0,5,7,50,1,9.0,1
2019,9,GO,1,1,2,1,44,1500.0,0,0,3,7,24,1,8.0,1
2018,8,GO,1,1,2,1,44,1559.0,0,0,7,7,39,1,8.0,1
2018,1,GO,1,1,2,1,44,1060.0,0,0,5,7,36,0,8.0,1
2019,3,GO,1,1,2,3,44,1800.0,0,0,7,7,47,1,8.0,1
2018,11,GO,1,1,2,1,44,995.0,0,0,5,7,40,0,8.0,1
2018,10,GO,1,1,2,6,44,1268.0,0,0,5,7,22,1,4.0,1
2018,11,GO,1,1,2,1,44,1880.0,0,0,3,6,30,1,2.0,1
2018,4,GO,1,1,2,9,44,1018.0,0,0,5,5,42,1,8.0,1
2019,6,GO,1,1,2,5,33,1060.0,0,0,5,7,27,1,4.0,1
2019,2,GO,1,1,2,3,40,1008.0,0,0,5,7,48,0,8.0,1
2019,10,GO,1,1,2,1,44,1060.0,0,0,4,7,24,0,8.0,1
2019,4,GO,1,1,2,4,44,1297.0,0,0,5,5,22,0,9.0,1
2018,1,GO,1,1,2,2,44,1021.0,0,0,2,7,29,0,9.0,1
2018,7,GO,1,1,2,4,44,1068.0,0,0,4,7,23,0,8.0,1
2019,7,GO,1,1,2,1,44,3500.0,0,0,1,9,29,1,9.0,1
2019,12,GO,1,1,2,2,31,1048.0,0,0,3,9,22,0,6.0,1
2019,12,GO,1,1,2,1,44,1188.0,0,0,5,4,28,1,8.0,1
2019,11,GO,1,1,2,3,44,1172.0,0,0,5,5,31,0,8.0,1
2018,10,GO,1,1,2,4,44,1466.0,0,0,5,4,22,1,4.0,1
2019,5,GO,1,1,2,6,30,1550.0,0,0,3,7,31,0,2.0,1
2018,8,GO,1,1,2,1,44,1500.0,0,0,3,2,32,1,8.0,1
2018,2,GO,1,3,2,1,44,1000.0,0,0,5,7,22,1,8.0,1
2018,6,GO,1,1,2,6,44,1514.0,0,0,4,7,32,0,8.0,1
2019,11,GO,1,1,2,7,44,1025.0,0,0,7,7,21,0,8.0,1
2019,1,GO,1,1,2,6,44,10000.0,0,0,2,9,30,1,8.0,1
2019,2,GO,1,1,2,4,40,2375.0,0,0,2,9,30,0,8.0,1
2018,6,GO,1,1,2,4,44,1234.0,0,0,5,7,18,1,2.0,1
2018,1,GO,1,1,2,2,44,1908.0,0,0,5,7,28,1,8.0,1
2019,3,GO,1,1,2,1,44,1300.0,0,0,8,7,21,1,8.0,1
2019,8,GO,1,1,2,4,44,1173.0,0,0,5,7,25,1,9.0,1
2018,12,GO,1,1,2,5,44,1017.0,0,0,4,9,31,0,8.0,1
2018,8,GO,1,1,2,1,44,1500.0,0,0,4,7,29,0,2.0,1
2019,4,GO,1,1,2,1,44,1060.0,0,0,5,5,32,0,8.0,1
2018,10,GO,1,1,2,3,44,1405.0,0,0,8,7,26,1,9.0,1
2018,3,GO,1,1,2,4,44,1118.0,0,0,5,7,20,1,6.0,1
2018,2,GO,1,1,2,2,44,995.0,0,0,4,7,52,0,2.0,1
2018,2,GO,1,1,2,2,44,2500.0,0,0,4,7,38,0,8.0,1
2019,4,GO,1,1,2,6,36,1219.0,0,0,3,7,34,0,8.0,1
2018,2,GO,1,1,2,1,44,954.0,0,0,7,6,56,1,8.0,1
2019,2,GO,1,1,2,1,44,1150.0,0,0,5,7,29,0,8.0,1
2019,4,GO,1,1,2,6,44,1830.0,0,0,5,7,25,1,2.0,1
2018,11,GO,1,1,2,1,44,1050.0,0,0,4,7,25,0,2.0,1
2019,11,GO,1,1,2,5,36,1137.0,0,0,4,7,22,1,8.0,1
2019,9,GO,1,1,2,6,44,998.0,0,0,7,7,40,1,4.0,1
2018,3,GO,1,1,2,9,44,1018.0,0,0,5,6,33,0,9.0,1
2018,7,GO,1,1,2,1,44,1020.0,0,0,2,8,24,0,2.0,1
2019,9,GO,1,1,2,1,44,1315.0,0,0,5,7,40,0,2.0,1
2018,11,GO,1,1,2,2,44,1262.0,0,0,7,5,43,1,8.0,1
2019,5,GO,1,1,2,1,44,1100.0,0,0,5,7,44,1,8.0,1
2019,11,GO,1,1,2,1,44,998.0,0,0,5,7,25,1,8.0,1
2018,7,GO,1,1,2,1,44,2000.0,0,0,3,7,36,0,8.0,1
2019,4,GO,1,3,2,5,44,1623.0,0,0,7,5,33,1,8.0,1
2018,8,GO,1,1,2,2,44,1000.0,0,0,4,7,25,0,2.0,1
2018,3,GO,1,1,2,9,44,1018.0,0,0,4,6,29,0,9.0,1
2018,3,GO,1,1,2,1,44,1127.0,0,0,5,7,22,1,8.0,1
2019,10,GO,1,1,2,1,44,1170.0,0,0,5,7,30,1,9.0,1
2018,11,GO,1,1,2,1,44,1200.0,0,0,5,7,23,0,9.0,1
2018,6,GO,1,1,2,6,44,1865.0,0,0,4,7,37,1,9.0,1
2018,9,GO,1,1,2,6,36,1130.0,0,0,5,7,35,1,8.0,1
2018,7,GO,1,1,2,1,44,1013.0,0,0,4,8,19,1,8.0,1
2018,8,GO,1,1,2,4,44,1300.0,0,0,4,9,30,0,9.0,1
2019,7,GO,1,1,2,3,44,1060.0,0,0,5,7,45,1,2.0,1
2018,2,GO,1,1,2,2,44,739.0,0,0,5,7,23,0,2.0,1
2018,9,GO,1,1,2,1,36,1015.0,0,0,5,7,24,1,9.0,1
2019,4,GO,1,1,2,1,44,1430.0,0,0,7,5,48,1,8.0,1
2018,4,GO,1,1,2,4,44,986.0,0,0,5,7,36,0,2.0,1
2018,9,GO,1,1,2,2,44,4800.0,0,0,1,7,45,1,2.0,1
2019,7,GO,1,1,2,7,34,1300.0,0,0,4,7,21,0,9.0,1
2018,1,GO,1,1,2,6,44,1524.0,0,0,7,7,33,1,2.0,1
2018,11,GO,1,1,2,2,44,1082.0,0,0,4,7,21,0,8.0,1
2018,3,GO,1,1,2,3,44,954.0,0,0,3,8,29,1,8.0,1
2019,11,GO,1,1,2,1,44,1669.0,0,0,7,3,28,1,8.0,1
2019,6,GO,0,1,4,4,44,1156.0,0,0,7,7,56,1,9.0,0
2019,5,GO,0,1,4,4,44,1151.0,0,0,7,6,53,0,9.0,0
2019,12,GO,0,1,4,7,44,1060.0,0,0,5,7,26,1,8.0,0
2018,10,GO,0,1,4,7,44,1597.0,0,0,4,9,48,1,8.0,0
2018,1,GO,0,1,4,4,44,1559.0,0,0,7,4,64,1,8.0,0
2019,6,GO,0,1,4,7,36,1412.0,0,0,3,7,38,0,8.0,0
2019,7,GO,0,1,4,7,44,1017.0,0,0,4,7,25,0,8.0,0
2018,6,GO,0,3,4,5,44,1559.0,0,0,7,3,33,1,8.0,0
2018,3,GO,0,1,4,4,44,1092.0,0,0,5,7,21,0,9.0,0
2019,9,GO,0,1,4,2,42,1300.0,0,0,5,7,32,0,2.0,0
2018,3,GO,0,1,4,1,40,1036.0,0,0,5,4,56,0,9.0,0
2019,5,GO,0,1,4,3,36,0.0,0,0,5,7,34,1,2.0,0
2019,2,GO,0,1,4,2,44,1013.0,0,0,5,7,56,1,8.0,0
2019,3,GO,0,1,4,2,44,1013.0,0,0,4,7,25,0,9.0,0
2019,3,GO,0,1,4,4,44,1197.0,0,0,5,6,30,1,2.0,0
2019,6,GO,0,1,4,4,44,1407.0,0,0,7,7,39,1,2.0,0
2018,2,GO,0,1,4,5,44,1036.0,0,0,4,7,21,1,9.0,0
2019,10,GO,0,1,4,4,44,1060.0,0,0,5,7,37,1,9.0,0
2019,11,GO,0,1,4,1,44,1060.0,0,0,4,7,23,1,8.0,0
2018,1,GO,0,1,4,2,44,1092.0,0,0,5,7,40,1,2.0,0
2018,12,GO,0,1,4,6,44,2079.0,0,0,7,2,56,1,9.0,0
2018,5,GO,0,1,4,5,44,1359.0,0,0,4,7,20,1,8.0,0
2019,1,GO,0,1,4,3,44,1832.0,0,0,8,7,32,1,8.0,0
2019,8,GO,0,1,4,3,44,2709.0,0,0,9,7,29,1,6.0,0
2019,10,GO,0,1,4,1,44,1036.0,0,0,7,2,28,1,8.0,0
2019,10,GO,0,3,4,4,44,1623.0,0,0,4,8,33,1,8.0,0
2018,12,GO,0,1,4,1,44,1324.0,0,0,4,7,32,1,8.0,0
2018,12,GO,0,1,4,9,40,1075.0,0,0,5,7,22,1,8.0,0
2019,3,GO,0,1,4,1,44,1837.0,0,0,3,7,44,1,2.0,0
2018,8,GO,0,1,4,2,44,1013.0,0,0,4,7,31,1,9.0,0
2018,8,GO,0,1,4,3,44,954.0,0,0,7,7,21,1,8.0,0
2019,11,GO,0,1,4,4,44,1347.0,0,0,7,7,21,1,9.0,0
2018,3,GO,0,1,4,2,44,1100.0,0,0,5,7,22,1,8.0,0
2019,8,GO,0,1,4,3,44,1060.0,0,0,5,2,26,1,2.0,0
2018,11,GO,0,1,4,7,40,3041.0,0,0,2,9,50,1,2.0,0
2018,2,GO,0,1,4,5,44,1213.0,0,0,7,6,31,1,8.0,0
2019,4,GO,0,1,4,5,44,1028.0,0,0,4,5,40,1,8.0,0
2019,12,GO,0,1,4,5,44,3919.0,0,0,7,7,42,1,8.0,0
2018,6,GO,0,1,4,3,36,1100.0,0,0,4,7,25,0,8.0,0
2019,6,GO,0,1,4,1,44,1800.0,0,0,1,9,29,0,8.0,0
2019,2,GO,0,1,4,7,44,1138.0,0,0,6,2,44,1,2.0,0
2018,4,GO,0,1,4,6,44,954.0,0,0,7,7,18,1,9.0,0
2018,10,GO,0,1,4,2,44,1035.0,0,0,2,7,34,0,9.0,0
2018,2,GO,0,1,4,8,44,1361.0,0,0,5,7,25,1,8.0,0
2019,11,GO,0,1,4,4,44,1306.0,0,0,7,7,51,1,8.0,0
2019,9,GO,0,1,4,1,44,1360.0,0,0,5,7,35,1,8.0,0
2019,12,GO,0,1,4,1,44,998.0,0,0,5,7,33,0,2.0,0
2018,2,GO,0,3,4,2,44,4060.0,0,0,7,4,41,1,9.0,0
2019,6,GO,0,1,4,4,44,1301.0,0,0,7,7,43,1,6.0,0
2019,3,GO,0,1,4,3,44,1165.0,0,0,7,7,28,1,2.0,0
2018,2,GO,0,1,4,4,44,1534.0,0,0,7,7,40,1,2.0,0
2019,5,GO,0,1,4,1,44,1060.0,0,0,4,7,28,0,9.0,0
2019,6,GO,0,1,4,5,44,3542.0,0,0,7,7,36,1,8.0,0
2018,1,GO,0,1,4,8,44,1661.0,0,0,4,7,40,0,9.0,0
2018,2,GO,0,1,4,1,44,1522.0,0,0,7,7,44,1,8.0,0
2019,8,GO,0,1,4,5,44,0.0,0,0,2,9,30,0,8.0,0
2018,8,GO,0,1,4,1,44,1054.0,0,0,2,7,31,0,2.0,0
2018,4,GO,0,1,4,7,36,1123.0,0,0,5,7,31,0,8.0,0
2019,11,GO,0,1,4,9,44,1408.0,0,0,5,7,35,1,8.0,0
2019,9,GO,0,1,4,6,44,1037.0,0,0,7,2,45,1,8.0,0
2019,6,GO,0,1,4,3,44,1300.0,0,0,4,7,24,1,8.0,0
2019,5,GO,0,1,4,2,44,1038.0,0,0,7,6,20,1,9.0,0
2019,12,GO,0,1,4,4,44,1060.0,0,0,5,2,42,1,2.0,0
2018,12,GO,0,1,4,4,44,1040.0,0,0,5,7,32,1,8.0,0
2018,11,GO,0,1,4,1,44,1559.0,0,0,7,4,54,1,2.0,0
2019,11,GO,0,1,4,6,44,1570.0,0,0,7,5,54,1,8.0,0
2019,2,GO,0,1,4,1,44,1150.0,0,0,5,9,40,0,4.0,0
2018,3,GO,0,1,4,1,40,1036.0,0,0,6,2,56,1,9.0,0
2018,6,GO,0,1,4,1,40,1986.0,0,0,4,7,54,1,9.0,0
2019,5,GO,0,1,4,2,41,1717.0,0,0,7,7,41,1,2.0,0
2019,11,GO,0,1,4,6,44,1170.0,0,0,5,7,45,1,8.0,0
2019,3,GO,0,1,4,3,44,1128.0,0,0,5,7,25,0,9.0,0
2018,5,GO,0,1,5,2,44,2546.0,0,0,5,7,38,1,8.0,0
2018,7,GO,0,1,5,9,36,954.0,0,0,4,7,20,1,8.0,0
2018,8,GO,0,1,5,5,44,1565.0,0,0,5,5,32,1,8.0,0
2018,2,GO,0,1,6,1,44,954.0,0,0,5,7,19,0,2.0,0
2019,10,GO,0,1,6,2,44,1130.0,0,0,5,9,30,0,9.0,0
2019,6,GO,0,1,6,5,44,3296.0,0,0,8,7,29,1,9.0,0
2018,5,GO,0,1,6,7,44,990.0,0,0,7,7,32,1,2.0,0
2019,3,GO,0,1,6,5,36,1146.0,0,0,6,5,44,1,8.0,0
2018,12,GO,0,1,6,1,44,1220.0,0,0,5,7,40,0,8.0,0
2019,12,GO,0,1,6,5,44,1314.0,0,0,4,6,24,0,2.0,0
2018,2,GO,0,1,6,3,44,1013.0,0,0,5,7,33,0,2.0,0
2018,4,GO,0,1,6,3,44,1559.0,0,0,7,5,24,1,2.0,0
2018,4,GO,0,1,6,3,44,1100.0,0,0,5,7,21,1,2.0,0
2019,11,GO,0,1,6,6,40,2074.0,0,0,4,8,22,0,6.0,0
2018,1,GO,0,1,6,3,44,1037.0,0,0,4,7,33,0,8.0,0
2018,5,GO,0,1,6,2,44,1650.0,0,0,7,7,30,1,8.0,0
2018,3,GO,0,1,6,3,42,1210.0,0,0,5,7,24,0,8.0,0
2019,3,GO,0,1,6,3,44,1133.0,0,0,5,5,33,1,8.0,0
2018,11,GO,0,1,6,3,44,510.0,0,0,5,7,24,0,2.0,0
2019,1,GO,0,1,6,8,44,1018.0,0,0,5,7,42,0,8.0,0
2019,10,GO,0,1,6,9,20,469.0,1,0,4,8,21,1,8.0,0
2018,1,GO,0,1,6,9,20,556.0,1,0,4,4,18,1,4.0,0
2019,12,GO,0,1,6,9,36,2150.0,0,0,3,7,25,0,8.0,0
2019,7,GO,0,1,6,1,44,1209.0,0,0,5,5,33,0,9.0,0
2018,2,GO,0,3,6,1,44,954.0,0,0,7,2,35,1,8.0,0
2018,12,GO,0,1,6,1,44,1034.0,0,0,4,7,51,0,8.0,0
2018,7,GO,0,1,6,2,44,1850.0,0,0,7,5,35,1,9.0,0
2018,6,GO,0,1,8,6,30,1630.0,0,0,4,6,19,0,2.0,0
2018,5,GO,0,1,11,9,20,477.0,1,0,4,6,18,0,2.0,0
2018,7,GO,0,3,11,5,44,954.0,0,0,7,4,28,0,8.0,0
2018,5,GO,0,1,11,9,20,477.0,1,0,4,6,18,0,2.0,0
2018,5,GO,0,1,11,9,20,477.0,1,0,4,6,18,0,2.0,0
2019,1,GO,0,1,11,4,43,1310.0,0,0,4,7,38,1,8.0,0
2018,5,GO,0,1,11,9,20,477.0,1,0,4,6,18,0,2.0,0
2018,5,GO,0,1,11,9,20,477.0,1,0,4,6,18,0,2.0,0
2018,4,GO,0,1,11,9,20,667.0,1,0,4,6,17,0,2.0,0
2018,4,GO,0,1,11,9,20,667.0,1,0,4,6,17,0,2.0,0
2019,2,GO,0,1,11,8,44,1055.0,0,0,5,7,21,1,8.0,0
2019,5,GO,0,1,11,1,44,1430.0,0,0,7,5,36,1,8.0,0
2019,11,GO,0,1,11,6,36,1060.0,0,0,5,7,22,1,8.0,0
2018,5,GO,0,1,11,9,20,477.0,1,0,4,6,18,0,2.0,0
2018,12,GO,0,1,11,1,44,1210.0,0,0,5,7,23,1,9.0,0
2018,9,GO,0,1,11,6,44,2148.0,0,0,2,7,49,0,4.0,0
2018,7,GO,0,1,11,8,44,1361.0,0,0,5,7,41,1,2.0,0
2018,5,GO,0,1,11,9,20,477.0,1,0,4,6,18,0,2.0,0
2019,2,GO,0,1,11,9,44,3142.0,0,0,5,7,45,1,8.0,0
2019,10,GO,1,1,25,6,44,1315.0,0,0,5,7,32,1,2.0,1
2019,8,GO,1,1,25,7,40,5000.0,0,0,4,8,41,0,8.0,1
2019,12,GO,0,1,43,1,44,1188.0,0,0,5,7,41,1,2.0,0
2018,5,GO,0,1,33,4,44,1609.0,0,0,5,9,29,1,9.0,0
2018,4,GO,1,1,2,4,44,954.0,0,0,7,7,21,0,8.0,1
2018,5,GO,1,1,2,4,44,2256.0,0,0,4,9,28,0,8.0,1
2019,10,GO,0,3,4,1,44,998.0,0,0,6,5,45,1,2.0,0
2019,11,GO,1,1,1,4,44,1040.0,0,0,5,6,18,0,8.0,1
2018,2,GO,1,3,2,1,44,1430.0,0,0,6,5,36,1,8.0,1
2018,1,GO,0,1,11,9,44,1218.0,0,0,6,4,28,1,8.0,0
2018,4,GO,1,3,25,2,44,1800.0,0,0,7,7,40,1,4.0,1
2019,12,GO,1,1,2,2,44,1300.0,0,0,7,7,51,1,8.0,1
2018,9,GO,1,3,2,2,44,1600.0,0,0,6,2,57,1,2.0,1
2018,9,GO,1,3,2,2,44,1600.0,0,0,6,2,57,1,2.0,1
2018,1,GO,0,3,4,1,44,1874.0,0,0,6,5,57,1,8.0,0
2019,3,GO,0,1,4,6,44,1458.0,0,0,7,6,19,1,8.0,0
2018,10,GO,0,1,4,6,36,1680.0,0,0,7,6,29,1,8.0,0
2018,11,GO,0,1,11,1,44,1128.0,0,0,4,7,25,0,9.0,0
2019,3,GO,0,3,4,1,44,998.0,0,0,6,7,28,1,8.0,0
2018,8,GO,1,1,1,1,44,1500.0,0,0,7,2,63,1,8.0,1
2018,10,GO,1,1,2,1,44,975.0,0,0,5,6,34,0,8.0,1
2019,3,GO,0,1,4,7,44,1070.0,0,0,7,7,38,1,8.0,0
2018,4,GO,1,1,25,5,44,1268.0,0,0,7,7,33,1,8.0,1
2018,1,GO,1,1,1,5,22,477.0,1,0,4,6,17,1,2.0,1
2018,3,GO,1,1,2,1,44,1018.0,0,0,5,4,25,1,2.0,1
2019,1,GO,1,1,2,2,44,1269.0,0,0,7,4,40,1,8.0,1
2018,7,GO,1,1,2,5,44,1018.0,0,0,7,7,36,1,9.0,1
2018,2,GO,0,1,4,2,44,954.0,0,0,7,7,50,1,2.0,0
2019,2,GO,0,3,5,6,44,998.0,0,0,6,4,27,0,8.0,0
2018,9,GO,0,1,6,5,44,999.0,0,0,7,4,33,0,2.0,0
2018,10,GO,0,1,11,7,44,1077.0,0,0,6,5,56,1,8.0,0
2018,12,GO,0,1,4,3,44,954.0,0,0,5,6,21,1,9.0,0
2018,5,GO,0,1,11,6,36,954.0,0,0,7,7,22,1,4.0,0
2018,8,GO,0,3,11,5,44,1329.0,0,0,6,4,31,1,2.0,0
2019,2,GO,1,1,1,1,44,998.0,0,0,6,5,29,1,8.0,1
2018,9,GO,1,3,2,1,44,954.0,0,0,6,2,36,1,4.0,1
2019,8,GO,1,1,2,1,44,998.0,0,0,5,4,39,0,8.0,1
2018,9,GO,1,1,2,1,44,954.0,0,0,5,7,28,0,8.0,1
2018,1,GO,1,3,2,4,44,2140.0,0,0,6,5,31,1,8.0,1
2019,10,GO,0,1,4,1,44,1366.0,0,0,7,7,38,1,8.0,0
2018,6,GO,0,1,4,9,44,1031.0,0,0,7,2,28,1,8.0,0
2018,10,GO,0,1,6,1,44,1112.0,0,0,7,7,47,1,8.0,0
2019,6,GO,0,1,6,3,44,998.0,0,0,7,6,27,1,8.0,0
2018,1,GO,0,1,11,4,44,1601.0,0,0,6,5,24,1,8.0,0
2018,8,GO,1,3,1,1,44,954.0,0,0,6,6,19,1,8.0,1
2018,4,GO,1,1,2,5,44,964.0,0,0,8,5,22,1,9.0,1
2018,10,GO,0,1,11,8,44,1077.0,0,0,6,7,29,1,4.0,0
2019,2,GO,0,3,4,1,44,1996.0,0,0,6,3,44,1,8.0,0
2018,12,GO,1,1,2,1,44,954.0,0,0,4,7,22,0,2.0,1
2018,3,GO,0,3,4,1,44,954.0,0,0,6,2,29,1,2.0,0
2018,8,GO,0,3,6,1,44,2000.0,0,0,6,5,40,1,2.0,0
2018,11,GO,1,1,2,6,44,1006.0,0,0,4,4,43,0,8.0,1
2018,3,GO,1,1,2,6,44,981.0,0,0,4,6,29,0,2.0,1
2019,9,GO,1,1,2,1,38,1040.0,0,0,5,7,42,0,8.0,1
2018,12,GO,1,1,2,6,44,1081.0,0,0,5,4,33,0,8.0,1
2018,7,GO,1,1,2,5,40,1018.0,0,0,5,7,21,1,2.0,1
2018,4,GO,1,1,2,4,44,1100.0,0,0,6,3,35,1,2.0,1
2018,9,GO,1,1,2,3,44,1144.0,0,0,7,6,21,1,2.0,1
2018,6,GO,1,1,2,6,44,3072.0,0,0,3,9,27,1,8.0,1
2018,10,GO,0,1,4,4,40,1220.0,0,0,6,7,58,1,8.0,0
2018,5,GO,0,3,4,1,44,954.0,0,0,5,6,42,0,2.0,0
2019,1,GO,0,1,4,2,44,1122.0,0,0,5,6,44,0,9.0,0
2018,12,GO,0,1,4,5,36,2359.0,0,0,4,5,42,1,2.0,0
2018,11,GO,0,1,4,1,36,1485.0,0,0,8,7,22,1,4.0,0
2018,3,GO,0,1,4,2,44,1124.0,0,0,4,5,29,0,9.0,0
2019,12,GO,0,1,4,1,44,1394.0,0,0,7,7,47,1,8.0,0
2018,7,GO,0,1,6,9,44,1050.0,0,0,7,7,22,1,8.0,0
2018,5,GO,0,1,6,2,44,954.0,0,0,5,7,60,0,8.0,0
2019,1,GO,0,1,11,9,20,499.0,1,0,4,8,20,1,8.0,0
2018,11,GO,0,1,11,4,44,1414.0,0,0,6,7,25,1,8.0,0
2019,1,GO,0,1,11,9,20,499.0,1,0,4,8,20,1,8.0,0
2019,4,GO,0,1,11,1,44,998.0,0,0,4,7,23,0,9.0,0
2019,1,GO,0,1,11,9,20,499.0,1,0,4,8,20,1,8.0,0
2019,7,GO,0,3,4,1,44,1497.0,0,0,6,7,20,1,8.0,0
2018,3,GO,1,1,2,3,44,954.0,0,0,5,7,24,1,8.0,1
2019,10,GO,1,1,1,3,44,1060.0,0,0,5,7,18,0,8.0,1
2019,10,GO,1,1,1,3,44,1060.0,0,0,5,7,18,0,8.0,1
2018,6,GO,1,3,2,1,44,1908.0,0,0,7,5,43,1,8.0,1
2018,11,GO,1,1,2,4,44,1009.0,0,0,5,7,19,0,4.0,1
2019,8,GO,1,1,2,3,44,998.0,0,0,5,6,19,1,8.0,1
2019,1,GO,1,1,2,2,44,1123.0,0,0,4,8,22,0,4.0,1
2019,5,GO,1,1,2,7,44,8750.0,0,0,3,7,31,1,8.0,1
2018,4,GO,1,3,2,1,44,2612.0,0,0,7,6,36,1,2.0,1
2018,6,GO,0,1,4,3,44,1032.0,0,0,4,7,40,0,8.0,0
2019,9,GO,0,1,4,5,44,998.0,0,0,4,7,31,0,8.0,0
2019,7,GO,0,1,4,5,44,1436.0,0,0,5,8,22,1,4.0,0
2018,2,GO,0,1,4,1,44,2641.0,0,0,2,7,57,1,8.0,0
2019,9,GO,1,1,25,5,20,1895.0,0,0,2,9,35,0,2.0,1
2019,4,GO,0,1,4,1,44,4945.0,0,0,2,9,31,1,2.0,0
2019,6,GO,1,1,2,2,44,1353.0,0,0,7,7,34,1,8.0,1
2019,8,GO,1,1,2,5,44,1333.0,0,0,6,7,18,0,8.0,1
2018,3,GO,1,1,2,1,44,1173.0,0,0,3,7,41,0,2.0,1
2018,4,GO,1,1,1,3,44,954.0,0,0,4,7,19,0,8.0,1
2018,10,GO,1,3,2,6,44,1300.0,0,0,6,2,35,0,8.0,1
2018,10,GO,1,3,2,6,44,1300.0,0,0,6,2,35,0,8.0,1
2019,10,GO,1,1,2,3,44,1200.0,0,0,4,7,25,1,8.0,1
2019,10,GO,1,1,2,4,44,1090.0,0,0,5,7,25,0,4.0,1
2018,3,GO,1,1,2,1,44,1638.0,0,0,1,7,30,1,9.0,1
2019,1,GO,1,1,2,1,44,2000.0,0,0,7,7,30,1,9.0,1
2018,8,GO,1,1,2,7,44,1123.0,0,0,5,6,23,1,9.0,1
2019,1,GO,1,1,2,1,44,998.0,0,0,3,7,24,0,8.0,1
2018,10,GO,1,3,2,6,44,954.0,0,0,6,2,34,0,8.0,1
2018,11,GO,1,3,2,3,44,1373.0,0,0,5,5,19,1,9.0,1
2018,1,GO,1,1,2,1,44,1200.0,0,0,7,7,26,1,8.0,1
2018,2,GO,1,1,2,2,44,1041.0,0,0,5,7,20,1,8.0,1
2019,5,GO,1,1,2,4,44,1200.0,0,0,4,9,34,0,8.0,1
2019,2,GO,0,3,4,6,44,1300.0,0,0,4,8,20,1,4.0,0
2018,8,GO,0,1,6,4,44,954.0,0,0,5,6,23,0,2.0,0
2019,10,GO,0,1,6,1,44,1614.0,0,0,7,7,46,1,2.0,0
2018,4,GO,1,1,2,2,44,1092.0,0,0,5,9,27,1,8.0,1
2018,11,GO,0,3,11,3,44,1055.0,0,0,4,4,21,1,8.0,0
2018,4,GO,1,1,1,2,44,1381.0,0,0,4,7,22,0,2.0,1
2018,2,GO,0,1,4,5,44,1282.0,0,0,6,7,59,1,9.0,0
2019,3,GO,0,1,4,2,44,998.0,0,0,5,7,41,1,4.0,0
2019,6,GO,1,1,25,3,44,1522.0,0,0,7,7,52,1,9.0,1
2019,1,GO,1,1,1,1,44,998.0,0,0,7,7,29,1,4.0,1
2018,9,GO,1,1,1,3,44,1013.0,0,0,5,6,38,1,2.0,1
2019,4,GO,1,1,2,4,44,1021.0,0,0,7,4,20,1,8.0,1
2018,3,GO,1,3,2,1,44,1954.0,0,0,6,4,36,1,4.0,1
2019,6,GO,1,1,2,2,44,998.0,0,0,5,7,25,0,2.0,1
2019,9,GO,1,1,2,6,37,1200.0,0,0,5,7,21,0,9.0,1
2019,1,GO,1,3,2,4,44,2495.0,0,0,6,7,27,1,8.0,1
2018,3,GO,0,1,4,5,36,1901.0,0,0,3,7,56,0,2.0,0
2019,9,GO,0,3,6,4,44,2226.0,0,0,6,7,31,1,8.0,0
2018,11,GO,0,1,6,5,44,1526.0,0,0,4,7,23,1,8.0,0
2018,8,GO,1,1,1,1,22,477.0,0,0,5,7,29,0,2.0,1
2019,5,GO,1,1,2,7,44,1163.0,0,0,6,7,39,1,9.0,1
2018,8,GO,1,1,2,1,44,1559.0,0,0,7,4,53,1,2.0,1
2019,7,GO,1,1,2,9,44,1156.0,0,0,6,4,24,1,6.0,1
2018,11,GO,0,1,4,7,44,1402.0,0,0,7,7,27,1,2.0,0
2019,11,GO,0,1,4,2,44,1040.0,0,0,5,7,34,0,2.0,0
2019,4,GO,1,1,25,8,44,1045.0,0,0,6,6,21,1,8.0,1
2018,3,GO,1,1,25,7,44,1004.0,0,1,6,6,33,0,8.0,1
2018,6,GO,0,1,43,7,44,1004.0,0,0,6,3,29,0,8.0,0
2019,1,GO,0,1,4,3,33,1779.0,0,0,5,7,20,1,8.0,0
2018,3,GO,0,1,5,9,44,1171.0,0,0,7,4,21,1,8.0,0
2019,7,GO,0,1,6,1,44,5347.0,0,0,1,9,36,1,8.0,0
2018,2,GO,1,1,2,9,36,850.0,1,0,4,7,22,1,8.0,1
2019,2,GO,0,1,4,4,44,2000.0,0,0,7,7,25,1,2.0,0
2018,8,GO,0,1,6,5,44,1493.0,0,0,4,8,24,1,9.0,0
2018,8,GO,0,1,6,3,44,1144.0,0,0,5,9,30,1,2.0,0
2019,6,GO,1,1,2,1,44,2048.0,0,0,7,6,43,1,9.0,1
2019,6,GO,0,1,5,7,42,3972.0,0,0,3,8,39,1,2.0,0
2019,1,GO,0,3,6,1,44,1100.0,0,0,4,7,31,1,8.0,0
2018,10,GO,0,1,43,4,44,954.0,0,0,7,7,29,1,8.0,0
2019,1,GO,0,1,4,1,44,998.0,0,0,5,7,39,0,8.0,0
2019,2,GO,1,1,2,5,44,1068.0,0,0,7,5,32,1,4.0,1
2019,12,GO,1,1,2,2,44,1300.0,0,0,2,7,35,1,8.0,1
2019,1,GO,1,1,2,3,44,1099.0,0,0,4,2,34,0,2.0,1
2019,5,GO,0,1,11,2,44,1060.0,0,0,5,7,32,1,9.0,0
2018,4,GO,0,3,6,1,44,954.0,0,0,6,7,51,1,8.0,0
2019,7,GO,0,1,6,7,37,847.0,1,0,7,8,19,0,2.0,0
2019,3,GO,0,1,4,3,44,998.0,0,0,5,7,27,0,8.0,0
2018,9,GO,0,1,6,9,44,996.0,0,0,7,7,33,0,8.0,0
2018,1,GO,0,3,4,2,44,955.0,0,0,7,2,44,1,8.0,0
2018,5,GO,0,3,6,2,44,954.0,0,0,6,7,18,1,9.0,0
2018,8,GO,0,1,4,3,44,1013.0,0,0,7,7,20,1,8.0,0
2019,8,GO,0,1,4,5,44,1060.0,0,0,5,7,47,0,4.0,0
2019,9,GO,0,1,6,1,44,998.0,0,0,7,2,41,1,2.0,0
2019,2,GO,0,1,6,9,44,998.0,0,0,7,7,32,1,8.0,0
2018,2,GO,1,1,2,4,44,1026.0,0,0,5,7,23,1,9.0,1
2019,8,GO,1,1,2,1,40,998.0,0,0,5,7,46,0,6.0,1
2018,10,GO,0,1,4,1,44,990.0,0,0,6,5,30,1,8.0,0
2019,11,GO,0,1,4,2,44,1400.0,0,0,8,7,40,1,9.0,0
2019,4,GO,1,1,2,2,44,998.0,0,0,5,6,41,0,2.0,1
2018,4,GO,1,1,1,3,44,1000.0,0,0,5,7,18,0,8.0,1
2018,10,GO,1,1,2,6,44,1286.0,0,1,7,6,32,1,8.0,1
2019,4,GO,1,3,2,1,44,1497.0,0,0,6,7,31,1,9.0,1
2018,3,GO,1,1,2,4,44,1046.0,0,0,6,2,29,1,8.0,1
2019,8,GO,0,1,4,1,44,1996.0,0,0,4,3,49,1,8.0,0
2019,5,GO,1,1,2,2,44,1100.0,0,0,4,9,24,0,8.0,1
2018,5,GO,0,1,4,3,44,1717.0,0,0,5,7,42,0,8.0,0
2018,7,GO,1,1,2,9,44,1113.0,0,0,6,6,19,1,8.0,1
2019,4,GO,0,1,4,1,44,1640.0,0,0,7,7,41,1,8.0,0
2018,1,GO,1,1,2,9,44,954.0,0,0,4,8,25,1,8.0,1
2019,2,GO,1,1,2,9,44,1280.0,0,0,4,7,22,1,8.0,1
2018,4,GO,0,1,4,9,44,2103.0,0,0,5,7,51,0,8.0,0
2019,5,GO,1,1,1,8,36,1017.0,0,0,4,6,19,1,8.0,1
2018,9,GO,1,1,1,2,44,1500.0,0,0,4,7,28,1,8.0,1
2019,5,GO,1,1,1,2,36,1040.0,0,0,5,7,20,1,8.0,1
2019,8,GO,1,1,2,9,44,1130.0,0,0,8,2,28,1,8.0,1
2019,5,GO,1,1,2,1,44,998.0,0,0,5,7,44,0,8.0,1
2019,11,GO,1,1,2,9,44,1130.0,0,0,8,4,23,1,8.0,1
2019,3,GO,1,1,2,1,44,998.0,0,0,7,7,22,1,8.0,1
2018,9,GO,1,3,2,1,44,1087.0,0,0,4,7,28,0,2.0,1
2018,8,GO,1,1,2,6,44,995.0,0,0,5,4,27,1,8.0,1
2019,10,GO,1,1,2,2,44,1500.0,0,0,9,8,34,1,8.0,1
2019,4,GO,1,1,2,6,25,800.0,0,0,5,7,32,1,8.0,1
2018,4,GO,1,1,2,1,44,954.0,0,0,7,7,24,1,8.0,1
2019,8,GO,1,1,2,2,44,1065.0,0,0,5,7,19,0,2.0,1
2019,2,GO,1,1,2,1,44,1204.0,0,0,3,8,25,0,2.0,1
2019,2,GO,1,1,2,2,44,1015.0,0,0,5,7,23,0,8.0,1
2019,9,GO,1,1,2,4,44,1266.0,0,0,4,7,22,1,9.0,1
2018,12,GO,1,1,2,6,44,1015.0,0,0,5,7,47,1,8.0,1
2018,11,GO,0,3,4,2,44,4075.0,0,0,6,7,59,1,8.0,0
2019,8,GO,0,1,4,7,44,2211.0,0,0,4,8,23,1,2.0,0
2018,3,GO,0,1,4,5,44,2181.0,0,0,5,9,34,1,2.0,0
2018,2,GO,0,1,4,3,44,1020.0,0,0,5,6,25,0,8.0,0
2019,1,GO,0,1,4,4,44,1019.0,0,0,4,7,19,1,8.0,0
2019,1,GO,0,1,4,1,44,1544.0,0,0,4,7,22,1,8.0,0
2018,3,GO,0,1,6,4,20,565.0,1,0,4,6,17,0,8.0,0
2019,5,GO,0,1,6,3,44,1853.0,0,0,4,7,45,1,2.0,0
2019,5,GO,0,1,11,3,44,1705.0,0,0,7,7,28,1,2.0,0
2018,2,GO,1,1,25,1,44,1440.0,0,0,7,6,22,0,8.0,1
2019,3,GO,0,1,43,4,44,1550.0,0,0,4,7,23,0,2.0,0
2019,12,GO,1,1,1,1,44,998.0,0,0,7,5,44,1,4.0,1
2018,6,GO,1,1,2,7,44,1055.0,0,0,4,9,29,0,8.0,1
2019,11,GO,0,3,4,2,44,2390.0,0,0,3,9,34,1,8.0,0
2018,9,GO,0,1,4,1,44,1144.0,0,0,9,7,31,1,8.0,0
2019,10,GO,0,1,11,9,44,1119.0,0,0,6,3,38,1,8.0,0
2019,9,GO,0,1,6,4,44,1041.0,0,0,7,7,26,0,2.0,0
2019,11,GO,1,1,2,1,44,1200.0,0,0,5,5,29,1,8.0,1
2018,4,GO,1,3,2,1,44,1760.0,0,0,4,7,48,0,9.0,1
2019,4,GO,0,1,4,1,44,1060.0,0,0,7,4,25,1,8.0,0
2018,9,GO,0,1,11,2,44,1200.0,0,0,6,7,31,1,8.0,0
2019,2,GO,0,3,33,6,44,1512.0,0,0,6,2,27,1,2.0,0
2019,1,GO,1,1,2,2,44,1250.0,0,0,6,6,30,1,9.0,1
2018,1,GO,1,1,25,6,44,954.0,0,0,6,6,18,1,8.0,1
2018,1,GO,1,1,25,6,44,954.0,0,0,6,6,18,1,8.0,1
2019,7,GO,1,3,1,3,44,1185.0,0,0,6,6,31,1,9.0,1
2019,5,GO,1,3,2,1,44,1018.0,0,0,5,5,25,1,8.0,1
2018,8,GO,0,1,4,7,44,1533.0,0,0,7,7,29,1,8.0,0
2018,2,GO,1,1,2,4,44,1002.0,0,0,5,7,21,1,9.0,1
2019,7,GO,1,1,2,6,44,1058.0,0,0,5,4,28,1,8.0,1
2019,9,GO,0,3,4,1,40,998.0,0,0,6,5,50,1,2.0,0
2019,6,GO,1,3,2,1,44,1100.0,0,0,6,1,49,1,8.0,1
2019,8,GO,1,1,2,4,36,1400.0,0,0,8,5,34,1,8.0,1
2018,9,GO,0,3,4,1,44,2862.0,0,0,2,9,43,1,9.0,0
2019,4,GO,1,1,2,8,44,1119.0,0,0,6,4,48,1,8.0,1
2019,11,GO,1,1,2,5,44,1408.0,0,0,8,7,43,1,8.0,1
2019,7,GO,1,1,2,1,44,2790.0,0,0,7,5,36,1,8.0,1
2019,5,GO,1,1,2,1,44,998.0,0,0,5,7,24,1,8.0,1
2019,10,GO,0,1,4,5,44,1223.0,0,0,4,7,29,0,2.0,0
2018,12,GO,0,1,4,1,44,1559.0,0,0,7,7,30,1,9.0,0
2018,5,GO,0,1,4,3,44,950.0,0,0,5,7,20,0,9.0,0
2019,4,GO,0,1,6,2,44,1061.0,0,0,5,7,32,1,9.0,0
2018,4,GO,1,1,1,8,44,1077.0,0,0,6,2,42,1,8.0,1
2019,1,GO,1,1,2,8,44,1077.0,0,0,6,3,38,1,8.0,1
2018,2,GO,1,1,2,8,44,1044.0,0,0,6,6,23,1,8.0,1
2019,1,GO,1,1,2,8,44,1077.0,0,0,6,3,38,1,8.0,1
2019,11,GO,0,1,4,3,44,1094.0,0,0,5,7,37,0,8.0,0
2019,11,GO,1,1,1,5,44,998.0,0,0,7,6,22,1,4.0,1
2019,2,GO,1,3,2,1,44,998.0,0,0,6,7,43,1,8.0,1
2019,12,GO,0,3,6,3,44,1150.0,0,0,5,4,37,0,8.0,0
2019,5,GO,1,3,2,1,44,998.0,0,0,9,2,42,1,8.0,1
2019,2,GO,0,1,4,4,44,1175.0,0,0,7,5,35,1,4.0,0
2018,4,GO,0,1,4,2,44,1584.0,0,0,7,4,32,1,8.0,0
2018,11,GO,1,1,2,1,44,1128.0,0,0,5,7,31,1,2.0,1
2018,3,GO,1,1,2,3,44,1022.0,0,0,4,7,18,1,8.0,1
2018,11,GO,1,1,2,1,44,2400.0,0,0,7,7,41,1,2.0,1
2018,11,GO,1,1,2,1,44,1128.0,0,0,5,7,31,1,2.0,1
2019,8,GO,0,1,4,2,44,1138.0,0,0,7,7,35,0,2.0,0
2018,10,GO,0,1,4,4,44,1321.0,0,0,8,7,28,1,8.0,0
2019,5,GO,1,1,25,6,44,1300.0,0,0,9,9,42,1,2.0,1
2018,11,GO,0,3,11,1,44,1229.0,0,0,6,6,27,1,9.0,0
2018,10,GO,1,1,2,3,44,1054.0,0,0,4,9,32,0,9.0,1
2018,1,GO,1,3,2,1,44,954.0,0,0,7,4,60,1,8.0,1
2018,8,GO,0,1,4,2,44,954.0,0,0,3,7,20,1,9.0,0
2018,9,GO,1,1,2,6,36,2871.0,0,0,2,9,22,0,2.0,1
2018,10,GO,0,1,4,2,44,1131.0,0,0,9,7,29,1,8.0,0
2018,2,GO,0,3,4,3,44,1133.0,0,0,7,7,25,1,2.0,0
2018,1,GO,0,1,4,6,44,1584.0,0,0,7,5,35,1,8.0,0
2018,5,GO,1,3,2,1,44,954.0,0,0,6,4,23,0,8.0,1
2018,7,GO,0,1,33,2,44,954.0,0,0,5,5,30,0,2.0,0
2018,8,GO,0,1,4,1,44,2000.0,0,0,5,7,41,1,9.0,0
2018,1,DF,1,1,1,3,44,1071.0,0,0,3,5,20,1,8.0,1
2018,9,DF,1,1,1,1,44,1049.0,0,0,7,7,18,1,4.0,1
2019,3,DF,1,1,1,3,44,1800.0,0,0,2,9,25,1,9.0,1
2018,12,DF,1,1,1,1,44,1129.0,0,0,5,7,32,0,2.0,1
2019,4,DF,1,1,1,8,20,560.0,1,0,4,6,17,1,8.0,1
2019,5,DF,1,1,1,4,44,1077.0,0,0,5,7,22,0,8.0,1
2019,4,DF,1,1,1,5,44,1155.0,0,0,4,7,19,0,8.0,1
2018,1,DF,1,3,1,2,44,1065.0,0,0,5,7,30,1,9.0,1
2019,8,DF,1,1,1,1,36,1225.0,0,0,8,7,21,1,6.0,1
2019,6,DF,1,1,1,1,36,816.0,1,0,5,7,21,0,2.0,1
2019,11,DF,1,1,1,4,44,1155.0,0,0,5,7,23,1,8.0,1
2019,3,DF,1,1,1,1,44,1155.0,0,0,5,7,19,1,8.0,1
2019,7,DF,1,1,1,1,44,1116.0,0,0,5,9,39,1,9.0,1
2018,9,DF,1,1,1,9,44,1135.0,0,0,7,7,19,0,8.0,1
2019,7,DF,1,1,1,9,24,10149.0,0,0,2,9,31,0,2.0,1
2018,8,DF,1,1,1,8,30,954.0,1,0,4,7,18,0,8.0,1
2018,10,DF,1,1,1,8,20,477.0,1,0,4,6,17,0,8.0,1
2018,5,DF,1,1,1,5,20,487.0,1,0,4,6,18,0,9.0,1
2019,12,DF,1,1,1,1,44,1694.0,0,0,5,7,38,0,9.0,1
2018,11,DF,1,1,2,5,44,1142.0,0,0,8,7,39,1,2.0,1
2018,10,DF,1,1,2,9,44,2063.0,0,0,4,7,44,0,2.0,1
2018,1,DF,1,1,2,5,44,1300.0,0,0,3,9,29,0,2.0,1
2018,1,DF,1,1,2,9,44,1121.0,0,0,5,5,55,0,8.0,1
2018,2,DF,1,1,2,3,44,1323.0,0,0,5,8,47,1,2.0,1
2019,2,DF,1,1,2,2,44,1049.0,0,0,7,7,31,1,8.0,1
2018,5,DF,1,1,2,4,44,1080.0,0,0,3,7,21,1,8.0,1
2019,6,DF,1,1,2,9,44,1306.0,0,0,5,7,34,1,4.0,1
2018,10,DF,1,1,2,4,44,1300.0,0,0,7,7,53,1,9.0,1
2019,2,DF,1,1,2,2,44,1049.0,0,0,7,7,31,1,8.0,1
2018,2,DF,1,1,2,1,44,1050.0,0,0,5,2,53,1,4.0,1
2018,10,DF,1,1,2,3,44,1444.0,0,0,7,7,55,1,2.0,1
2018,8,DF,1,1,2,4,44,1654.0,0,0,7,5,32,1,2.0,1
2018,8,DF,1,1,2,8,36,1033.0,0,0,4,9,40,1,8.0,1
2018,1,DF,1,1,2,3,44,1584.0,0,0,7,7,43,1,9.0,1
2019,9,DF,1,1,2,1,44,1077.0,0,0,8,5,50,0,9.0,1
2019,10,DF,1,1,2,2,44,1210.0,0,0,7,5,51,1,8.0,1
2018,5,DF,1,1,2,3,44,1030.0,0,0,5,7,26,0,8.0,1
2019,11,DF,1,1,2,9,36,998.0,0,0,4,7,24,0,8.0,1
2018,6,DF,1,1,2,4,44,1444.0,0,0,7,7,26,1,8.0,1
2018,1,DF,1,1,2,7,44,1156.0,0,0,6,2,51,1,8.0,1
2019,1,DF,1,1,2,3,44,1393.0,0,0,5,7,20,1,8.0,1
2019,5,DF,1,1,2,4,44,1077.0,0,0,5,6,37,1,9.0,1
2019,11,DF,1,1,2,4,36,1028.0,0,0,5,7,22,0,2.0,1
2019,1,DF,1,1,2,1,44,1142.0,0,0,8,7,37,1,9.0,1
2019,7,DF,1,1,2,1,44,1700.0,0,0,7,5,36,1,1.0,1
2018,8,DF,1,1,2,5,44,1040.0,0,0,5,7,24,1,9.0,1
2018,6,DF,1,1,2,4,44,997.0,0,0,5,7,52,1,8.0,1
2019,12,DF,1,1,2,9,36,2455.0,0,0,3,7,55,0,9.0,1
2019,4,DF,1,1,2,4,44,1600.0,0,0,8,7,20,1,8.0,1
2019,2,DF,1,1,2,1,44,1200.0,0,0,5,7,34,1,2.0,1
2019,5,DF,1,1,2,3,44,1115.0,0,0,5,7,34,0,9.0,1
2019,11,DF,1,1,2,8,44,1599.0,0,0,7,6,48,1,8.0,1
2019,9,DF,1,1,2,5,36,1254.0,0,0,8,5,33,0,9.0,1
2018,9,DF,1,1,2,6,44,1200.0,0,0,5,7,46,1,8.0,1
2018,2,DF,1,1,2,4,44,1216.0,0,0,7,5,44,1,8.0,1
2018,9,DF,1,1,2,5,44,1060.0,0,0,4,7,44,0,2.0,1
2019,7,DF,1,1,2,6,44,5724.0,0,0,2,9,27,1,2.0,1
2019,8,DF,1,1,2,1,44,1267.0,0,0,7,7,35,1,8.0,1
2019,1,DF,1,1,2,1,44,998.0,0,0,4,7,26,0,9.0,1
2018,4,DF,1,1,2,9,44,1156.0,0,0,5,7,22,0,8.0,1
2019,8,DF,1,1,2,9,20,665.0,1,0,4,5,19,0,8.0,1
2019,11,DF,1,1,2,5,44,1185.0,0,0,5,7,42,1,2.0,1
2019,7,DF,1,1,2,3,44,1614.0,0,0,7,4,44,1,8.0,1
2018,6,DF,1,1,2,3,44,1739.0,0,0,4,9,37,0,2.0,1
2018,3,DF,1,1,2,4,44,1243.0,0,0,4,6,35,0,2.0,1
2019,8,DF,1,1,2,3,44,1033.0,0,0,5,7,38,0,8.0,1
2019,1,DF,1,1,2,8,24,888.0,0,0,3,7,23,1,2.0,1
2019,1,DF,1,1,2,4,44,1162.0,0,0,5,7,28,1,8.0,1
2019,9,DF,1,1,2,4,44,998.0,0,0,4,7,38,0,9.0,1
2019,2,DF,1,1,2,6,44,998.0,0,0,4,7,20,0,2.0,1
2019,5,DF,1,1,2,3,44,1142.0,0,0,4,7,57,0,2.0,1
2018,6,DF,1,1,2,3,44,1030.0,0,0,5,7,23,1,8.0,1
2019,11,DF,1,1,2,4,44,2025.0,0,0,9,4,40,1,4.0,1
2019,2,DF,1,1,2,3,44,1614.0,0,0,7,4,42,1,2.0,1
2019,6,DF,1,1,2,9,44,1226.0,0,0,4,7,25,1,8.0,1
2019,8,DF,1,1,2,4,44,1077.0,0,0,5,7,33,1,2.0,1
2018,8,DF,1,1,2,8,44,1200.0,0,0,3,7,31,1,9.0,1
2019,2,DF,1,1,2,5,30,930.0,0,0,4,7,23,0,4.0,1
2019,2,DF,1,1,2,6,44,1037.0,0,0,5,7,47,0,8.0,1
2018,11,DF,1,1,2,1,44,1002.0,0,0,4,7,21,0,9.0,1
2018,10,DF,1,1,2,1,44,1500.0,0,0,7,3,45,0,9.0,1
2019,9,DF,1,1,2,3,44,1077.0,0,0,5,7,31,1,9.0,1
2019,6,DF,1,1,2,2,44,1173.0,0,0,2,7,29,1,8.0,1
2019,6,DF,1,3,2,1,44,1150.0,0,0,6,2,24,1,8.0,1
2019,3,DF,1,1,2,1,44,1400.0,0,0,5,5,40,0,9.0,1
2019,10,DF,1,1,2,2,44,1100.0,0,0,5,6,24,1,8.0,1
2018,3,DF,1,1,2,9,40,7000.0,0,0,2,9,33,1,8.0,1
2019,4,DF,1,1,2,1,44,1100.0,0,0,5,7,24,1,2.0,1
2019,7,DF,1,1,2,8,30,4821.0,0,0,2,9,38,0,4.0,1
2019,9,DF,1,1,2,5,44,4200.0,0,0,2,9,41,0,9.0,1
2019,5,DF,1,1,2,6,44,3500.0,0,0,1,9,38,1,2.0,1
2019,7,DF,1,1,2,5,44,1306.0,0,0,5,7,26,1,8.0,1
2019,8,DF,1,1,2,9,44,1440.0,0,0,4,7,53,1,2.0,1
2018,6,DF,1,1,2,8,44,1030.0,0,0,7,4,36,1,2.0,1
2018,5,DF,1,1,2,9,44,1156.0,0,0,5,6,29,0,8.0,1
2018,6,DF,1,1,2,1,44,507.0,0,0,4,7,20,1,8.0,1
2019,2,DF,1,1,2,5,44,1049.0,0,0,7,4,39,1,8.0,1
2018,5,DF,1,1,2,6,44,1080.0,0,0,5,7,29,1,8.0,1
2018,5,DF,1,3,2,1,44,1133.0,0,0,4,8,26,1,8.0,1
2019,10,DF,1,1,2,6,44,1033.0,0,0,5,7,36,1,8.0,1
2019,3,DF,1,1,2,9,44,1198.0,0,0,5,2,55,0,8.0,1
2018,12,DF,1,1,2,4,44,1156.0,0,0,5,6,30,1,2.0,1
2019,2,DF,1,1,2,5,30,930.0,0,0,4,7,23,0,4.0,1
2019,6,DF,1,1,2,5,36,2644.0,0,0,2,9,39,0,2.0,1
2019,2,DF,1,1,2,4,44,1536.0,0,0,7,3,30,1,8.0,1
2018,8,DF,1,1,2,8,44,2018.0,0,0,5,7,40,0,8.0,1
2019,11,DF,1,1,2,2,44,998.0,0,0,5,7,24,0,8.0,1
2018,6,DF,1,1,2,5,44,2634.0,0,0,1,4,38,1,4.0,1
2019,4,DF,1,1,2,2,44,1155.0,0,0,7,4,30,1,8.0,1
2018,4,DF,1,1,2,1,44,1076.0,0,0,4,6,21,0,8.0,1
2018,9,DF,1,1,2,6,44,1190.0,0,0,7,7,25,1,8.0,1
2019,11,DF,1,1,2,1,44,1100.0,0,0,4,6,40,1,4.0,1
2018,7,DF,1,1,2,5,44,1030.0,0,0,5,5,25,0,6.0,1
2018,11,DF,1,1,2,5,44,995.0,0,0,7,7,40,1,2.0,1
2018,1,DF,1,1,2,9,44,1124.0,0,0,5,2,44,1,4.0,1
2019,12,DF,1,1,2,2,44,1462.0,0,0,5,9,35,0,8.0,1
2019,12,DF,1,1,2,5,44,1124.0,0,0,5,7,23,1,9.0,1
2018,7,DF,1,1,2,6,44,1030.0,0,0,5,7,23,1,8.0,1
2019,12,DF,1,1,2,9,36,6690.0,0,0,2,9,47,0,2.0,1
2019,3,DF,1,1,2,9,44,1198.0,0,0,4,9,35,0,8.0,1
2019,8,DF,1,1,2,3,44,998.0,0,0,3,7,25,0,8.0,1
2019,9,DF,1,1,2,6,44,1183.0,0,0,4,7,41,0,2.0,1
2019,4,DF,1,1,2,1,40,12500.0,0,0,1,9,27,1,9.0,1
2019,7,DF,1,1,2,8,44,1118.0,0,0,7,5,23,1,8.0,1
2019,3,DF,1,1,2,9,44,2107.0,0,0,3,7,35,0,8.0,1
2018,5,DF,1,1,2,7,44,1179.0,0,0,3,6,20,1,8.0,1
2018,5,DF,1,1,2,9,36,12285.0,0,0,2,9,63,1,8.0,1
2018,7,DF,1,1,2,3,44,1100.0,0,0,3,7,42,1,8.0,1
2019,7,DF,1,1,2,7,44,2094.0,0,0,9,7,34,1,8.0,1
2019,12,DF,1,1,2,1,44,1077.0,0,0,5,7,35,0,9.0,1
2019,4,DF,1,1,2,1,44,998.0,0,0,4,5,26,0,8.0,1
2019,10,DF,1,1,2,8,44,1107.0,0,0,6,1,42,1,9.0,1
2018,6,DF,1,1,2,1,40,3500.0,0,0,4,9,27,1,8.0,1
2019,1,DF,1,1,2,6,20,5534.0,0,0,2,9,50,0,9.0,1
2019,4,DF,1,1,2,2,44,1364.0,0,0,5,7,25,1,8.0,1
2018,4,DF,1,1,2,9,44,1156.0,0,0,5,4,47,0,8.0,1
2018,7,DF,1,1,2,3,44,1114.0,0,0,5,7,30,0,8.0,1
2019,4,DF,1,1,2,2,40,4000.0,0,0,4,9,31,0,2.0,1
2018,3,DF,1,1,2,8,44,1248.0,0,0,4,7,37,0,9.0,1
2019,8,DF,1,1,2,2,44,1379.0,0,0,5,7,33,0,8.0,1
2019,4,DF,1,1,2,9,44,1200.0,0,0,3,7,60,0,9.0,1
2018,6,DF,1,1,2,8,44,1144.0,0,0,4,7,28,1,9.0,1
2019,4,DF,1,1,2,1,26,3000.0,0,0,2,8,40,0,4.0,1
2019,12,DF,1,1,2,3,44,2047.0,0,0,5,7,39,0,8.0,1
2019,1,DF,1,1,2,3,44,1077.0,0,0,4,5,31,0,8.0,1
2019,2,DF,1,1,2,6,44,998.0,0,0,4,7,20,0,2.0,1
2018,8,DF,1,1,2,5,44,1160.0,0,0,5,7,29,1,8.0,1
2019,8,DF,1,1,2,9,20,665.0,1,0,4,5,19,0,8.0,1
2018,1,DF,1,1,2,4,44,1080.0,0,0,4,7,33,0,8.0,1
2018,2,DF,1,1,2,4,36,1259.0,0,0,5,7,39,0,8.0,1
2018,11,DF,1,1,2,2,44,1030.0,0,0,5,7,31,0,2.0,1
2019,2,DF,1,1,2,6,44,998.0,0,0,4,7,20,0,2.0,1
2018,10,DF,1,1,2,6,44,3100.0,0,0,2,9,37,0,9.0,1
2019,8,DF,1,1,2,5,44,1475.0,0,0,3,7,23,1,9.0,1
2019,4,DF,1,1,2,1,44,1313.0,0,0,5,8,38,1,8.0,1
2019,1,DF,1,1,2,6,44,1219.0,0,0,5,7,35,0,8.0,1
2018,9,DF,1,1,2,7,44,1196.0,0,0,3,9,28,0,8.0,1
2019,3,DF,1,1,2,9,44,1306.0,0,0,5,7,33,1,8.0,1
2019,1,DF,1,1,2,4,44,1277.0,0,0,5,7,43,1,4.0,1
2019,9,DF,1,1,2,2,44,1579.0,0,0,1,7,49,0,8.0,1
2019,2,DF,1,1,2,6,44,1456.0,0,0,5,9,26,1,8.0,1
2019,10,DF,1,1,2,1,44,1696.0,0,0,7,5,37,1,8.0,1
2018,5,DF,1,1,2,8,44,2728.0,0,0,5,9,35,1,8.0,1
2018,1,DF,1,1,2,7,36,2819.0,0,0,2,8,23,0,8.0,1
2019,5,DF,1,1,2,1,44,1115.0,0,0,5,7,20,0,6.0,1
2018,8,DF,1,1,2,6,44,1200.0,0,0,4,8,23,1,8.0,1
2018,1,DF,1,1,2,3,44,1000.0,0,0,4,6,27,1,8.0,1
2019,9,DF,1,1,2,8,44,2124.0,0,0,5,5,48,1,8.0,1
2019,10,DF,1,1,2,1,44,1067.0,0,0,5,7,33,0,8.0,1
2018,7,DF,1,1,2,9,44,1156.0,0,1,5,6,50,1,8.0,1
2018,6,DF,1,1,2,7,44,954.0,0,0,3,9,26,1,9.0,1
2019,11,DF,1,1,2,8,35,3521.0,0,0,3,9,25,0,2.0,1
2019,2,DF,1,1,2,6,44,1614.0,0,0,3,7,41,1,8.0,1
2019,12,DF,1,1,2,3,44,1186.0,0,0,5,7,30,1,8.0,1
2018,7,DF,1,1,2,5,36,1375.0,0,0,5,7,35,1,8.0,1
2019,9,DF,1,1,2,9,44,2105.0,0,0,4,9,39,0,8.0,1
2018,7,DF,1,1,2,6,44,1584.0,0,1,7,4,30,1,8.0,1
2019,2,DF,1,1,2,3,44,1614.0,0,0,2,9,46,1,9.0,1
2018,12,DF,1,1,2,6,20,448.0,1,0,4,6,17,0,8.0,1
2018,11,DF,1,1,2,5,44,1240.0,0,0,2,9,29,0,8.0,1
2019,4,DF,1,1,2,3,44,1219.0,0,0,4,7,44,0,2.0,1
2018,10,DF,1,1,2,1,44,1147.0,0,0,3,8,24,0,2.0,1
2019,9,DF,1,1,2,5,36,1076.0,0,0,4,7,30,0,8.0,1
2019,11,DF,1,1,2,8,44,1060.0,0,0,5,4,26,1,9.0,1
2018,1,DF,1,1,2,8,44,1156.0,0,0,5,7,40,1,8.0,1
2018,2,DF,0,1,4,1,44,1365.0,0,0,4,8,23,1,8.0,0
2019,2,DF,0,3,4,4,44,1819.0,0,0,7,5,33,1,2.0,0
2018,5,DF,0,1,4,5,36,1345.0,0,0,4,9,38,0,8.0,0
2018,1,DF,0,1,4,8,44,2012.0,0,0,5,7,31,1,8.0,0
2019,1,DF,0,1,4,4,44,2830.0,0,0,7,5,30,1,8.0,0
2018,10,DF,0,1,4,3,44,1080.0,0,0,7,7,32,1,2.0,0
2019,8,DF,0,1,4,9,44,1024.0,0,0,7,2,27,1,8.0,0
2018,12,DF,0,1,4,4,23,1569.0,0,0,2,9,31,0,2.0,0
2019,8,DF,0,1,4,3,44,1452.0,0,0,3,9,43,1,8.0,0
2018,8,DF,0,1,4,8,44,1706.0,0,0,5,4,49,1,9.0,0
2018,8,DF,0,1,4,2,44,5544.0,0,0,2,9,29,0,2.0,0
2018,4,DF,0,1,4,5,40,1814.0,0,0,4,8,25,1,8.0,0
2018,8,DF,0,1,4,5,44,1259.0,0,0,5,7,25,0,9.0,0
2019,2,DF,0,1,4,5,44,1341.0,0,0,8,7,35,1,8.0,0
2019,2,DF,0,1,4,3,44,2472.0,0,0,7,7,45,1,9.0,0
2018,8,DF,0,1,4,5,44,1627.0,0,0,3,7,29,0,8.0,0
2019,4,DF,0,1,4,6,44,1198.0,0,0,5,7,34,0,8.0,0
2018,1,DF,0,1,4,4,44,1624.0,0,0,5,7,41,1,2.0,0
2018,1,DF,0,1,4,3,44,1356.0,0,0,5,7,37,1,2.0,0
2018,6,DF,0,1,4,4,44,1027.0,0,0,7,3,40,1,9.0,0
2019,3,DF,0,1,4,5,44,1224.0,0,0,5,7,19,0,8.0,0
2019,3,DF,0,1,4,1,44,1753.0,0,0,7,2,45,1,2.0,0
2019,10,DF,0,1,4,7,44,1336.0,0,0,3,7,51,1,8.0,0
2018,7,DF,0,1,4,1,44,1097.0,0,0,4,8,23,0,8.0,0
2018,7,DF,0,1,4,9,44,1156.0,0,0,5,5,54,0,9.0,0
2018,5,DF,0,1,4,6,44,957.0,0,0,7,7,28,0,2.0,0
2018,1,DF,0,1,4,9,40,6875.0,0,0,2,9,32,0,2.0,0
2019,11,DF,0,1,4,5,44,1104.0,0,0,7,7,30,1,9.0,0
2019,10,DF,0,1,4,9,36,1922.0,0,0,4,7,24,0,8.0,0
2018,9,DF,0,1,4,5,44,1160.0,0,0,5,4,37,1,8.0,0
2019,8,DF,0,1,4,5,40,5426.0,0,0,1,9,44,1,2.0,0
2019,3,DF,0,1,4,3,44,1031.0,0,0,7,4,30,1,2.0,0
2019,11,DF,0,1,4,1,44,1696.0,0,0,7,4,45,1,8.0,0
2019,2,DF,0,1,4,4,44,1234.0,0,0,5,6,34,1,9.0,0
2018,8,DF,0,1,4,1,44,1150.0,0,0,4,7,23,1,9.0,0
2019,3,DF,0,1,4,4,44,998.0,0,0,1,6,26,0,8.0,0
2019,4,DF,0,1,4,7,44,1985.0,0,0,3,6,24,1,8.0,0
2018,4,DF,0,1,4,6,44,2012.0,0,0,5,7,29,1,8.0,0
2019,12,DF,0,1,4,3,44,2242.0,0,0,4,7,40,1,9.0,0
2019,7,DF,0,1,4,3,44,998.0,0,0,5,7,25,0,9.0,0
2019,10,DF,0,1,4,9,44,1169.0,0,0,5,3,34,0,9.0,0
2018,12,DF,0,1,4,6,44,1207.0,0,0,8,6,31,1,8.0,0
2018,7,DF,0,1,4,5,44,1908.0,0,0,3,9,29,1,8.0,0
2019,3,DF,0,1,4,4,44,1010.0,0,0,6,7,29,1,9.0,0
2019,4,DF,0,1,4,1,44,2500.0,0,0,5,7,22,1,2.0,0
2018,2,DF,0,1,4,6,44,1934.0,0,0,4,7,42,0,2.0,0
2018,5,DF,0,1,4,7,36,1117.0,0,0,5,2,45,0,8.0,0
2018,5,DF,0,1,4,1,44,954.0,0,0,3,7,26,0,8.0,0
2019,10,DF,0,1,4,9,30,948.0,0,0,4,7,24,0,8.0,0
2019,7,DF,0,1,4,5,44,1077.0,0,0,5,5,31,0,2.0,0
2018,11,DF,0,1,4,2,44,1030.0,0,0,5,7,27,1,9.0,0
2018,2,DF,0,1,4,7,44,954.0,0,1,5,7,29,1,8.0,0
2019,9,DF,0,1,4,9,44,1259.0,0,0,5,5,50,0,8.0,0
2018,10,DF,0,1,4,9,44,1124.0,0,0,5,2,25,1,9.0,0
2018,5,DF,0,1,4,6,44,1027.0,0,0,7,7,31,1,9.0,0
2018,2,DF,0,1,4,6,44,1111.0,0,0,5,6,21,1,8.0,0
2019,1,DF,0,1,4,3,44,1900.0,0,0,2,8,23,0,8.0,0
2019,3,DF,0,1,4,9,44,1306.0,0,0,4,7,34,1,8.0,0
2018,7,DF,0,1,4,8,42,1467.0,0,0,3,7,32,0,9.0,0
2019,6,DF,0,1,4,2,44,1077.0,0,0,5,7,39,0,8.0,0
2019,9,DF,0,1,4,1,44,1077.0,0,0,4,7,35,0,9.0,0
2018,12,DF,0,1,4,1,44,1090.0,0,0,5,7,24,0,8.0,0
2019,2,DF,0,1,4,4,44,2311.0,0,0,3,7,39,1,2.0,0
2019,7,DF,0,1,4,9,44,1614.0,0,0,4,3,57,1,8.0,0
2019,2,DF,0,1,4,3,44,1314.0,0,0,5,7,29,1,2.0,0
2019,6,DF,0,1,4,7,36,1245.0,0,1,4,7,42,1,8.0,0
2018,6,DF,0,1,4,3,40,5360.0,0,0,2,9,38,0,6.0,0
2018,12,DF,0,1,4,9,44,1156.0,0,0,7,2,44,1,8.0,0
2018,8,DF,0,1,4,5,44,1267.0,0,0,5,7,31,1,9.0,0
2019,7,DF,0,1,4,1,44,1092.0,0,0,4,7,21,0,8.0,0
2019,7,DF,0,1,4,3,44,1431.0,0,0,4,5,34,0,9.0,0
2019,9,DF,0,1,4,9,44,1198.0,0,0,5,7,47,0,8.0,0
2018,4,DF,0,1,4,6,44,1601.0,0,0,7,1,22,1,2.0,0
2018,1,DF,0,1,4,6,44,1100.0,0,0,4,7,41,1,2.0,0
2018,1,DF,0,1,4,6,44,2075.0,0,0,2,7,45,1,8.0,0
2018,9,DF,0,1,4,6,43,1123.0,0,0,5,7,53,0,8.0,0
2019,11,DF,0,1,4,2,35,1462.0,0,0,5,7,21,1,8.0,0
2019,1,DF,0,1,4,1,44,1030.0,0,0,5,7,39,0,2.0,0
2019,1,DF,0,1,4,3,44,1345.0,0,0,5,7,23,1,4.0,0
2019,5,DF,0,1,4,8,44,1064.0,0,0,7,4,36,1,8.0,0
2018,10,DF,0,1,4,3,44,2327.0,0,0,2,9,38,1,2.0,0
2018,11,DF,0,1,4,3,44,1030.0,0,0,4,7,27,0,8.0,0
2018,12,DF,0,1,4,2,44,1115.0,0,0,3,7,28,0,8.0,0
2018,9,DF,0,1,4,3,44,477.0,0,0,5,7,32,1,9.0,0
2018,11,DF,0,1,4,4,44,1100.0,0,0,7,7,35,0,8.0,0
2018,8,DF,0,1,4,3,44,1664.0,0,0,4,7,28,1,9.0,0
2019,2,DF,0,1,4,5,44,2200.0,0,0,7,7,29,1,8.0,0
2019,4,DF,0,1,4,6,44,1198.0,0,0,5,5,32,1,2.0,0
2019,7,DF,0,1,4,4,44,1198.0,0,0,5,5,23,1,2.0,0
2018,11,DF,0,1,4,1,36,1214.0,0,0,4,7,22,1,9.0,0
2019,2,DF,0,1,4,1,44,2050.0,0,0,2,6,20,0,2.0,0
2018,11,DF,0,1,4,4,44,1491.0,0,0,5,7,44,1,8.0,0
2019,4,DF,0,1,4,6,35,1350.0,0,0,3,7,30,1,8.0,0
2019,11,DF,0,1,4,7,44,1189.0,0,0,4,6,24,1,8.0,0
2018,10,DF,0,1,4,4,44,1030.0,0,0,5,7,20,0,2.0,0
2018,8,DF,0,1,4,6,44,1380.0,0,1,3,6,30,0,8.0,0
2019,4,DF,0,1,4,4,44,1306.0,0,0,5,7,46,1,2.0,0
2019,6,DF,0,1,4,2,44,1115.0,0,0,5,7,30,1,9.0,0
2018,10,DF,0,1,4,1,44,997.0,0,0,3,7,32,0,8.0,0
2018,12,DF,0,1,4,5,44,1388.0,0,0,3,9,25,0,2.0,0
2019,11,DF,0,1,4,7,44,1306.0,0,0,5,7,50,0,8.0,0
2019,10,DF,0,1,4,7,44,1513.0,0,0,4,6,28,1,4.0,0
2019,3,DF,0,1,4,4,44,1049.0,0,0,7,7,30,1,9.0,0
2018,5,DF,0,1,4,7,44,1027.0,0,0,7,7,33,1,9.0,0
2019,9,DF,0,1,4,1,44,1077.0,0,0,5,7,37,1,8.0,0
2018,3,DF,0,1,4,2,44,1260.0,0,0,1,6,26,1,2.0,0
2018,7,DF,0,1,4,5,44,1141.0,0,0,7,7,51,1,4.0,0
2018,10,DF,0,1,4,8,44,1722.0,0,0,7,4,33,1,8.0,0
2019,10,DF,0,1,4,9,44,1067.0,0,0,5,7,34,1,8.0,0
2019,2,DF,0,1,4,6,44,1892.0,0,0,7,7,36,1,8.0,0
2018,4,DF,0,1,5,9,44,2012.0,0,0,5,8,45,1,8.0,0
2019,4,DF,0,1,5,5,44,998.0,0,0,5,7,26,0,2.0,0
2018,11,DF,0,1,5,6,44,986.0,0,0,5,7,22,1,8.0,0
2018,11,DF,0,1,5,5,44,1016.0,0,0,7,4,35,1,8.0,0
2019,1,DF,0,1,6,9,24,8647.0,0,0,2,9,35,1,2.0,0
2019,8,DF,0,1,6,9,40,5500.0,0,0,2,9,48,1,2.0,0
2018,5,DF,0,1,6,9,44,1135.0,0,0,7,5,26,0,2.0,0
2018,8,DF,0,1,6,2,36,1100.0,0,0,3,7,22,0,2.0,0
2019,12,DF,0,1,6,9,44,2124.0,0,0,5,7,58,1,2.0,0
2018,2,DF,0,1,6,2,44,2392.0,0,0,2,9,32,0,2.0,0
2018,8,DF,0,1,6,3,44,1124.0,0,0,4,7,19,0,8.0,0
2018,3,DF,0,1,6,7,40,2982.0,0,0,4,8,26,0,6.0,0
2018,1,DF,0,1,6,3,44,1522.0,0,0,2,9,28,1,2.0,0
2019,12,DF,0,1,6,8,44,1371.0,0,0,5,5,49,0,2.0,0
2018,7,DF,0,1,6,3,44,1350.0,0,0,5,7,26,1,8.0,0
2019,4,DF,0,1,6,3,44,1077.0,0,0,5,7,36,0,8.0,0
2019,7,DF,0,3,6,6,44,1049.0,0,0,7,4,22,1,8.0,0
2018,9,DF,0,1,6,1,44,1143.0,0,0,4,6,22,1,8.0,0
2019,6,DF,0,1,6,2,40,1912.0,0,0,5,7,20,0,2.0,0
2019,5,DF,0,1,6,7,44,1158.0,0,0,5,4,26,1,8.0,0
2018,10,DF,0,1,6,4,44,717.0,0,0,5,7,21,1,6.0,0
2019,2,DF,0,1,6,2,44,1115.0,0,0,5,7,25,0,9.0,0
2019,5,DF,0,1,6,8,44,1155.0,0,0,2,8,21,0,8.0,0
2018,4,DF,0,1,6,4,44,1327.0,0,0,5,9,35,1,2.0,0
2019,11,DF,0,1,6,9,30,4060.0,0,0,4,9,38,1,2.0,0
2019,1,DF,0,1,6,1,44,1155.0,0,0,5,7,21,1,8.0,0
2018,8,DF,0,1,6,7,44,984.0,0,0,5,7,18,0,9.0,0
2018,11,DF,0,1,6,8,44,6151.0,0,0,3,9,23,1,8.0,0
2019,4,DF,0,1,6,2,20,2700.0,0,0,2,9,28,0,2.0,0
2018,3,DF,0,1,6,3,44,1535.0,0,0,5,7,22,1,9.0,0
2018,11,DF,0,1,6,9,40,3666.0,0,0,2,9,32,0,8.0,0
2018,12,DF,0,1,6,1,44,1100.0,0,0,5,6,41,0,2.0,0
2018,1,DF,0,1,6,3,44,1258.0,0,0,5,7,21,0,8.0,0
2018,1,DF,0,1,6,6,44,1346.0,0,0,5,7,30,1,8.0,0
2018,10,DF,0,1,6,6,30,779.0,1,0,2,3,22,1,9.0,0
2019,12,DF,0,1,6,1,44,2040.0,0,0,2,9,29,0,8.0,0
2019,6,DF,0,1,6,2,44,1428.0,0,0,5,7,43,1,2.0,0
2018,8,DF,0,1,6,2,44,1000.0,0,0,4,7,27,0,4.0,0
2018,4,DF,0,1,6,5,44,1540.0,0,0,5,6,39,1,8.0,0
2019,7,DF,0,1,6,6,44,1000.0,0,0,4,5,35,1,9.0,0
2018,3,DF,0,1,6,6,44,1111.0,0,0,5,7,22,1,9.0,0
2019,6,DF,0,1,6,7,20,524.0,1,0,4,6,17,1,2.0,0
2019,4,DF,0,1,6,5,40,8634.0,0,0,1,9,37,0,2.0,0
2018,2,DF,0,1,6,8,20,434.0,1,0,4,7,20,1,4.0,0
2019,3,DF,0,1,6,1,44,1197.0,0,0,3,7,27,0,2.0,0
2018,5,DF,0,1,6,3,44,1030.0,0,0,5,7,31,0,9.0,0
2018,1,DF,0,1,11,4,44,1011.0,0,0,5,7,25,0,8.0,0
2019,2,DF,0,1,11,1,44,1115.0,0,0,5,7,39,0,8.0,0
2019,9,DF,0,1,11,6,44,1696.0,0,0,7,4,28,1,8.0,0
2018,11,DF,0,1,11,8,20,954.0,1,0,4,6,17,1,2.0,0
2018,7,DF,0,1,11,9,44,2012.0,0,0,5,7,38,1,8.0,0
2018,6,DF,0,1,11,8,36,1130.0,0,0,3,7,35,0,8.0,0
2018,7,DF,0,1,11,9,20,954.0,1,0,4,6,17,0,6.0,0
2018,7,DF,0,1,11,9,20,954.0,1,0,4,6,17,0,6.0,0
2019,9,DF,0,1,11,1,44,1030.0,0,0,5,7,30,1,8.0,0
2018,1,DF,0,1,11,8,44,2952.0,0,0,4,9,33,1,8.0,0
2019,2,DF,0,1,11,1,44,1049.0,0,0,7,6,22,1,9.0,0
2019,2,DF,0,1,11,2,44,1102.0,0,0,5,7,23,1,8.0,0
2019,4,DF,0,1,11,2,44,1049.0,0,0,7,7,32,1,9.0,0
2018,7,DF,0,1,11,9,20,954.0,1,0,4,4,16,0,6.0,0
2019,7,DF,0,1,11,5,44,1077.0,0,0,4,7,38,0,8.0,0
2019,1,DF,0,1,11,3,44,1393.0,0,0,5,7,33,1,2.0,0
2019,11,DF,0,1,11,5,44,1163.0,0,0,3,7,25,1,2.0,0
2018,3,DF,0,1,11,1,44,1080.0,0,0,5,7,20,0,8.0,0
2019,8,DF,0,1,11,2,44,1115.0,0,0,4,7,24,0,8.0,0
2018,12,DF,0,1,11,1,44,996.0,0,0,5,7,26,1,8.0,0
2018,11,DF,0,1,11,1,44,1215.0,0,0,5,7,25,1,8.0,0
2018,6,DF,0,1,11,2,30,1132.0,0,0,5,7,48,0,8.0,0
2019,3,DF,0,1,11,2,44,1115.0,0,0,4,7,19,0,8.0,0
2019,6,DF,0,1,11,1,44,1049.0,0,0,7,2,28,1,2.0,0
2018,11,DF,0,1,11,4,44,1100.0,0,0,5,8,33,1,9.0,0
2018,5,DF,1,1,25,6,44,1153.0,0,0,5,7,49,1,2.0,1
2018,8,DF,1,1,25,6,44,1331.0,0,0,7,4,34,1,4.0,1
2018,10,DF,1,1,25,3,44,1268.0,0,0,5,7,30,0,8.0,1
2019,9,DF,1,1,25,1,24,713.0,1,0,4,7,20,0,4.0,1
2019,5,DF,1,1,25,2,44,1110.0,0,0,7,7,47,1,2.0,1
2018,2,DF,1,1,25,7,20,600.0,1,0,4,6,16,0,9.0,1
2018,6,DF,1,1,25,7,44,1447.0,0,0,4,8,42,0,8.0,1
2018,4,DF,1,1,25,4,40,1273.0,0,0,5,5,43,0,2.0,1
2019,2,DF,0,1,43,9,20,544.0,1,0,4,4,16,1,4.0,0
2019,5,DF,0,1,43,3,44,1116.0,0,0,4,7,24,1,9.0,0
2019,2,DF,0,1,43,9,20,544.0,1,0,4,4,16,1,4.0,0
2019,2,DF,0,1,43,9,20,544.0,1,0,4,4,16,1,4.0,0
2019,2,DF,0,1,43,9,20,544.0,1,0,4,4,16,1,4.0,0
2018,9,DF,0,1,43,8,40,2249.0,0,0,4,9,37,0,8.0,0
2019,2,DF,0,1,33,8,44,1975.0,0,0,4,9,34,1,8.0,0
2018,10,DF,0,1,33,3,44,1583.0,0,0,5,8,30,1,8.0,0
2019,8,DF,0,1,33,5,44,1352.0,0,0,7,2,26,1,8.0,0
2019,2,DF,0,1,33,4,44,1198.0,0,0,5,7,42,0,6.0,0
